term_index,job_id,batch_index,circuit_index_in_job,pauli_label_qiskit_order,pauli_label_circuit_order,coefficient_real,shots,ideal_expectation_value,measured_expectation_value,expectation_error,ideal_contribution,measured_contribution,contribution_error,abs_expectation_error,abs_contribution_error,counts_json
0,019e10ef-1958-7bb0-b370-c3c48ab35538,1,0,IIIIIIIIII,IIIIIIIIII,0.4990234374999999,10,0.9999999999999998,1.0,2.220446049250313e-16,0.4990234374999998,0.4990234374999999,1.1102230246251565e-16,2.220446049250313e-16,1.1102230246251565e-16,"{""0000001100"": 1, ""0101010011"": 1, ""0110010010"": 1, ""0110100001"": 1, ""0111010111"": 1, ""1000000000"": 1, ""1000010000"": 1, ""1000101000"": 1, ""1001001110"": 1, ""1100001000"": 1}"
1,019e10ef-1958-7bb0-b370-c3c48ab35538,1,1,IIIIIIIIZX,XZIIIIIIII,-0.0009765624999999985,10,0.9999999999999998,0.8,-0.19999999999999973,-0.0009765624999999983,-0.0007812499999999989,0.00019531249999999941,0.19999999999999973,0.00019531249999999941,"{""0000100000"": 1, ""0001110001"": 1, ""0111000000"": 1, ""1000010100"": 1, ""1001000000"": 1, ""1010100111"": 1, ""1011100000"": 1, ""1101100011"": 1, ""1111110100"": 2}"
2,019e10ef-1958-7bb0-b370-c3c48ab35538,1,2,IIIIIIIZXZ,ZXZIIIIIII,-0.0009765624999999985,10,0.9999999999999998,1.0,2.220446049250313e-16,-0.0009765624999999983,-0.0009765624999999985,-2.168404344971009e-19,2.220446049250313e-16,2.168404344971009e-19,"{""0000010011"": 1, ""0000111011"": 1, ""0100101011"": 1, ""0110100000"": 1, ""0111100011"": 1, ""1000111101"": 1, ""1001111000"": 1, ""1010100011"": 1, ""1010111011"": 1, ""1100000101"": 1}"
3,019e10ef-1958-7bb0-b370-c3c48ab35538,1,3,IIIIIIIZYY,YYZIIIIIII,-0.0009765624999999985,10,0.9999999999999998,0.6,-0.3999999999999998,-0.0009765624999999983,-0.0005859374999999991,0.00039062499999999915,0.3999999999999998,0.00039062499999999915,"{""0001111011"": 1, ""0010111100"": 1, ""0010111101"": 1, ""0101101110"": 1, ""1000110111"": 1, ""1010011000"": 1, ""1100000011"": 1, ""1101011101"": 1, ""1110100101"": 1, ""1111001101"": 1}"
4,019e10ef-1958-7bb0-b370-c3c48ab35538,1,4,IIIIIIZXIX,XIXZIIIIII,-0.0009765624999999985,10,0.9999999999999998,0.6,-0.3999999999999998,-0.0009765624999999983,-0.0005859374999999991,0.00039062499999999915,0.3999999999999998,0.00039062499999999915,"{""0000110000"": 1, ""0010101011"": 1, ""0011011011"": 1, ""0011111011"": 1, ""0111000000"": 1, ""1000101000"": 1, ""1001101010"": 1, ""1010000101"": 1, ""1011001100"": 1, ""1110111011"": 1}"
5,019e10ef-1958-7bb0-b370-c3c48ab35538,1,5,IIIIIIZXZI,IZXZIIIIII,-0.0009765624999999985,10,0.9999999999999998,1.0,2.220446049250313e-16,-0.0009765624999999983,-0.0009765624999999985,-2.168404344971009e-19,2.220446049250313e-16,2.168404344971009e-19,"{""0001000110"": 1, ""0010001010"": 1, ""0101001100"": 1, ""0111000000"": 1, ""0111110111"": 1, ""1000111100"": 1, ""1001111011"": 1, ""1011010110"": 1, ""1101000000"": 1, ""1101111101"": 1}"
6,019e10ef-1958-7bb0-b370-c3c48ab35538,1,6,IIIIIIZYXY,YXYZIIIIII,0.0009765624999999985,10,-0.9999999999999998,-1.0,-2.220446049250313e-16,-0.0009765624999999983,-0.0009765624999999985,-2.168404344971009e-19,2.220446049250313e-16,2.168404344971009e-19,"{""0011001011"": 1, ""0011010111"": 1, ""0110000010"": 1, ""0110010010"": 1, ""0111000010"": 1, ""1001010111"": 1, ""1011010100"": 1, ""1100010100"": 1, ""1100011011"": 1, ""1110110111"": 1}"
7,019e10ef-1958-7bb0-b370-c3c48ab35538,1,7,IIIIIIZYYZ,ZYYZIIIIII,-0.0009765624999999985,10,0.9999999999999998,1.0,2.220446049250313e-16,-0.0009765624999999983,-0.0009765624999999985,-2.168404344971009e-19,2.220446049250313e-16,2.168404344971009e-19,"{""0000011111"": 1, ""0010000110"": 1, ""0010110110"": 1, ""0011011100"": 1, ""0101110110"": 1, ""0111000101"": 1, ""0111101010"": 1, ""1000110000"": 1, ""1110111111"": 1, ""1111110101"": 1}"
8,019e10ef-1958-7bb0-b370-c3c48ab35538,1,8,IIIIIZXIXZ,ZXIXZIIIII,-0.0009765624999999985,10,0.9999999999999998,0.8,-0.19999999999999973,-0.0009765624999999983,-0.0007812499999999989,0.00019531249999999941,0.19999999999999973,0.00019531249999999941,"{""0000011011"": 1, ""0001100011"": 1, ""0010001010"": 1, ""0011011000"": 1, ""0101000000"": 1, ""0110101010"": 1, ""1001001110"": 1, ""1100101101"": 1, ""1101000110"": 1, ""1101100011"": 1}"
9,019e10ef-1958-7bb0-b370-c3c48ab35538,1,9,IIIIIZXIYY,YYIXZIIIII,-0.0009765624999999985,10,0.9999999999999998,0.8,-0.19999999999999973,-0.0009765624999999983,-0.0007812499999999989,0.00019531249999999941,0.19999999999999973,0.00019531249999999941,"{""0011111000"": 1, ""0101101101"": 1, ""0110110110"": 1, ""0111000011"": 1, ""0111110101"": 1, ""1010101011"": 1, ""1100111000"": 1, ""1101000000"": 1, ""1111110110"": 1, ""1111111011"": 1}"
10,019e10ef-1958-7bb0-b370-c3c48ab35538,1,10,IIIIIZXZII,IIZXZIIIII,-0.0009765624999999985,10,0.9999999999999998,0.8,-0.19999999999999973,-0.0009765624999999983,-0.0007812499999999989,0.00019531249999999941,0.19999999999999973,0.00019531249999999941,"{""0000000001"": 1, ""0000010100"": 1, ""0000100001"": 1, ""0101000010"": 1, ""0101111011"": 1, ""0110110111"": 1, ""0111000000"": 1, ""0111001101"": 1, ""1010111010"": 1, ""1101111111"": 1}"
11,019e10ef-1958-7bb0-b370-c3c48ab35538,1,11,IIIIIZXZZX,XZZXZIIIII,-0.0009765624999999985,10,0.9999999999999998,0.8,-0.19999999999999973,-0.0009765624999999983,-0.0007812499999999989,0.00019531249999999941,0.19999999999999973,0.00019531249999999941,"{""0000111000"": 1, ""0100000011"": 1, ""0110001100"": 1, ""0111110100"": 1, ""1001101100"": 1, ""1010000000"": 1, ""1011110100"": 1, ""1100100100"": 1, ""1100101111"": 1, ""1101111011"": 1}"
12,019e10ef-1958-7bb0-b370-c3c48ab35538,1,12,IIIIIZYXXY,YXXYZIIIII,-0.0009765624999999985,10,0.9999999999999998,0.2,-0.7999999999999998,-0.0009765624999999983,-0.0001953124999999997,0.0007812499999999985,0.7999999999999998,0.0007812499999999985,"{""0001100000"": 1, ""0001100001"": 1, ""0011010001"": 1, ""0100101111"": 1, ""0110000010"": 1, ""0110100000"": 1, ""0110111110"": 1, ""1001101111"": 1, ""1010000001"": 1, ""1011101011"": 1}"
13,019e10ef-1958-7bb0-b370-c3c48ab35538,1,13,IIIIIZYXYZ,ZYXYZIIIII,0.0009765624999999985,10,-0.9999999999999998,-0.2,0.7999999999999998,-0.0009765624999999983,-0.0001953124999999997,0.0007812499999999985,0.7999999999999998,0.0007812499999999985,"{""0000000010"": 1, ""0000100101"": 1, ""0010100111"": 1, ""0011000111"": 1, ""0111010100"": 1, ""0111011010"": 1, ""1010100111"": 1, ""1011000011"": 1, ""1101010010"": 1, ""1101101101"": 1}"
14,019e10ef-1958-7bb0-b370-c3c48ab35538,1,14,IIIIIZYYIX,XIYYZIIIII,-0.0009765624999999985,10,0.9999999999999998,0.8,-0.19999999999999973,-0.0009765624999999983,-0.0007812499999999989,0.00019531249999999941,0.19999999999999973,0.00019531249999999941,"{""0001000000"": 1, ""0101110011"": 1, ""0111110100"": 1, ""1000000111"": 1, ""1000010011"": 1, ""1001010000"": 1, ""1001011111"": 1, ""1011001100"": 1, ""1100000111"": 1, ""1111001100"": 1}"
15,019e10ef-1958-7bb0-b370-c3c48ab35538,1,15,IIIIIZYYZI,IZYYZIIIII,-0.0009765624999999985,10,0.9999999999999998,1.0,2.220446049250313e-16,-0.0009765624999999983,-0.0009765624999999985,-2.168404344971009e-19,2.220446049250313e-16,2.168404344971009e-19,"{""0001011110"": 1, ""0101101101"": 1, ""0111111000"": 1, ""1000011001"": 1, ""1001001010"": 1, ""1001111111"": 1, ""1100000111"": 1, ""1100001010"": 1, ""1101001010"": 1, ""1111111001"": 1}"
16,019e10ef-1958-7bb0-b370-c3c48ab35538,1,16,IIIIZXIXIX,XIXIXZIIII,-0.0009765624999999985,10,0.9999999999999998,0.2,-0.7999999999999998,-0.0009765624999999983,-0.0001953124999999997,0.0007812499999999985,0.7999999999999998,0.0007812499999999985,"{""0000101011"": 1, ""0001010111"": 1, ""0111110000"": 1, ""1000001011"": 1, ""1000010000"": 1, ""1001011000"": 1, ""1001011011"": 1, ""1010110000"": 1, ""1101101100"": 1, ""1101110000"": 1}"
17,019e10ef-1958-7bb0-b370-c3c48ab35538,1,17,IIIIZXIXZI,IZXIXZIIII,-0.0009765624999999985,10,0.9999999999999998,1.0,2.220446049250313e-16,-0.0009765624999999983,-0.0009765624999999985,-2.168404344971009e-19,2.220446049250313e-16,2.168404344971009e-19,"{""0001011101"": 1, ""0011011011"": 1, ""0100101010"": 1, ""0111011100"": 1, ""1000011101"": 1, ""1000101010"": 1, ""1001101011"": 1, ""1001101101"": 1, ""1001110001"": 1, ""1011101100"": 1}"
18,019e10ef-1958-7bb0-b370-c3c48ab35538,1,18,IIIIZXIYXY,YXYIXZIIII,0.0009765624999999985,10,-0.9999999999999998,-0.6,0.3999999999999998,-0.0009765624999999983,-0.0005859374999999991,0.00039062499999999915,0.3999999999999998,0.00039062499999999915,"{""0010101101"": 1, ""0011101101"": 1, ""0111110001"": 1, ""1001000010"": 1, ""1010101110"": 1, ""1011011001"": 1, ""1011011111"": 1, ""1100110100"": 1, ""1111011101"": 1, ""1111110111"": 1}"
19,019e10ef-1958-7bb0-b370-c3c48ab35538,1,19,IIIIZXIYYZ,ZYYIXZIIII,-0.0009765624999999985,10,0.9999999999999998,1.0,2.220446049250313e-16,-0.0009765624999999983,-0.0009765624999999985,-2.168404344971009e-19,2.220446049250313e-16,2.168404344971009e-19,"{""0011110110"": 1, ""0101000000"": 1, ""0110110110"": 1, ""1010011001"": 1, ""1010101001"": 2, ""1010101111"": 1, ""1011011111"": 1, ""1100110000"": 1, ""1110110110"": 1}"
20,019e10ef-1958-7bb0-b370-c3c48ab35538,1,20,IIIIZXZIII,IIIZXZIIII,-0.0009765624999999985,10,0.9999999999999998,1.0,2.220446049250313e-16,-0.0009765624999999983,-0.0009765624999999985,-2.168404344971009e-19,2.220446049250313e-16,2.168404344971009e-19,"{""0110000011"": 1, ""0110101011"": 1, ""0110110011"": 1, ""1010101010"": 1, ""1010110001"": 1, ""1011110001"": 1, ""1101000010"": 1, ""1101011000"": 1, ""1110110101"": 1, ""1111101111"": 1}"
21,019e10ef-1958-7bb0-b370-c3c48ab35538,1,21,IIIIZXZIZX,XZIZXZIIII,-0.0009765624999999985,10,0.9999999999999998,0.8,-0.19999999999999973,-0.0009765624999999983,-0.0007812499999999989,0.00019531249999999941,0.19999999999999973,0.00019531249999999941,"{""0001101111"": 1, ""0011001111"": 1, ""0011101100"": 1, ""0011101111"": 1, ""0100000100"": 1, ""0101011100"": 1, ""0111000000"": 1, ""1000011111"": 1, ""1110000011"": 1, ""1111110100"": 1}"
22,019e10ef-1958-7bb0-b370-c3c48ab35538,1,22,IIIIZXZZXZ,ZXZZXZIIII,-0.0009765624999999985,10,0.9999999999999998,0.8,-0.19999999999999973,-0.0009765624999999983,-0.0007812499999999989,0.00019531249999999941,0.19999999999999973,0.00019531249999999941,"{""0001101000"": 1, ""0111011011"": 1, ""1000000000"": 1, ""1100000011"": 1, ""1100011110"": 1, ""1101110000"": 1, ""1101110011"": 1, ""1101110101"": 1, ""1111000011"": 1, ""1111100011"": 1}"
23,019e10ef-1958-7bb0-b370-c3c48ab35538,1,23,IIIIZXZZYY,YYZZXZIIII,-0.0009765624999999985,10,0.9999999999999998,0.8,-0.19999999999999973,-0.0009765624999999983,-0.0007812499999999989,0.00019531249999999941,0.19999999999999973,0.00019531249999999941,"{""0010110110"": 1, ""0100110101"": 1, ""1000000101"": 1, ""1000000110"": 1, ""1001110110"": 1, ""1100000000"": 1, ""1100000100"": 1, ""1111000000"": 2, ""1111000110"": 1}"
24,019e10ef-1958-7bb0-b370-c3c48ab35538,1,24,IIIIZYXXXY,YXXXYZIIII,0.0009765624999999985,10,-0.9999999999999998,0.0,0.9999999999999998,-0.0009765624999999983,0.0,0.0009765624999999983,0.9999999999999998,0.0009765624999999983,"{""0001011001"": 1, ""0100111111"": 1, ""0101001100"": 1, ""0101011011"": 1, ""0101101101"": 1, ""1001010000"": 1, ""1010010011"": 1, ""1100100100"": 1, ""1110100000"": 1, ""1111001011"": 1}"
25,019e10ef-1958-7bb0-b370-c3c48ab35538,1,25,IIIIZYXXYZ,ZYXXYZIIII,-0.0009765624999999985,10,0.9999999999999998,1.0,2.220446049250313e-16,-0.0009765624999999983,-0.0009765624999999985,-2.168404344971009e-19,2.220446049250313e-16,2.168404344971009e-19,"{""0011111100"": 1, ""0110111001"": 1, ""1000011011"": 1, ""1000111111"": 1, ""1010001111"": 1, ""1010010100"": 1, ""1010111010"": 1, ""1101000110"": 1, ""1101011110"": 1, ""1110000000"": 1}"
26,019e10ef-1958-7bb0-b370-c3c48ab35538,1,26,IIIIZYXYIX,XIYXYZIIII,0.0009765624999999985,10,-0.9999999999999998,-0.8,0.19999999999999973,-0.0009765624999999983,-0.0007812499999999989,0.00019531249999999941,0.19999999999999973,0.00019531249999999941,"{""0011011011"": 1, ""0100111000"": 1, ""0101010111"": 1, ""1001011011"": 1, ""1010101111"": 1, ""1011010111"": 2, ""1101110100"": 1, ""1110110100"": 1, ""1111101011"": 1}"
27,019e10ef-1958-7bb0-b370-c3c48ab35538,1,27,IIIIZYXYZI,IZYXYZIIII,0.0009765624999999985,10,-0.9999999999999998,-1.0,-2.220446049250313e-16,-0.0009765624999999983,-0.0009765624999999985,-2.168404344971009e-19,2.220446049250313e-16,2.168404344971009e-19,"{""0001011101"": 1, ""0001100001"": 1, ""0100000101"": 1, ""0101101011"": 1, ""0110001111"": 1, ""0111100110"": 1, ""1000001110"": 1, ""1011011010"": 1, ""1111000100"": 1, ""1111110010"": 1}"
28,019e10ef-1958-7bb0-b370-c3c48ab35538,1,28,IIIIZYYIXZ,ZXIYYZIIII,-0.0009765624999999985,10,0.9999999999999998,0.6,-0.3999999999999998,-0.0009765624999999983,-0.0005859374999999991,0.00039062499999999915,0.3999999999999998,0.00039062499999999915,"{""0000001110"": 1, ""0000111101"": 1, ""0001111110"": 1, ""0100010000"": 1, ""0100101011"": 1, ""0110001110"": 1, ""0111110000"": 1, ""1000001110"": 1, ""1100001111"": 1, ""1111000011"": 1}"
29,019e10ef-1958-7bb0-b370-c3c48ab35538,1,29,IIIIZYYIYY,YYIYYZIIII,-0.0009765624999999985,10,0.9999999999999998,0.8,-0.19999999999999973,-0.0009765624999999983,-0.0007812499999999989,0.00019531249999999941,0.19999999999999973,0.00019531249999999941,"{""0000010110"": 1, ""0001001110"": 1, ""0010011000"": 1, ""0101000011"": 1, ""0101111110"": 1, ""0110101011"": 1, ""1000100101"": 1, ""1000101101"": 1, ""1101010010"": 1, ""1101111110"": 1}"
30,019e10ef-1958-7bb0-b370-c3c48ab35538,1,30,IIIIZYYZII,IIZYYZIIII,-0.0009765624999999985,10,0.9999999999999998,0.8,-0.19999999999999973,-0.0009765624999999983,-0.0007812499999999989,0.00019531249999999941,0.19999999999999973,0.00019531249999999941,"{""0000010111"": 1, ""0000011000"": 1, ""0001000101"": 1, ""0001111110"": 1, ""0011000011"": 1, ""0101100101"": 1, ""0101101010"": 1, ""1001100100"": 1, ""1100100101"": 1, ""1101100100"": 1}"
31,019e10ef-1958-7bb0-b370-c3c48ab35538,1,31,IIIIZYYZZX,XZZYYZIIII,-0.0009765624999999985,10,0.9999999999999998,0.4,-0.5999999999999998,-0.0009765624999999983,-0.0003906249999999994,0.0005859374999999988,0.5999999999999998,0.0005859374999999988,"{""0000110011"": 1, ""0001101100"": 1, ""0010001100"": 1, ""0101010111"": 1, ""0101100100"": 1, ""0111001111"": 1, ""1000100111"": 1, ""1001100100"": 1, ""1010111011"": 1, ""1111011111"": 1}"
32,019e10ef-1958-7bb0-b370-c3c48ab35538,1,32,IIXXIXIXIX,XIXIXIXXII,-0.0009765624999999985,10,0.9999999999999998,1.0,2.220446049250313e-16,-0.0009765624999999983,-0.0009765624999999985,-2.168404344971009e-19,2.220446049250313e-16,2.168404344971009e-19,"{""0000000111"": 1, ""0000011100"": 2, ""0010101011"": 1, ""0010101100"": 2, ""1000011100"": 1, ""1010101100"": 1, ""1101101100"": 1, ""1101110000"": 1}"
33,019e10ef-1958-7bb0-b370-c3c48ab35538,1,33,IIXXIXIXZI,IZXIXIXXII,-0.0009765624999999985,10,0.9999999999999998,0.4,-0.5999999999999998,-0.0009765624999999983,-0.0003906249999999994,0.0005859374999999988,0.5999999999999998,0.0005859374999999988,"{""0010101100"": 1, ""0100010111"": 1, ""0100101100"": 1, ""0101110000"": 1, ""0111000001"": 1, ""0111011100"": 1, ""0111011101"": 1, ""1000011100"": 1, ""1101100001"": 1, ""1111000001"": 1}"
34,019e10ef-1958-7bb0-b370-c3c48ab35538,1,34,IIXXIXIYXY,YXYIXIXXII,0.0009765624999999985,10,-0.9999999999999998,-0.4,0.5999999999999998,-0.0009765624999999983,-0.0003906249999999994,0.0005859374999999988,0.5999999999999998,0.0005859374999999988,"{""0010101101"": 1, ""0101101000"": 2, ""0101110001"": 1, ""0111000001"": 1, ""0111010111"": 1, ""1010101010"": 1, ""1010110100"": 1, ""1111000000"": 1, ""1111000001"": 1}"
35,019e10ef-1958-7bb0-b370-c3c48ab35538,1,35,IIXXIXIYYZ,ZYYIXIXXII,-0.0009765624999999985,10,0.9999999999999998,0.8,-0.19999999999999973,-0.0009765624999999983,-0.0007812499999999989,0.00019531249999999941,0.19999999999999973,0.00019531249999999941,"{""0010101010"": 1, ""0010101100"": 1, ""0101110000"": 1, ""0101110011"": 1, ""0111000000"": 1, ""1101101010"": 2, ""1101110000"": 1, ""1111000001"": 1, ""1111011111"": 1}"
36,019e10ef-1958-7bb0-b370-c3c48ab35538,1,36,IIXXIXZIII,IIIZXIXXII,-0.0009765624999999985,10,0.9999999999999998,1.0,2.220446049250313e-16,-0.0009765624999999983,-0.0009765624999999985,-2.168404344971009e-19,2.220446049250313e-16,2.168404344971009e-19,"{""0000000110"": 1, ""0010101110"": 1, ""0101110000"": 1, ""0111000000"": 1, ""1000000000"": 1, ""1010010101"": 1, ""1010010111"": 1, ""1010110100"": 1, ""1111000010"": 1, ""1111011001"": 1}"
37,019e10ef-1958-7bb0-b370-c3c48ab35538,1,37,IIXXIXZIZX,XZIZXIXXII,-0.0009765624999999985,10,0.9999999999999998,0.8,-0.19999999999999973,-0.0009765624999999983,-0.0007812499999999989,0.00019531249999999941,0.19999999999999973,0.00019531249999999941,"{""0000011100"": 1, ""0101110111"": 1, ""1000000100"": 1, ""1000000111"": 1, ""1010110111"": 1, ""1101000100"": 1, ""1101101000"": 2, ""1101110000"": 1, ""1111000011"": 1}"
38,019e10ef-1958-7bb0-b370-c3c48ab35538,1,38,IIXXIXZZXZ,ZXZZXIXXII,-0.0009765624999999985,10,0.9999999999999998,1.0,2.220446049250313e-16,-0.0009765624999999983,-0.0009765624999999985,-2.168404344971009e-19,2.220446049250313e-16,2.168404344971009e-19,"{""0000000011"": 1, ""0000011110"": 1, ""0010101011"": 1, ""0010101101"": 1, ""0101101101"": 1, ""0101110110"": 1, ""0111000101"": 1, ""1010110110"": 1, ""1101110000"": 1, ""1111011011"": 1}"
39,019e10ef-1958-7bb0-b370-c3c48ab35538,1,39,IIXXIXZZYY,YYZZXIXXII,-0.0009765624999999985,10,0.9999999999999998,0.8,-0.19999999999999973,-0.0009765624999999983,-0.0007812499999999989,0.00019531249999999941,0.19999999999999973,0.00019531249999999941,"{""0000000110"": 2, ""0101101101"": 1, ""0101110000"": 1, ""0101110011"": 1, ""0101111111"": 1, ""0111011101"": 1, ""1000011101"": 1, ""1101101011"": 1, ""1111011111"": 1}"
40,019e10ef-1958-7bb0-b370-c3c48ab35538,1,40,IIXXIYXXXY,YXXXYIXXII,0.0009765624999999985,10,-0.9999999999999998,-0.4,0.5999999999999998,-0.0009765624999999983,-0.0003906249999999994,0.0005859374999999988,0.5999999999999998,0.0005859374999999988,"{""0000011101"": 1, ""0010101111"": 1, ""0101110011"": 1, ""0111011100"": 1, ""1000001000"": 1, ""1000110000"": 1, ""1010111110"": 1, ""1101100000"": 1, ""1101101010"": 1, ""1111001111"": 1}"
41,019e10ef-1958-7bb0-b370-c3c48ab35538,1,41,IIXXIYXXYZ,ZYXXYIXXII,-0.0009765624999999985,10,0.9999999999999998,0.6,-0.3999999999999998,-0.0009765624999999983,-0.0005859374999999991,0.00039062499999999915,0.3999999999999998,0.00039062499999999915,"{""0000101110"": 1, ""0111001001"": 1, ""0111011011"": 1, ""0111011100"": 1, ""1000000000"": 1, ""1000001001"": 1, ""1000001100"": 1, ""1000011000"": 1, ""1010010000"": 1, ""1111000101"": 1}"
42,019e10ef-1958-7bb0-b370-c3c48ab35538,1,42,IIXXIYXYIX,XIYXYIXXII,0.0009765624999999985,10,-0.9999999999999998,-0.6,0.3999999999999998,-0.0009765624999999983,-0.0005859374999999991,0.00039062499999999915,0.3999999999999998,0.00039062499999999915,"{""0010001001"": 1, ""0010100111"": 1, ""0010110011"": 1, ""0101111011"": 1, ""0111001110"": 1, ""0111010000"": 1, ""1010100000"": 1, ""1010110011"": 1, ""1101100111"": 1, ""1101111000"": 1}"
43,019e10ef-1958-7bb0-b370-c3c48ab35538,1,43,IIXXIYXYZI,IZYXYIXXII,0.0009765624999999985,10,-0.9999999999999998,-0.8,0.19999999999999973,-0.0009765624999999983,-0.0007812499999999989,0.00019531249999999941,0.19999999999999973,0.00019531249999999941,"{""0000000100"": 1, ""0010101010"": 1, ""0101100011"": 1, ""0111010110"": 1, ""1000001111"": 1, ""1000010110"": 1, ""1010100001"": 1, ""1010100110"": 1, ""1101100001"": 1, ""1111010001"": 1}"
44,019e10ef-1958-7bb0-b370-c3c48ab35538,1,44,IIXXIYYIXZ,ZXIYYIXXII,-0.0009765624999999985,10,0.9999999999999998,0.6,-0.3999999999999998,-0.0009765624999999983,-0.0005859374999999991,0.00039062499999999915,0.3999999999999998,0.00039062499999999915,"{""0010101110"": 1, ""0010110011"": 2, ""0101101011"": 1, ""1000010110"": 1, ""1010100101"": 1, ""1010100110"": 1, ""1101111111"": 1, ""1111000011"": 1, ""1111010110"": 1}"
45,019e10ef-1958-7bb0-b370-c3c48ab35538,1,45,IIXXIYYIYY,YYIYYIXXII,-0.0009765624999999985,10,0.9999999999999998,0.8,-0.19999999999999973,-0.0009765624999999983,-0.0007812499999999989,0.00019531249999999941,0.19999999999999973,0.00019531249999999941,"{""0010111101"": 1, ""0011000101"": 1, ""0101100101"": 1, ""0110100110"": 1, ""0111010101"": 1, ""1000001110"": 1, ""1000011000"": 1, ""1010110000"": 1, ""1010111101"": 1, ""1101111110"": 1}"
46,019e10ef-1958-7bb0-b370-c3c48ab35538,1,46,IIXXIYYZII,IIZYYIXXII,-0.0009765624999999985,10,0.9999999999999998,1.0,2.220446049250313e-16,-0.0009765624999999983,-0.0009765624999999985,-2.168404344971009e-19,2.220446049250313e-16,2.168404344971009e-19,"{""0010100110"": 1, ""0010110011"": 1, ""0010111101"": 1, ""0101101001"": 1, ""0101110001"": 1, ""0101111101"": 2, ""1000011011"": 1, ""1010111111"": 1, ""1111001101"": 1}"
47,019e10ef-1958-7bb0-b370-c3c48ab35538,1,47,IIXXIYYZZX,XZZYYIXXII,-0.0009765624999999985,10,0.9999999999999998,0.4,-0.5999999999999998,-0.0009765624999999983,-0.0003906249999999994,0.0005859374999999988,0.5999999999999998,0.0005859374999999988,"{""0000010111"": 1, ""0010100100"": 1, ""0100010000"": 1, ""0111001100"": 1, ""0111011001"": 1, ""1000001111"": 1, ""1000010011"": 1, ""1101101011"": 1, ""1111000011"": 1, ""1111011000"": 1}"
48,019e10ef-1958-7bb0-b370-c3c48ab35538,1,48,IIXXZIIIII,IIIIIZXXII,-0.0009765624999999985,10,0.9999999999999998,0.4,-0.5999999999999998,-0.0009765624999999983,-0.0003906249999999994,0.0005859374999999988,0.5999999999999998,0.0005859374999999988,"{""0000000000"": 1, ""0000100111"": 1, ""0010011110"": 1, ""0111000111"": 1, ""0111001111"": 1, ""0111011111"": 1, ""1010001010"": 1, ""1101111000"": 1, ""1101111110"": 1, ""1111011111"": 1}"
49,019e10ef-1958-7bb0-b370-c3c48ab35538,1,49,IIXXZIIIZX,XZIIIZXXII,-0.0009765624999999985,10,0.9999999999999998,0.8,-0.19999999999999973,-0.0009765624999999983,-0.0007812499999999989,0.00019531249999999941,0.19999999999999973,0.00019531249999999941,"{""0000001010"": 1, ""0010100011"": 1, ""0010101111"": 1, ""0101111111"": 1, ""0111010000"": 1, ""0111010100"": 1, ""1010100111"": 1, ""1101100111"": 1, ""1101101100"": 1, ""1101111011"": 1}"
50,019e10ef-1958-7bb0-b370-c3c48ab35538,1,50,IIXXZIIZXZ,ZXZIIZXXII,-0.0009765624999999985,10,0.9999999999999998,1.0,2.220446049250313e-16,-0.0009765624999999983,-0.0009765624999999985,-2.168404344971009e-19,2.220446049250313e-16,2.168404344971009e-19,"{""0010100101"": 1, ""0010110000"": 1, ""0010111000"": 2, ""0101101110"": 1, ""0101110011"": 1, ""1010101000"": 1, ""1010110110"": 1, ""1101100101"": 1, ""1101111101"": 1}"
51,019e10ef-1958-7bb0-b370-c3c48ab35538,1,51,IIXXZIIZYY,YYZIIZXXII,-0.0009765624999999985,10,0.9999999999999998,0.4,-0.5999999999999998,-0.0009765624999999983,-0.0003906249999999994,0.0005859374999999988,0.5999999999999998,0.0005859374999999988,"{""0000010101"": 1, ""0010000011"": 1, ""0011100011"": 1, ""0101110000"": 1, ""1000011000"": 1, ""1010100101"": 1, ""1010111110"": 1, ""1101111011"": 1, ""1110000011"": 1, ""1111001011"": 1}"
52,019e10ef-1958-7bb0-b370-c3c48ab35538,1,52,IIXXZIZXIX,XIXZIZXXII,-0.0009765624999999985,10,0.9999999999999998,1.0,2.220446049250313e-16,-0.0009765624999999983,-0.0009765624999999985,-2.168404344971009e-19,2.220446049250313e-16,2.168404344971009e-19,"{""0000001100"": 2, ""0000010111"": 1, ""0010110111"": 1, ""0010111100"": 1, ""0101000110"": 1, ""0111000000"": 1, ""1010111100"": 1, ""1111000111"": 1, ""1111010000"": 1}"
53,019e10ef-1958-7bb0-b370-c3c48ab35538,1,53,IIXXZIZXZI,IZXZIZXXII,-0.0009765624999999985,10,0.9999999999999998,1.0,2.220446049250313e-16,-0.0009765624999999983,-0.0009765624999999985,-2.168404344971009e-19,2.220446049250313e-16,2.168404344971009e-19,"{""0000000000"": 1, ""0010100110"": 1, ""0010101100"": 1, ""0010110110"": 1, ""0101100111"": 1, ""0101101100"": 1, ""0101110111"": 1, ""0111010001"": 1, ""1000001011"": 1, ""1101100001"": 1}"
54,019e10ef-1958-7bb0-b370-c3c48ab35538,1,54,IIXXZIZYXY,YXYZIZXXII,0.0009765624999999985,10,-0.9999999999999998,-0.6,0.3999999999999998,-0.0009765624999999983,-0.0005859374999999991,0.00039062499999999915,0.3999999999999998,0.00039062499999999915,"{""0000000111"": 1, ""0000010010"": 1, ""0010111000"": 1, ""1010100001"": 1, ""1010101011"": 1, ""1010111010"": 1, ""1100001101"": 1, ""1111000111"": 1, ""1111010000"": 1, ""1111011110"": 1}"
55,019e10ef-1958-7bb0-b370-c3c48ab35538,1,55,IIXXZIZYYZ,ZYYZIZXXII,-0.0009765624999999985,10,0.9999999999999998,0.8,-0.19999999999999973,-0.0009765624999999983,-0.0007812499999999989,0.00019531249999999941,0.19999999999999973,0.00019531249999999941,"{""0010110011"": 1, ""0101101010"": 1, ""0111000000"": 1, ""0111000111"": 1, ""0111010101"": 1, ""0111010110"": 1, ""1000101000"": 1, ""1101100000"": 1, ""1101110011"": 1, ""1111010110"": 1}"
56,019e10ef-1958-7bb0-b370-c3c48ab35538,1,56,IIXXZZXIXZ,ZXIXZZXXII,-0.0009765624999999985,10,0.9999999999999998,0.2,-0.7999999999999998,-0.0009765624999999983,-0.0001953124999999997,0.0007812499999999985,0.7999999999999998,0.0007812499999999985,"{""0010101101"": 1, ""0101100110"": 1, ""0101111011"": 1, ""0111000000"": 1, ""0111001110"": 1, ""0111011001"": 1, ""1000000001"": 1, ""1000011000"": 1, ""1000011101"": 1, ""1101110110"": 1}"
57,019e10ef-1958-7bb0-b370-c3c48ab35538,1,57,IIXXZZXIYY,YYIXZZXXII,-0.0009765624999999985,10,0.9999999999999998,0.8,-0.19999999999999973,-0.0009765624999999983,-0.0007812499999999989,0.00019531249999999941,0.19999999999999973,0.00019531249999999941,"{""0000000011"": 1, ""0010101110"": 1, ""0010111000"": 1, ""1000000000"": 1, ""1000001110"": 1, ""1010100011"": 1, ""1010101101"": 1, ""1100100011"": 1, ""1101110101"": 2}"
58,019e10ef-1958-7bb0-b370-c3c48ab35538,1,58,IIXXZZXZII,IIZXZZXXII,-0.0009765624999999985,10,0.9999999999999998,0.8,-0.19999999999999973,-0.0009765624999999983,-0.0007812499999999989,0.00019531249999999941,0.19999999999999973,0.00019531249999999941,"{""0000001111"": 1, ""0010111011"": 1, ""0111000011"": 1, ""0111010100"": 1, ""1010101100"": 2, ""1010110011"": 1, ""1101101111"": 1, ""1101110110"": 1, ""1111000011"": 1}"
59,019e10ef-1958-7bb0-b370-c3c48ab35538,1,59,IIXXZZXZZX,XZZXZZXXII,-0.0009765624999999985,10,0.9999999999999998,0.8,-0.19999999999999973,-0.0009765624999999983,-0.0007812499999999989,0.00019531249999999941,0.19999999999999973,0.00019531249999999941,"{""0000011011"": 1, ""0010010000"": 1, ""0101100000"": 1, ""0101100010"": 1, ""0111001100"": 1, ""1000000000"": 1, ""1010100011"": 1, ""1101100000"": 2, ""1101100011"": 1}"
60,019e10ef-1958-7bb0-b370-c3c48ab35538,1,60,IIXXZZYXXY,YXXYZZXXII,-0.0009765624999999985,10,0.9999999999999998,0.6,-0.3999999999999998,-0.0009765624999999983,-0.0005859374999999991,0.00039062499999999915,0.3999999999999998,0.00039062499999999915,"{""0000001100"": 1, ""0000011000"": 1, ""0010101100"": 1, ""0010110011"": 1, ""0111010111"": 1, ""1001000001"": 1, ""1010110010"": 1, ""1101101101"": 1, ""1101111101"": 1, ""1111001001"": 1}"
61,019e10ef-1958-7bb0-b370-c3c48ab35538,1,61,IIXXZZYXYZ,ZYXYZZXXII,0.0009765624999999985,10,-0.9999999999999998,-0.6,0.3999999999999998,-0.0009765624999999983,-0.0005859374999999991,0.00039062499999999915,0.3999999999999998,0.00039062499999999915,"{""0001011110"": 1, ""0010000110"": 1, ""0010101011"": 1, ""0010110001"": 1, ""0101110010"": 1, ""0111000100"": 1, ""0111010101"": 1, ""0111010110"": 1, ""1101101011"": 1, ""1111011111"": 1}"
62,019e10ef-1958-7bb0-b370-c3c48ab35538,1,62,IIXXZZYYIX,XIYYZZXXII,-0.0009765624999999985,10,0.9999999999999998,0.6,-0.3999999999999998,-0.0009765624999999983,-0.0005859374999999991,0.00039062499999999915,0.3999999999999998,0.00039062499999999915,"{""0000010011"": 1, ""0000010100"": 1, ""0001010100"": 1, ""0010101001"": 1, ""0010110100"": 1, ""1000010011"": 1, ""1010101011"": 1, ""1010111111"": 1, ""1011110011"": 1, ""1101100111"": 1}"
63,019e10ef-1958-7bb0-b370-c3c48ab35538,1,63,IIXXZZYYZI,IZYYZZXXII,-0.0009765624999999985,10,0.9999999999999998,0.8,-0.19999999999999973,-0.0009765624999999983,-0.0007812499999999989,0.00019531249999999941,0.19999999999999973,0.00019531249999999941,"{""0000011001"": 1, ""0101101011"": 1, ""0111011000"": 1, ""1000011000"": 1, ""1010100000"": 1, ""1010110011"": 1, ""1101100111"": 1, ""1101101010"": 1, ""1110010010"": 1, ""1111000001"": 1}"
64,019e10ef-1958-7bb0-b370-c3c48ab35538,1,64,IIYXXXXXXY,YXXXXXXYII,0.0009765624999999985,10,-0.9999999999999998,-0.6,0.3999999999999998,-0.0009765624999999983,-0.0005859374999999991,0.00039062499999999915,0.3999999999999998,0.00039062499999999915,"{""0000100001"": 1, ""0010001100"": 1, ""0010111111"": 1, ""0111001110"": 1, ""1000000111"": 1, ""1000110010"": 1, ""1000111000"": 1, ""1010000111"": 1, ""1101001010"": 1, ""1111001110"": 1}"
65,019e10ef-1958-7bb0-b370-c3c48ab35538,1,65,IIYXXXXXYZ,ZYXXXXXYII,-0.0009765624999999985,10,0.9999999999999998,0.0,-0.9999999999999998,-0.0009765624999999983,-0.0,0.0009765624999999983,0.9999999999999998,0.0009765624999999983,"{""0000101001"": 1, ""0010010010"": 1, ""0011000010"": 1, ""0101110111"": 1, ""0111000101"": 1, ""0111101011"": 1, ""1010110011"": 1, ""1101101010"": 1, ""1111101011"": 1, ""1111110100"": 1}"
66,019e10ef-1958-7bb0-b370-c3c48ab35538,1,66,IIYXXXXYIX,XIYXXXXYII,0.0009765624999999985,10,-0.9999999999999998,-0.6,0.3999999999999998,-0.0009765624999999983,-0.0005859374999999991,0.00039062499999999915,0.3999999999999998,0.00039062499999999915,"{""0000110011"": 1, ""0000111000"": 1, ""0011101011"": 1, ""0111010000"": 2, ""0111011011"": 1, ""0111111011"": 1, ""1101010011"": 1, ""1111000111"": 1, ""1111110100"": 1}"
67,019e10ef-1958-7bb0-b370-c3c48ab35538,1,67,IIYXXXXYZI,IZYXXXXYII,0.0009765624999999985,10,-0.9999999999999998,-0.8,0.19999999999999973,-0.0009765624999999983,-0.0007812499999999989,0.00019531249999999941,0.19999999999999973,0.00019531249999999941,"{""0010101000"": 1, ""0010101001"": 1, ""0101000110"": 1, ""0101101111"": 1, ""0101110001"": 2, ""0111011010"": 1, ""1000010111"": 1, ""1000100000"": 1, ""1101101101"": 1}"
68,019e10ef-1958-7bb0-b370-c3c48ab35538,1,68,IIYXXXYIXZ,ZXIYXXXYII,-0.0009765624999999985,10,0.9999999999999998,0.8,-0.19999999999999973,-0.0009765624999999983,-0.0007812499999999989,0.00019531249999999941,0.19999999999999973,0.00019531249999999941,"{""0000001101"": 1, ""0010101110"": 1, ""0111000011"": 1, ""0111010110"": 1, ""0111100000"": 1, ""0111110000"": 1, ""1000001101"": 1, ""1000100110"": 1, ""1000111110"": 1, ""1010011110"": 1}"
69,019e10ef-1958-7bb0-b370-c3c48ab35538,1,69,IIYXXXYIYY,YYIYXXXYII,-0.0009765624999999985,10,0.9999999999999998,0.6,-0.3999999999999998,-0.0009765624999999983,-0.0005859374999999991,0.00039062499999999915,0.3999999999999998,0.00039062499999999915,"{""0000111101"": 1, ""0010110101"": 1, ""0101111011"": 1, ""1000010110"": 1, ""1011000000"": 1, ""1101101101"": 1, ""1111000000"": 1, ""1111000101"": 1, ""1111101110"": 1, ""1111110011"": 1}"
70,019e10ef-1958-7bb0-b370-c3c48ab35538,1,70,IIYXXXYZII,IIZYXXXYII,-0.0009765624999999985,10,0.9999999999999998,0.4,-0.5999999999999998,-0.0009765624999999983,-0.0003906249999999994,0.0005859374999999988,0.5999999999999998,0.0005859374999999988,"{""0000000011"": 1, ""0010001011"": 1, ""0010110110"": 1, ""0100010010"": 1, ""1000010101"": 1, ""1000101001"": 1, ""1010001111"": 1, ""1101010100"": 1, ""1111001111"": 1, ""1111011000"": 1}"
71,019e10ef-1958-7bb0-b370-c3c48ab35538,1,71,IIYXXXYZZX,XZZYXXXYII,-0.0009765624999999985,10,0.9999999999999998,0.4,-0.5999999999999998,-0.0009765624999999983,-0.0003906249999999994,0.0005859374999999988,0.5999999999999998,0.0005859374999999988,"{""0000011000"": 1, ""0010101100"": 1, ""0101101100"": 1, ""0111000010"": 1, ""0111100111"": 1, ""1000000111"": 1, ""1000001110"": 1, ""1101100011"": 1, ""1101101111"": 1, ""1101111011"": 1}"
72,019e10ef-1958-7bb0-b370-c3c48ab35538,1,72,IIYXXYIXIX,XIXIYXXYII,0.0009765624999999985,10,-0.9999999999999998,-0.4,0.5999999999999998,-0.0009765624999999983,-0.0003906249999999994,0.0005859374999999988,0.5999999999999998,0.0005859374999999988,"{""0010000000"": 1, ""0010101100"": 1, ""0101101100"": 1, ""1000111111"": 1, ""1010110000"": 1, ""1101110111"": 1, ""1111010000"": 1, ""1111010011"": 1, ""1111010111"": 1, ""1111111111"": 1}"
73,019e10ef-1958-7bb0-b370-c3c48ab35538,1,73,IIYXXYIXZI,IZXIYXXYII,0.0009765624999999985,10,-0.9999999999999998,-0.6,0.3999999999999998,-0.0009765624999999983,-0.0005859374999999991,0.00039062499999999915,0.3999999999999998,0.00039062499999999915,"{""0010011010"": 1, ""0010100110"": 1, ""0101000000"": 1, ""0101101100"": 2, ""0111000111"": 1, ""1000111010"": 1, ""1000111011"": 1, ""1101000000"": 1, ""1101000111"": 1}"
74,019e10ef-1958-7bb0-b370-c3c48ab35538,1,74,IIYXXYIYXY,YXYIYXXYII,-0.0009765624999999985,10,0.9999999999999998,0.6,-0.3999999999999998,-0.0009765624999999983,-0.0005859374999999991,0.00039062499999999915,0.3999999999999998,0.00039062499999999915,"{""0000001101"": 1, ""0000010011"": 1, ""0000111000"": 1, ""0101000010"": 1, ""0101101000"": 1, ""0111011011"": 1, ""1000100001"": 1, ""1000100111"": 1, ""1010000010"": 1, ""1101011101"": 1}"
75,019e10ef-1958-7bb0-b370-c3c48ab35538,1,75,IIYXXYIYYZ,ZYYIYXXYII,0.0009765624999999985,10,-0.9999999999999998,-0.4,0.5999999999999998,-0.0009765624999999983,-0.0003906249999999994,0.0005859374999999988,0.5999999999999998,0.0005859374999999988,"{""0000010100"": 1, ""0010110000"": 1, ""0010110011"": 1, ""0101011010"": 1, ""0101110110"": 1, ""1010000110"": 1, ""1010110111"": 1, ""1101000110"": 1, ""1111000011"": 1, ""1111100011"": 1}"
76,019e10ef-1958-7bb0-b370-c3c48ab35538,1,76,IIYXXYZIII,IIIZYXXYII,0.0009765624999999985,10,-0.9999999999999998,-0.8,0.19999999999999973,-0.0009765624999999983,-0.0007812499999999989,0.00019531249999999941,0.19999999999999973,0.00019531249999999941,"{""0000111000"": 1, ""0010000010"": 1, ""0010011101"": 1, ""0010101111"": 1, ""0010110010"": 1, ""0101000110"": 1, ""0101101111"": 1, ""1010110111"": 1, ""1101001110"": 1, ""1111111011"": 1}"
77,019e10ef-1958-7bb0-b370-c3c48ab35538,1,77,IIYXXYZIZX,XZIZYXXYII,0.0009765624999999985,10,-0.9999999999999998,-0.8,0.19999999999999973,-0.0009765624999999983,-0.0007812499999999989,0.00019531249999999941,0.19999999999999973,0.00019531249999999941,"{""0001110100"": 1, ""0010000000"": 1, ""0010101110"": 1, ""0101000100"": 1, ""0101011000"": 1, ""1000001100"": 1, ""1010101000"": 1, ""1010101011"": 1, ""1101011100"": 1, ""1111001000"": 1}"
78,019e10ef-1958-7bb0-b370-c3c48ab35538,1,78,IIYXXYZZXZ,ZXZZYXXYII,0.0009765624999999985,10,-0.9999999999999998,-0.6,0.3999999999999998,-0.0009765624999999983,-0.0005859374999999991,0.00039062499999999915,0.3999999999999998,0.00039062499999999915,"{""0010000011"": 1, ""0010011010"": 1, ""0111100000"": 1, ""1000001011"": 1, ""1000100101"": 1, ""1010011000"": 1, ""1011001011"": 1, ""1101011011"": 1, ""1111100110"": 1, ""1111110011"": 1}"
79,019e10ef-1958-7bb0-b370-c3c48ab35538,1,79,IIYXXYZZYY,YYZZYXXYII,0.0009765624999999985,10,-0.9999999999999998,-0.2,0.7999999999999998,-0.0009765624999999983,-0.0001953124999999997,0.0007812499999999985,0.7999999999999998,0.0007812499999999985,"{""0000001110"": 1, ""0000111001"": 1, ""0010101100"": 1, ""0100101110"": 1, ""1010101011"": 1, ""1101001011"": 1, ""1101011011"": 1, ""1101011110"": 1, ""1101110110"": 1, ""1111010011"": 1}"
80,019e10ef-1958-7bb0-b370-c3c48ab35538,1,80,IIYXYIXIXZ,ZXIXIYXYII,-0.0009765624999999985,10,0.9999999999999998,0.6,-0.3999999999999998,-0.0009765624999999983,-0.0005859374999999991,0.00039062499999999915,0.3999999999999998,0.00039062499999999915,"{""0000001110"": 1, ""0000110100"": 1, ""0010100000"": 1, ""0111111011"": 1, ""1101010101"": 1, ""1101011000"": 1, ""1101011011"": 1, ""1111011000"": 1, ""1111110101"": 1, ""1111111000"": 1}"
81,019e10ef-1958-7bb0-b370-c3c48ab35538,1,81,IIYXYIXIYY,YYIXIYXYII,-0.0009765624999999985,10,0.9999999999999998,0.0,-0.9999999999999998,-0.0009765624999999983,-0.0,0.0009765624999999983,0.9999999999999998,0.0009765624999999983,"{""0010000011"": 1, ""0010010110"": 1, ""1000001110"": 1, ""1000010110"": 1, ""1010000011"": 1, ""1010010110"": 1, ""1101010101"": 1, ""1111000001"": 1, ""1111001101"": 1, ""1111110011"": 1}"
82,019e10ef-1958-7bb0-b370-c3c48ab35538,1,82,IIYXYIXZII,IIZXIYXYII,-0.0009765624999999985,10,0.9999999999999998,0.6,-0.3999999999999998,-0.0009765624999999983,-0.0005859374999999991,0.00039062499999999915,0.3999999999999998,0.00039062499999999915,"{""0000000001"": 1, ""0000111011"": 1, ""0010000011"": 1, ""1010010100"": 1, ""1010100011"": 1, ""1010101101"": 1, ""1101010111"": 1, ""1101011000"": 1, ""1101101111"": 1, ""1101111010"": 1}"
83,019e10ef-1958-7bb0-b370-c3c48ab35538,1,83,IIYXYIXZZX,XZZXIYXYII,-0.0009765624999999985,10,0.9999999999999998,0.6,-0.3999999999999998,-0.0009765624999999983,-0.0005859374999999991,0.00039062499999999915,0.3999999999999998,0.00039062499999999915,"{""0010000011"": 1, ""0010011110"": 1, ""0101010111"": 1, ""0111110100"": 1, ""1000111000"": 1, ""1010010000"": 1, ""1010100011"": 1, ""1111110111"": 2, ""1111111011"": 1}"
84,019e10ef-1958-7bb0-b370-c3c48ab35538,1,84,IIYXYIYXXY,YXXYIYXYII,-0.0009765624999999985,10,0.9999999999999998,0.4,-0.5999999999999998,-0.0009765624999999983,-0.0003906249999999994,0.0005859374999999988,0.5999999999999998,0.0005859374999999988,"{""0010100000"": 1, ""0010111110"": 1, ""0101101001"": 1, ""0111000110"": 1, ""0111001000"": 1, ""1000000000"": 1, ""1000000011"": 1, ""1000111011"": 1, ""1111001001"": 1, ""1111101100"": 1}"
85,019e10ef-1958-7bb0-b370-c3c48ab35538,1,85,IIYXYIYXYZ,ZYXYIYXYII,0.0009765624999999985,10,-0.9999999999999998,-0.4,0.5999999999999998,-0.0009765624999999983,-0.0003906249999999994,0.0005859374999999988,0.5999999999999998,0.0005859374999999988,"{""0000000100"": 1, ""0010010010"": 1, ""0101011100"": 1, ""1000000011"": 1, ""1000000111"": 1, ""1000011100"": 1, ""1010001111"": 1, ""1010011100"": 1, ""1101000110"": 1, ""1111111100"": 1}"
86,019e10ef-1958-7bb0-b370-c3c48ab35538,1,86,IIYXYIYYIX,XIYYIYXYII,-0.0009765624999999985,10,0.9999999999999998,0.8,-0.19999999999999973,-0.0009765624999999983,-0.0007812499999999989,0.00019531249999999941,0.19999999999999973,0.00019531249999999941,"{""0000111000"": 1, ""0010010011"": 1, ""0101010011"": 1, ""0101100011"": 1, ""0101100111"": 1, ""1010011000"": 1, ""1010100000"": 1, ""1010101011"": 1, ""1111000111"": 1, ""1111111000"": 1}"
87,019e10ef-1958-7bb0-b370-c3c48ab35538,1,87,IIYXYIYYZI,IZYYIYXYII,-0.0009765624999999985,10,0.9999999999999998,0.8,-0.19999999999999973,-0.0009765624999999983,-0.0007812499999999989,0.00019531249999999941,0.19999999999999973,0.00019531249999999941,"{""0000000000"": 1, ""0000111111"": 1, ""0010011000"": 1, ""0010100001"": 1, ""1000001010"": 1, ""1000101011"": 1, ""1010100001"": 1, ""1010101011"": 1, ""1101100111"": 1, ""1111111001"": 1}"
88,019e10ef-1958-7bb0-b370-c3c48ab35538,1,88,IIYXYZIIII,IIIIZYXYII,-0.0009765624999999985,10,0.9999999999999998,0.8,-0.19999999999999973,-0.0009765624999999983,-0.0007812499999999989,0.00019531249999999941,0.19999999999999973,0.00019531249999999941,"{""0010011011"": 1, ""0011100100"": 1, ""0111000110"": 1, ""0111001000"": 1, ""1000000101"": 1, ""1010011001"": 1, ""1010011011"": 2, ""1010100010"": 1, ""1111001001"": 1}"
89,019e10ef-1958-7bb0-b370-c3c48ab35538,1,89,IIYXYZIIZX,XZIIZYXYII,-0.0009765624999999985,10,0.9999999999999998,0.6,-0.3999999999999998,-0.0009765624999999983,-0.0005859374999999991,0.00039062499999999915,0.3999999999999998,0.00039062499999999915,"{""0000000011"": 1, ""0001111111"": 1, ""0010010000"": 1, ""0010011011"": 1, ""0010100100"": 1, ""0010101111"": 1, ""0101100011"": 1, ""0111110000"": 1, ""1111001100"": 1, ""1111011000"": 1}"
90,019e10ef-1958-7bb0-b370-c3c48ab35538,1,90,IIYXYZIZXZ,ZXZIZYXYII,-0.0009765624999999985,10,0.9999999999999998,0.8,-0.19999999999999973,-0.0009765624999999983,-0.0007812499999999989,0.00019531249999999941,0.19999999999999973,0.00019531249999999941,"{""0000000011"": 1, ""0000001101"": 1, ""0010100000"": 1, ""0010101101"": 1, ""0101010110"": 1, ""1000001010"": 1, ""1100111011"": 1, ""1101100000"": 1, ""1111000101"": 1, ""1111110110"": 1}"
91,019e10ef-1958-7bb0-b370-c3c48ab35538,1,91,IIYXYZIZYY,YYZIZYXYII,-0.0009765624999999985,10,0.9999999999999998,0.4,-0.5999999999999998,-0.0009765624999999983,-0.0003906249999999994,0.0005859374999999988,0.5999999999999998,0.0005859374999999988,"{""0010100010"": 1, ""0010101101"": 1, ""0111100111"": 1, ""0111110110"": 1, ""1000110101"": 1, ""1000111001"": 1, ""1010011100"": 1, ""1010101110"": 1, ""1101010011"": 1, ""1101101000"": 1}"
92,019e10ef-1958-7bb0-b370-c3c48ab35538,1,92,IIYXYZZXIX,XIXZZYXYII,-0.0009765624999999985,10,0.9999999999999998,1.0,2.220446049250313e-16,-0.0009765624999999983,-0.0009765624999999985,-2.168404344971009e-19,2.220446049250313e-16,2.168404344971009e-19,"{""0000000111"": 1, ""0010011100"": 2, ""0111111011"": 1, ""1000001100"": 1, ""1000110111"": 1, ""1101100000"": 1, ""1111110111"": 2, ""1111111100"": 1}"
93,019e10ef-1958-7bb0-b370-c3c48ab35538,1,93,IIYXYZZXZI,IZXZZYXYII,-0.0009765624999999985,10,0.9999999999999998,0.8,-0.19999999999999973,-0.0009765624999999983,-0.0007812499999999989,0.00019531249999999941,0.19999999999999973,0.00019531249999999941,"{""0000000111"": 1, ""0000111010"": 1, ""0010010000"": 1, ""0010010001"": 1, ""0010101011"": 1, ""0100100001"": 1, ""0101010000"": 1, ""0111110111"": 1, ""1000001011"": 1, ""1111001100"": 1}"
94,019e10ef-1958-7bb0-b370-c3c48ab35538,1,94,IIYXYZZYXY,YXYZZYXYII,0.0009765624999999985,10,-0.9999999999999998,-0.4,0.5999999999999998,-0.0009765624999999983,-0.0003906249999999994,0.0005859374999999988,0.5999999999999998,0.0005859374999999988,"{""0010010010"": 1, ""0010011101"": 1, ""0010011111"": 1, ""0101000111"": 1, ""0101100001"": 1, ""1010011011"": 1, ""1010100001"": 1, ""1101010010"": 1, ""1101100001"": 1, ""1110111110"": 1}"
95,019e10ef-1958-7bb0-b370-c3c48ab35538,1,95,IIYXYZZYYZ,ZYYZZYXYII,-0.0009765624999999985,10,0.9999999999999998,0.8,-0.19999999999999973,-0.0009765624999999983,-0.0007812499999999989,0.00019531249999999941,0.19999999999999973,0.00019531249999999941,"{""0000111100"": 1, ""0101010000"": 1, ""0101011001"": 1, ""0101100011"": 1, ""0111110101"": 1, ""0111111010"": 1, ""1000111001"": 1, ""1010011101"": 1, ""1100000101"": 1, ""1111000101"": 1}"
96,019e10ef-1958-7bb0-b370-c3c48ab35538,1,96,IIZIXIXIXZ,ZXIXIXIZII,-0.0009765624999999985,10,0.9999999999999998,0.8,-0.19999999999999973,-0.0009765624999999983,-0.0007812499999999989,0.00019531249999999941,0.19999999999999973,0.00019531249999999941,"{""0000101101"": 1, ""0000110101"": 1, ""0100110110"": 1, ""0110100011"": 1, ""0111100011"": 1, ""1000000111"": 1, ""1001001101"": 1, ""1010010110"": 1, ""1010011000"": 1, ""1100110101"": 1}"
97,019e10ef-1958-7bb0-b370-c3c48ab35538,1,97,IIZIXIXIYY,YYIXIXIZII,-0.0009765624999999985,10,0.9999999999999998,0.8,-0.19999999999999973,-0.0009765624999999983,-0.0007812499999999989,0.00019531249999999941,0.19999999999999973,0.00019531249999999941,"{""0001000000"": 1, ""0001001010"": 1, ""0011101110"": 1, ""0101100110"": 1, ""0111100011"": 1, ""1000111000"": 1, ""1010010111"": 1, ""1101000011"": 1, ""1110011000"": 1, ""1111010101"": 1}"
98,019e10ef-1958-7bb0-b370-c3c48ab35538,1,98,IIZIXIXZII,IIZXIXIZII,-0.0009765624999999985,10,0.9999999999999998,0.4,-0.5999999999999998,-0.0009765624999999983,-0.0003906249999999994,0.0005859374999999988,0.5999999999999998,0.0005859374999999988,"{""0001101111"": 1, ""0101110110"": 1, ""0110010111"": 1, ""1000110111"": 1, ""1001100001"": 1, ""1001111000"": 1, ""1011011111"": 1, ""1100110111"": 1, ""1101111011"": 1, ""1111101110"": 1}"
99,019e10ef-1958-7bb0-b370-c3c48ab35538,1,99,IIZIXIXZZX,XZZXIXIZII,-0.0009765624999999985,10,0.9999999999999998,0.8,-0.19999999999999973,-0.0009765624999999983,-0.0007812499999999989,0.00019531249999999941,0.19999999999999973,0.00019531249999999941,"{""0000000011"": 1, ""0100111011"": 1, ""0101001011"": 1, ""0111011011"": 1, ""1001000011"": 1, ""1001001111"": 1, ""1001111011"": 1, ""1100000000"": 1, ""1101001100"": 1, ""1110010111"": 1}"
100,019e10ef-1cdb-7b93-bd1e-f99edec1bb66,2,0,IIZIXIYXXY,YXXYIXIZII,-0.0009765624999999985,10,0.9999999999999998,0.8,-0.19999999999999973,-0.0009765624999999983,-0.0007812499999999989,0.00019531249999999941,0.19999999999999973,0.00019531249999999941,"{""0001110111"": 1, ""0110010111"": 1, ""0110101111"": 1, ""1010010001"": 1, ""1010011101"": 1, ""1011100000"": 1, ""1011101000"": 1, ""1100111011"": 1, ""1101000000"": 1, ""1110010001"": 1}"
101,019e10ef-1cdb-7b93-bd1e-f99edec1bb66,2,1,IIZIXIYXYZ,ZYXYIXIZII,0.0009765624999999985,10,-0.9999999999999998,-0.8,0.19999999999999973,-0.0009765624999999983,-0.0007812499999999989,0.00019531249999999941,0.19999999999999973,0.00019531249999999941,"{""0010011111"": 1, ""0110100000"": 1, ""0111101101"": 1, ""1000001011"": 1, ""1000110011"": 1, ""1000111010"": 1, ""1001000001"": 1, ""1001101100"": 1, ""1010011010"": 1, ""1011100100"": 1}"
102,019e10ef-1cdb-7b93-bd1e-f99edec1bb66,2,2,IIZIXIYYIX,XIYYIXIZII,-0.0009765624999999985,10,0.9999999999999998,0.6,-0.3999999999999998,-0.0009765624999999983,-0.0005859374999999991,0.00039062499999999915,0.3999999999999998,0.00039062499999999915,"{""0000000111"": 1, ""0000110011"": 1, ""0010001100"": 1, ""0011010011"": 1, ""0011010100"": 1, ""0101110100"": 1, ""1000111111"": 1, ""1011101011"": 1, ""1100111000"": 1, ""1101111011"": 1}"
103,019e10ef-1cdb-7b93-bd1e-f99edec1bb66,2,3,IIZIXIYYZI,IZYYIXIZII,-0.0009765624999999985,10,0.9999999999999998,1.0,2.220446049250313e-16,-0.0009765624999999983,-0.0009765624999999985,-2.168404344971009e-19,2.220446049250313e-16,2.168404344971009e-19,"{""0010011110"": 1, ""0011100000"": 1, ""0110010011"": 1, ""0110101010"": 1, ""0111100000"": 1, ""1010011000"": 1, ""1011110110"": 1, ""1100110101"": 1, ""1110011000"": 1, ""1111100111"": 1}"
104,019e10ef-1cdb-7b93-bd1e-f99edec1bb66,2,4,IIZIXZIIII,IIIIZXIZII,-0.0009765624999999985,10,0.9999999999999998,1.0,2.220446049250313e-16,-0.0009765624999999983,-0.0009765624999999985,-2.168404344971009e-19,2.220446049250313e-16,2.168404344971009e-19,"{""0010011110"": 1, ""0110100100"": 1, ""0111100111"": 1, ""1000111011"": 1, ""1001000101"": 1, ""1010100111"": 1, ""1100110000"": 1, ""1101110111"": 1, ""1101111111"": 1, ""1111010111"": 1}"
105,019e10ef-1cdb-7b93-bd1e-f99edec1bb66,2,5,IIZIXZIIZX,XZIIZXIZII,-0.0009765624999999985,10,0.9999999999999998,0.8,-0.19999999999999973,-0.0009765624999999983,-0.0007812499999999989,0.00019531249999999941,0.19999999999999973,0.00019531249999999941,"{""0000100000"": 1, ""0000111011"": 1, ""0001110111"": 1, ""0011010100"": 1, ""0011101011"": 1, ""1010100011"": 1, ""1011010111"": 1, ""1100110111"": 1, ""1101001100"": 1, ""1111011111"": 1}"
106,019e10ef-1cdb-7b93-bd1e-f99edec1bb66,2,6,IIZIXZIZXZ,ZXZIZXIZII,-0.0009765624999999985,10,0.9999999999999998,0.2,-0.7999999999999998,-0.0009765624999999983,-0.0001953124999999997,0.0007812499999999985,0.7999999999999998,0.0007812499999999985,"{""0001001000"": 1, ""0001001111"": 1, ""0010011011"": 1, ""0110101110"": 1, ""1000101000"": 1, ""1010001011"": 1, ""1010010000"": 1, ""1010100011"": 1, ""1100001011"": 1, ""1110000000"": 1}"
107,019e10ef-1cdb-7b93-bd1e-f99edec1bb66,2,7,IIZIXZIZYY,YYZIZXIZII,-0.0009765624999999985,10,0.9999999999999998,1.0,2.220446049250313e-16,-0.0009765624999999983,-0.0009765624999999985,-2.168404344971009e-19,2.220446049250313e-16,2.168404344971009e-19,"{""0000110110"": 1, ""0001001101"": 1, ""0011011011"": 1, ""0100111101"": 1, ""0101111011"": 1, ""0110101000"": 1, ""1011010000"": 1, ""1011010110"": 1, ""1100000011"": 1, ""1100000110"": 1}"
108,019e10ef-1cdb-7b93-bd1e-f99edec1bb66,2,8,IIZIXZZXIX,XIXZZXIZII,-0.0009765624999999985,10,0.9999999999999998,0.8,-0.19999999999999973,-0.0009765624999999983,-0.0007812499999999989,0.00019531249999999941,0.19999999999999973,0.00019531249999999941,"{""0010101100"": 1, ""0100110000"": 1, ""0100111011"": 1, ""0101111011"": 1, ""0110010000"": 1, ""1000111100"": 1, ""1011011010"": 1, ""1101001011"": 1, ""1101111011"": 1, ""1111101011"": 1}"
109,019e10ef-1cdb-7b93-bd1e-f99edec1bb66,2,9,IIZIXZZXZI,IZXZZXIZII,-0.0009765624999999985,10,0.9999999999999998,1.0,2.220446049250313e-16,-0.0009765624999999983,-0.0009765624999999985,-2.168404344971009e-19,2.220446049250313e-16,2.168404344971009e-19,"{""0000000110"": 1, ""0010100110"": 1, ""0010100111"": 1, ""0010101101"": 1, ""0011101101"": 1, ""0101001011"": 1, ""0111101011"": 1, ""1000110110"": 1, ""1000111100"": 1, ""1011011101"": 1}"
110,019e10ef-1cdb-7b93-bd1e-f99edec1bb66,2,10,IIZIXZZYXY,YXYZZXIZII,0.0009765624999999985,10,-0.9999999999999998,-0.8,0.19999999999999973,-0.0009765624999999983,-0.0007812499999999989,0.00019531249999999941,0.19999999999999973,0.00019531249999999941,"{""0000001100"": 1, ""0000001110"": 1, ""0011011011"": 1, ""0100000001"": 1, ""1001000001"": 1, ""1001001110"": 1, ""1001110100"": 1, ""1011011110"": 1, ""1101110100"": 1, ""1111011101"": 1}"
111,019e10ef-1cdb-7b93-bd1e-f99edec1bb66,2,11,IIZIXZZYYZ,ZYYZZXIZII,-0.0009765624999999985,10,0.9999999999999998,1.0,2.220446049250313e-16,-0.0009765624999999983,-0.0009765624999999985,-2.168404344971009e-19,2.220446049250313e-16,2.168404344971009e-19,"{""0010011100"": 1, ""0011101001"": 1, ""0100110110"": 1, ""0101110000"": 1, ""0110101100"": 1, ""1001000000"": 1, ""1010000100"": 1, ""1010010011"": 1, ""1010010110"": 1, ""1110010011"": 1}"
112,019e10ef-1cdb-7b93-bd1e-f99edec1bb66,2,12,IIZIYXXXXY,YXXXXYIZII,-0.0009765624999999985,10,0.9999999999999998,-0.2,-1.1999999999999997,-0.0009765624999999983,0.0001953124999999997,0.001171874999999998,1.1999999999999997,0.001171874999999998,"{""0100001011"": 1, ""0100111110"": 1, ""0101001111"": 1, ""0101011010"": 1, ""0111010011"": 1, ""1001111111"": 1, ""1011000011"": 1, ""1100100100"": 1, ""1101111101"": 1, ""1111110000"": 1}"
113,019e10ef-1cdb-7b93-bd1e-f99edec1bb66,2,13,IIZIYXXXYZ,ZYXXXYIZII,0.0009765624999999985,10,-0.9999999999999998,-0.8,0.19999999999999973,-0.0009765624999999983,-0.0007812499999999989,0.00019531249999999941,0.19999999999999973,0.00019531249999999941,"{""0010100111"": 1, ""0011001010"": 1, ""0011111111"": 1, ""0111101011"": 1, ""1000011000"": 1, ""1011010010"": 1, ""1100000001"": 1, ""1101101010"": 1, ""1110110101"": 1, ""1110110110"": 1}"
114,019e10ef-1cdb-7b93-bd1e-f99edec1bb66,2,14,IIZIYXXYIX,XIYXXYIZII,-0.0009765624999999985,10,0.9999999999999998,0.8,-0.19999999999999973,-0.0009765624999999983,-0.0007812499999999989,0.00019531249999999941,0.19999999999999973,0.00019531249999999941,"{""0010110110"": 1, ""0011011011"": 1, ""0100000011"": 1, ""0111001000"": 1, ""1010110011"": 1, ""1011010111"": 1, ""1100000000"": 1, ""1110011011"": 1, ""1110100111"": 1, ""1111001101"": 1}"
115,019e10ef-1cdb-7b93-bd1e-f99edec1bb66,2,15,IIZIYXXYZI,IZYXXYIZII,-0.0009765624999999985,10,0.9999999999999998,0.6,-0.3999999999999998,-0.0009765624999999983,-0.0005859374999999991,0.00039062499999999915,0.3999999999999998,0.00039062499999999915,"{""0000110000"": 1, ""0001000000"": 1, ""0001010011"": 1, ""0010111110"": 1, ""0101100010"": 1, ""1000010100"": 1, ""1000101010"": 1, ""1001100011"": 1, ""1100111001"": 1, ""1111001111"": 1}"
116,019e10ef-1cdb-7b93-bd1e-f99edec1bb66,2,16,IIZIYXYIXZ,ZXIYXYIZII,0.0009765624999999985,10,-0.9999999999999998,-0.8,0.19999999999999973,-0.0009765624999999983,-0.0007812499999999989,0.00019531249999999941,0.19999999999999973,0.00019531249999999941,"{""0110010101"": 1, ""0110010110"": 1, ""0111011011"": 1, ""1001001101"": 1, ""1010000011"": 1, ""1100000101"": 1, ""1101101010"": 1, ""1110001101"": 1, ""1111010110"": 2}"
117,019e10ef-1cdb-7b93-bd1e-f99edec1bb66,2,17,IIZIYXYIYY,YYIYXYIZII,0.0009765624999999985,10,-0.9999999999999998,-0.4,0.5999999999999998,-0.0009765624999999983,-0.0003906249999999994,0.0005859374999999988,0.5999999999999998,0.0005859374999999988,"{""0000100000"": 1, ""0000101110"": 1, ""0001010000"": 1, ""0010000011"": 1, ""0010001101"": 1, ""0010100101"": 1, ""0011100000"": 1, ""0101001110"": 1, ""0110101011"": 1, ""1010101110"": 1}"
118,019e10ef-1cdb-7b93-bd1e-f99edec1bb66,2,18,IIZIYXYZII,IIZYXYIZII,0.0009765624999999985,10,-0.9999999999999998,-0.6,0.3999999999999998,-0.0009765624999999983,-0.0005859374999999991,0.00039062499999999915,0.3999999999999998,0.00039062499999999915,"{""0000010100"": 1, ""0000100010"": 1, ""0010111100"": 1, ""0011001100"": 1, ""0101111010"": 1, ""0110101011"": 1, ""1000100000"": 1, ""1010000010"": 1, ""1010011101"": 1, ""1101111000"": 1}"
119,019e10ef-1cdb-7b93-bd1e-f99edec1bb66,2,19,IIZIYXYZZX,XZZYXYIZII,0.0009765624999999985,10,-0.9999999999999998,-0.8,0.19999999999999973,-0.0009765624999999983,-0.0007812499999999989,0.00019531249999999941,0.19999999999999973,0.00019531249999999941,"{""0100011000"": 1, ""0100011100"": 1, ""0111101011"": 1, ""0111110011"": 1, ""1010001111"": 1, ""1101111011"": 1, ""1110111100"": 1, ""1111001111"": 1, ""1111010111"": 1, ""1111011000"": 1}"
120,019e10ef-1cdb-7b93-bd1e-f99edec1bb66,2,20,IIZIYYIXIX,XIXIYYIZII,-0.0009765624999999985,10,0.9999999999999998,1.0,2.220446049250313e-16,-0.0009765624999999983,-0.0009765624999999985,-2.168404344971009e-19,2.220446049250313e-16,2.168404344971009e-19,"{""0000011100"": 1, ""0010010111"": 1, ""0011100000"": 1, ""0100101100"": 1, ""0100110000"": 1, ""0101101100"": 1, ""1010100000"": 1, ""1011111011"": 1, ""1100110111"": 1, ""1110010111"": 1}"
121,019e10ef-1cdb-7b93-bd1e-f99edec1bb66,2,21,IIZIYYIXZI,IZXIYYIZII,-0.0009765624999999985,10,0.9999999999999998,1.0,2.220446049250313e-16,-0.0009765624999999983,-0.0009765624999999985,-2.168404344971009e-19,2.220446049250313e-16,2.168404344971009e-19,"{""0000110000"": 1, ""0011001101"": 1, ""0101000110"": 1, ""0101011010"": 1, ""0111100111"": 1, ""1000000111"": 2, ""1010001011"": 1, ""1100011101"": 1, ""1101110001"": 1}"
122,019e10ef-1cdb-7b93-bd1e-f99edec1bb66,2,22,IIZIYYIYXY,YXYIYYIZII,0.0009765624999999985,10,-0.9999999999999998,-0.4,0.5999999999999998,-0.0009765624999999983,-0.0003906249999999994,0.0005859374999999988,0.5999999999999998,0.0005859374999999988,"{""0010100010"": 1, ""0010110001"": 1, ""0011111011"": 1, ""0100010100"": 1, ""0100011000"": 1, ""0101011101"": 1, ""0110100100"": 1, ""1001000111"": 1, ""1010111000"": 1, ""1011100101"": 1}"
123,019e10ef-1cdb-7b93-bd1e-f99edec1bb66,2,23,IIZIYYIYYZ,ZYYIYYIZII,-0.0009765624999999985,10,0.9999999999999998,0.8,-0.19999999999999973,-0.0009765624999999983,-0.0007812499999999989,0.00019531249999999941,0.19999999999999973,0.00019531249999999941,"{""0001000000"": 1, ""0100011010"": 1, ""0110010000"": 1, ""0111010110"": 1, ""1001000011"": 1, ""1011010000"": 1, ""1011100011"": 1, ""1011111010"": 1, ""1111011111"": 1, ""1111111001"": 1}"
124,019e10ef-1cdb-7b93-bd1e-f99edec1bb66,2,24,IIZIYYZIII,IIIZYYIZII,-0.0009765624999999985,10,0.9999999999999998,0.6,-0.3999999999999998,-0.0009765624999999983,-0.0005859374999999991,0.00039062499999999915,0.3999999999999998,0.00039062499999999915,"{""0001011100"": 1, ""0011011011"": 1, ""1011001001"": 1, ""1011101001"": 1, ""1100110111"": 1, ""1101000010"": 1, ""1110111001"": 1, ""1110111111"": 1, ""1111100001"": 1, ""1111100110"": 1}"
125,019e10ef-1cdb-7b93-bd1e-f99edec1bb66,2,25,IIZIYYZIZX,XZIZYYIZII,-0.0009765624999999985,10,0.9999999999999998,0.8,-0.19999999999999973,-0.0009765624999999983,-0.0007812499999999989,0.00019531249999999941,0.19999999999999973,0.00019531249999999941,"{""0010001011"": 1, ""0010010111"": 1, ""0010111100"": 1, ""0101110111"": 1, ""1001111011"": 1, ""1011010011"": 1, ""1011010111"": 1, ""1011111000"": 1, ""1101101111"": 1, ""1111100011"": 1}"
126,019e10ef-1cdb-7b93-bd1e-f99edec1bb66,2,26,IIZIYYZZXZ,ZXZZYYIZII,-0.0009765624999999985,10,0.9999999999999998,0.8,-0.19999999999999973,-0.0009765624999999983,-0.0007812499999999989,0.00019531249999999941,0.19999999999999973,0.00019531249999999941,"{""0001101110"": 1, ""0010100011"": 1, ""0101000000"": 1, ""0111001110"": 1, ""0111010000"": 1, ""1000110011"": 1, ""1101101000"": 1, ""1110010110"": 1, ""1111010111"": 1, ""1111100101"": 1}"
127,019e10ef-1cdb-7b93-bd1e-f99edec1bb66,2,27,IIZIYYZZYY,YYZZYYIZII,-0.0009765624999999985,10,0.9999999999999998,0.6,-0.3999999999999998,-0.0009765624999999983,-0.0005859374999999991,0.00039062499999999915,0.3999999999999998,0.00039062499999999915,"{""0001101110"": 1, ""0011111000"": 1, ""0111001011"": 1, ""1000101101"": 1, ""1001000101"": 1, ""1101000011"": 1, ""1101000110"": 1, ""1101011001"": 1, ""1110111001"": 1, ""1111001000"": 1}"
128,019e10ef-1cdb-7b93-bd1e-f99edec1bb66,2,28,IZIXIIIIII,IIIIIIXIZI,-0.0009765624999999985,10,0.9999999999999998,1.0,2.220446049250313e-16,-0.0009765624999999983,-0.0009765624999999985,-2.168404344971009e-19,2.220446049250313e-16,2.168404344971009e-19,"{""0010000001"": 1, ""0010011011"": 1, ""0111110011"": 1, ""1010101000"": 1, ""1101001101"": 1, ""1101010100"": 1, ""1101011110"": 1, ""1101111011"": 1, ""1111010010"": 1, ""1111111111"": 1}"
129,019e10ef-1cdb-7b93-bd1e-f99edec1bb66,2,29,IZIXIIIIZX,XZIIIIXIZI,-0.0009765624999999985,10,0.9999999999999998,1.0,2.220446049250313e-16,-0.0009765624999999983,-0.0009765624999999985,-2.168404344971009e-19,2.220446049250313e-16,2.168404344971009e-19,"{""0000011111"": 1, ""0000111000"": 1, ""0010010000"": 1, ""0101000111"": 1, ""0111000000"": 1, ""1010010111"": 1, ""1010100111"": 1, ""1101110011"": 1, ""1101110111"": 1, ""1111000111"": 1}"
130,019e10ef-1cdb-7b93-bd1e-f99edec1bb66,2,30,IZIXIIIZXZ,ZXZIIIXIZI,-0.0009765624999999985,10,0.9999999999999998,0.6,-0.3999999999999998,-0.0009765624999999983,-0.0005859374999999991,0.00039062499999999915,0.3999999999999998,0.00039062499999999915,"{""0000100011"": 1, ""0000101000"": 1, ""0000101101"": 1, ""0101001110"": 1, ""0111011101"": 1, ""0111111101"": 1, ""0111111110"": 1, ""1000110111"": 1, ""1010000101"": 1, ""1110001000"": 1}"
131,019e10ef-1cdb-7b93-bd1e-f99edec1bb66,2,31,IZIXIIIZYY,YYZIIIXIZI,-0.0009765624999999985,10,0.9999999999999998,1.0,2.220446049250313e-16,-0.0009765624999999983,-0.0009765624999999985,-2.168404344971009e-19,2.220446049250313e-16,2.168404344971009e-19,"{""0000101011"": 1, ""0101010000"": 1, ""0101101000"": 1, ""0111110110"": 1, ""1000100011"": 1, ""1010011011"": 1, ""1010101101"": 1, ""1101000011"": 1, ""1101110101"": 1, ""1111000000"": 1}"
132,019e10ef-1cdb-7b93-bd1e-f99edec1bb66,2,32,IZIXIIZXIX,XIXZIIXIZI,-0.0009765624999999985,10,0.9999999999999998,1.0,2.220446049250313e-16,-0.0009765624999999983,-0.0009765624999999985,-2.168404344971009e-19,2.220446049250313e-16,2.168404344971009e-19,"{""0010010111"": 2, ""0010110111"": 1, ""0010111100"": 1, ""0101010000"": 1, ""0101110111"": 1, ""0111001011"": 1, ""1000011011"": 1, ""1101010000"": 1, ""1111010111"": 1}"
133,019e10ef-1cdb-7b93-bd1e-f99edec1bb66,2,33,IZIXIIZXZI,IZXZIIXIZI,-0.0009765624999999985,10,0.9999999999999998,0.8,-0.19999999999999973,-0.0009765624999999983,-0.0007812499999999989,0.00019531249999999941,0.19999999999999973,0.00019531249999999941,"{""0000110111"": 1, ""0001100001"": 1, ""0101010001"": 1, ""0101010110"": 1, ""0101100000"": 1, ""0111001011"": 1, ""0111110000"": 1, ""1000010000"": 1, ""1000100001"": 1, ""1010011100"": 1}"
134,019e10ef-1cdb-7b93-bd1e-f99edec1bb66,2,34,IZIXIIZYXY,YXYZIIXIZI,0.0009765624999999985,10,-0.9999999999999998,-0.6,0.3999999999999998,-0.0009765624999999983,-0.0005859374999999991,0.00039062499999999915,0.3999999999999998,0.00039062499999999915,"{""0000100100"": 1, ""0000101110"": 1, ""0001100001"": 1, ""0010011000"": 1, ""0101111111"": 1, ""0111100100"": 1, ""1000100100"": 1, ""1101010100"": 1, ""1101101011"": 1, ""1101110010"": 1}"
135,019e10ef-1cdb-7b93-bd1e-f99edec1bb66,2,35,IZIXIIZYYZ,ZYYZIIXIZI,-0.0009765624999999985,10,0.9999999999999998,1.0,2.220446049250313e-16,-0.0009765624999999983,-0.0009765624999999985,-2.168404344971009e-19,2.220446049250313e-16,2.168404344971009e-19,"{""0000001010"": 1, ""0000110011"": 1, ""0000111100"": 1, ""0010001001"": 1, ""0010010110"": 1, ""0011001011"": 1, ""0111100000"": 1, ""1000100110"": 1, ""1010000101"": 1, ""1111100101"": 1}"
136,019e10ef-1cdb-7b93-bd1e-f99edec1bb66,2,36,IZIXIZXIXZ,ZXIXZIXIZI,-0.0009765624999999985,10,0.9999999999999998,0.4,-0.5999999999999998,-0.0009765624999999983,-0.0003906249999999994,0.0005859374999999988,0.5999999999999998,0.0005859374999999988,"{""0101010101"": 1, ""0111000110"": 1, ""1000010101"": 1, ""1000100000"": 1, ""1000101000"": 1, ""1000101100"": 1, ""1000110101"": 1, ""1010011000"": 1, ""1101010110"": 1, ""1101100000"": 1}"
137,019e10ef-1cdb-7b93-bd1e-f99edec1bb66,2,37,IZIXIZXIYY,YYIXZIXIZI,-0.0009765624999999985,10,0.9999999999999998,0.6,-0.3999999999999998,-0.0009765624999999983,-0.0005859374999999991,0.00039062499999999915,0.3999999999999998,0.00039062499999999915,"{""0000010101"": 2, ""0000111011"": 1, ""0010001011"": 1, ""0101100000"": 1, ""1010001110"": 2, ""1011110000"": 1, ""1101011010"": 1, ""1101110101"": 1}"
138,019e10ef-1cdb-7b93-bd1e-f99edec1bb66,2,38,IZIXIZXZII,IIZXZIXIZI,-0.0009765624999999985,10,0.9999999999999998,0.4,-0.5999999999999998,-0.0009765624999999983,-0.0003906249999999994,0.0005859374999999988,0.5999999999999998,0.0005859374999999988,"{""0000100011"": 1, ""0000111111"": 1, ""1000100000"": 1, ""1010001110"": 1, ""1010101110"": 1, ""1010111000"": 1, ""1101101010"": 1, ""1111000010"": 1, ""1111010001"": 1, ""1111100001"": 1}"
139,019e10ef-1cdb-7b93-bd1e-f99edec1bb66,2,39,IZIXIZXZZX,XZZXZIXIZI,-0.0009765624999999985,10,0.9999999999999998,0.2,-0.7999999999999998,-0.0009765624999999983,-0.0001953124999999997,0.0007812499999999985,0.7999999999999998,0.0007812499999999985,"{""0010000001"": 1, ""0010010100"": 1, ""0101000111"": 1, ""1000001100"": 1, ""1000111111"": 1, ""1010100000"": 1, ""1101010100"": 1, ""1111000111"": 1, ""1111110111"": 2}"
140,019e10ef-1cdb-7b93-bd1e-f99edec1bb66,2,40,IZIXIZYXXY,YXXYZIXIZI,-0.0009765624999999985,10,0.9999999999999998,0.4,-0.5999999999999998,-0.0009765624999999983,-0.0003906249999999994,0.0005859374999999988,0.5999999999999998,0.0005859374999999988,"{""0010101011"": 1, ""0111000110"": 1, ""0111001111"": 1, ""0111101010"": 1, ""1000000100"": 1, ""1010100110"": 1, ""1010101000"": 1, ""1101000000"": 1, ""1101011000"": 1, ""1101111011"": 1}"
141,019e10ef-1cdb-7b93-bd1e-f99edec1bb66,2,41,IZIXIZYXYZ,ZYXYZIXIZI,0.0009765624999999985,10,-0.9999999999999998,-0.6,0.3999999999999998,-0.0009765624999999983,-0.0005859374999999991,0.00039062499999999915,0.3999999999999998,0.00039062499999999915,"{""0010100010"": 1, ""0101010001"": 1, ""0101011111"": 1, ""1000100110"": 1, ""1000101110"": 1, ""1010010000"": 1, ""1010100010"": 1, ""1101011010"": 1, ""1111001011"": 1, ""1111011111"": 1}"
142,019e10ef-1cdb-7b93-bd1e-f99edec1bb66,2,42,IZIXIZYYIX,XIYYZIXIZI,-0.0009765624999999985,10,0.9999999999999998,1.0,2.220446049250313e-16,-0.0009765624999999983,-0.0009765624999999985,-2.168404344971009e-19,2.220446049250313e-16,2.168404344971009e-19,"{""0000010100"": 2, ""0000110100"": 1, ""0000111000"": 1, ""0010100111"": 1, ""0111001011"": 1, ""0111011111"": 1, ""1000010011"": 1, ""1000110011"": 1, ""1101010011"": 1}"
143,019e10ef-1cdb-7b93-bd1e-f99edec1bb66,2,43,IZIXIZYYZI,IZYYZIXIZI,-0.0009765624999999985,10,0.9999999999999998,0.8,-0.19999999999999973,-0.0009765624999999983,-0.0007812499999999989,0.00019531249999999941,0.19999999999999973,0.00019531249999999941,"{""0000100111"": 1, ""0010011111"": 1, ""0010111000"": 1, ""0101101011"": 1, ""0111011001"": 1, ""0111011100"": 1, ""0111110100"": 1, ""1000010010"": 1, ""1111011000"": 1, ""1111100110"": 1}"
144,019e10ef-1cdb-7b93-bd1e-f99edec1bb66,2,44,IZIXZXIXIX,XIXIXZXIZI,-0.0009765624999999985,10,0.9999999999999998,0.4,-0.5999999999999998,-0.0009765624999999983,-0.0003906249999999994,0.0005859374999999988,0.5999999999999998,0.0005859374999999988,"{""0010110111"": 1, ""0111000000"": 1, ""0111101100"": 1, ""1000000000"": 1, ""1000110001"": 1, ""1001110111"": 1, ""1010101011"": 1, ""1101101101"": 1, ""1101110111"": 1, ""1111110000"": 1}"
145,019e10ef-1cdb-7b93-bd1e-f99edec1bb66,2,45,IZIXZXIXZI,IZXIXZXIZI,-0.0009765624999999985,10,0.9999999999999998,0.6,-0.3999999999999998,-0.0009765624999999983,-0.0005859374999999991,0.00039062499999999915,0.3999999999999998,0.00039062499999999915,"{""0000101101"": 1, ""0011011011"": 1, ""0111001100"": 1, ""1000101100"": 1, ""1010011101"": 1, ""1101101010"": 1, ""1101101101"": 1, ""1101110110"": 1, ""1111011011"": 2}"
146,019e10ef-1cdb-7b93-bd1e-f99edec1bb66,2,46,IZIXZXIYXY,YXYIXZXIZI,0.0009765624999999985,10,-0.9999999999999998,-0.8,0.19999999999999973,-0.0009765624999999983,-0.0007812499999999989,0.00019531249999999941,0.19999999999999973,0.00019531249999999941,"{""0010001000"": 1, ""0101000100"": 1, ""0111110001"": 1, ""1000011011"": 1, ""1010000100"": 1, ""1010101000"": 1, ""1010101011"": 1, ""1111000100"": 1, ""1111011101"": 1, ""1111110010"": 1}"
147,019e10ef-1cdb-7b93-bd1e-f99edec1bb66,2,47,IZIXZXIYYZ,ZYYIXZXIZI,-0.0009765624999999985,10,0.9999999999999998,0.6,-0.3999999999999998,-0.0009765624999999983,-0.0005859374999999991,0.00039062499999999915,0.3999999999999998,0.00039062499999999915,"{""0000000111"": 1, ""0010000101"": 1, ""0010101100"": 1, ""0101011010"": 1, ""1000000110"": 1, ""1000110000"": 1, ""1000110110"": 1, ""1010110101"": 1, ""1010110111"": 1, ""1111100100"": 1}"
148,019e10ef-1cdb-7b93-bd1e-f99edec1bb66,2,48,IZIXZXZIII,IIIZXZXIZI,-0.0009765624999999985,10,0.9999999999999998,1.0,2.220446049250313e-16,-0.0009765624999999983,-0.0009765624999999985,-2.168404344971009e-19,2.220446049250313e-16,2.168404344971009e-19,"{""0010011010"": 1, ""0101000001"": 1, ""0101110001"": 1, ""0101110100"": 1, ""1000101111"": 1, ""1000110011"": 1, ""1010011011"": 1, ""1010011111"": 1, ""1101011010"": 1, ""1111000111"": 1}"
149,019e10ef-1cdb-7b93-bd1e-f99edec1bb66,2,49,IZIXZXZIZX,XZIZXZXIZI,-0.0009765624999999985,10,0.9999999999999998,0.8,-0.19999999999999973,-0.0009765624999999983,-0.0007812499999999989,0.00019531249999999941,0.19999999999999973,0.00019531249999999941,"{""0010110111"": 1, ""0101000111"": 1, ""0101011100"": 1, ""0111000011"": 2, ""1010011100"": 1, ""1010110100"": 1, ""1100000100"": 1, ""1101000000"": 1, ""1111011111"": 1}"
150,019e10ef-1cdb-7b93-bd1e-f99edec1bb66,2,50,IZIXZXZZXZ,ZXZZXZXIZI,-0.0009765624999999985,10,0.9999999999999998,0.8,-0.19999999999999973,-0.0009765624999999983,-0.0007812499999999989,0.00019531249999999941,0.19999999999999973,0.00019531249999999941,"{""0010110000"": 1, ""0101000110"": 1, ""0101101101"": 1, ""0111011110"": 1, ""0111011111"": 1, ""0111101110"": 1, ""1000000011"": 1, ""1010000000"": 1, ""1101110110"": 1, ""1111101011"": 1}"
151,019e10ef-1cdb-7b93-bd1e-f99edec1bb66,2,51,IZIXZXZZYY,YYZZXZXIZI,-0.0009765624999999985,10,0.9999999999999998,0.6,-0.3999999999999998,-0.0009765624999999983,-0.0005859374999999991,0.00039062499999999915,0.3999999999999998,0.00039062499999999915,"{""0000000011"": 1, ""0010000110"": 1, ""0101000110"": 1, ""0101010011"": 1, ""0101011110"": 1, ""0111000100"": 1, ""0111000101"": 1, ""1000110101"": 1, ""1101101110"": 1, ""1101110000"": 1}"
152,019e10ef-1cdb-7b93-bd1e-f99edec1bb66,2,52,IZIXZYXXXY,YXXXYZXIZI,0.0009765624999999985,10,-0.9999999999999998,0.0,0.9999999999999998,-0.0009765624999999983,0.0,0.0009765624999999983,0.9999999999999998,0.0009765624999999983,"{""0000101010"": 1, ""0010000011"": 1, ""0010011101"": 1, ""0010101110"": 1, ""0110001001"": 1, ""0111001000"": 1, ""0111101000"": 1, ""0111110111"": 1, ""1100111110"": 1, ""1101110010"": 1}"
153,019e10ef-1cdb-7b93-bd1e-f99edec1bb66,2,53,IZIXZYXXYZ,ZYXXYZXIZI,-0.0009765624999999985,10,0.9999999999999998,0.6,-0.3999999999999998,-0.0009765624999999983,-0.0005859374999999991,0.00039062499999999915,0.3999999999999998,0.00039062499999999915,"{""0000001111"": 1, ""0010100001"": 1, ""0100000111"": 1, ""0111001010"": 1, ""0111010000"": 1, ""1010011000"": 1, ""1010111111"": 1, ""1101101101"": 1, ""1110100100"": 1, ""1111110000"": 1}"
154,019e10ef-1cdb-7b93-bd1e-f99edec1bb66,2,54,IZIXZYXYIX,XIYXYZXIZI,0.0009765624999999985,10,-0.9999999999999998,-1.0,-2.220446049250313e-16,-0.0009765624999999983,-0.0009765624999999985,-2.168404344971009e-19,2.220446049250313e-16,2.168404344971009e-19,"{""0000011100"": 1, ""0000110011"": 1, ""0010010000"": 1, ""0101011011"": 1, ""0101111111"": 1, ""0111000011"": 1, ""1010010000"": 1, ""1010010111"": 1, ""1010111111"": 1, ""1111101100"": 1}"
155,019e10ef-1cdb-7b93-bd1e-f99edec1bb66,2,55,IZIXZYXYZI,IZYXYZXIZI,0.0009765624999999985,10,-0.9999999999999998,-0.4,0.5999999999999998,-0.0009765624999999983,-0.0003906249999999994,0.0005859374999999988,0.5999999999999998,0.0005859374999999988,"{""0010001000"": 1, ""0010101011"": 1, ""0111000001"": 1, ""0111010111"": 1, ""0111011100"": 1, ""1000101000"": 1, ""1010111111"": 1, ""1011100110"": 1, ""1101101010"": 1, ""1111101101"": 1}"
156,019e10ef-1cdb-7b93-bd1e-f99edec1bb66,2,56,IZIXZYYIXZ,ZXIYYZXIZI,-0.0009765624999999985,10,0.9999999999999998,0.4,-0.5999999999999998,-0.0009765624999999983,-0.0003906249999999994,0.0005859374999999988,0.5999999999999998,0.0005859374999999988,"{""0000011011"": 1, ""0000101000"": 1, ""0000101010"": 1, ""0000110011"": 1, ""1010001000"": 1, ""1010011011"": 1, ""1111001101"": 1, ""1111010101"": 1, ""1111011001"": 1, ""1111101000"": 1}"
157,019e10ef-1cdb-7b93-bd1e-f99edec1bb66,2,57,IZIXZYYIYY,YYIYYZXIZI,-0.0009765624999999985,10,0.9999999999999998,0.4,-0.5999999999999998,-0.0009765624999999983,-0.0003906249999999994,0.0005859374999999988,0.5999999999999998,0.0005859374999999988,"{""0000101110"": 1, ""0010100011"": 1, ""0101000000"": 1, ""0101011000"": 1, ""0101111101"": 1, ""0111111101"": 1, ""0111111110"": 1, ""1000011001"": 1, ""1010010101"": 1, ""1101010101"": 1}"
158,019e10ef-1cdb-7b93-bd1e-f99edec1bb66,2,58,IZIXZYYZII,IIZYYZXIZI,-0.0009765624999999985,10,0.9999999999999998,0.6,-0.3999999999999998,-0.0009765624999999983,-0.0005859374999999991,0.00039062499999999915,0.3999999999999998,0.00039062499999999915,"{""0010000101"": 1, ""0101110001"": 1, ""1000000010"": 1, ""1000100110"": 1, ""1010011011"": 1, ""1101001010"": 1, ""1101010101"": 1, ""1111001110"": 1, ""1111101000"": 1, ""1111101011"": 1}"
159,019e10ef-1cdb-7b93-bd1e-f99edec1bb66,2,59,IZIXZYYZZX,XZZYYZXIZI,-0.0009765624999999985,10,0.9999999999999998,0.6,-0.3999999999999998,-0.0009765624999999983,-0.0005859374999999991,0.00039062499999999915,0.3999999999999998,0.00039062499999999915,"{""0000000000"": 1, ""0000101011"": 1, ""0010101000"": 1, ""0111101011"": 1, ""1000000000"": 1, ""1010101011"": 1, ""1101000011"": 1, ""1101101001"": 1, ""1110010100"": 1, ""1111100111"": 1}"
160,019e10ef-1cdb-7b93-bd1e-f99edec1bb66,2,60,IZXIIXIXIX,XIXIXIIXZI,-0.0009765624999999985,10,0.9999999999999998,1.0,2.220446049250313e-16,-0.0009765624999999983,-0.0009765624999999985,-2.168404344971009e-19,2.220446049250313e-16,2.168404344971009e-19,"{""0001000000"": 1, ""0011110111"": 1, ""0100101011"": 1, ""0100110111"": 1, ""0110000000"": 1, ""0110000111"": 1, ""0110011011"": 1, ""0111000111"": 1, ""1000000111"": 1, ""1010110111"": 1}"
161,019e10ef-1cdb-7b93-bd1e-f99edec1bb66,2,61,IZXIIXIXZI,IZXIXIIXZI,-0.0009765624999999985,10,0.9999999999999998,0.8,-0.19999999999999973,-0.0009765624999999983,-0.0007812499999999989,0.00019531249999999941,0.19999999999999973,0.00019531249999999941,"{""0001011010"": 1, ""0011110110"": 1, ""0100110000"": 1, ""0101101100"": 1, ""1000011100"": 1, ""1010110110"": 1, ""1111000010"": 1, ""1111000110"": 1, ""1111000111"": 1, ""1111011100"": 1}"
162,019e10ef-1cdb-7b93-bd1e-f99edec1bb66,2,62,IZXIIXIYXY,YXYIXIIXZI,0.0009765624999999985,10,-0.9999999999999998,-0.6,0.3999999999999998,-0.0009765624999999983,-0.0005859374999999991,0.00039062499999999915,0.3999999999999998,0.00039062499999999915,"{""0000001010"": 1, ""0000101110"": 1, ""0001000010"": 1, ""0010110001"": 1, ""0010110111"": 1, ""0011110111"": 1, ""0101110001"": 1, ""1100011101"": 1, ""1100101110"": 1, ""1101101011"": 1}"
163,019e10ef-1cdb-7b93-bd1e-f99edec1bb66,2,63,IZXIIXIYYZ,ZYYIXIIXZI,-0.0009765624999999985,10,0.9999999999999998,1.0,2.220446049250313e-16,-0.0009765624999999983,-0.0009765624999999985,-2.168404344971009e-19,2.220446049250313e-16,2.168404344971009e-19,"{""0011101100"": 1, ""0100110011"": 2, ""0110110010"": 1, ""0111011100"": 1, ""1001000011"": 1, ""1001000110"": 1, ""1100110110"": 1, ""1101101010"": 1, ""1110000110"": 1}"
164,019e10ef-1cdb-7b93-bd1e-f99edec1bb66,2,64,IZXIIXZIII,IIIZXIIXZI,-0.0009765624999999985,10,0.9999999999999998,0.8,-0.19999999999999973,-0.0009765624999999983,-0.0007812499999999989,0.00019531249999999941,0.19999999999999973,0.00019531249999999941,"{""0100110101"": 1, ""0110011000"": 1, ""1001000100"": 1, ""1001000101"": 1, ""1001001011"": 1, ""1001011010"": 1, ""1100101101"": 1, ""1100110110"": 1, ""1110000001"": 1, ""1111000001"": 1}"
165,019e10ef-1cdb-7b93-bd1e-f99edec1bb66,2,65,IZXIIXZIZX,XZIZXIIXZI,-0.0009765624999999985,10,0.9999999999999998,0.8,-0.19999999999999973,-0.0009765624999999983,-0.0007812499999999989,0.00019531249999999941,0.19999999999999973,0.00019531249999999941,"{""0000010100"": 1, ""0001011111"": 1, ""0010101100"": 1, ""0101101000"": 1, ""0111000100"": 1, ""1001011011"": 1, ""1010101011"": 1, ""1011101100"": 1, ""1110011011"": 1, ""1111011100"": 1}"
166,019e10ef-1cdb-7b93-bd1e-f99edec1bb66,2,66,IZXIIXZZXZ,ZXZZXIIXZI,-0.0009765624999999985,10,0.9999999999999998,1.0,2.220446049250313e-16,-0.0009765624999999983,-0.0009765624999999985,-2.168404344971009e-19,2.220446049250313e-16,2.168404344971009e-19,"{""0001000101"": 1, ""0010101011"": 1, ""0101101011"": 1, ""0101110000"": 1, ""1001000110"": 1, ""1010101000"": 1, ""1101110110"": 1, ""1110000011"": 1, ""1111000000"": 1, ""1111000011"": 1}"
167,019e10ef-1cdb-7b93-bd1e-f99edec1bb66,2,67,IZXIIXZZYY,YYZZXIIXZI,-0.0009765624999999985,10,0.9999999999999998,1.0,2.220446049250313e-16,-0.0009765624999999983,-0.0009765624999999985,-2.168404344971009e-19,2.220446049250313e-16,2.168404344971009e-19,"{""0001000110"": 1, ""0011110011"": 1, ""0100110101"": 1, ""0110000101"": 1, ""0110000110"": 1, ""0111001100"": 1, ""1001000101"": 1, ""1100110101"": 1, ""1101110000"": 1, ""1101110101"": 1}"
168,019e10ef-1cdb-7b93-bd1e-f99edec1bb66,2,68,IZXIIYXXXY,YXXXYIIXZI,0.0009765624999999985,10,-0.9999999999999998,-0.6,0.3999999999999998,-0.0009765624999999983,-0.0005859374999999991,0.00039062499999999915,0.3999999999999998,0.00039062499999999915,"{""0000011010"": 1, ""0001000001"": 1, ""0010101011"": 1, ""0100111010"": 1, ""0111000100"": 1, ""0111010110"": 1, ""1101100000"": 1, ""1110001000"": 1, ""1110001101"": 1, ""1110010000"": 1}"
169,019e10ef-1cdb-7b93-bd1e-f99edec1bb66,2,69,IZXIIYXXYZ,ZYXXYIIXZI,-0.0009765624999999985,10,0.9999999999999998,0.4,-0.5999999999999998,-0.0009765624999999983,-0.0003906249999999994,0.0005859374999999988,0.5999999999999998,0.0005859374999999988,"{""0000000100"": 1, ""0010111010"": 1, ""0011111100"": 1, ""0101100100"": 1, ""1001010111"": 1, ""1100100010"": 1, ""1100100100"": 1, ""1100110010"": 1, ""1101110001"": 1, ""1110010111"": 1}"
170,019e10ef-1cdb-7b93-bd1e-f99edec1bb66,2,70,IZXIIYXYIX,XIYXYIIXZI,0.0009765624999999985,10,-0.9999999999999998,-1.0,-2.220446049250313e-16,-0.0009765624999999983,-0.0009765624999999985,-2.168404344971009e-19,2.220446049250313e-16,2.168404344971009e-19,"{""0000011100"": 1, ""0010101011"": 1, ""0011100000"": 1, ""0100100000"": 1, ""0100101100"": 1, ""0101101100"": 1, ""0110011100"": 1, ""1011110100"": 1, ""1101101100"": 1, ""1101111101"": 1}"
171,019e10ef-1cdb-7b93-bd1e-f99edec1bb66,2,71,IZXIIYXYZI,IZYXYIIXZI,0.0009765624999999985,10,-0.9999999999999998,-0.8,0.19999999999999973,-0.0009765624999999983,-0.0007812499999999989,0.00019531249999999941,0.19999999999999973,0.00019531249999999941,"{""0001011010"": 1, ""0010101010"": 1, ""0010101101"": 1, ""0011100110"": 1, ""0110010101"": 1, ""0110010110"": 1, ""1010110100"": 1, ""1100111111"": 1, ""1110001110"": 1, ""1111001110"": 1}"
172,019e10ef-1cdb-7b93-bd1e-f99edec1bb66,2,72,IZXIIYYIXZ,ZXIYYIIXZI,-0.0009765624999999985,10,0.9999999999999998,0.8,-0.19999999999999973,-0.0009765624999999983,-0.0007812499999999989,0.00019531249999999941,0.19999999999999973,0.00019531249999999941,"{""0001001001"": 1, ""0010110000"": 1, ""0010111110"": 1, ""0011101011"": 1, ""0011111000"": 1, ""0101110000"": 1, ""1000011011"": 1, ""1010100101"": 1, ""1010110011"": 1, ""1111011000"": 1}"
173,019e10ef-1cdb-7b93-bd1e-f99edec1bb66,2,73,IZXIIYYIYY,YYIYYIIXZI,-0.0009765624999999985,10,0.9999999999999998,0.6,-0.3999999999999998,-0.0009765624999999983,-0.0005859374999999991,0.00039062499999999915,0.3999999999999998,0.00039062499999999915,"{""0000000101"": 1, ""0100101011"": 1, ""0100110000"": 1, ""0110010101"": 1, ""1000010101"": 1, ""1000010110"": 1, ""1010110011"": 1, ""1011101000"": 1, ""1101100000"": 1, ""1101110011"": 1}"
174,019e10ef-1cdb-7b93-bd1e-f99edec1bb66,2,74,IZXIIYYZII,IIZYYIIXZI,-0.0009765624999999985,10,0.9999999999999998,0.6,-0.3999999999999998,-0.0009765624999999983,-0.0005859374999999991,0.00039062499999999915,0.3999999999999998,0.00039062499999999915,"{""0001010100"": 2, ""0011111100"": 1, ""0011111111"": 1, ""0100000110"": 1, ""0100100001"": 1, ""0101111101"": 1, ""1010111101"": 1, ""1100100001"": 1, ""1101101000"": 1}"
175,019e10ef-1cdb-7b93-bd1e-f99edec1bb66,2,75,IZXIIYYZZX,XZZYYIIXZI,-0.0009765624999999985,10,0.9999999999999998,0.8,-0.19999999999999973,-0.0009765624999999983,-0.0007812499999999989,0.00019531249999999941,0.19999999999999973,0.00019531249999999941,"{""0001010111"": 1, ""0101011011"": 1, ""0101100111"": 1, ""0101101011"": 1, ""0110010111"": 1, ""1000001111"": 1, ""1010101000"": 1, ""1100110011"": 1, ""1110000011"": 1, ""1111011000"": 1}"
176,019e10ef-1cdb-7b93-bd1e-f99edec1bb66,2,76,IZXIZIIIII,IIIIIZIXZI,-0.0009765624999999985,10,0.9999999999999998,1.0,2.220446049250313e-16,-0.0009765624999999983,-0.0009765624999999985,-2.168404344971009e-19,2.220446049250313e-16,2.168404344971009e-19,"{""0010100111"": 1, ""0110011011"": 1, ""1000001010"": 1, ""1000010110"": 1, ""1001000011"": 1, ""1001001001"": 1, ""1001010010"": 1, ""1101110000"": 1, ""1101111110"": 1, ""1111011100"": 1}"
177,019e10ef-1cdb-7b93-bd1e-f99edec1bb66,2,77,IZXIZIIIZX,XZIIIZIXZI,-0.0009765624999999985,10,0.9999999999999998,0.6,-0.3999999999999998,-0.0009765624999999983,-0.0005859374999999991,0.00039062499999999915,0.3999999999999998,0.00039062499999999915,"{""0001010100"": 1, ""0100010000"": 1, ""0101100100"": 1, ""0110010111"": 1, ""0111000011"": 1, ""0111000111"": 2, ""1000001111"": 1, ""1001011101"": 1, ""1010110000"": 1}"
178,019e10ef-1cdb-7b93-bd1e-f99edec1bb66,2,78,IZXIZIIZXZ,ZXZIIZIXZI,-0.0009765624999999985,10,0.9999999999999998,1.0,2.220446049250313e-16,-0.0009765624999999983,-0.0009765624999999985,-2.168404344971009e-19,2.220446049250313e-16,2.168404344971009e-19,"{""0010101110"": 1, ""0100110101"": 1, ""0101111000"": 1, ""0110000101"": 1, ""0110010000"": 1, ""1000001110"": 1, ""1001010110"": 1, ""1010110110"": 1, ""1011101101"": 1, ""1011111000"": 1}"
179,019e10ef-1cdb-7b93-bd1e-f99edec1bb66,2,79,IZXIZIIZYY,YYZIIZIXZI,-0.0009765624999999985,10,0.9999999999999998,0.8,-0.19999999999999973,-0.0009765624999999983,-0.0007812499999999989,0.00019531249999999941,0.19999999999999973,0.00019531249999999941,"{""0000010001"": 1, ""0001011011"": 1, ""0010100101"": 1, ""0010101011"": 1, ""0111010101"": 1, ""1000000110"": 1, ""1010100011"": 1, ""1010110000"": 1, ""1101111011"": 1, ""1110001110"": 1}"
180,019e10ef-1cdb-7b93-bd1e-f99edec1bb66,2,80,IZXIZIZXIX,XIXZIZIXZI,-0.0009765624999999985,10,0.9999999999999998,0.8,-0.19999999999999973,-0.0009765624999999983,-0.0007812499999999989,0.00019531249999999941,0.19999999999999973,0.00019531249999999941,"{""0001001100"": 1, ""0010111100"": 1, ""0101101100"": 1, ""0101110000"": 1, ""0111010000"": 1, ""1001011011"": 1, ""1010011011"": 1, ""1010101100"": 1, ""1101111011"": 1, ""1111011100"": 1}"
181,019e10ef-1cdb-7b93-bd1e-f99edec1bb66,2,81,IZXIZIZXZI,IZXZIZIXZI,-0.0009765624999999985,10,0.9999999999999998,0.4,-0.5999999999999998,-0.0009765624999999983,-0.0003906249999999994,0.0005859374999999988,0.5999999999999998,0.0005859374999999988,"{""0100011010"": 1, ""0100101010"": 1, ""0100110101"": 1, ""0101100110"": 1, ""1001001000"": 1, ""1001001010"": 1, ""1001011101"": 1, ""1010111011"": 1, ""1110001011"": 1, ""1111011011"": 1}"
182,019e10ef-1cdb-7b93-bd1e-f99edec1bb66,2,82,IZXIZIZYXY,YXYZIZIXZI,0.0009765624999999985,10,-0.9999999999999998,-0.8,0.19999999999999973,-0.0009765624999999983,-0.0007812499999999989,0.00019531249999999941,0.19999999999999973,0.00019531249999999941,"{""0010100010"": 1, ""0011110010"": 1, ""0110000111"": 1, ""1001001110"": 1, ""1001010010"": 1, ""1010111110"": 1, ""1011100001"": 1, ""1100010100"": 1, ""1101101000"": 1, ""1101111000"": 1}"
183,019e10ef-1cdb-7b93-bd1e-f99edec1bb66,2,83,IZXIZIZYYZ,ZYYZIZIXZI,-0.0009765624999999985,10,0.9999999999999998,0.4,-0.5999999999999998,-0.0009765624999999983,-0.0003906249999999994,0.0005859374999999988,0.5999999999999998,0.0005859374999999988,"{""0000010100"": 1, ""0000011110"": 1, ""1001010011"": 1, ""1010001001"": 1, ""1011110011"": 1, ""1100110101"": 1, ""1101100011"": 1, ""1110000110"": 1, ""1111000011"": 1, ""1111001010"": 1}"
184,019e10ef-1cdb-7b93-bd1e-f99edec1bb66,2,84,IZXIZZXIXZ,ZXIXZZIXZI,-0.0009765624999999985,10,0.9999999999999998,0.6,-0.3999999999999998,-0.0009765624999999983,-0.0005859374999999991,0.00039062499999999915,0.3999999999999998,0.00039062499999999915,"{""0010100010"": 1, ""0010110101"": 1, ""0010111011"": 1, ""0100100011"": 1, ""0110010111"": 1, ""1001001101"": 1, ""1010100000"": 1, ""1011101101"": 1, ""1110011000"": 1, ""1110011011"": 1}"
185,019e10ef-1cdb-7b93-bd1e-f99edec1bb66,2,85,IZXIZZXIYY,YYIXZZIXZI,-0.0009765624999999985,10,0.9999999999999998,1.0,2.220446049250313e-16,-0.0009765624999999983,-0.0009765624999999985,-2.168404344971009e-19,2.220446049250313e-16,2.168404344971009e-19,"{""0000000000"": 1, ""0010111000"": 2, ""0100110101"": 2, ""1001000011"": 2, ""1001011000"": 1, ""1010110101"": 1, ""1110010110"": 1}"
186,019e10ef-1cdb-7b93-bd1e-f99edec1bb66,2,86,IZXIZZXZII,IIZXZZIXZI,-0.0009765624999999985,10,0.9999999999999998,0.8,-0.19999999999999973,-0.0009765624999999983,-0.0007812499999999989,0.00019531249999999941,0.19999999999999973,0.00019531249999999941,"{""0000001100"": 1, ""0011100010"": 1, ""0110000101"": 1, ""0111001100"": 1, ""0111001101"": 1, ""0111010110"": 1, ""1001000000"": 1, ""1001001110"": 1, ""1011101110"": 1, ""1111001101"": 1}"
187,019e10ef-1cdb-7b93-bd1e-f99edec1bb66,2,87,IZXIZZXZZX,XZZXZZIXZI,-0.0009765624999999985,10,0.9999999999999998,0.8,-0.19999999999999973,-0.0009765624999999983,-0.0007812499999999989,0.00019531249999999941,0.19999999999999973,0.00019531249999999941,"{""0000010111"": 1, ""0010101111"": 1, ""0011110111"": 1, ""0101100011"": 1, ""0111010111"": 1, ""0111011000"": 1, ""1001011011"": 1, ""1011100010"": 1, ""1011111011"": 1, ""1100111011"": 1}"
188,019e10ef-1cdb-7b93-bd1e-f99edec1bb66,2,88,IZXIZZYXXY,YXXYZZIXZI,-0.0009765624999999985,10,0.9999999999999998,0.2,-0.7999999999999998,-0.0009765624999999983,-0.0001953124999999997,0.0007812499999999985,0.7999999999999998,0.0007812499999999985,"{""0000001100"": 1, ""0011111101"": 1, ""0100100000"": 1, ""0110000010"": 1, ""1000000000"": 1, ""1000000010"": 1, ""1000001001"": 1, ""1001001011"": 1, ""1100111110"": 1, ""1110011001"": 1}"
189,019e10ef-1cdb-7b93-bd1e-f99edec1bb66,2,89,IZXIZZYXYZ,ZYXYZZIXZI,0.0009765624999999985,10,-0.9999999999999998,-1.0,-2.220446049250313e-16,-0.0009765624999999983,-0.0009765624999999985,-2.168404344971009e-19,2.220446049250313e-16,2.168404344971009e-19,"{""0110000111"": 1, ""0110010000"": 1, ""0111011100"": 1, ""1000000010"": 1, ""1010101000"": 1, ""1011110101"": 1, ""1100111111"": 1, ""1101101011"": 1, ""1111000100"": 1, ""1111011111"": 1}"
190,019e10ef-1cdb-7b93-bd1e-f99edec1bb66,2,90,IZXIZZYYIX,XIYYZZIXZI,-0.0009765624999999985,10,0.9999999999999998,0.6,-0.3999999999999998,-0.0009765624999999983,-0.0005859374999999991,0.00039062499999999915,0.3999999999999998,0.00039062499999999915,"{""0001011110"": 1, ""0010100111"": 1, ""0110000111"": 1, ""1000000111"": 1, ""1001011000"": 1, ""1010101011"": 2, ""1011100101"": 1, ""1100101011"": 1, ""1110011001"": 1}"
191,019e10ef-1cdb-7b93-bd1e-f99edec1bb66,2,91,IZXIZZYYZI,IZYYZZIXZI,-0.0009765624999999985,10,0.9999999999999998,0.6,-0.3999999999999998,-0.0009765624999999983,-0.0005859374999999991,0.00039062499999999915,0.3999999999999998,0.00039062499999999915,"{""0000011110"": 1, ""1000011001"": 1, ""1001000001"": 1, ""1001001100"": 1, ""1001010101"": 1, ""1001101100"": 1, ""1010110010"": 1, ""1110000011"": 1, ""1110001011"": 1, ""1110010101"": 1}"
192,019e10ef-1cdb-7b93-bd1e-f99edec1bb66,2,92,IZYIXXXXXY,YXXXXXIYZI,0.0009765624999999985,10,-0.9999999999999998,-0.6,0.3999999999999998,-0.0009765624999999983,-0.0005859374999999991,0.00039062499999999915,0.3999999999999998,0.00039062499999999915,"{""0000101101"": 1, ""0011011110"": 1, ""0011110101"": 1, ""0100110110"": 1, ""0110110001"": 1, ""0111111011"": 1, ""1010100001"": 1, ""1010101010"": 1, ""1011110011"": 1, ""1110010000"": 1}"
193,019e10ef-1cdb-7b93-bd1e-f99edec1bb66,2,93,IZYIXXXXYZ,ZYXXXXIYZI,-0.0009765624999999985,10,0.9999999999999998,0.4,-0.5999999999999998,-0.0009765624999999983,-0.0003906249999999994,0.0005859374999999988,0.5999999999999998,0.0005859374999999988,"{""0000001010"": 1, ""0000110100"": 1, ""0100001110"": 1, ""1000111101"": 1, ""1010001101"": 1, ""1101001110"": 1, ""1101111101"": 1, ""1110010010"": 1, ""1110101010"": 1, ""1110111001"": 1}"
194,019e10ef-1cdb-7b93-bd1e-f99edec1bb66,2,94,IZYIXXXYIX,XIYXXXIYZI,0.0009765624999999985,10,-0.9999999999999998,-0.6,0.3999999999999998,-0.0009765624999999983,-0.0005859374999999991,0.00039062499999999915,0.3999999999999998,0.00039062499999999915,"{""0001000100"": 1, ""0001110011"": 1, ""0100000000"": 1, ""0100100011"": 1, ""0100100111"": 2, ""1011100100"": 1, ""1011110111"": 1, ""1100111011"": 1, ""1100111100"": 1}"
195,019e10ef-1cdb-7b93-bd1e-f99edec1bb66,2,95,IZYIXXXYZI,IZYXXXIYZI,0.0009765624999999985,10,-0.9999999999999998,-1.0,-2.220446049250313e-16,-0.0009765624999999983,-0.0009765624999999985,-2.168404344971009e-19,2.220446049250313e-16,2.168404344971009e-19,"{""0010110000"": 1, ""0011000110"": 1, ""0111100000"": 1, ""0111100111"": 1, ""1000001000"": 1, ""1000111111"": 1, ""1001010111"": 1, ""1001110011"": 1, ""1010001011"": 1, ""1100000000"": 1}"
196,019e10ef-1cdb-7b93-bd1e-f99edec1bb66,2,96,IZYIXXYIXZ,ZXIYXXIYZI,-0.0009765624999999985,10,0.9999999999999998,0.6,-0.3999999999999998,-0.0009765624999999983,-0.0005859374999999991,0.00039062499999999915,0.3999999999999998,0.00039062499999999915,"{""0010010011"": 1, ""0100111011"": 1, ""0110011000"": 1, ""0110101000"": 1, ""0111001110"": 1, ""1010000110"": 1, ""1100111011"": 1, ""1101100011"": 1, ""1101111101"": 1, ""1111000010"": 1}"
197,019e10ef-1cdb-7b93-bd1e-f99edec1bb66,2,97,IZYIXXYIYY,YYIYXXIYZI,-0.0009765624999999985,10,0.9999999999999998,1.0,2.220446049250313e-16,-0.0009765624999999983,-0.0009765624999999985,-2.168404344971009e-19,2.220446049250313e-16,2.168404344971009e-19,"{""0000010110"": 1, ""0001010101"": 1, ""0001100110"": 1, ""0100000110"": 1, ""0101001000"": 1, ""1000110000"": 1, ""1001111110"": 1, ""1010010000"": 1, ""1100001011"": 1, ""1111011000"": 1}"
198,019e10ef-1cdb-7b93-bd1e-f99edec1bb66,2,98,IZYIXXYZII,IIZYXXIYZI,-0.0009765624999999985,10,0.9999999999999998,0.4,-0.5999999999999998,-0.0009765624999999983,-0.0003906249999999994,0.0005859374999999988,0.5999999999999998,0.0005859374999999988,"{""0010111001"": 1, ""0011000010"": 1, ""0011111110"": 1, ""0100111000"": 1, ""0101000110"": 1, ""0101111001"": 1, ""1010101011"": 1, ""1011111010"": 1, ""1100100000"": 1, ""1110010101"": 1}"
199,019e10ef-1cdb-7b93-bd1e-f99edec1bb66,2,99,IZYIXXYZZX,XZZYXXIYZI,-0.0009765624999999985,10,0.9999999999999998,0.6,-0.3999999999999998,-0.0009765624999999983,-0.0005859374999999991,0.00039062499999999915,0.3999999999999998,0.00039062499999999915,"{""0001101111"": 1, ""0001110000"": 1, ""0010011111"": 1, ""1000011000"": 1, ""1001001100"": 1, ""1010011100"": 1, ""1101000111"": 1, ""1101111001"": 1, ""1110100100"": 1, ""1111101000"": 1}"
200,019e10ef-20b4-7fd2-8d11-60e50a59b02e,3,0,IZYIXYIXIX,XIXIYXIYZI,0.0009765624999999985,10,-0.9999999999999998,-0.6,0.3999999999999998,-0.0009765624999999983,-0.0005859374999999991,0.00039062499999999915,0.3999999999999998,0.00039062499999999915,"{""0100000000"": 1, ""0100101011"": 1, ""0101000000"": 1, ""0110000000"": 1, ""1010000000"": 1, ""1011000111"": 1, ""1011100000"": 1, ""1101101011"": 1, ""1110100111"": 1, ""1111001011"": 1}"
201,019e10ef-20b4-7fd2-8d11-60e50a59b02e,3,1,IZYIXYIXZI,IZXIYXIYZI,0.0009765624999999985,10,-0.9999999999999998,-0.6,0.3999999999999998,-0.0009765624999999983,-0.0005859374999999991,0.00039062499999999915,0.3999999999999998,0.00039062499999999915,"{""0011011011"": 1, ""0100101011"": 1, ""0101110110"": 1, ""1001000110"": 1, ""1011101101"": 1, ""1100101100"": 1, ""1100110000"": 1, ""1110000000"": 1, ""1110100001"": 1, ""1110100111"": 1}"
202,019e10ef-20b4-7fd2-8d11-60e50a59b02e,3,2,IZYIXYIYXY,YXYIYXIYZI,-0.0009765624999999985,10,0.9999999999999998,0.6,-0.3999999999999998,-0.0009765624999999983,-0.0005859374999999991,0.00039062499999999915,0.3999999999999998,0.00039062499999999915,"{""0010101011"": 1, ""0011011010"": 1, ""0101000111"": 1, ""0101101101"": 1, ""1001001011"": 1, ""1010111101"": 1, ""1011110111"": 1, ""1101000111"": 1, ""1101011000"": 1, ""1110010010"": 1}"
203,019e10ef-20b4-7fd2-8d11-60e50a59b02e,3,3,IZYIXYIYYZ,ZYYIYXIYZI,0.0009765624999999985,10,-0.9999999999999998,-0.2,0.7999999999999998,-0.0009765624999999983,-0.0001953124999999997,0.0007812499999999985,0.7999999999999998,0.0007812499999999985,"{""0001100001"": 1, ""0001111000"": 1, ""0010110101"": 1, ""0101111001"": 1, ""0111001001"": 1, ""1011000101"": 2, ""1011011010"": 1, ""1100110101"": 1, ""1100111010"": 1}"
204,019e10ef-20b4-7fd2-8d11-60e50a59b02e,3,4,IZYIXYZIII,IIIZYXIYZI,0.0009765624999999985,10,-0.9999999999999998,-1.0,-2.220446049250313e-16,-0.0009765624999999983,-0.0009765624999999985,-2.168404344971009e-19,2.220446049250313e-16,2.168404344971009e-19,"{""0001010100"": 1, ""0101011001"": 1, ""0110001110"": 1, ""0110010111"": 1, ""1000010010"": 1, ""1001010011"": 1, ""1011101111"": 1, ""1110001100"": 1, ""1110100010"": 1, ""1111100101"": 1}"
205,019e10ef-20b4-7fd2-8d11-60e50a59b02e,3,5,IZYIXYZIZX,XZIZYXIYZI,0.0009765624999999985,10,-0.9999999999999998,-0.8,0.19999999999999973,-0.0009765624999999983,-0.0007812499999999989,0.00019531249999999941,0.19999999999999973,0.00019531249999999941,"{""0000010000"": 1, ""0001001011"": 1, ""0001100000"": 1, ""0010110111"": 1, ""0011000100"": 1, ""0101011000"": 1, ""0101101000"": 1, ""1001111011"": 1, ""1011110111"": 1, ""1011111111"": 1}"
206,019e10ef-20b4-7fd2-8d11-60e50a59b02e,3,6,IZYIXYZZXZ,ZXZZYXIYZI,0.0009765624999999985,10,-0.9999999999999998,-0.8,0.19999999999999973,-0.0009765624999999983,-0.0007812499999999989,0.00019531249999999941,0.19999999999999973,0.00019531249999999941,"{""0000001111"": 1, ""0000111011"": 1, ""0001100101"": 1, ""0100011101"": 1, ""0101011101"": 1, ""1001111000"": 1, ""1011110011"": 1, ""1101000101"": 1, ""1110010101"": 1, ""1111001101"": 1}"
207,019e10ef-20b4-7fd2-8d11-60e50a59b02e,3,7,IZYIXYZZYY,YYZZYXIYZI,0.0009765624999999985,10,-0.9999999999999998,-0.8,0.19999999999999973,-0.0009765624999999983,-0.0007812499999999989,0.00019531249999999941,0.19999999999999973,0.00019531249999999941,"{""0010011101"": 1, ""0010011110"": 1, ""0011011101"": 1, ""0011101000"": 1, ""1000001010"": 1, ""1001001000"": 1, ""1100110000"": 1, ""1111001000"": 1, ""1111100000"": 1, ""1111100110"": 1}"
208,019e10ef-20b4-7fd2-8d11-60e50a59b02e,3,8,IZYIYIXIXZ,ZXIXIYIYZI,-0.0009765624999999985,10,0.9999999999999998,0.4,-0.5999999999999998,-0.0009765624999999983,-0.0003906249999999994,0.0005859374999999988,0.5999999999999998,0.0005859374999999988,"{""0011001110"": 1, ""0101001110"": 1, ""0110000000"": 1, ""1000110101"": 1, ""1000110110"": 1, ""1010001100"": 1, ""1011010110"": 1, ""1101010110"": 1, ""1110110110"": 1, ""1111111001"": 1}"
209,019e10ef-20b4-7fd2-8d11-60e50a59b02e,3,9,IZYIYIXIYY,YYIXIYIYZI,-0.0009765624999999985,10,0.9999999999999998,0.4,-0.5999999999999998,-0.0009765624999999983,-0.0003906249999999994,0.0005859374999999988,0.5999999999999998,0.0005859374999999988,"{""0000110110"": 1, ""0000111100"": 1, ""0100011000"": 1, ""1001001110"": 1, ""1010100011"": 1, ""1100000110"": 1, ""1100010100"": 1, ""1100011000"": 1, ""1101001101"": 1, ""1111001011"": 1}"
210,019e10ef-20b4-7fd2-8d11-60e50a59b02e,3,10,IZYIYIXZII,IIZXIYIYZI,-0.0009765624999999985,10,0.9999999999999998,0.2,-0.7999999999999998,-0.0009765624999999983,-0.0001953124999999997,0.0007812499999999985,0.7999999999999998,0.0007812499999999985,"{""0000000000"": 1, ""0001111000"": 1, ""0101001100"": 1, ""0101101101"": 1, ""0110000001"": 1, ""0111111110"": 1, ""1000110001"": 1, ""1001000010"": 1, ""1110001010"": 1, ""1111111000"": 1}"
211,019e10ef-20b4-7fd2-8d11-60e50a59b02e,3,11,IZYIYIXZZX,XZZXIYIYZI,-0.0009765624999999985,10,0.9999999999999998,0.4,-0.5999999999999998,-0.0009765624999999983,-0.0003906249999999994,0.0005859374999999988,0.5999999999999998,0.0005859374999999988,"{""0001001100"": 1, ""0011101111"": 1, ""0011111011"": 1, ""0101010100"": 1, ""1010010100"": 1, ""1011001111"": 1, ""1011101100"": 1, ""1110000011"": 1, ""1110001000"": 1, ""1110110100"": 1}"
212,019e10ef-20b4-7fd2-8d11-60e50a59b02e,3,12,IZYIYIYXXY,YXXYIYIYZI,-0.0009765624999999985,10,0.9999999999999998,0.6,-0.3999999999999998,-0.0009765624999999983,-0.0005859374999999991,0.00039062499999999915,0.3999999999999998,0.00039062499999999915,"{""0001001111"": 1, ""0101100101"": 1, ""0110000010"": 1, ""1001110100"": 1, ""1001111011"": 1, ""1010011110"": 1, ""1011100101"": 1, ""1100010111"": 1, ""1100100111"": 1, ""1101011110"": 1}"
213,019e10ef-20b4-7fd2-8d11-60e50a59b02e,3,13,IZYIYIYXYZ,ZYXYIYIYZI,0.0009765624999999985,10,-0.9999999999999998,-0.4,0.5999999999999998,-0.0009765624999999983,-0.0003906249999999994,0.0005859374999999988,0.5999999999999998,0.0005859374999999988,"{""0001001011"": 1, ""0100011001"": 1, ""0101000010"": 1, ""0101100001"": 1, ""0110100111"": 1, ""1010010000"": 1, ""1011011010"": 1, ""1101000111"": 1, ""1101101110"": 1, ""1111001000"": 1}"
214,019e10ef-20b4-7fd2-8d11-60e50a59b02e,3,14,IZYIYIYYIX,XIYYIYIYZI,-0.0009765624999999985,10,0.9999999999999998,0.4,-0.5999999999999998,-0.0009765624999999983,-0.0003906249999999994,0.0005859374999999988,0.5999999999999998,0.0005859374999999988,"{""0011100000"": 1, ""0100110100"": 1, ""0101010100"": 1, ""0101101100"": 1, ""1000111000"": 1, ""1001000111"": 1, ""1001101100"": 1, ""1011010010"": 1, ""1100100111"": 1, ""1111111111"": 1}"
215,019e10ef-20b4-7fd2-8d11-60e50a59b02e,3,15,IZYIYIYYZI,IZYYIYIYZI,-0.0009765624999999985,10,0.9999999999999998,0.4,-0.5999999999999998,-0.0009765624999999983,-0.0003906249999999994,0.0005859374999999988,0.5999999999999998,0.0005859374999999988,"{""0000110000"": 1, ""0001001010"": 1, ""0010011111"": 1, ""0010100000"": 1, ""1001000010"": 1, ""1010101100"": 1, ""1011011001"": 1, ""1101001010"": 1, ""1101101101"": 1, ""1111000111"": 1}"
216,019e10ef-20b4-7fd2-8d11-60e50a59b02e,3,16,IZYIYZIIII,IIIIZYIYZI,-0.0009765624999999985,10,0.9999999999999998,0.8,-0.19999999999999973,-0.0009765624999999983,-0.0007812499999999989,0.00019531249999999941,0.19999999999999973,0.00019531249999999941,"{""0000101100"": 1, ""0000111110"": 1, ""0001000101"": 1, ""0111110000"": 1, ""0111111010"": 1, ""1000110100"": 1, ""1011101110"": 1, ""1100100101"": 1, ""1100101101"": 1, ""1111110101"": 1}"
217,019e10ef-20b4-7fd2-8d11-60e50a59b02e,3,17,IZYIYZIIZX,XZIIZYIYZI,-0.0009765624999999985,10,0.9999999999999998,0.8,-0.19999999999999973,-0.0009765624999999983,-0.0007812499999999989,0.00019531249999999941,0.19999999999999973,0.00019531249999999941,"{""0100101011"": 1, ""0111000111"": 1, ""0111110000"": 1, ""1000001111"": 1, ""1010110000"": 1, ""1011011100"": 1, ""1011100000"": 1, ""1100100100"": 1, ""1110000100"": 1, ""1110110011"": 1}"
218,019e10ef-20b4-7fd2-8d11-60e50a59b02e,3,18,IZYIYZIZXZ,ZXZIZYIYZI,-0.0009765624999999985,10,0.9999999999999998,0.4,-0.5999999999999998,-0.0009765624999999983,-0.0003906249999999994,0.0005859374999999988,0.5999999999999998,0.0005859374999999988,"{""0000001110"": 1, ""0011001011"": 1, ""0011010110"": 1, ""0100011110"": 1, ""0110001000"": 1, ""0110110101"": 1, ""1001100101"": 1, ""1001111010"": 1, ""1010011011"": 1, ""1100101000"": 1}"
219,019e10ef-20b4-7fd2-8d11-60e50a59b02e,3,19,IZYIYZIZYY,YYZIZYIYZI,-0.0009765624999999985,10,0.9999999999999998,0.8,-0.19999999999999973,-0.0009765624999999983,-0.0007812499999999989,0.00019531249999999941,0.19999999999999973,0.00019531249999999941,"{""0010101011"": 1, ""0110110011"": 1, ""0111000011"": 1, ""0111001101"": 1, ""0111110000"": 1, ""1001110101"": 1, ""1010101011"": 1, ""1010101110"": 1, ""1101011011"": 1, ""1111100110"": 1}"
220,019e10ef-20b4-7fd2-8d11-60e50a59b02e,3,20,IZYIYZZXIX,XIXZZYIYZI,-0.0009765624999999985,10,0.9999999999999998,0.6,-0.3999999999999998,-0.0009765624999999983,-0.0005859374999999991,0.00039062499999999915,0.3999999999999998,0.00039062499999999915,"{""0001000000"": 1, ""0010000000"": 1, ""0100101100"": 1, ""0111110111"": 1, ""1001110110"": 1, ""1001110111"": 1, ""1100101100"": 1, ""1110000000"": 1, ""1111000000"": 1, ""1111111011"": 1}"
221,019e10ef-20b4-7fd2-8d11-60e50a59b02e,3,21,IZYIYZZXZI,IZXZZYIYZI,-0.0009765624999999985,10,0.9999999999999998,1.0,2.220446049250313e-16,-0.0009765624999999983,-0.0009765624999999985,-2.168404344971009e-19,2.220446049250313e-16,2.168404344971009e-19,"{""0000110001"": 1, ""0010011010"": 1, ""0100100110"": 1, ""0101010110"": 1, ""1000111100"": 1, ""1001110111"": 1, ""1010010111"": 1, ""1110110001"": 1, ""1111000000"": 1, ""1111110000"": 1}"
222,019e10ef-20b4-7fd2-8d11-60e50a59b02e,3,22,IZYIYZZYXY,YXYZZYIYZI,0.0009765624999999985,10,-0.9999999999999998,-0.8,0.19999999999999973,-0.0009765624999999983,-0.0007812499999999989,0.00019531249999999941,0.19999999999999973,0.00019531249999999941,"{""0000001101"": 1, ""0001110010"": 1, ""0010011011"": 1, ""0011101110"": 1, ""0101101110"": 1, ""0110000100"": 1, ""1001110010"": 1, ""1010000001"": 1, ""1011101011"": 1, ""1100011101"": 1}"
223,019e10ef-20b4-7fd2-8d11-60e50a59b02e,3,23,IZYIYZZYYZ,ZYYZZYIYZI,-0.0009765624999999985,10,0.9999999999999998,0.8,-0.19999999999999973,-0.0009765624999999983,-0.0007812499999999989,0.00019531249999999941,0.19999999999999973,0.00019531249999999941,"{""0000111010"": 1, ""0001001100"": 1, ""0010101010"": 1, ""0011101011"": 1, ""0011101100"": 1, ""1010100000"": 1, ""1010100011"": 1, ""1011100101"": 1, ""1100010110"": 1, ""1101010011"": 1}"
224,019e10ef-20b4-7fd2-8d11-60e50a59b02e,3,24,IZZXXIXIXZ,ZXIXIXXZZI,-0.0009765624999999985,10,0.9999999999999998,0.8,-0.19999999999999973,-0.0009765624999999983,-0.0007812499999999989,0.00019531249999999941,0.19999999999999973,0.00019531249999999941,"{""0010010110"": 1, ""0111010101"": 3, ""0111010110"": 1, ""0111010111"": 1, ""1010010101"": 2, ""1010011000"": 1, ""1101001010"": 1}"
225,019e10ef-20b4-7fd2-8d11-60e50a59b02e,3,25,IZZXXIXIYY,YYIXIXXZZI,-0.0009765624999999985,10,0.9999999999999998,0.2,-0.7999999999999998,-0.0009765624999999983,-0.0001953124999999997,0.0007812499999999985,0.7999999999999998,0.0007812499999999985,"{""0000001100"": 1, ""1010010110"": 2, ""1011011000"": 1, ""1101011011"": 1, ""1110000000"": 1, ""1111001011"": 1, ""1111011011"": 1, ""1111011110"": 1, ""1111101101"": 1}"
226,019e10ef-20b4-7fd2-8d11-60e50a59b02e,3,26,IZZXXIXZII,IIZXIXXZZI,-0.0009765624999999985,10,0.9999999999999998,1.0,2.220446049250313e-16,-0.0009765624999999983,-0.0009765624999999985,-2.168404344971009e-19,2.220446049250313e-16,2.168404344971009e-19,"{""0000001110"": 1, ""0000110101"": 1, ""0010100011"": 1, ""0111010101"": 1, ""0111101101"": 1, ""1000000000"": 1, ""1000111011"": 1, ""1010100001"": 1, ""1010111111"": 1, ""1111101111"": 1}"
227,019e10ef-20b4-7fd2-8d11-60e50a59b02e,3,27,IZZXXIXZZX,XZZXIXXZZI,-0.0009765624999999985,10,0.9999999999999998,1.0,2.220446049250313e-16,-0.0009765624999999983,-0.0009765624999999985,-2.168404344971009e-19,2.220446049250313e-16,2.168404344971009e-19,"{""0000111011"": 1, ""0101110111"": 1, ""0101111011"": 1, ""0111101100"": 2, ""0111101111"": 1, ""1000001100"": 1, ""1101110111"": 1, ""1101111000"": 1, ""1101111011"": 1}"
228,019e10ef-20b4-7fd2-8d11-60e50a59b02e,3,28,IZZXXIYXXY,YXXYIXXZZI,-0.0009765624999999985,10,0.9999999999999998,0.6,-0.3999999999999998,-0.0009765624999999983,-0.0005859374999999991,0.00039062499999999915,0.3999999999999998,0.00039062499999999915,"{""0000000000"": 1, ""0000001100"": 1, ""0010011110"": 1, ""0010100010"": 1, ""0101001111"": 1, ""0111101001"": 1, ""1010011000"": 1, ""1010100110"": 1, ""1101111000"": 1, ""1111010101"": 1}"
229,019e10ef-20b4-7fd2-8d11-60e50a59b02e,3,29,IZZXXIYXYZ,ZYXYIXXZZI,0.0009765624999999985,10,-0.9999999999999998,0.2,1.1999999999999997,-0.0009765624999999983,0.0001953124999999997,0.001171874999999998,1.1999999999999997,0.001171874999999998,"{""0000000000"": 1, ""0000011001"": 1, ""0000111001"": 1, ""0101011001"": 1, ""0111000111"": 1, ""0111100010"": 1, ""1000010000"": 1, ""1101110011"": 1, ""1111100000"": 1, ""1111100111"": 1}"
230,019e10ef-20b4-7fd2-8d11-60e50a59b02e,3,30,IZZXXIYYIX,XIYYIXXZZI,-0.0009765624999999985,10,0.9999999999999998,1.0,2.220446049250313e-16,-0.0009765624999999983,-0.0009765624999999985,-2.168404344971009e-19,2.220446049250313e-16,2.168404344971009e-19,"{""0000111111"": 1, ""0101001100"": 1, ""0101110011"": 1, ""0101111111"": 1, ""0111011000"": 1, ""0111011111"": 1, ""1000000111"": 1, ""1000110100"": 1, ""1101001011"": 1, ""1111010100"": 1}"
231,019e10ef-20b4-7fd2-8d11-60e50a59b02e,3,31,IZZXXIYYZI,IZYYIXXZZI,-0.0009765624999999985,10,0.9999999999999998,0.8,-0.19999999999999973,-0.0009765624999999983,-0.0007812499999999989,0.00019531249999999941,0.19999999999999973,0.00019531249999999941,"{""0000111111"": 1, ""0010011001"": 1, ""0010011101"": 1, ""0101001011"": 1, ""0101001101"": 1, ""0101110011"": 1, ""0111101100"": 1, ""1000001011"": 1, ""1010011000"": 1, ""1111100001"": 1}"
232,019e10ef-20b4-7fd2-8d11-60e50a59b02e,3,32,IZZXXZIIII,IIIIZXXZZI,-0.0009765624999999985,10,0.9999999999999998,0.8,-0.19999999999999973,-0.0009765624999999983,-0.0007812499999999989,0.00019531249999999941,0.19999999999999973,0.00019531249999999941,"{""0000110001"": 1, ""0000111100"": 1, ""0101111110"": 1, ""1000110010"": 1, ""1010100000"": 1, ""1010101011"": 1, ""1101000100"": 1, ""1101001000"": 1, ""1101100100"": 1, ""1111010010"": 1}"
233,019e10ef-20b4-7fd2-8d11-60e50a59b02e,3,33,IZZXXZIIZX,XZIIZXXZZI,-0.0009765624999999985,10,0.9999999999999998,0.6,-0.3999999999999998,-0.0009765624999999983,-0.0005859374999999991,0.00039062499999999915,0.3999999999999998,0.00039062499999999915,"{""0000111100"": 1, ""0000111111"": 1, ""0010101100"": 1, ""0101000011"": 1, ""0101001100"": 1, ""0101111000"": 1, ""1000001011"": 1, ""1001000111"": 1, ""1010000100"": 1, ""1101111100"": 1}"
234,019e10ef-20b4-7fd2-8d11-60e50a59b02e,3,34,IZZXXZIZXZ,ZXZIZXXZZI,-0.0009765624999999985,10,0.9999999999999998,0.8,-0.19999999999999973,-0.0009765624999999983,-0.0007812499999999989,0.00019531249999999941,0.19999999999999973,0.00019531249999999941,"{""0000111011"": 1, ""0000111101"": 1, ""0101001101"": 1, ""0111100101"": 1, ""1000001000"": 1, ""1000111101"": 1, ""1010010000"": 1, ""1010111011"": 1, ""1110011001"": 1, ""1111100011"": 1}"
235,019e10ef-20b4-7fd2-8d11-60e50a59b02e,3,35,IZZXXZIZYY,YYZIZXXZZI,-0.0009765624999999985,10,0.9999999999999998,0.4,-0.5999999999999998,-0.0009765624999999983,-0.0003906249999999994,0.0005859374999999988,0.5999999999999998,0.0005859374999999988,"{""0111010110"": 1, ""0111100110"": 1, ""1000000000"": 1, ""1010100000"": 1, ""1101001000"": 1, ""1101100011"": 1, ""1101111000"": 1, ""1111000011"": 1, ""1111011000"": 1, ""1111111101"": 1}"
236,019e10ef-20b4-7fd2-8d11-60e50a59b02e,3,36,IZZXXZZXIX,XIXZZXXZZI,-0.0009765624999999985,10,0.9999999999999998,0.8,-0.19999999999999973,-0.0009765624999999983,-0.0007812499999999989,0.00019531249999999941,0.19999999999999973,0.00019531249999999941,"{""0000000000"": 1, ""0000110111"": 1, ""0010010111"": 1, ""0010100000"": 1, ""0010101100"": 1, ""0011001100"": 1, ""0101101011"": 1, ""0101110000"": 1, ""1010010000"": 1, ""1111100111"": 1}"
237,019e10ef-20b4-7fd2-8d11-60e50a59b02e,3,37,IZZXXZZXZI,IZXZZXXZZI,-0.0009765624999999985,10,0.9999999999999998,0.8,-0.19999999999999973,-0.0009765624999999983,-0.0007812499999999989,0.00019531249999999941,0.19999999999999973,0.00019531249999999941,"{""0000101101"": 1, ""0010010000"": 1, ""0010011011"": 1, ""0111011010"": 1, ""1000001101"": 1, ""1000110111"": 1, ""1010101010"": 1, ""1010101011"": 1, ""1111011011"": 1, ""1111101010"": 1}"
238,019e10ef-20b4-7fd2-8d11-60e50a59b02e,3,38,IZZXXZZYXY,YXYZZXXZZI,0.0009765624999999985,10,-0.9999999999999998,-0.4,0.5999999999999998,-0.0009765624999999983,-0.0003906249999999994,0.0005859374999999988,0.5999999999999998,0.0005859374999999988,"{""0010100100"": 1, ""0010101100"": 1, ""0010101110"": 1, ""0101001000"": 1, ""0101011000"": 1, ""0111010111"": 1, ""0111100110"": 1, ""1111010001"": 1, ""1111010010"": 1, ""1111011101"": 1}"
239,019e10ef-20b4-7fd2-8d11-60e50a59b02e,3,39,IZZXXZZYYZ,ZYYZZXXZZI,-0.0009765624999999985,10,0.9999999999999998,0.4,-0.5999999999999998,-0.0009765624999999983,-0.0003906249999999994,0.0005859374999999988,0.5999999999999998,0.0005859374999999988,"{""0000011010"": 1, ""0010101100"": 1, ""0101110110"": 1, ""1000000110"": 1, ""1010011111"": 1, ""1010100110"": 1, ""1101000010"": 1, ""1101111111"": 1, ""1111011010"": 1, ""1111111010"": 1}"
240,019e10ef-20b4-7fd2-8d11-60e50a59b02e,3,40,IZZXYXXXXY,YXXXXYXZZI,-0.0009765624999999985,10,0.9999999999999998,0.6,-0.3999999999999998,-0.0009765624999999983,-0.0005859374999999991,0.00039062499999999915,0.3999999999999998,0.00039062499999999915,"{""0000101110"": 1, ""0000111111"": 1, ""0010000111"": 1, ""0101001011"": 1, ""0111000001"": 1, ""0111001000"": 1, ""0111101010"": 1, ""1010000010"": 1, ""1010010111"": 1, ""1101011101"": 1}"
241,019e10ef-20b4-7fd2-8d11-60e50a59b02e,3,41,IZZXYXXXYZ,ZYXXXYXZZI,0.0009765624999999985,10,-0.9999999999999998,-0.6,0.3999999999999998,-0.0009765624999999983,-0.0005859374999999991,0.00039062499999999915,0.3999999999999998,0.00039062499999999915,"{""0000001010"": 1, ""0111000110"": 1, ""0111110000"": 1, ""1000001000"": 1, ""1000010110"": 1, ""1000101011"": 1, ""1010111111"": 1, ""1111001001"": 1, ""1111011011"": 1, ""1111100010"": 1}"
242,019e10ef-20b4-7fd2-8d11-60e50a59b02e,3,42,IZZXYXXYIX,XIYXXYXZZI,-0.0009765624999999985,10,0.9999999999999998,0.6,-0.3999999999999998,-0.0009765624999999983,-0.0005859374999999991,0.00039062499999999915,0.3999999999999998,0.00039062499999999915,"{""0000011000"": 1, ""0010000100"": 2, ""0101011111"": 1, ""1000001011"": 1, ""1000110111"": 1, ""1010001011"": 1, ""1010100011"": 1, ""1101111100"": 1, ""1111110011"": 1}"
243,019e10ef-20b4-7fd2-8d11-60e50a59b02e,3,43,IZZXYXXYZI,IZYXXYXZZI,-0.0009765624999999985,10,0.9999999999999998,0.6,-0.3999999999999998,-0.0009765624999999983,-0.0005859374999999991,0.00039062499999999915,0.3999999999999998,0.00039062499999999915,"{""0000001111"": 1, ""0000101011"": 1, ""0010010001"": 1, ""0111011010"": 1, ""0111111110"": 1, ""1000011111"": 2, ""1101001101"": 1, ""1111000010"": 1, ""1111101011"": 1}"
244,019e10ef-20b4-7fd2-8d11-60e50a59b02e,3,44,IZZXYXYIXZ,ZXIYXYXZZI,0.0009765624999999985,10,-0.9999999999999998,-0.4,0.5999999999999998,-0.0009765624999999983,-0.0003906249999999994,0.0005859374999999988,0.5999999999999998,0.0005859374999999988,"{""0010001100"": 1, ""0010010101"": 1, ""0011101001"": 1, ""0101101101"": 1, ""1000011101"": 2, ""1000101110"": 1, ""1010000101"": 1, ""1101001110"": 1, ""1101100011"": 1}"
245,019e10ef-20b4-7fd2-8d11-60e50a59b02e,3,45,IZZXYXYIYY,YYIYXYXZZI,0.0009765624999999985,10,-0.9999999999999998,-0.4,0.5999999999999998,-0.0009765624999999983,-0.0003906249999999994,0.0005859374999999988,0.5999999999999998,0.0005859374999999988,"{""0000101011"": 1, ""0010100101"": 1, ""0010110011"": 1, ""0101111000"": 1, ""1000011100"": 1, ""1010001101"": 1, ""1010101000"": 1, ""1101111011"": 1, ""1111010101"": 1, ""1111010111"": 1}"
246,019e10ef-20b4-7fd2-8d11-60e50a59b02e,3,46,IZZXYXYZII,IIZYXYXZZI,0.0009765624999999985,10,-0.9999999999999998,-0.6,0.3999999999999998,-0.0009765624999999983,-0.0005859374999999991,0.00039062499999999915,0.3999999999999998,0.00039062499999999915,"{""0000010001"": 1, ""0111100101"": 1, ""1000000111"": 1, ""1000010111"": 1, ""1010010111"": 1, ""1011110000"": 1, ""1111000000"": 1, ""1111010100"": 1, ""1111110010"": 1, ""1111111100"": 1}"
247,019e10ef-20b4-7fd2-8d11-60e50a59b02e,3,47,IZZXYXYZZX,XZZYXYXZZI,0.0009765624999999985,10,-0.9999999999999998,-0.4,0.5999999999999998,-0.0009765624999999983,-0.0003906249999999994,0.0005859374999999988,0.5999999999999998,0.0005859374999999988,"{""0010010111"": 1, ""0101110100"": 1, ""0111000000"": 1, ""0111010100"": 1, ""0111101100"": 1, ""1010000011"": 1, ""1101000000"": 1, ""1111011011"": 1, ""1111110111"": 1, ""1111111111"": 1}"
248,019e10ef-20b4-7fd2-8d11-60e50a59b02e,3,48,IZZXYYIXIX,XIXIYYXZZI,-0.0009765624999999985,10,0.9999999999999998,0.8,-0.19999999999999973,-0.0009765624999999983,-0.0007812499999999989,0.00019531249999999941,0.19999999999999973,0.00019531249999999941,"{""0000101100"": 1, ""0010010111"": 3, ""0010100111"": 1, ""0101001100"": 1, ""0101011011"": 1, ""0111100111"": 1, ""1000011011"": 1, ""1111001100"": 1}"
249,019e10ef-20b4-7fd2-8d11-60e50a59b02e,3,49,IZZXYYIXZI,IZXIYYXZZI,-0.0009765624999999985,10,0.9999999999999998,1.0,2.220446049250313e-16,-0.0009765624999999983,-0.0009765624999999985,-2.168404344971009e-19,2.220446049250313e-16,2.168404344971009e-19,"{""0000000001"": 2, ""0000110000"": 1, ""0010001100"": 1, ""0010111100"": 1, ""0101110111"": 1, ""1000011100"": 1, ""1000101101"": 1, ""1010001100"": 1, ""1101011010"": 1}"
250,019e10ef-20b4-7fd2-8d11-60e50a59b02e,3,50,IZZXYYIYXY,YXYIYYXZZI,0.0009765624999999985,10,-0.9999999999999998,-0.4,0.5999999999999998,-0.0009765624999999983,-0.0003906249999999994,0.0005859374999999988,0.5999999999999998,0.0005859374999999988,"{""0000100010"": 1, ""0010010111"": 1, ""0010110100"": 1, ""0011010010"": 1, ""0101011000"": 1, ""0101011011"": 1, ""0101110010"": 1, ""1101011101"": 1, ""1101110010"": 1, ""1111111101"": 1}"
251,019e10ef-20b4-7fd2-8d11-60e50a59b02e,3,51,IZZXYYIYYZ,ZYYIYYXZZI,-0.0009765624999999985,10,0.9999999999999998,0.6,-0.3999999999999998,-0.0009765624999999983,-0.0005859374999999991,0.00039062499999999915,0.3999999999999998,0.00039062499999999915,"{""0010001001"": 1, ""0010010100"": 1, ""0010111111"": 1, ""0101000000"": 1, ""0101010010"": 1, ""0111001010"": 1, ""0111001111"": 1, ""0111100011"": 1, ""0111110101"": 1, ""1010100011"": 1}"
252,019e10ef-20b4-7fd2-8d11-60e50a59b02e,3,52,IZZXYYZIII,IIIZYYXZZI,-0.0009765624999999985,10,0.9999999999999998,0.6,-0.3999999999999998,-0.0009765624999999983,-0.0005859374999999991,0.00039062499999999915,0.3999999999999998,0.00039062499999999915,"{""0000101101"": 1, ""0000101111"": 1, ""0101101000"": 1, ""0111111011"": 1, ""1010001011"": 1, ""1010011000"": 1, ""1010111000"": 1, ""1111100001"": 1, ""1111101011"": 1, ""1111111100"": 1}"
253,019e10ef-20b4-7fd2-8d11-60e50a59b02e,3,53,IZZXYYZIZX,XZIZYYXZZI,-0.0009765624999999985,10,0.9999999999999998,0.4,-0.5999999999999998,-0.0009765624999999983,-0.0003906249999999994,0.0005859374999999988,0.5999999999999998,0.0005859374999999988,"{""0000000011"": 1, ""0000101000"": 1, ""0000110111"": 1, ""0010100011"": 1, ""0011100000"": 1, ""0101110101"": 1, ""0111110011"": 1, ""1000110100"": 1, ""1101000111"": 1, ""1101101011"": 1}"
254,019e10ef-20b4-7fd2-8d11-60e50a59b02e,3,54,IZZXYYZZXZ,ZXZZYYXZZI,-0.0009765624999999985,10,0.9999999999999998,0.6,-0.3999999999999998,-0.0009765624999999983,-0.0005859374999999991,0.00039062499999999915,0.3999999999999998,0.00039062499999999915,"{""0000101010"": 1, ""0101101101"": 1, ""0101110110"": 1, ""0111001101"": 1, ""0111100101"": 1, ""1000011111"": 1, ""1010100101"": 1, ""1101110011"": 1, ""1111010110"": 1, ""1111100110"": 1}"
255,019e10ef-20b4-7fd2-8d11-60e50a59b02e,3,55,IZZXYYZZYY,YYZZYYXZZI,-0.0009765624999999985,10,0.9999999999999998,0.4,-0.5999999999999998,-0.0009765624999999983,-0.0003906249999999994,0.0005859374999999988,0.5999999999999998,0.0005859374999999988,"{""0000000011"": 1, ""0000101000"": 1, ""0101011101"": 1, ""0111001000"": 1, ""1000000000"": 1, ""1000111011"": 1, ""1010111010"": 1, ""1010111101"": 1, ""1101011000"": 1, ""1111111010"": 1}"
256,019e10ef-20b4-7fd2-8d11-60e50a59b02e,3,56,XIIXIIIIII,IIIIIIXIIX,-0.0009765624999999985,10,0.9999999999999998,1.0,2.220446049250313e-16,-0.0009765624999999983,-0.0009765624999999985,-2.168404344971009e-19,2.220446049250313e-16,2.168404344971009e-19,"{""0000010010"": 1, ""0000010100"": 1, ""0000011010"": 1, ""0000101010"": 1, ""0000111000"": 1, ""0010111101"": 1, ""1101011001"": 1, ""1101100011"": 1, ""1101111011"": 1, ""1111001111"": 1}"
257,019e10ef-20b4-7fd2-8d11-60e50a59b02e,3,57,XIIXIIIIZX,XZIIIIXIIX,-0.0009765624999999985,10,0.9999999999999998,0.8,-0.19999999999999973,-0.0009765624999999983,-0.0007812499999999989,0.00019531249999999941,0.19999999999999973,0.00019531249999999941,"{""0000000000"": 1, ""0000100111"": 1, ""0000110100"": 1, ""0000111011"": 1, ""0000111111"": 1, ""0010000000"": 1, ""1100110111"": 1, ""1101000100"": 1, ""1101011111"": 1, ""1111111100"": 1}"
258,019e10ef-20b4-7fd2-8d11-60e50a59b02e,3,58,XIIXIIIZXZ,ZXZIIIXIIX,-0.0009765624999999985,10,0.9999999999999998,0.6,-0.3999999999999998,-0.0009765624999999983,-0.0005859374999999991,0.00039062499999999915,0.3999999999999998,0.00039062499999999915,"{""0000111101"": 1, ""0010001011"": 1, ""1101001011"": 1, ""1101010110"": 1, ""1101011100"": 1, ""1101110011"": 1, ""1101110110"": 1, ""1101111110"": 1, ""1111110001"": 1, ""1111111101"": 1}"
259,019e10ef-20b4-7fd2-8d11-60e50a59b02e,3,59,XIIXIIIZYY,YYZIIIXIIX,-0.0009765624999999985,10,0.9999999999999998,0.4,-0.5999999999999998,-0.0009765624999999983,-0.0003906249999999994,0.0005859374999999988,0.5999999999999998,0.0005859374999999988,"{""0000010101"": 1, ""0000110100"": 1, ""0010001001"": 1, ""0010110011"": 1, ""1101100110"": 1, ""1101101110"": 1, ""1101111101"": 1, ""1111001110"": 1, ""1111110110"": 1, ""1111111001"": 1}"
260,019e10ef-20b4-7fd2-8d11-60e50a59b02e,3,60,XIIXIIZXIX,XIXZIIXIIX,-0.0009765624999999985,10,0.9999999999999998,0.2,-0.7999999999999998,-0.0009765624999999983,-0.0001953124999999997,0.0007812499999999985,0.7999999999999998,0.0007812499999999985,"{""0000001011"": 1, ""0000100001"": 1, ""0000100111"": 1, ""0010000110"": 1, ""0010100111"": 1, ""1101000011"": 1, ""1101010111"": 1, ""1101101011"": 1, ""1110111011"": 1, ""1111110000"": 1}"
261,019e10ef-20b4-7fd2-8d11-60e50a59b02e,3,61,XIIXIIZXZI,IZXZIIXIIX,-0.0009765624999999985,10,0.9999999999999998,0.8,-0.19999999999999973,-0.0009765624999999983,-0.0007812499999999989,0.00019531249999999941,0.19999999999999973,0.00019531249999999941,"{""0000011010"": 1, ""0000011011"": 1, ""0000100001"": 1, ""0000101101"": 1, ""0001110000"": 1, ""1101110000"": 1, ""1101110001"": 1, ""1111101010"": 2, ""1111110111"": 1}"
262,019e10ef-20b4-7fd2-8d11-60e50a59b02e,3,62,XIIXIIZYXY,YXYZIIXIIX,0.0009765624999999985,10,-0.9999999999999998,-1.0,-2.220446049250313e-16,-0.0009765624999999983,-0.0009765624999999985,-2.168404344971009e-19,2.220446049250313e-16,2.168404344971009e-19,"{""0000001110"": 1, ""0000011101"": 1, ""0010100001"": 1, ""0010101000"": 1, ""1101001110"": 1, ""1101010111"": 1, ""1101111101"": 1, ""1111010010"": 1, ""1111101011"": 1, ""1111101101"": 1}"
263,019e10ef-20b4-7fd2-8d11-60e50a59b02e,3,63,XIIXIIZYYZ,ZYYZIIXIIX,-0.0009765624999999985,10,0.9999999999999998,0.8,-0.19999999999999973,-0.0009765624999999983,-0.0007812499999999989,0.00019531249999999941,0.19999999999999973,0.00019531249999999941,"{""0000100000"": 1, ""0000101001"": 1, ""0010011111"": 1, ""0010100000"": 1, ""1101000110"": 1, ""1101001101"": 1, ""1101101001"": 1, ""1111001010"": 1, ""1111011010"": 1, ""1111011100"": 1}"
264,019e10ef-20b4-7fd2-8d11-60e50a59b02e,3,64,XIIXIZXIXZ,ZXIXZIXIIX,-0.0009765624999999985,10,0.9999999999999998,0.6,-0.3999999999999998,-0.0009765624999999983,-0.0005859374999999991,0.00039062499999999915,0.3999999999999998,0.00039062499999999915,"{""0010000000"": 1, ""0010000011"": 2, ""0010001110"": 1, ""0010011010"": 1, ""0010111000"": 1, ""1010011011"": 1, ""1101001110"": 1, ""1111010101"": 1, ""1111011011"": 1}"
265,019e10ef-20b4-7fd2-8d11-60e50a59b02e,3,65,XIIXIZXIYY,YYIXZIXIIX,-0.0009765624999999985,10,0.9999999999999998,0.6,-0.3999999999999998,-0.0009765624999999983,-0.0005859374999999991,0.00039062499999999915,0.3999999999999998,0.00039062499999999915,"{""0000000100"": 1, ""0000110110"": 1, ""0010100000"": 1, ""1101000011"": 1, ""1111000000"": 1, ""1111100010"": 1, ""1111101101"": 2, ""1111111000"": 1, ""1111111010"": 1}"
266,019e10ef-20b4-7fd2-8d11-60e50a59b02e,3,66,XIIXIZXZII,IIZXZIXIIX,-0.0009765624999999985,10,0.9999999999999998,0.8,-0.19999999999999973,-0.0009765624999999983,-0.0007812499999999989,0.00019531249999999941,0.19999999999999973,0.00019531249999999941,"{""0000001110"": 1, ""0000101111"": 1, ""0000110101"": 1, ""0010011011"": 2, ""0010101110"": 1, ""1010011011"": 1, ""1111100001"": 1, ""1111101101"": 1, ""1111111000"": 1}"
267,019e10ef-20b4-7fd2-8d11-60e50a59b02e,3,67,XIIXIZXZZX,XZZXZIXIIX,-0.0009765624999999985,10,0.9999999999999998,1.0,2.220446049250313e-16,-0.0009765624999999983,-0.0009765624999999985,-2.168404344971009e-19,2.220446049250313e-16,2.168404344971009e-19,"{""0000011011"": 1, ""0001111100"": 1, ""0010001111"": 1, ""0010011000"": 2, ""1101010100"": 1, ""1101101111"": 1, ""1111101100"": 1, ""1111110111"": 1, ""1111111011"": 1}"
268,019e10ef-20b4-7fd2-8d11-60e50a59b02e,3,68,XIIXIZYXXY,YXXYZIXIIX,-0.0009765624999999985,10,0.9999999999999998,0.8,-0.19999999999999973,-0.0009765624999999983,-0.0007812499999999989,0.00019531249999999941,0.19999999999999973,0.00019531249999999941,"{""0010001000"": 1, ""0010010111"": 1, ""0010011101"": 1, ""0010100101"": 1, ""1101000000"": 1, ""1111000110"": 2, ""1111001111"": 1, ""1111010111"": 1, ""1111101100"": 1}"
269,019e10ef-20b4-7fd2-8d11-60e50a59b02e,3,69,XIIXIZYXYZ,ZYXYZIXIIX,0.0009765624999999985,10,-0.9999999999999998,-0.8,0.19999999999999973,-0.0009765624999999983,-0.0007812499999999989,0.00019531249999999941,0.19999999999999973,0.00019531249999999941,"{""0000011001"": 1, ""0000101011"": 1, ""0010000100"": 1, ""0010010110"": 1, ""0010100001"": 1, ""0010100100"": 1, ""0010111010"": 1, ""0011000110"": 1, ""1110010101"": 1, ""1111101110"": 1}"
270,019e10ef-20b4-7fd2-8d11-60e50a59b02e,3,70,XIIXIZYYIX,XIYYZIXIIX,-0.0009765624999999985,10,0.9999999999999998,0.8,-0.19999999999999973,-0.0009765624999999983,-0.0007812499999999989,0.00019531249999999941,0.19999999999999973,0.00019531249999999941,"{""0000000111"": 1, ""0000001100"": 1, ""0010101011"": 1, ""0010111111"": 1, ""0011011000"": 1, ""1101100111"": 1, ""1101101100"": 1, ""1101111111"": 2, ""1111101100"": 1}"
271,019e10ef-20b4-7fd2-8d11-60e50a59b02e,3,71,XIIXIZYYZI,IZYYZIXIIX,-0.0009765624999999985,10,0.9999999999999998,0.6,-0.3999999999999998,-0.0009765624999999983,-0.0005859374999999991,0.00039062499999999915,0.3999999999999998,0.00039062499999999915,"{""0000100101"": 1, ""0010011001"": 1, ""0010100001"": 1, ""0010101011"": 1, ""0010110000"": 1, ""1101101100"": 1, ""1111000000"": 1, ""1111110100"": 3}"
272,019e10ef-20b4-7fd2-8d11-60e50a59b02e,3,72,XIIXZXIXIX,XIXIXZXIIX,-0.0009765624999999985,10,0.9999999999999998,0.0,-0.9999999999999998,-0.0009765624999999983,-0.0,0.0009765624999999983,0.9999999999999998,0.0009765624999999983,"{""0010000111"": 1, ""0010110100"": 1, ""0010111100"": 1, ""0101000000"": 1, ""1000101011"": 1, ""1101011011"": 2, ""1111011011"": 1, ""1111100000"": 1, ""1111101100"": 1}"
273,019e10ef-20b4-7fd2-8d11-60e50a59b02e,3,73,XIIXZXIXZI,IZXIXZXIIX,-0.0009765624999999985,10,0.9999999999999998,1.0,2.220446049250313e-16,-0.0009765624999999983,-0.0009765624999999985,-2.168404344971009e-19,2.220446049250313e-16,2.168404344971009e-19,"{""0000011101"": 1, ""0000110110"": 1, ""0010011100"": 1, ""0010110000"": 1, ""1101000110"": 1, ""1101110000"": 1, ""1101110110"": 1, ""1111011011"": 1, ""1111011100"": 1, ""1111110001"": 1}"
274,019e10ef-20b4-7fd2-8d11-60e50a59b02e,3,74,XIIXZXIYXY,YXYIXZXIIX,0.0009765624999999985,10,-0.9999999999999998,-0.6,0.3999999999999998,-0.0009765624999999983,-0.0005859374999999991,0.00039062499999999915,0.3999999999999998,0.00039062499999999915,"{""0000000111"": 1, ""0000011010"": 1, ""0000110001"": 1, ""0010101101"": 1, ""0101010100"": 1, ""1101000111"": 1, ""1101011110"": 1, ""1101110100"": 1, ""1111000100"": 1, ""1111101100"": 1}"
275,019e10ef-20b4-7fd2-8d11-60e50a59b02e,3,75,XIIXZXIYYZ,ZYYIXZXIIX,-0.0009765624999999985,10,0.9999999999999998,0.8,-0.19999999999999973,-0.0009765624999999983,-0.0007812499999999989,0.00019531249999999941,0.19999999999999973,0.00019531249999999941,"{""0000110011"": 1, ""0010011001"": 1, ""0010101010"": 1, ""1101011010"": 1, ""1101011100"": 1, ""1101110110"": 1, ""1111011010"": 1, ""1111011011"": 1, ""1111011100"": 1, ""1111101010"": 1}"
276,019e10ef-20b4-7fd2-8d11-60e50a59b02e,3,76,XIIXZXZIII,IIIZXZXIIX,-0.0009765624999999985,10,0.9999999999999998,0.6,-0.3999999999999998,-0.0009765624999999983,-0.0005859374999999991,0.00039062499999999915,0.3999999999999998,0.00039062499999999915,"{""0000011001"": 1, ""0000101110"": 1, ""0001011101"": 1, ""0010000000"": 1, ""0010000101"": 1, ""0010110010"": 1, ""1100000101"": 1, ""1101101011"": 1, ""1101101100"": 1, ""1101110101"": 1}"
277,019e10ef-20b4-7fd2-8d11-60e50a59b02e,3,77,XIIXZXZIZX,XZIZXZXIIX,-0.0009765624999999985,10,0.9999999999999998,0.4,-0.5999999999999998,-0.0009765624999999983,-0.0003906249999999994,0.0005859374999999988,0.5999999999999998,0.0005859374999999988,"{""0000001100"": 1, ""0000110011"": 1, ""0000111111"": 1, ""0010000111"": 1, ""0010011100"": 1, ""0010101000"": 1, ""0010101011"": 1, ""0010110011"": 1, ""0011011000"": 1, ""1111011111"": 1}"
278,019e10ef-20b4-7fd2-8d11-60e50a59b02e,3,78,XIIXZXZZXZ,ZXZZXZXIIX,-0.0009765624999999985,10,0.9999999999999998,0.6,-0.3999999999999998,-0.0009765624999999983,-0.0005859374999999991,0.00039062499999999915,0.3999999999999998,0.00039062499999999915,"{""0000000000"": 1, ""0000011000"": 1, ""0000110110"": 1, ""0010001110"": 1, ""0010110000"": 1, ""1101110000"": 1, ""1110110000"": 1, ""1111000000"": 1, ""1111110000"": 1, ""1111110011"": 1}"
279,019e10ef-20b4-7fd2-8d11-60e50a59b02e,3,79,XIIXZXZZYY,YYZZXZXIIX,-0.0009765624999999985,10,0.9999999999999998,0.8,-0.19999999999999973,-0.0009765624999999983,-0.0007812499999999989,0.00019531249999999941,0.19999999999999973,0.00019531249999999941,"{""0010011000"": 1, ""0010101000"": 1, ""1101000000"": 2, ""1101000011"": 1, ""1101000101"": 1, ""1101101001"": 1, ""1101110101"": 1, ""1111110000"": 1, ""1111110110"": 1}"
280,019e10ef-20b4-7fd2-8d11-60e50a59b02e,3,80,XIIXZYXXXY,YXXXYZXIIX,0.0009765624999999985,10,-0.9999999999999998,-0.4,0.5999999999999998,-0.0009765624999999983,-0.0003906249999999994,0.0005859374999999988,0.5999999999999998,0.0005859374999999988,"{""0010011001"": 1, ""0010110111"": 1, ""0010111101"": 1, ""0111111011"": 1, ""1101001001"": 1, ""1111000110"": 1, ""1111000111"": 1, ""1111011100"": 1, ""1111110001"": 2}"
281,019e10ef-20b4-7fd2-8d11-60e50a59b02e,3,81,XIIXZYXXYZ,ZYXXYZXIIX,-0.0009765624999999985,10,0.9999999999999998,0.6,-0.3999999999999998,-0.0009765624999999983,-0.0005859374999999991,0.00039062499999999915,0.3999999999999998,0.00039062499999999915,"{""0000001111"": 1, ""0000011110"": 1, ""0010111011"": 1, ""1100001100"": 1, ""1101010111"": 1, ""1101011011"": 1, ""1111000110"": 1, ""1111001001"": 1, ""1111101011"": 1, ""1111111010"": 1}"
282,019e10ef-20b4-7fd2-8d11-60e50a59b02e,3,82,XIIXZYXYIX,XIYXYZXIIX,0.0009765624999999985,10,-0.9999999999999998,-0.6,0.3999999999999998,-0.0009765624999999983,-0.0005859374999999991,0.00039062499999999915,0.3999999999999998,0.00039062499999999915,"{""0000010000"": 1, ""0000010111"": 1, ""0010000011"": 1, ""1101000111"": 1, ""1101011011"": 1, ""1101100111"": 1, ""1101101011"": 1, ""1111000011"": 1, ""1111011100"": 1, ""1111111100"": 1}"
283,019e10ef-20b4-7fd2-8d11-60e50a59b02e,3,83,XIIXZYXYZI,IZYXYZXIIX,0.0009765624999999985,10,-0.9999999999999998,-0.4,0.5999999999999998,-0.0009765624999999983,-0.0003906249999999994,0.0005859374999999988,0.5999999999999998,0.0005859374999999988,"{""0010100000"": 1, ""0010100110"": 1, ""0010110101"": 1, ""1010001001"": 1, ""1101001111"": 1, ""1101010111"": 1, ""1101110010"": 1, ""1111000001"": 1, ""1111001011"": 1, ""1111011100"": 1}"
284,019e10ef-20b4-7fd2-8d11-60e50a59b02e,3,84,XIIXZYYIXZ,ZXIYYZXIIX,-0.0009765624999999985,10,0.9999999999999998,0.8,-0.19999999999999973,-0.0009765624999999983,-0.0007812499999999989,0.00019531249999999941,0.19999999999999973,0.00019531249999999941,"{""0000101011"": 1, ""0000110010"": 1, ""0010010101"": 1, ""0010101000"": 1, ""0010101011"": 1, ""1101010101"": 1, ""1101100110"": 1, ""1111010101"": 1, ""1111110000"": 1, ""1111110011"": 1}"
285,019e10ef-20b4-7fd2-8d11-60e50a59b02e,3,85,XIIXZYYIYY,YYIYYZXIIX,-0.0009765624999999985,10,0.9999999999999998,0.6,-0.3999999999999998,-0.0009765624999999983,-0.0005859374999999991,0.00039062499999999915,0.3999999999999998,0.00039062499999999915,"{""0000110001"": 1, ""0000111101"": 1, ""0010000011"": 1, ""0010010101"": 1, ""0010011011"": 1, ""1101000011"": 1, ""1101100101"": 1, ""1101110110"": 1, ""1101111110"": 1, ""1111111101"": 1}"
286,019e10ef-20b4-7fd2-8d11-60e50a59b02e,3,86,XIIXZYYZII,IIZYYZXIIX,-0.0009765624999999985,10,0.9999999999999998,0.6,-0.3999999999999998,-0.0009765624999999983,-0.0005859374999999991,0.00039062499999999915,0.3999999999999998,0.00039062499999999915,"{""0000010111"": 1, ""0000101010"": 1, ""0000111010"": 1, ""0010111111"": 1, ""1101010111"": 1, ""1101011011"": 1, ""1110111100"": 1, ""1111000010"": 1, ""1111111100"": 1, ""1111111110"": 1}"
287,019e10ef-20b4-7fd2-8d11-60e50a59b02e,3,87,XIIXZYYZZX,XZZYYZXIIX,-0.0009765624999999985,10,0.9999999999999998,0.8,-0.19999999999999973,-0.0009765624999999983,-0.0007812499999999989,0.00019531249999999941,0.19999999999999973,0.00019531249999999941,"{""0000000000"": 1, ""0000000011"": 1, ""0000001100"": 1, ""0010001100"": 1, ""0010101011"": 1, ""1010111111"": 1, ""1101110011"": 1, ""1111100100"": 1, ""1111100111"": 1, ""1111111100"": 1}"
288,019e10ef-20b4-7fd2-8d11-60e50a59b02e,3,88,XIXIIXIXIX,XIXIXIIXIX,-0.0009765624999999985,10,0.9999999999999998,1.0,2.220446049250313e-16,-0.0009765624999999983,-0.0009765624999999985,-2.168404344971009e-19,2.220446049250313e-16,2.168404344971009e-19,"{""0001000101"": 1, ""0010101100"": 1, ""0010110000"": 1, ""0010110111"": 1, ""0011101011"": 1, ""1100101100"": 1, ""1110011100"": 1, ""1111000000"": 1, ""1111000111"": 1, ""1111011011"": 1}"
289,019e10ef-20b4-7fd2-8d11-60e50a59b02e,3,89,XIXIIXIXZI,IZXIXIIXIX,-0.0009765624999999985,10,0.9999999999999998,1.0,2.220446049250313e-16,-0.0009765624999999983,-0.0009765624999999985,-2.168404344971009e-19,2.220446049250313e-16,2.168404344971009e-19,"{""0010110001"": 1, ""0011101011"": 1, ""0011110000"": 1, ""0011110110"": 1, ""1100101010"": 1, ""1101101010"": 2, ""1101101011"": 1, ""1110000000"": 2}"
290,019e10ef-20b4-7fd2-8d11-60e50a59b02e,3,90,XIXIIXIYXY,YXYIXIIXIX,0.0009765624999999985,10,-0.9999999999999998,-0.4,0.5999999999999998,-0.0009765624999999983,-0.0003906249999999994,0.0005859374999999988,0.5999999999999998,0.0005859374999999988,"{""0000000010"": 1, ""0000000100"": 1, ""0010110001"": 1, ""0010110100"": 1, ""0011101110"": 1, ""0101101011"": 1, ""1011001011"": 1, ""1101101000"": 1, ""1101101011"": 1, ""1110011100"": 1}"
291,019e10ef-20b4-7fd2-8d11-60e50a59b02e,3,91,XIXIIXIYYZ,ZYYIXIIXIX,-0.0009765624999999985,10,0.9999999999999998,1.0,2.220446049250313e-16,-0.0009765624999999983,-0.0009765624999999985,-2.168404344971009e-19,2.220446049250313e-16,2.168404344971009e-19,"{""0000011010"": 2, ""0001000000"": 1, ""0001011100"": 1, ""0010101010"": 1, ""0011101100"": 1, ""1100101001"": 1, ""1100110011"": 1, ""1110011100"": 1, ""1111011100"": 1}"
292,019e10ef-20b4-7fd2-8d11-60e50a59b02e,3,92,XIXIIXZIII,IIIZXIIXIX,-0.0009765624999999985,10,0.9999999999999998,0.8,-0.19999999999999973,-0.0009765624999999983,-0.0007812499999999989,0.00019531249999999941,0.19999999999999973,0.00019531249999999941,"{""0001011110"": 1, ""0001011111"": 1, ""0010100010"": 1, ""0010101000"": 1, ""0010101001"": 1, ""0010101111"": 1, ""0011101000"": 1, ""1110000010"": 1, ""1111000001"": 1, ""1111011010"": 1}"
293,019e10ef-20b4-7fd2-8d11-60e50a59b02e,3,93,XIXIIXZIZX,XZIZXIIXIX,-0.0009765624999999985,10,0.9999999999999998,0.6,-0.3999999999999998,-0.0009765624999999983,-0.0005859374999999991,0.00039062499999999915,0.3999999999999998,0.00039062499999999915,"{""0001011111"": 1, ""0010101100"": 1, ""1010110000"": 1, ""1101000100"": 1, ""1101101000"": 2, ""1101101011"": 1, ""1101110111"": 1, ""1110000000"": 1, ""1110011000"": 1}"
294,019e10ef-20b4-7fd2-8d11-60e50a59b02e,3,94,XIXIIXZZXZ,ZXZZXIIXIX,-0.0009765624999999985,10,0.9999999999999998,0.8,-0.19999999999999973,-0.0009765624999999983,-0.0007812499999999989,0.00019531249999999941,0.19999999999999973,0.00019531249999999941,"{""0000011000"": 2, ""0000011011"": 1, ""0001011110"": 1, ""0010101011"": 1, ""0010101101"": 1, ""0011110101"": 1, ""1101110101"": 1, ""1110000010"": 1, ""1110011000"": 1}"
295,019e10ef-20b4-7fd2-8d11-60e50a59b02e,3,95,XIXIIXZZYY,YYZZXIIXIX,-0.0009765624999999985,10,0.9999999999999998,0.2,-0.7999999999999998,-0.0009765624999999983,-0.0001953124999999997,0.0007812499999999985,0.7999999999999998,0.0007812499999999985,"{""0001000111"": 1, ""0010100101"": 1, ""0010101101"": 1, ""1100101000"": 1, ""1100101110"": 1, ""1101100101"": 1, ""1101101110"": 1, ""1110011101"": 1, ""1111000100"": 1, ""1111011101"": 1}"
296,019e10ef-20b4-7fd2-8d11-60e50a59b02e,3,96,XIXIIYXXXY,YXXXYIIXIX,0.0009765624999999985,10,-0.9999999999999998,-0.6,0.3999999999999998,-0.0009765624999999983,-0.0005859374999999991,0.00039062499999999915,0.3999999999999998,0.00039062499999999915,"{""0000010100"": 1, ""0001000001"": 1, ""0001010110"": 1, ""0010101001"": 1, ""0010101011"": 1, ""0011110010"": 1, ""1101101111"": 1, ""1110001000"": 1, ""1110010101"": 1, ""1111001110"": 1}"
297,019e10ef-20b4-7fd2-8d11-60e50a59b02e,3,97,XIXIIYXXYZ,ZYXXYIIXIX,-0.0009765624999999985,10,0.9999999999999998,0.4,-0.5999999999999998,-0.0009765624999999983,-0.0003906249999999994,0.0005859374999999988,0.5999999999999998,0.0005859374999999988,"{""0000010010"": 1, ""0000010111"": 1, ""0001000011"": 1, ""0001000110"": 1, ""0010000000"": 1, ""0010101011"": 1, ""0011101010"": 1, ""0011110001"": 1, ""1111001100"": 1, ""1111010111"": 1}"
298,019e10ef-20b4-7fd2-8d11-60e50a59b02e,3,98,XIXIIYXYIX,XIYXYIIXIX,0.0009765624999999985,10,-0.9999999999999998,-0.6,0.3999999999999998,-0.0009765624999999983,-0.0005859374999999991,0.00039062499999999915,0.3999999999999998,0.00039062499999999915,"{""0000011011"": 1, ""0010100111"": 1, ""0010101011"": 1, ""0010110000"": 1, ""0101101100"": 1, ""1100110100"": 1, ""1100111111"": 1, ""1101100111"": 1, ""1101101011"": 1, ""1110000011"": 1}"
299,019e10ef-20b4-7fd2-8d11-60e50a59b02e,3,99,XIXIIYXYZI,IZYXYIIXIX,0.0009765624999999985,10,-0.9999999999999998,-0.8,0.19999999999999973,-0.0009765624999999983,-0.0007812499999999989,0.00019531249999999941,0.19999999999999973,0.00019531249999999941,"{""0000000101"": 1, ""0000010001"": 1, ""0010100110"": 1, ""0011100000"": 1, ""0011100111"": 1, ""0011101010"": 1, ""0011111010"": 1, ""1100101100"": 1, ""1100101101"": 1, ""1110001000"": 1}"
300,019e10ef-2647-7a11-ab4c-e4eda33cfa65,4,0,XIXIIYYIXZ,ZXIYYIIXIX,-0.0009765624999999985,10,0.9999999999999998,0.6,-0.3999999999999998,-0.0009765624999999983,-0.0005859374999999991,0.00039062499999999915,0.3999999999999998,0.00039062499999999915,"{""0001000000"": 1, ""0001011101"": 1, ""0011110010"": 1, ""0011111110"": 1, ""1100110011"": 1, ""1101100101"": 1, ""1101100110"": 1, ""1110011011"": 1, ""1111001110"": 1, ""1111010110"": 1}"
301,019e10ef-2647-7a11-ab4c-e4eda33cfa65,4,1,XIXIIYYIYY,YYIYYIIXIX,-0.0009765624999999985,10,0.9999999999999998,0.2,-0.7999999999999998,-0.0009765624999999983,-0.0001953124999999997,0.0007812499999999985,0.7999999999999998,0.0007812499999999985,"{""0000000110"": 1, ""0000010000"": 1, ""0001011000"": 1, ""0010011011"": 1, ""0010110011"": 1, ""0010111101"": 1, ""1100101000"": 1, ""1101101001"": 1, ""1110000000"": 1, ""1110001110"": 1}"
302,019e10ef-2647-7a11-ab4c-e4eda33cfa65,4,2,XIXIIYYZII,IIZYYIIXIX,-0.0009765624999999985,10,0.9999999999999998,0.6,-0.3999999999999998,-0.0009765624999999983,-0.0005859374999999991,0.00039062499999999915,0.3999999999999998,0.00039062499999999915,"{""0000001100"": 1, ""0001000011"": 1, ""0001011000"": 1, ""0010100000"": 1, ""0011100110"": 1, ""0011101000"": 1, ""1101100101"": 1, ""1101110111"": 1, ""1110011010"": 1, ""1111000010"": 1}"
303,019e10ef-2647-7a11-ab4c-e4eda33cfa65,4,3,XIXIIYYZZX,XZZYYIIXIX,-0.0009765624999999985,10,0.9999999999999998,1.0,2.220446049250313e-16,-0.0009765624999999983,-0.0009765624999999985,-2.168404344971009e-19,2.220446049250313e-16,2.168404344971009e-19,"{""0000000011"": 1, ""0010100100"": 1, ""0011111100"": 1, ""1100100100"": 1, ""1100111100"": 1, ""1101100111"": 1, ""1110000000"": 1, ""1110000011"": 1, ""1110010100"": 1, ""1111000011"": 1}"
304,019e10ef-2647-7a11-ab4c-e4eda33cfa65,4,4,XIXIZIIIII,IIIIIZIXIX,-0.0009765624999999985,10,0.9999999999999998,1.0,2.220446049250313e-16,-0.0009765624999999983,-0.0009765624999999985,-2.168404344971009e-19,2.220446049250313e-16,2.168404344971009e-19,"{""0000011110"": 1, ""0001000110"": 1, ""0001011011"": 1, ""0010111000"": 1, ""1100101101"": 1, ""1100111011"": 1, ""1111001010"": 1, ""1111010110"": 1, ""1111011000"": 1, ""1111011111"": 1}"
305,019e10ef-2647-7a11-ab4c-e4eda33cfa65,4,5,XIXIZIIIZX,XZIIIZIXIX,-0.0009765624999999985,10,0.9999999999999998,0.8,-0.19999999999999973,-0.0009765624999999983,-0.0007812499999999989,0.00019531249999999941,0.19999999999999973,0.00019531249999999941,"{""0000000011"": 1, ""0000000100"": 1, ""0001000111"": 1, ""0010101011"": 1, ""0011100100"": 1, ""0011100111"": 1, ""0100100000"": 1, ""1100100111"": 1, ""1110010000"": 1, ""1111000111"": 1}"
306,019e10ef-2647-7a11-ab4c-e4eda33cfa65,4,6,XIXIZIIZXZ,ZXZIIZIXIX,-0.0009765624999999985,10,0.9999999999999998,0.8,-0.19999999999999973,-0.0009765624999999983,-0.0007812499999999989,0.00019531249999999941,0.19999999999999973,0.00019531249999999941,"{""0000010110"": 1, ""0000011000"": 1, ""0001010101"": 1, ""0001011110"": 1, ""0011110000"": 1, ""0111001110"": 1, ""1101101000"": 1, ""1110001000"": 1, ""1110011011"": 1, ""1111001101"": 1}"
307,019e10ef-2647-7a11-ab4c-e4eda33cfa65,4,7,XIXIZIIZYY,YYZIIZIXIX,-0.0009765624999999985,10,0.9999999999999998,0.2,-0.7999999999999998,-0.0009765624999999983,-0.0001953124999999997,0.0007812499999999985,0.7999999999999998,0.0007812499999999985,"{""0010100100"": 1, ""0010110111"": 1, ""0011000000"": 1, ""0011110110"": 1, ""0011111101"": 1, ""1100111101"": 1, ""1101110011"": 1, ""1111001110"": 1, ""1111011011"": 1, ""1111111000"": 1}"
308,019e10ef-2647-7a11-ab4c-e4eda33cfa65,4,8,XIXIZIZXIX,XIXZIZIXIX,-0.0009765624999999985,10,0.9999999999999998,1.0,2.220446049250313e-16,-0.0009765624999999983,-0.0009765624999999985,-2.168404344971009e-19,2.220446049250313e-16,2.168404344971009e-19,"{""0000001011"": 1, ""0000001100"": 1, ""0010100000"": 1, ""0010100101"": 1, ""0010110111"": 1, ""0011100000"": 1, ""1101100000"": 1, ""1101111011"": 1, ""1111001100"": 1, ""1111010000"": 1}"
309,019e10ef-2647-7a11-ab4c-e4eda33cfa65,4,9,XIXIZIZXZI,IZXZIZIXIX,-0.0009765624999999985,10,0.9999999999999998,1.0,2.220446049250313e-16,-0.0009765624999999983,-0.0009765624999999985,-2.168404344971009e-19,2.220446049250313e-16,2.168404344971009e-19,"{""0000000111"": 1, ""0000011011"": 1, ""0001001011"": 1, ""0011100000"": 1, ""0011101011"": 1, ""1100111100"": 2, ""1101100111"": 1, ""1101101101"": 1, ""1111001101"": 1}"
310,019e10ef-2647-7a11-ab4c-e4eda33cfa65,4,10,XIXIZIZYXY,YXYZIZIXIX,0.0009765624999999985,10,-0.9999999999999998,-0.8,0.19999999999999973,-0.0009765624999999983,-0.0007812499999999989,0.00019531249999999941,0.19999999999999973,0.00019531249999999941,"{""0000010100"": 1, ""0000010111"": 1, ""0000011101"": 1, ""0001010000"": 1, ""0001010001"": 1, ""0001011101"": 1, ""0010101011"": 1, ""0101000100"": 1, ""1111001000"": 1, ""1111010010"": 1}"
311,019e10ef-2647-7a11-ab4c-e4eda33cfa65,4,11,XIXIZIZYYZ,ZYYZIZIXIX,-0.0009765624999999985,10,0.9999999999999998,0.8,-0.19999999999999973,-0.0009765624999999983,-0.0007812499999999989,0.00019531249999999941,0.19999999999999973,0.00019531249999999941,"{""0000000101"": 1, ""0000010000"": 1, ""0001011001"": 1, ""0010110000"": 1, ""0011101100"": 1, ""1101100011"": 1, ""1101101010"": 1, ""1101110011"": 1, ""1101111001"": 1, ""1110010001"": 1}"
312,019e10ef-2647-7a11-ab4c-e4eda33cfa65,4,12,XIXIZZXIXZ,ZXIXZZIXIX,-0.0009765624999999985,10,0.9999999999999998,0.8,-0.19999999999999973,-0.0009765624999999983,-0.0007812499999999989,0.00019531249999999941,0.19999999999999973,0.00019531249999999941,"{""0000001101"": 1, ""0001010110"": 1, ""0001011011"": 1, ""0011100001"": 1, ""0011101110"": 1, ""1001011110"": 1, ""1101100000"": 1, ""1110000000"": 1, ""1111010101"": 1, ""1111011011"": 1}"
313,019e10ef-2647-7a11-ab4c-e4eda33cfa65,4,13,XIXIZZXIYY,YYIXZZIXIX,-0.0009765624999999985,10,0.9999999999999998,0.2,-0.7999999999999998,-0.0009765624999999983,-0.0001953124999999997,0.0007812499999999985,0.7999999999999998,0.0007812499999999985,"{""0000011101"": 1, ""0001001110"": 1, ""0001110110"": 1, ""0010110101"": 1, ""0011111000"": 1, ""1010100000"": 1, ""1011100011"": 1, ""1100100000"": 1, ""1110000011"": 1, ""1111000000"": 1}"
314,019e10ef-2647-7a11-ab4c-e4eda33cfa65,4,14,XIXIZZXZII,IIZXZZIXIX,-0.0009765624999999985,10,0.9999999999999998,0.2,-0.7999999999999998,-0.0009765624999999983,-0.0001953124999999997,0.0007812499999999985,0.7999999999999998,0.0007812499999999985,"{""0000011011"": 1, ""0010101111"": 1, ""0011110110"": 1, ""1001001101"": 1, ""1010101101"": 1, ""1101110001"": 1, ""1110001001"": 1, ""1111001100"": 1, ""1111010100"": 1, ""1111010110"": 1}"
315,019e10ef-2647-7a11-ab4c-e4eda33cfa65,4,15,XIXIZZXZZX,XZZXZZIXIX,-0.0009765624999999985,10,0.9999999999999998,0.6,-0.3999999999999998,-0.0009765624999999983,-0.0005859374999999991,0.00039062499999999915,0.3999999999999998,0.00039062499999999915,"{""0000011011"": 2, ""0001001011"": 1, ""0010100000"": 1, ""0011101111"": 1, ""0011111000"": 1, ""0100100000"": 1, ""1101110100"": 1, ""1101111000"": 1, ""1111001111"": 1}"
316,019e10ef-2647-7a11-ab4c-e4eda33cfa65,4,16,XIXIZZYXXY,YXXYZZIXIX,-0.0009765624999999985,10,0.9999999999999998,1.0,2.220446049250313e-16,-0.0009765624999999983,-0.0009765624999999985,-2.168404344971009e-19,2.220446049250313e-16,2.168404344971009e-19,"{""0000011110"": 1, ""0001000011"": 1, ""0001000101"": 1, ""0001011110"": 1, ""0010100011"": 1, ""0011100000"": 1, ""1011011101"": 1, ""1101000010"": 1, ""1110001100"": 1, ""1110010100"": 1}"
317,019e10ef-2647-7a11-ab4c-e4eda33cfa65,4,17,XIXIZZYXYZ,ZYXYZZIXIX,0.0009765624999999985,10,-0.9999999999999998,-0.8,0.19999999999999973,-0.0009765624999999983,-0.0007812499999999989,0.00019531249999999941,0.19999999999999973,0.00019531249999999941,"{""0000001101"": 1, ""0001010110"": 1, ""0010100111"": 1, ""1101110110"": 1, ""1110000010"": 1, ""1110000100"": 1, ""1110011100"": 1, ""1111010110"": 1, ""1111011001"": 1, ""1111011011"": 1}"
318,019e10ef-2647-7a11-ab4c-e4eda33cfa65,4,18,XIXIZZYYIX,XIYYZZIXIX,-0.0009765624999999985,10,0.9999999999999998,0.6,-0.3999999999999998,-0.0009765624999999983,-0.0005859374999999991,0.00039062499999999915,0.3999999999999998,0.00039062499999999915,"{""0000000111"": 1, ""0001000111"": 1, ""0011111000"": 1, ""1100100001"": 1, ""1100110101"": 1, ""1101111111"": 1, ""1110000111"": 1, ""1110001100"": 1, ""1110011111"": 1, ""1111000000"": 1}"
319,019e10ef-2647-7a11-ab4c-e4eda33cfa65,4,19,XIXIZZYYZI,IZYYZZIXIX,-0.0009765624999999985,10,0.9999999999999998,0.6,-0.3999999999999998,-0.0009765624999999983,-0.0005859374999999991,0.00039062499999999915,0.3999999999999998,0.00039062499999999915,"{""0000000001"": 1, ""0001010010"": 1, ""0011100000"": 1, ""1100100010"": 1, ""1100111010"": 1, ""1101100110"": 1, ""1101110010"": 1, ""1110010100"": 1, ""1110011110"": 1, ""1111010010"": 1}"
320,019e10ef-2647-7a11-ab4c-e4eda33cfa65,4,20,XIYIXXXXXY,YXXXXXIYIX,0.0009765624999999985,10,-0.9999999999999998,-1.0,-2.220446049250313e-16,-0.0009765624999999983,-0.0009765624999999985,-2.168404344971009e-19,2.220446049250313e-16,2.168404344971009e-19,"{""0000111110"": 1, ""0001101111"": 1, ""0011010111"": 1, ""1100001111"": 1, ""1100010111"": 1, ""1101010111"": 1, ""1101011011"": 1, ""1101100100"": 1, ""1110001101"": 1, ""1111111000"": 1}"
321,019e10ef-2647-7a11-ab4c-e4eda33cfa65,4,21,XIYIXXXXYZ,ZYXXXXIYIX,-0.0009765624999999985,10,0.9999999999999998,0.2,-0.7999999999999998,-0.0009765624999999983,-0.0001953124999999997,0.0007812499999999985,0.7999999999999998,0.0007812499999999985,"{""0000110101"": 1, ""0001010110"": 1, ""0001100111"": 1, ""0010110001"": 1, ""0011100010"": 1, ""0011111000"": 1, ""1100100101"": 1, ""1100110110"": 1, ""1101001111"": 1, ""1101101111"": 1}"
322,019e10ef-2647-7a11-ab4c-e4eda33cfa65,4,22,XIYIXXXYIX,XIYXXXIYIX,0.0009765624999999985,10,-0.9999999999999998,-0.4,0.5999999999999998,-0.0009765624999999983,-0.0003906249999999994,0.0005859374999999988,0.5999999999999998,0.0005859374999999988,"{""0000011000"": 1, ""0001000011"": 1, ""0001011100"": 1, ""0010011111"": 1, ""1100010100"": 1, ""1101100011"": 1, ""1110010111"": 1, ""1110100000"": 1, ""1111101000"": 1, ""1111110000"": 1}"
323,019e10ef-2647-7a11-ab4c-e4eda33cfa65,4,23,XIYIXXXYZI,IZYXXXIYIX,0.0009765624999999985,10,-0.9999999999999998,-0.6,0.3999999999999998,-0.0009765624999999983,-0.0005859374999999991,0.00039062499999999915,0.3999999999999998,0.00039062499999999915,"{""0000001011"": 1, ""0001011101"": 1, ""0010101001"": 1, ""0010101010"": 1, ""0011001100"": 1, ""1100111010"": 1, ""1110000011"": 1, ""1110011011"": 1, ""1110101010"": 1, ""1110110011"": 1}"
324,019e10ef-2647-7a11-ab4c-e4eda33cfa65,4,24,XIYIXXYIXZ,ZXIYXXIYIX,-0.0009765624999999985,10,0.9999999999999998,0.8,-0.19999999999999973,-0.0009765624999999983,-0.0007812499999999989,0.00019531249999999941,0.19999999999999973,0.00019531249999999941,"{""0000010101"": 1, ""0000110011"": 1, ""0001011011"": 2, ""0010010011"": 1, ""1101011101"": 1, ""1101101101"": 1, ""1110101000"": 1, ""1111011000"": 1, ""1111101101"": 1}"
325,019e10ef-2647-7a11-ab4c-e4eda33cfa65,4,25,XIYIXXYIYY,YYIYXXIYIX,-0.0009765624999999985,10,0.9999999999999998,0.8,-0.19999999999999973,-0.0009765624999999983,-0.0007812499999999989,0.00019531249999999941,0.19999999999999973,0.00019531249999999941,"{""0000011011"": 1, ""0000110011"": 1, ""0010010011"": 1, ""0010101101"": 1, ""0011001000"": 1, ""1101000000"": 1, ""1101000010"": 1, ""1101100000"": 1, ""1101111011"": 1, ""1111001101"": 1}"
326,019e10ef-2647-7a11-ab4c-e4eda33cfa65,4,26,XIYIXXYZII,IIZYXXIYIX,-0.0009765624999999985,10,0.9999999999999998,0.8,-0.19999999999999973,-0.0009765624999999983,-0.0007812499999999989,0.00019531249999999941,0.19999999999999973,0.00019531249999999941,"{""0000111101"": 1, ""0001101000"": 1, ""0010101101"": 1, ""0011010001"": 1, ""0011011110"": 1, ""0011101010"": 1, ""1100010010"": 1, ""1100011110"": 1, ""1110001100"": 1, ""1110101010"": 1}"
327,019e10ef-2647-7a11-ab4c-e4eda33cfa65,4,27,XIYIXXYZZX,XZZYXXIYIX,-0.0009765624999999985,10,0.9999999999999998,0.4,-0.5999999999999998,-0.0009765624999999983,-0.0003906249999999994,0.0005859374999999988,0.5999999999999998,0.0005859374999999988,"{""0000011000"": 1, ""0000011011"": 1, ""0001000111"": 1, ""0010000000"": 1, ""0010010011"": 1, ""0010110100"": 1, ""0011000100"": 1, ""1100000000"": 1, ""1100111011"": 1, ""1111011000"": 1}"
328,019e10ef-2647-7a11-ab4c-e4eda33cfa65,4,28,XIYIXYIXIX,XIXIYXIYIX,0.0009765624999999985,10,-0.9999999999999998,-0.2,0.7999999999999998,-0.0009765624999999983,-0.0001953124999999997,0.0007812499999999985,0.7999999999999998,0.0007812499999999985,"{""0000110000"": 1, ""0001010111"": 1, ""0010001011"": 1, ""0010001100"": 1, ""1101000000"": 2, ""1101110111"": 1, ""1110101011"": 1, ""1111010000"": 2}"
329,019e10ef-2647-7a11-ab4c-e4eda33cfa65,4,29,XIYIXYIXZI,IZXIYXIYIX,0.0009765624999999985,10,-0.9999999999999998,-0.8,0.19999999999999973,-0.0009765624999999983,-0.0007812499999999989,0.00019531249999999941,0.19999999999999973,0.00019531249999999941,"{""0000001001"": 1, ""0000001101"": 1, ""0000111100"": 1, ""0001010001"": 1, ""0010101011"": 1, ""0011101100"": 1, ""0011110111"": 1, ""0110011101"": 1, ""1100101010"": 1, ""1111111011"": 1}"
330,019e10ef-2647-7a11-ab4c-e4eda33cfa65,4,30,XIYIXYIYXY,YXYIYXIYIX,-0.0009765624999999985,10,0.9999999999999998,0.6,-0.3999999999999998,-0.0009765624999999983,-0.0005859374999999991,0.00039062499999999915,0.3999999999999998,0.00039062499999999915,"{""0000100001"": 1, ""0000100010"": 1, ""0000111011"": 1, ""0000111110"": 1, ""0011011011"": 1, ""0011100001"": 1, ""1101000010"": 1, ""1101110001"": 1, ""1110011011"": 1, ""1111001011"": 1}"
331,019e10ef-2647-7a11-ab4c-e4eda33cfa65,4,31,XIYIXYIYYZ,ZYYIYXIYIX,0.0009765624999999985,10,-0.9999999999999998,-1.0,-2.220446049250313e-16,-0.0009765624999999983,-0.0009765624999999985,-2.168404344971009e-19,2.220446049250313e-16,2.168404344971009e-19,"{""0000001111"": 1, ""0001111010"": 1, ""0010101100"": 1, ""0011000000"": 1, ""0011110000"": 1, ""1100000101"": 1, ""1101000000"": 1, ""1101101111"": 1, ""1110010000"": 1, ""1111100000"": 1}"
332,019e10ef-2647-7a11-ab4c-e4eda33cfa65,4,32,XIYIXYZIII,IIIZYXIYIX,0.0009765624999999985,10,-0.9999999999999998,-0.4,0.5999999999999998,-0.0009765624999999983,-0.0003906249999999994,0.0005859374999999988,0.5999999999999998,0.0005859374999999988,"{""0010011010"": 1, ""0011100111"": 1, ""0011110001"": 1, ""0110111110"": 1, ""1001001100"": 1, ""1100101000"": 1, ""1110111011"": 1, ""1111001000"": 1, ""1111010000"": 1, ""1111010010"": 1}"
333,019e10ef-2647-7a11-ab4c-e4eda33cfa65,4,33,XIYIXYZIZX,XZIZYXIYIX,0.0009765624999999985,10,-0.9999999999999998,-0.2,0.7999999999999998,-0.0009765624999999983,-0.0001953124999999997,0.0007812499999999985,0.7999999999999998,0.0007812499999999985,"{""0001010001"": 1, ""0001110011"": 1, ""0010101111"": 1, ""0111001000"": 1, ""0111011000"": 1, ""1100101000"": 1, ""1101101011"": 1, ""1110000111"": 1, ""1110001011"": 1, ""1111001000"": 1}"
334,019e10ef-2647-7a11-ab4c-e4eda33cfa65,4,34,XIYIXYZZXZ,ZXZZYXIYIX,0.0009765624999999985,10,-0.9999999999999998,-0.6,0.3999999999999998,-0.0009765624999999983,-0.0005859374999999991,0.00039062499999999915,0.3999999999999998,0.00039062499999999915,"{""0000010110"": 1, ""0000100011"": 1, ""0001010011"": 1, ""1100011000"": 1, ""1100011110"": 1, ""1101001110"": 1, ""1110010011"": 1, ""1110111110"": 1, ""1111010100"": 1, ""1111111000"": 1}"
335,019e10ef-2647-7a11-ab4c-e4eda33cfa65,4,35,XIYIXYZZYY,YYZZYXIYIX,0.0009765624999999985,10,-0.9999999999999998,-0.8,0.19999999999999973,-0.0009765624999999983,-0.0007812499999999989,0.00019531249999999941,0.19999999999999973,0.00019531249999999941,"{""0010000110"": 1, ""0010101000"": 1, ""0011000000"": 1, ""0101101101"": 1, ""1100110000"": 1, ""1101011011"": 1, ""1110001101"": 1, ""1110010011"": 1, ""1110100000"": 1, ""1111100101"": 1}"
336,019e10ef-2647-7a11-ab4c-e4eda33cfa65,4,36,XIYIYIXIXZ,ZXIXIYIYIX,-0.0009765624999999985,10,0.9999999999999998,0.8,-0.19999999999999973,-0.0009765624999999983,-0.0007812499999999989,0.00019531249999999941,0.19999999999999973,0.00019531249999999941,"{""0000111011"": 1, ""0001000000"": 1, ""0001001110"": 1, ""0001110101"": 1, ""0001111011"": 1, ""0011010011"": 1, ""1101101110"": 1, ""1101111110"": 1, ""1110111011"": 1, ""1110111100"": 1}"
337,019e10ef-2647-7a11-ab4c-e4eda33cfa65,4,37,XIYIYIXIYY,YYIXIYIYIX,-0.0009765624999999985,10,0.9999999999999998,0.4,-0.5999999999999998,-0.0009765624999999983,-0.0003906249999999994,0.0005859374999999988,0.5999999999999998,0.0005859374999999988,"{""0010100001"": 1, ""0010101011"": 1, ""0011011011"": 1, ""0011101101"": 1, ""0011101110"": 1, ""1100010110"": 1, ""1101010101"": 1, ""1110011011"": 1, ""1111000011"": 1, ""1111111011"": 1}"
338,019e10ef-2647-7a11-ab4c-e4eda33cfa65,4,38,XIYIYIXZII,IIZXIYIYIX,-0.0009765624999999985,10,0.9999999999999998,0.2,-0.7999999999999998,-0.0009765624999999983,-0.0001953124999999997,0.0007812499999999985,0.7999999999999998,0.0007812499999999985,"{""0000010111"": 1, ""0000110100"": 1, ""0010101000"": 1, ""1100010001"": 1, ""1100100010"": 1, ""1100101011"": 1, ""1100101111"": 1, ""1101100010"": 1, ""1101101101"": 1, ""1110001111"": 1}"
339,019e10ef-2647-7a11-ab4c-e4eda33cfa65,4,39,XIYIYIXZZX,XZZXIYIYIX,-0.0009765624999999985,10,0.9999999999999998,0.8,-0.19999999999999973,-0.0009765624999999983,-0.0007812499999999989,0.00019531249999999941,0.19999999999999973,0.00019531249999999941,"{""0000000000"": 1, ""0000001100"": 1, ""0001101000"": 1, ""0010100000"": 1, ""0011010111"": 1, ""0011100011"": 1, ""0011100100"": 1, ""1101101100"": 1, ""1110001100"": 1, ""1111111011"": 1}"
340,019e10ef-2647-7a11-ab4c-e4eda33cfa65,4,40,XIYIYIYXXY,YXXYIYIYIX,-0.0009765624999999985,10,0.9999999999999998,0.6,-0.3999999999999998,-0.0009765624999999983,-0.0005859374999999991,0.00039062499999999915,0.3999999999999998,0.00039062499999999915,"{""0000000000"": 1, ""0011010010"": 1, ""0011011011"": 1, ""0011101100"": 1, ""0011101111"": 1, ""1100100000"": 1, ""1101011010"": 1, ""1101011110"": 1, ""1111110011"": 1, ""1111111110"": 1}"
341,019e10ef-2647-7a11-ab4c-e4eda33cfa65,4,41,XIYIYIYXYZ,ZYXYIYIYIX,0.0009765624999999985,10,-0.9999999999999998,-0.6,0.3999999999999998,-0.0009765624999999983,-0.0005859374999999991,0.00039062499999999915,0.3999999999999998,0.00039062499999999915,"{""0000000010"": 1, ""0001111001"": 1, ""0001111101"": 1, ""0011010000"": 1, ""1100000000"": 1, ""1100100100"": 1, ""1100101000"": 1, ""1101011010"": 1, ""1101101011"": 1, ""1111100001"": 1}"
342,019e10ef-2647-7a11-ab4c-e4eda33cfa65,4,42,XIYIYIYYIX,XIYYIYIYIX,-0.0009765624999999985,10,0.9999999999999998,0.6,-0.3999999999999998,-0.0009765624999999983,-0.0005859374999999991,0.00039062499999999915,0.3999999999999998,0.00039062499999999915,"{""0000000111"": 2, ""0000001011"": 1, ""0001000000"": 1, ""0001111111"": 1, ""0010011111"": 1, ""1011011000"": 1, ""1100010011"": 1, ""1101101100"": 1, ""1110011111"": 1}"
343,019e10ef-2647-7a11-ab4c-e4eda33cfa65,4,43,XIYIYIYYZI,IZYYIYIYIX,-0.0009765624999999985,10,0.9999999999999998,0.2,-0.7999999999999998,-0.0009765624999999983,-0.0001953124999999997,0.0007812499999999985,0.7999999999999998,0.0007812499999999985,"{""0000100000"": 1, ""0001011110"": 1, ""0010011111"": 1, ""0011010100"": 1, ""0011100110"": 1, ""0110001011"": 1, ""1100010101"": 1, ""1101011110"": 1, ""1110000111"": 1, ""1111010010"": 1}"
344,019e10ef-2647-7a11-ab4c-e4eda33cfa65,4,44,XIYIYZIIII,IIIIZYIYIX,-0.0009765624999999985,10,0.9999999999999998,1.0,2.220446049250313e-16,-0.0009765624999999983,-0.0009765624999999985,-2.168404344971009e-19,2.220446049250313e-16,2.168404344971009e-19,"{""0000111101"": 1, ""0001110010"": 1, ""0001110110"": 1, ""0010100111"": 1, ""0011011101"": 1, ""0011100000"": 1, ""1100010110"": 1, ""1100011010"": 1, ""1100011100"": 1, ""1101101001"": 1}"
345,019e10ef-2647-7a11-ab4c-e4eda33cfa65,4,45,XIYIYZIIZX,XZIIZYIYIX,-0.0009765624999999985,10,0.9999999999999998,0.8,-0.19999999999999973,-0.0009765624999999983,-0.0007812499999999989,0.00019531249999999941,0.19999999999999973,0.00019531249999999941,"{""0000000110"": 1, ""0000001100"": 1, ""0001111000"": 1, ""0001111011"": 1, ""0010100000"": 1, ""0011011100"": 1, ""0011100000"": 1, ""1101010111"": 1, ""1110111100"": 1, ""1111000100"": 1}"
346,019e10ef-2647-7a11-ab4c-e4eda33cfa65,4,46,XIYIYZIZXZ,ZXZIZYIYIX,-0.0009765624999999985,10,0.9999999999999998,0.6,-0.3999999999999998,-0.0009765624999999983,-0.0005859374999999991,0.00039062499999999915,0.3999999999999998,0.00039062499999999915,"{""0000000110"": 1, ""0001111000"": 1, ""1001111011"": 1, ""1011010110"": 1, ""1100011110"": 1, ""1110000011"": 1, ""1110001000"": 1, ""1110110110"": 1, ""1110111110"": 1, ""1111111110"": 1}"
347,019e10ef-2647-7a11-ab4c-e4eda33cfa65,4,47,XIYIYZIZYY,YYZIZYIYIX,-0.0009765624999999985,10,0.9999999999999998,0.2,-0.7999999999999998,-0.0009765624999999983,-0.0001953124999999997,0.0007812499999999985,0.7999999999999998,0.0007812499999999985,"{""0000001000"": 1, ""0000100110"": 1, ""0000110101"": 1, ""1100000101"": 1, ""1100001000"": 1, ""1110000011"": 2, ""1110110011"": 1, ""1110111011"": 1, ""1111011110"": 1}"
348,019e10ef-2647-7a11-ab4c-e4eda33cfa65,4,48,XIYIYZZXIX,XIXZZYIYIX,-0.0009765624999999985,10,0.9999999999999998,0.2,-0.7999999999999998,-0.0009765624999999983,-0.0001953124999999997,0.0007812499999999985,0.7999999999999998,0.0007812499999999985,"{""0001011100"": 1, ""0010000000"": 1, ""0011010000"": 1, ""0011101011"": 1, ""0011110111"": 1, ""0101110111"": 1, ""1000100111"": 1, ""1010011100"": 1, ""1100100111"": 1, ""1111000000"": 1}"
349,019e10ef-2647-7a11-ab4c-e4eda33cfa65,4,49,XIYIYZZXZI,IZXZZYIYIX,-0.0009765624999999985,10,0.9999999999999998,0.8,-0.19999999999999973,-0.0009765624999999983,-0.0007812499999999989,0.00019531249999999941,0.19999999999999973,0.00019531249999999941,"{""0000000111"": 1, ""0000001011"": 1, ""0001000110"": 1, ""0010011010"": 1, ""0010101101"": 1, ""1100010000"": 1, ""1100010111"": 1, ""1101000000"": 1, ""1101011011"": 1, ""1101100111"": 1}"
350,019e10ef-2647-7a11-ab4c-e4eda33cfa65,4,50,XIYIYZZYXY,YXYZZYIYIX,0.0009765624999999985,10,-0.9999999999999998,-1.0,-2.220446049250313e-16,-0.0009765624999999983,-0.0009765624999999985,-2.168404344971009e-19,2.220446049250313e-16,2.168404344971009e-19,"{""0000111000"": 1, ""0000111101"": 1, ""0001000010"": 1, ""0001111000"": 1, ""0010011000"": 1, ""1100101110"": 1, ""1101011101"": 1, ""1101100010"": 1, ""1101100100"": 1, ""1111001110"": 1}"
351,019e10ef-2647-7a11-ab4c-e4eda33cfa65,4,51,XIYIYZZYYZ,ZYYZZYIYIX,-0.0009765624999999985,10,0.9999999999999998,0.8,-0.19999999999999973,-0.0009765624999999983,-0.0007812499999999989,0.00019531249999999941,0.19999999999999973,0.00019531249999999941,"{""0000000101"": 1, ""0001000011"": 1, ""0010101001"": 1, ""0010101100"": 1, ""0011001001"": 1, ""1100100101"": 1, ""1100100110"": 1, ""1101100101"": 1, ""1111000000"": 1, ""1111110000"": 1}"
352,019e10ef-2647-7a11-ab4c-e4eda33cfa65,4,52,XIZXXIXIXZ,ZXIXIXXZIX,-0.0009765624999999985,10,0.9999999999999998,0.0,-0.9999999999999998,-0.0009765624999999983,-0.0,0.0009765624999999983,0.9999999999999998,0.0009765624999999983,"{""0000001110"": 1, ""0001000000"": 1, ""1101000000"": 1, ""1101101110"": 1, ""1101110000"": 1, ""1101110011"": 1, ""1111010000"": 1, ""1111100000"": 2, ""1111100011"": 1}"
353,019e10ef-2647-7a11-ab4c-e4eda33cfa65,4,53,XIZXXIXIYY,YYIXIXXZIX,-0.0009765624999999985,10,0.9999999999999998,0.2,-0.7999999999999998,-0.0009765624999999983,-0.0001953124999999997,0.0007812499999999985,0.7999999999999998,0.0007812499999999985,"{""0000001110"": 1, ""0000011000"": 1, ""0000101101"": 1, ""0000110100"": 1, ""0010111001"": 1, ""1100001101"": 1, ""1100010110"": 1, ""1111010001"": 1, ""1111100000"": 1, ""1111101101"": 1}"
354,019e10ef-2647-7a11-ab4c-e4eda33cfa65,4,54,XIZXXIXZII,IIZXIXXZIX,-0.0009765624999999985,10,0.9999999999999998,0.6,-0.3999999999999998,-0.0009765624999999983,-0.0005859374999999991,0.00039062499999999915,0.3999999999999998,0.00039062499999999915,"{""0000000001"": 1, ""0000000010"": 1, ""0000110100"": 1, ""0010001100"": 1, ""0010100001"": 1, ""0010101110"": 1, ""0101110100"": 1, ""1101001110"": 1, ""1101111010"": 1, ""1111101100"": 1}"
355,019e10ef-2647-7a11-ab4c-e4eda33cfa65,4,55,XIZXXIXZZX,XZZXIXXZIX,-0.0009765624999999985,10,0.9999999999999998,0.8,-0.19999999999999973,-0.0009765624999999983,-0.0007812499999999989,0.00019531249999999941,0.19999999999999973,0.00019531249999999941,"{""0000001000"": 1, ""0000110100"": 2, ""0010011011"": 1, ""0010100000"": 1, ""0010101100"": 1, ""0010101111"": 1, ""1111010111"": 1, ""1111011000"": 1, ""1111101111"": 1}"
356,019e10ef-2647-7a11-ab4c-e4eda33cfa65,4,56,XIZXXIYXXY,YXXYIXXZIX,-0.0009765624999999985,10,0.9999999999999998,0.6,-0.3999999999999998,-0.0009765624999999983,-0.0005859374999999991,0.00039062499999999915,0.3999999999999998,0.00039062499999999915,"{""0000000110"": 1, ""0000011100"": 1, ""0001111010"": 1, ""0010001100"": 1, ""0010010001"": 1, ""0010011010"": 1, ""1101001001"": 1, ""1101001010"": 1, ""1101110111"": 1, ""1111010001"": 1}"
357,019e10ef-2647-7a11-ab4c-e4eda33cfa65,4,57,XIZXXIYXYZ,ZYXYIXXZIX,0.0009765624999999985,10,-0.9999999999999998,-0.4,0.5999999999999998,-0.0009765624999999983,-0.0003906249999999994,0.0005859374999999988,0.5999999999999998,0.0005859374999999988,"{""0000000001"": 1, ""0000110000"": 1, ""0010000010"": 1, ""0010000111"": 1, ""0010010101"": 1, ""0010010110"": 1, ""0010011101"": 1, ""0010100001"": 1, ""1111010000"": 1, ""1111101110"": 1}"
358,019e10ef-2647-7a11-ab4c-e4eda33cfa65,4,58,XIZXXIYYIX,XIYYIXXZIX,-0.0009765624999999985,10,0.9999999999999998,0.8,-0.19999999999999973,-0.0009765624999999983,-0.0007812499999999989,0.00019531249999999941,0.19999999999999973,0.00019531249999999941,"{""0000001011"": 1, ""0000001100"": 1, ""0000010011"": 1, ""0010100111"": 1, ""0010101011"": 1, ""1101111000"": 1, ""1111010011"": 2, ""1111011000"": 1, ""1111100000"": 1}"
359,019e10ef-2647-7a11-ab4c-e4eda33cfa65,4,59,XIZXXIYYZI,IZYYIXXZIX,-0.0009765624999999985,10,0.9999999999999998,0.4,-0.5999999999999998,-0.0009765624999999983,-0.0003906249999999994,0.0005859374999999988,0.5999999999999998,0.0005859374999999988,"{""0000000110"": 1, ""0000001001"": 1, ""0000001101"": 1, ""0000111110"": 1, ""0010001010"": 1, ""0010011000"": 1, ""1101001010"": 1, ""1101110101"": 1, ""1101111111"": 1, ""1111000111"": 1}"
360,019e10ef-2647-7a11-ab4c-e4eda33cfa65,4,60,XIZXXZIIII,IIIIZXXZIX,-0.0009765624999999985,10,0.9999999999999998,0.4,-0.5999999999999998,-0.0009765624999999983,-0.0003906249999999994,0.0005859374999999988,0.5999999999999998,0.0005859374999999988,"{""0000111010"": 1, ""0000111111"": 1, ""0010111110"": 1, ""1010100111"": 1, ""1101000000"": 1, ""1101000111"": 2, ""1101001111"": 1, ""1111011011"": 1, ""1111111101"": 1}"
361,019e10ef-2647-7a11-ab4c-e4eda33cfa65,4,61,XIZXXZIIZX,XZIIZXXZIX,-0.0009765624999999985,10,0.9999999999999998,0.2,-0.7999999999999998,-0.0009765624999999983,-0.0001953124999999997,0.0007812499999999985,0.7999999999999998,0.0007812499999999985,"{""0000011000"": 1, ""0000101111"": 1, ""0000110000"": 1, ""0000110100"": 1, ""0001001100"": 1, ""0010011011"": 1, ""0010101011"": 1, ""0010101111"": 1, ""0010111011"": 1, ""1111010111"": 1}"
362,019e10ef-2647-7a11-ab4c-e4eda33cfa65,4,62,XIZXXZIZXZ,ZXZIZXXZIX,-0.0009765624999999985,10,0.9999999999999998,1.0,2.220446049250313e-16,-0.0009765624999999983,-0.0009765624999999985,-2.168404344971009e-19,2.220446049250313e-16,2.168404344971009e-19,"{""0000001000"": 1, ""0000110011"": 1, ""0010101011"": 1, ""1101000000"": 1, ""1111010000"": 1, ""1111100000"": 1, ""1111101011"": 2, ""1111101101"": 1, ""1111101110"": 1}"
363,019e10ef-2647-7a11-ab4c-e4eda33cfa65,4,63,XIZXXZIZYY,YYZIZXXZIX,-0.0009765624999999985,10,0.9999999999999998,0.4,-0.5999999999999998,-0.0009765624999999983,-0.0003906249999999994,0.0005859374999999988,0.5999999999999998,0.0005859374999999988,"{""0000000011"": 1, ""0010011101"": 1, ""0010011110"": 1, ""0111100110"": 1, ""1000000110"": 1, ""1101001110"": 2, ""1101110011"": 1, ""1101110100"": 1, ""1111011110"": 1}"
364,019e10ef-2647-7a11-ab4c-e4eda33cfa65,4,64,XIZXXZZXIX,XIXZZXXZIX,-0.0009765624999999985,10,0.9999999999999998,0.8,-0.19999999999999973,-0.0009765624999999983,-0.0007812499999999989,0.00019531249999999941,0.19999999999999973,0.00019531249999999941,"{""0000001011"": 1, ""0000011100"": 1, ""0010101011"": 1, ""0010101100"": 1, ""1101000000"": 1, ""1101111100"": 1, ""1111010111"": 1, ""1111011011"": 2, ""1111100111"": 1}"
365,019e10ef-2647-7a11-ab4c-e4eda33cfa65,4,65,XIZXXZZXZI,IZXZZXXZIX,-0.0009765624999999985,10,0.9999999999999998,0.4,-0.5999999999999998,-0.0009765624999999983,-0.0003906249999999994,0.0005859374999999988,0.5999999999999998,0.0005859374999999988,"{""0000100000"": 1, ""0010000111"": 1, ""0010100000"": 1, ""0010101011"": 1, ""1101001101"": 1, ""1101010111"": 1, ""1101110110"": 1, ""1101111101"": 1, ""1111101100"": 1, ""1111101101"": 1}"
366,019e10ef-2647-7a11-ab4c-e4eda33cfa65,4,66,XIZXXZZYXY,YXYZZXXZIX,0.0009765624999999985,10,-0.9999999999999998,-0.4,0.5999999999999998,-0.0009765624999999983,-0.0003906249999999994,0.0005859374999999988,0.5999999999999998,0.0005859374999999988,"{""0000111011"": 1, ""0010100111"": 1, ""1101001011"": 2, ""1101100010"": 1, ""1111000010"": 1, ""1111100011"": 1, ""1111101011"": 2, ""1111101101"": 1}"
367,019e10ef-2647-7a11-ab4c-e4eda33cfa65,4,67,XIZXXZZYYZ,ZYYZZXXZIX,-0.0009765624999999985,10,0.9999999999999998,0.6,-0.3999999999999998,-0.0009765624999999983,-0.0005859374999999991,0.00039062499999999915,0.3999999999999998,0.00039062499999999915,"{""0000000000"": 1, ""0000000100"": 1, ""0000111010"": 1, ""0010011010"": 1, ""0010101000"": 1, ""1101110110"": 1, ""1111010000"": 1, ""1111011100"": 1, ""1111100011"": 1, ""1111100101"": 1}"
368,019e10ef-2647-7a11-ab4c-e4eda33cfa65,4,68,XIZXYXXXXY,YXXXXYXZIX,-0.0009765624999999985,10,0.9999999999999998,0.0,-0.9999999999999998,-0.0009765624999999983,-0.0,0.0009765624999999983,0.9999999999999998,0.0009765624999999983,"{""0000010001"": 1, ""0000010100"": 1, ""0010101000"": 1, ""0010110011"": 1, ""0010111000"": 1, ""1101101101"": 1, ""1101110010"": 1, ""1101110111"": 1, ""1101111010"": 1, ""1110100101"": 1}"
369,019e10ef-2647-7a11-ab4c-e4eda33cfa65,4,69,XIZXYXXXYZ,ZYXXXYXZIX,0.0009765624999999985,10,-0.9999999999999998,-0.2,0.7999999999999998,-0.0009765624999999983,-0.0001953124999999997,0.0007812499999999985,0.7999999999999998,0.0007812499999999985,"{""0000010011"": 1, ""1101000001"": 1, ""1101001111"": 1, ""1101110100"": 1, ""1101110110"": 1, ""1110100111"": 1, ""1111000000"": 1, ""1111010101"": 1, ""1111101110"": 1, ""1111111010"": 1}"
370,019e10ef-2647-7a11-ab4c-e4eda33cfa65,4,70,XIZXYXXYIX,XIYXXYXZIX,-0.0009765624999999985,10,0.9999999999999998,0.4,-0.5999999999999998,-0.0009765624999999983,-0.0003906249999999994,0.0005859374999999988,0.5999999999999998,0.0005859374999999988,"{""0000001100"": 1, ""0000010011"": 1, ""0000111000"": 1, ""0010101000"": 1, ""0010110100"": 1, ""0111110100"": 1, ""1101001100"": 1, ""1101100011"": 1, ""1101101000"": 1, ""1111010000"": 1}"
371,019e10ef-2647-7a11-ab4c-e4eda33cfa65,4,71,XIZXYXXYZI,IZYXXYXZIX,-0.0009765624999999985,10,0.9999999999999998,0.4,-0.5999999999999998,-0.0009765624999999983,-0.0003906249999999994,0.0005859374999999988,0.5999999999999998,0.0005859374999999988,"{""0000010001"": 1, ""0000111011"": 1, ""0000111101"": 1, ""0010000000"": 1, ""0010011000"": 1, ""0010110010"": 1, ""0010111110"": 1, ""1111000011"": 1, ""1111010001"": 1, ""1111100111"": 1}"
372,019e10ef-2647-7a11-ab4c-e4eda33cfa65,4,72,XIZXYXYIXZ,ZXIYXYXZIX,0.0009765624999999985,10,-0.9999999999999998,-0.4,0.5999999999999998,-0.0009765624999999983,-0.0003906249999999994,0.0005859374999999988,0.5999999999999998,0.0005859374999999988,"{""0000000101"": 1, ""0000010000"": 1, ""0010100000"": 1, ""0010111110"": 1, ""1101011110"": 1, ""1101100110"": 1, ""1101101110"": 1, ""1101111011"": 1, ""1111011000"": 1, ""1111111011"": 1}"
373,019e10ef-2647-7a11-ab4c-e4eda33cfa65,4,73,XIZXYXYIYY,YYIYXYXZIX,0.0009765624999999985,10,-0.9999999999999998,-0.2,0.7999999999999998,-0.0009765624999999983,-0.0001953124999999997,0.0007812499999999985,0.7999999999999998,0.0007812499999999985,"{""0000100000"": 1, ""0010001000"": 1, ""0010001110"": 1, ""0010010101"": 1, ""0010101011"": 1, ""0010101110"": 1, ""0010110001"": 1, ""1101111101"": 1, ""1111001110"": 1, ""1111100110"": 1}"
374,019e10ef-2647-7a11-ab4c-e4eda33cfa65,4,74,XIZXYXYZII,IIZYXYXZIX,0.0009765624999999985,10,-0.9999999999999998,-0.6,0.3999999999999998,-0.0009765624999999983,-0.0005859374999999991,0.00039062499999999915,0.3999999999999998,0.00039062499999999915,"{""0000001011"": 1, ""0000100011"": 1, ""0010001000"": 1, ""0010101001"": 1, ""0010111100"": 1, ""1100011011"": 1, ""1101101000"": 1, ""1101111010"": 1, ""1111000011"": 1, ""1111101000"": 1}"
375,019e10ef-2647-7a11-ab4c-e4eda33cfa65,4,75,XIZXYXYZZX,XZZYXYXZIX,0.0009765624999999985,10,-0.9999999999999998,-0.2,0.7999999999999998,-0.0009765624999999983,-0.0001953124999999997,0.0007812499999999985,0.7999999999999998,0.0007812499999999985,"{""0000100100"": 1, ""0000101100"": 1, ""0000110110"": 1, ""0000111000"": 1, ""0010011011"": 1, ""0010111000"": 1, ""1101000000"": 1, ""1101001011"": 1, ""1101111000"": 1, ""1111101000"": 1}"
376,019e10ef-2647-7a11-ab4c-e4eda33cfa65,4,76,XIZXYYIXIX,XIXIYYXZIX,-0.0009765624999999985,10,0.9999999999999998,0.0,-0.9999999999999998,-0.0009765624999999983,-0.0,0.0009765624999999983,0.9999999999999998,0.0009765624999999983,"{""0000001100"": 1, ""0000111011"": 1, ""0010100111"": 1, ""0011001011"": 1, ""1010010111"": 1, ""1101011011"": 1, ""1111000000"": 1, ""1111001011"": 1, ""1111001100"": 1, ""1111010111"": 1}"
377,019e10ef-2647-7a11-ab4c-e4eda33cfa65,4,77,XIZXYYIXZI,IZXIYYXZIX,-0.0009765624999999985,10,0.9999999999999998,0.4,-0.5999999999999998,-0.0009765624999999983,-0.0003906249999999994,0.0005859374999999988,0.5999999999999998,0.0005859374999999988,"{""0000000001"": 1, ""0000101010"": 1, ""0010011011"": 1, ""0010100001"": 1, ""0010101100"": 1, ""1101000000"": 1, ""1101000100"": 1, ""1101011101"": 1, ""1101110111"": 1, ""1111100001"": 1}"
378,019e10ef-2647-7a11-ab4c-e4eda33cfa65,4,78,XIZXYYIYXY,YXYIYYXZIX,0.0009765624999999985,10,-0.9999999999999998,0.2,1.1999999999999997,-0.0009765624999999983,0.0001953124999999997,0.001171874999999998,1.1999999999999997,0.001171874999999998,"{""0000001101"": 1, ""0000101101"": 1, ""0000101110"": 1, ""0000111000"": 1, ""0111001101"": 1, ""1001011011"": 1, ""1100000111"": 1, ""1101000110"": 1, ""1101001101"": 1, ""1111001101"": 1}"
379,019e10ef-2647-7a11-ab4c-e4eda33cfa65,4,79,XIZXYYIYYZ,ZYYIYYXZIX,-0.0009765624999999985,10,0.9999999999999998,0.2,-0.7999999999999998,-0.0009765624999999983,-0.0001953124999999997,0.0007812499999999985,0.7999999999999998,0.0007812499999999985,"{""0000100011"": 1, ""0000100111"": 1, ""1101010000"": 1, ""1101101100"": 1, ""1101110110"": 1, ""1111000101"": 1, ""1111100000"": 1, ""1111101010"": 1, ""1111111100"": 1, ""1111111111"": 1}"
380,019e10ef-2647-7a11-ab4c-e4eda33cfa65,4,80,XIZXYYZIII,IIIZYYXZIX,-0.0009765624999999985,10,0.9999999999999998,0.6,-0.3999999999999998,-0.0009765624999999983,-0.0005859374999999991,0.00039062499999999915,0.3999999999999998,0.00039062499999999915,"{""0000110011"": 1, ""0000110100"": 1, ""0000110101"": 1, ""0010100001"": 1, ""1100110100"": 1, ""1101000000"": 1, ""1101011000"": 1, ""1101011111"": 1, ""1101100100"": 1, ""1101101100"": 1}"
381,019e10ef-2647-7a11-ab4c-e4eda33cfa65,4,81,XIZXYYZIZX,XZIZYYXZIX,-0.0009765624999999985,10,0.9999999999999998,0.0,-0.9999999999999998,-0.0009765624999999983,-0.0,0.0009765624999999983,0.9999999999999998,0.0009765624999999983,"{""0000100111"": 1, ""0010001011"": 1, ""0010010011"": 1, ""0010100111"": 1, ""0011100100"": 1, ""0101011111"": 1, ""1000101011"": 1, ""1101110111"": 1, ""1111001011"": 1, ""1111101111"": 1}"
382,019e10ef-2647-7a11-ab4c-e4eda33cfa65,4,82,XIZXYYZZXZ,ZXZZYYXZIX,-0.0009765624999999985,10,0.9999999999999998,0.8,-0.19999999999999973,-0.0009765624999999983,-0.0007812499999999989,0.00019531249999999941,0.19999999999999973,0.00019531249999999941,"{""0000101100"": 1, ""0000101110"": 1, ""0000110101"": 1, ""1101000110"": 1, ""1101110101"": 1, ""1111001000"": 1, ""1111001101"": 1, ""1111001110"": 1, ""1111010011"": 1, ""1111010110"": 1}"
383,019e10ef-2647-7a11-ab4c-e4eda33cfa65,4,83,XIZXYYZZYY,YYZZYYXZIX,-0.0009765624999999985,10,0.9999999999999998,0.6,-0.3999999999999998,-0.0009765624999999983,-0.0005859374999999991,0.00039062499999999915,0.3999999999999998,0.00039062499999999915,"{""0000000000"": 1, ""0000011011"": 1, ""1101011000"": 1, ""1101011011"": 1, ""1101101011"": 1, ""1111010010"": 1, ""1111010110"": 1, ""1111100001"": 1, ""1111100110"": 1, ""1111111101"": 1}"
384,019e10ef-2647-7a11-ab4c-e4eda33cfa65,4,84,XZIIIIIIII,IIIIIIIIZX,-0.0009765624999999985,10,0.9999999999999998,0.8,-0.19999999999999973,-0.0009765624999999983,-0.0007812499999999989,0.00019531249999999941,0.19999999999999973,0.00019531249999999941,"{""0000001000"": 1, ""0000100000"": 1, ""0010010111"": 1, ""0010011001"": 1, ""0010111100"": 1, ""0011000011"": 1, ""0011011110"": 1, ""1000000110"": 1, ""1100010100"": 1, ""1110110010"": 1}"
385,019e10ef-2647-7a11-ab4c-e4eda33cfa65,4,85,XZIIIIIIZX,XZIIIIIIZX,-0.0009765624999999985,10,0.9999999999999998,0.8,-0.19999999999999973,-0.0009765624999999983,-0.0007812499999999989,0.00019531249999999941,0.19999999999999973,0.00019531249999999941,"{""0000111010"": 1, ""0001100000"": 1, ""0001100111"": 1, ""0001101000"": 1, ""0010101011"": 1, ""0011001011"": 1, ""0011100000"": 1, ""1100000111"": 1, ""1101001100"": 1, ""1101111111"": 1}"
386,019e10ef-2647-7a11-ab4c-e4eda33cfa65,4,86,XZIIIIIZXZ,ZXZIIIIIZX,-0.0009765624999999985,10,0.9999999999999998,0.8,-0.19999999999999973,-0.0009765624999999983,-0.0007812499999999989,0.00019531249999999941,0.19999999999999973,0.00019531249999999941,"{""0000101101"": 1, ""0000111000"": 1, ""0001101101"": 1, ""0011000011"": 1, ""0011110011"": 1, ""0111000110"": 1, ""1111001110"": 1, ""1111011110"": 1, ""1111110101"": 1, ""1111110110"": 1}"
387,019e10ef-2647-7a11-ab4c-e4eda33cfa65,4,87,XZIIIIIZYY,YYZIIIIIZX,-0.0009765624999999985,10,0.9999999999999998,0.6,-0.3999999999999998,-0.0009765624999999983,-0.0005859374999999991,0.00039062499999999915,0.3999999999999998,0.00039062499999999915,"{""0001011111"": 1, ""0001100000"": 1, ""0010101011"": 1, ""0010110101"": 1, ""0010111011"": 1, ""0011000000"": 1, ""0011011101"": 1, ""1001110000"": 1, ""1100100000"": 1, ""1111001011"": 1}"
388,019e10ef-2647-7a11-ab4c-e4eda33cfa65,4,88,XZIIIIZXIX,XIXZIIIIZX,-0.0009765624999999985,10,0.9999999999999998,0.8,-0.19999999999999973,-0.0009765624999999983,-0.0007812499999999989,0.00019531249999999941,0.19999999999999973,0.00019531249999999941,"{""0000011011"": 1, ""0001011010"": 1, ""0001101100"": 1, ""0001111011"": 1, ""0010001011"": 1, ""0010010111"": 1, ""1100111011"": 1, ""1101111011"": 1, ""1110001011"": 1, ""1111011100"": 1}"
389,019e10ef-2647-7a11-ab4c-e4eda33cfa65,4,89,XZIIIIZXZI,IZXZIIIIZX,-0.0009765624999999985,10,0.9999999999999998,1.0,2.220446049250313e-16,-0.0009765624999999983,-0.0009765624999999985,-2.168404344971009e-19,2.220446049250313e-16,2.168404344971009e-19,"{""0001001011"": 1, ""0001010001"": 1, ""0001010110"": 1, ""0010001010"": 1, ""0010001101"": 1, ""0010111010"": 1, ""0011101101"": 1, ""1100110001"": 1, ""1101110000"": 1, ""1110101011"": 1}"
390,019e10ef-2647-7a11-ab4c-e4eda33cfa65,4,90,XZIIIIZYXY,YXYZIIIIZX,0.0009765624999999985,10,-0.9999999999999998,-0.6,0.3999999999999998,-0.0009765624999999983,-0.0005859374999999991,0.00039062499999999915,0.3999999999999998,0.00039062499999999915,"{""0000101000"": 1, ""0001010001"": 1, ""0010010000"": 1, ""0010010001"": 1, ""0011001101"": 1, ""0011011011"": 1, ""1100001111"": 1, ""1101100001"": 1, ""1110000001"": 1, ""1111011101"": 1}"
391,019e10ef-2647-7a11-ab4c-e4eda33cfa65,4,91,XZIIIIZYYZ,ZYYZIIIIZX,-0.0009765624999999985,10,0.9999999999999998,0.8,-0.19999999999999973,-0.0009765624999999983,-0.0007812499999999989,0.00019531249999999941,0.19999999999999973,0.00019531249999999941,"{""0001101100"": 1, ""0001111000"": 1, ""0010111001"": 1, ""0011101111"": 1, ""1100010110"": 1, ""1100100110"": 1, ""1110001010"": 1, ""1110001100"": 1, ""1111011001"": 1, ""1111111001"": 1}"
392,019e10ef-2647-7a11-ab4c-e4eda33cfa65,4,92,XZIIIZXIXZ,ZXIXZIIIZX,-0.0009765624999999985,10,0.9999999999999998,0.8,-0.19999999999999973,-0.0009765624999999983,-0.0007812499999999989,0.00019531249999999941,0.19999999999999973,0.00019531249999999941,"{""0001010110"": 1, ""0001100011"": 1, ""0010000011"": 1, ""0011010101"": 1, ""1100011011"": 1, ""1100101110"": 1, ""1101010110"": 1, ""1101100101"": 1, ""1110100011"": 1, ""1111001010"": 1}"
393,019e10ef-2647-7a11-ab4c-e4eda33cfa65,4,93,XZIIIZXIYY,YYIXZIIIZX,-0.0009765624999999985,10,0.9999999999999998,0.4,-0.5999999999999998,-0.0009765624999999983,-0.0003906249999999994,0.0005859374999999988,0.5999999999999998,0.0005859374999999988,"{""0001001101"": 1, ""0010010101"": 1, ""0011110110"": 2, ""1100101011"": 1, ""1101010010"": 1, ""1110001000"": 1, ""1111000000"": 1, ""1111001011"": 1, ""1111011000"": 1}"
394,019e10ef-2647-7a11-ab4c-e4eda33cfa65,4,94,XZIIIZXZII,IIZXZIIIZX,-0.0009765624999999985,10,0.9999999999999998,0.8,-0.19999999999999973,-0.0009765624999999983,-0.0007812499999999989,0.00019531249999999941,0.19999999999999973,0.00019531249999999941,"{""0000001111"": 1, ""0001101111"": 1, ""0010010010"": 1, ""0010101111"": 1, ""0010110111"": 1, ""0010111000"": 1, ""1101101110"": 1, ""1110000000"": 1, ""1111010100"": 1, ""1111010101"": 1}"
395,019e10ef-2647-7a11-ab4c-e4eda33cfa65,4,95,XZIIIZXZZX,XZZXZIIIZX,-0.0009765624999999985,10,0.9999999999999998,0.8,-0.19999999999999973,-0.0009765624999999983,-0.0007812499999999989,0.00019531249999999941,0.19999999999999973,0.00019531249999999941,"{""0000011000"": 1, ""0000101111"": 1, ""0001000000"": 1, ""0001101100"": 1, ""1100000011"": 1, ""1100010100"": 1, ""1110000011"": 1, ""1110001100"": 1, ""1111001100"": 1, ""1111011010"": 1}"
396,019e10ef-2647-7a11-ab4c-e4eda33cfa65,4,96,XZIIIZYXXY,YXXYZIIIZX,-0.0009765624999999985,10,0.9999999999999998,0.6,-0.3999999999999998,-0.0009765624999999983,-0.0005859374999999991,0.00039062499999999915,0.3999999999999998,0.00039062499999999915,"{""0001010011"": 1, ""0001101010"": 1, ""0010000011"": 1, ""1000000000"": 1, ""1100011011"": 1, ""1101001010"": 1, ""1101011110"": 1, ""1111001100"": 1, ""1111101010"": 1, ""1111111101"": 1}"
397,019e10ef-2647-7a11-ab4c-e4eda33cfa65,4,97,XZIIIZYXYZ,ZYXYZIIIZX,0.0009765624999999985,10,-0.9999999999999998,-0.4,0.5999999999999998,-0.0009765624999999983,-0.0003906249999999994,0.0005859374999999988,0.5999999999999998,0.0005859374999999988,"{""0001011000"": 1, ""0011101101"": 1, ""0011111010"": 1, ""1100101011"": 1, ""1100110110"": 1, ""1101101000"": 1, ""1110001011"": 1, ""1110001111"": 1, ""1111010110"": 1, ""1111100011"": 1}"
398,019e10ef-2647-7a11-ab4c-e4eda33cfa65,4,98,XZIIIZYYIX,XIYYZIIIZX,-0.0009765624999999985,10,0.9999999999999998,1.0,2.220446049250313e-16,-0.0009765624999999983,-0.0009765624999999985,-2.168404344971009e-19,2.220446049250313e-16,2.168404344971009e-19,"{""0010001100"": 1, ""0010010011"": 1, ""0010100000"": 1, ""0010100111"": 1, ""0011101100"": 1, ""1101010011"": 1, ""1110000111"": 1, ""1110101100"": 1, ""1111100111"": 1, ""1111111000"": 1}"
399,019e10ef-2647-7a11-ab4c-e4eda33cfa65,4,99,XZIIIZYYZI,IZYYZIIIZX,-0.0009765624999999985,10,0.9999999999999998,1.0,2.220446049250313e-16,-0.0009765624999999983,-0.0009765624999999985,-2.168404344971009e-19,2.220446049250313e-16,2.168404344971009e-19,"{""0000111001"": 1, ""0010001101"": 2, ""0011011111"": 2, ""1100001010"": 1, ""1110001010"": 1, ""1110001100"": 1, ""1111100110"": 1, ""1111101100"": 1}"
400,019e10ef-2ad2-7030-b7b9-c159a0604e77,5,0,XZIIZXIXIX,XIXIXZIIZX,-0.0009765624999999985,10,0.9999999999999998,0.8,-0.19999999999999973,-0.0009765624999999983,-0.0007812499999999989,0.00019531249999999941,0.19999999999999973,0.00019531249999999941,"{""0000101100"": 1, ""0011000000"": 1, ""0100011011"": 1, ""1100000000"": 1, ""1100110111"": 2, ""1101101011"": 1, ""1101110000"": 1, ""1110000000"": 1, ""1110110000"": 1}"
401,019e10ef-2ad2-7030-b7b9-c159a0604e77,5,1,XZIIZXIXZI,IZXIXZIIZX,-0.0009765624999999985,10,0.9999999999999998,0.8,-0.19999999999999973,-0.0009765624999999983,-0.0007812499999999989,0.00019531249999999941,0.19999999999999973,0.00019531249999999941,"{""0000011010"": 1, ""0010000001"": 1, ""0011101011"": 1, ""1101000110"": 1, ""1101000111"": 1, ""1101101100"": 1, ""1101101101"": 1, ""1101110000"": 1, ""1110101010"": 1, ""1111011001"": 1}"
402,019e10ef-2ad2-7030-b7b9-c159a0604e77,5,2,XZIIZXIYXY,YXYIXZIIZX,0.0009765624999999985,10,-0.9999999999999998,-0.8,0.19999999999999973,-0.0009765624999999983,-0.0007812499999999989,0.00019531249999999941,0.19999999999999973,0.00019531249999999941,"{""0000110100"": 1, ""0001101011"": 1, ""0001110111"": 1, ""0011011000"": 1, ""0011100010"": 1, ""0011110010"": 1, ""0011110100"": 1, ""1110000100"": 1, ""1110011101"": 1, ""1111110010"": 1}"
403,019e10ef-2ad2-7030-b7b9-c159a0604e77,5,3,XZIIZXIYYZ,ZYYIXZIIZX,-0.0009765624999999985,10,0.9999999999999998,0.8,-0.19999999999999973,-0.0009765624999999983,-0.0007812499999999989,0.00019531249999999941,0.19999999999999973,0.00019531249999999941,"{""0000101001"": 1, ""0001101010"": 1, ""0001101100"": 1, ""0010011010"": 1, ""0010011111"": 1, ""0011000110"": 1, ""0111110101"": 1, ""1110000011"": 1, ""1111000011"": 1, ""1111110101"": 1}"
404,019e10ef-2ad2-7030-b7b9-c159a0604e77,5,4,XZIIZXZIII,IIIZXZIIZX,-0.0009765624999999985,10,0.9999999999999998,1.0,2.220446049250313e-16,-0.0009765624999999983,-0.0009765624999999985,-2.168404344971009e-19,2.220446049250313e-16,2.168404344971009e-19,"{""0000000000"": 1, ""0001000000"": 1, ""1100101001"": 1, ""1100101110"": 1, ""1101000000"": 1, ""1101011010"": 1, ""1101110000"": 1, ""1101110110"": 1, ""1111011101"": 1, ""1111101011"": 1}"
405,019e10ef-2ad2-7030-b7b9-c159a0604e77,5,5,XZIIZXZIZX,XZIZXZIIZX,-0.0009765624999999985,10,0.9999999999999998,0.4,-0.5999999999999998,-0.0009765624999999983,-0.0003906249999999994,0.0005859374999999988,0.5999999999999998,0.0005859374999999988,"{""0010000111"": 1, ""0010110100"": 1, ""0011011000"": 1, ""0011011011"": 1, ""0011101000"": 1, ""0100101111"": 1, ""1100000000"": 1, ""1101011111"": 1, ""1110010100"": 2}"
406,019e10ef-2ad2-7030-b7b9-c159a0604e77,5,6,XZIIZXZZXZ,ZXZZXZIIZX,-0.0009765624999999985,10,0.9999999999999998,0.4,-0.5999999999999998,-0.0009765624999999983,-0.0003906249999999994,0.0005859374999999988,0.5999999999999998,0.0005859374999999988,"{""0000011110"": 1, ""0010011101"": 1, ""0010011110"": 1, ""0011000111"": 1, ""0011011011"": 1, ""0011110100"": 1, ""1100101101"": 1, ""1101011110"": 1, ""1101101000"": 1, ""1110101100"": 1}"
407,019e10ef-2ad2-7030-b7b9-c159a0604e77,5,7,XZIIZXZZYY,YYZZXZIIZX,-0.0009765624999999985,10,0.9999999999999998,0.4,-0.5999999999999998,-0.0009765624999999983,-0.0003906249999999994,0.0005859374999999988,0.5999999999999998,0.0005859374999999988,"{""0000110001"": 1, ""0000110101"": 1, ""0001000101"": 1, ""0010000110"": 1, ""0011011110"": 1, ""1100000000"": 1, ""1110010101"": 1, ""1111000000"": 1, ""1111110000"": 1, ""1111110001"": 1}"
408,019e10ef-2ad2-7030-b7b9-c159a0604e77,5,8,XZIIZYXXXY,YXXXYZIIZX,0.0009765624999999985,10,-0.9999999999999998,-0.4,0.5999999999999998,-0.0009765624999999983,-0.0003906249999999994,0.0005859374999999988,0.5999999999999998,0.0005859374999999988,"{""0001010010"": 1, ""0001101000"": 1, ""0010110100"": 1, ""0011110010"": 1, ""1100010110"": 1, ""1100011100"": 1, ""1101110000"": 1, ""1110000111"": 1, ""1110011010"": 1, ""1110111101"": 1}"
409,019e10ef-2ad2-7030-b7b9-c159a0604e77,5,9,XZIIZYXXYZ,ZYXXYZIIZX,-0.0009765624999999985,10,0.9999999999999998,1.0,2.220446049250313e-16,-0.0009765624999999983,-0.0009765624999999985,-2.168404344971009e-19,2.220446049250313e-16,2.168404344971009e-19,"{""0000000110"": 1, ""0000001100"": 1, ""0001101110"": 1, ""0001110000"": 1, ""0010000110"": 1, ""0011000011"": 1, ""0011011101"": 1, ""0011101101"": 1, ""1100100010"": 1, ""1110101011"": 1}"
410,019e10ef-2ad2-7030-b7b9-c159a0604e77,5,10,XZIIZYXYIX,XIYXYZIIZX,0.0009765624999999985,10,-0.9999999999999998,-0.4,0.5999999999999998,-0.0009765624999999983,-0.0003906249999999994,0.0005859374999999988,0.5999999999999998,0.0005859374999999988,"{""0001110011"": 1, ""0010011000"": 1, ""0010110010"": 1, ""0011110011"": 1, ""1101000100"": 1, ""1110001000"": 1, ""1110001111"": 1, ""1110010000"": 1, ""1110110011"": 1, ""1111101010"": 1}"
411,019e10ef-2ad2-7030-b7b9-c159a0604e77,5,11,XZIIZYXYZI,IZYXYZIIZX,0.0009765624999999985,10,-0.9999999999999998,-0.6,0.3999999999999998,-0.0009765624999999983,-0.0005859374999999991,0.00039062499999999915,0.3999999999999998,0.00039062499999999915,"{""0001001111"": 1, ""0010001111"": 1, ""0011100011"": 1, ""0011100110"": 1, ""1100010111"": 2, ""1100100001"": 1, ""1101101010"": 1, ""1110111011"": 1, ""1111001110"": 1}"
412,019e10ef-2ad2-7030-b7b9-c159a0604e77,5,12,XZIIZYYIXZ,ZXIYYZIIZX,-0.0009765624999999985,10,0.9999999999999998,0.2,-0.7999999999999998,-0.0009765624999999983,-0.0001953124999999997,0.0007812499999999985,0.7999999999999998,0.0007812499999999985,"{""0001011000"": 2, ""0010101110"": 1, ""0011010000"": 1, ""1100011000"": 1, ""1100011100"": 1, ""1100111100"": 1, ""1101000011"": 1, ""1101110011"": 1, ""1110111011"": 1}"
413,019e10ef-2ad2-7030-b7b9-c159a0604e77,5,13,XZIIZYYIYY,YYIYYZIIZX,-0.0009765624999999985,10,0.9999999999999998,0.4,-0.5999999999999998,-0.0009765624999999983,-0.0003906249999999994,0.0005859374999999988,0.5999999999999998,0.0005859374999999988,"{""0010100110"": 1, ""0010110110"": 1, ""0011001100"": 1, ""0011100110"": 2, ""0011111110"": 1, ""1100111101"": 1, ""1110101000"": 1, ""1110110011"": 1, ""1111101110"": 1}"
414,019e10ef-2ad2-7030-b7b9-c159a0604e77,5,14,XZIIZYYZII,IIZYYZIIZX,-0.0009765624999999985,10,0.9999999999999998,0.4,-0.5999999999999998,-0.0009765624999999983,-0.0003906249999999994,0.0005859374999999988,0.5999999999999998,0.0005859374999999988,"{""0000001110"": 1, ""0010001000"": 1, ""0010100110"": 1, ""0010110111"": 1, ""0011101000"": 1, ""1100000000"": 1, ""1110110001"": 1, ""1111001111"": 1, ""1111011111"": 1, ""1111110001"": 1}"
415,019e10ef-2ad2-7030-b7b9-c159a0604e77,5,15,XZIIZYYZZX,XZZYYZIIZX,-0.0009765624999999985,10,0.9999999999999998,0.8,-0.19999999999999973,-0.0009765624999999983,-0.0007812499999999989,0.00019531249999999941,0.19999999999999973,0.00019531249999999941,"{""0001011000"": 1, ""0001110000"": 1, ""0001111100"": 1, ""0011001100"": 1, ""1100000000"": 1, ""1100001100"": 1, ""1100110011"": 1, ""1101011011"": 1, ""1101111110"": 1, ""1111101011"": 1}"
416,019e10ef-2ad2-7030-b7b9-c159a0604e77,5,16,XZXXIXIXIX,XIXIXIXXZX,-0.0009765624999999985,10,0.9999999999999998,0.6,-0.3999999999999998,-0.0009765624999999983,-0.0005859374999999991,0.00039062499999999915,0.3999999999999998,0.00039062499999999915,"{""0000000000"": 2, ""0010101100"": 1, ""0010110000"": 1, ""0010111011"": 1, ""0101101011"": 1, ""1101101100"": 1, ""1101110101"": 1, ""1111000000"": 1, ""1111011011"": 1}"
417,019e10ef-2ad2-7030-b7b9-c159a0604e77,5,17,XZXXIXIXZI,IZXIXIXXZX,-0.0009765624999999985,10,0.9999999999999998,0.8,-0.19999999999999973,-0.0009765624999999983,-0.0007812499999999989,0.00019531249999999941,0.19999999999999973,0.00019531249999999941,"{""0000000110"": 1, ""0000011010"": 1, ""0000011011"": 1, ""0010100001"": 1, ""0010101011"": 1, ""1111000000"": 2, ""1111000111"": 1, ""1111011011"": 1, ""1111011101"": 1}"
418,019e10ef-2ad2-7030-b7b9-c159a0604e77,5,18,XZXXIXIYXY,YXYIXIXXZX,0.0009765624999999985,10,-0.9999999999999998,0.0,0.9999999999999998,-0.0009765624999999983,0.0,0.0009765624999999983,0.9999999999999998,0.0009765624999999983,"{""0000000100"": 1, ""0000000111"": 1, ""0010111011"": 1, ""1010101000"": 1, ""1101101100"": 1, ""1101110101"": 1, ""1101110111"": 1, ""1111010001"": 1, ""1111011011"": 2}"
419,019e10ef-2ad2-7030-b7b9-c159a0604e77,5,19,XZXXIXIYYZ,ZYYIXIXXZX,-0.0009765624999999985,10,0.9999999999999998,0.8,-0.19999999999999973,-0.0009765624999999983,-0.0007812499999999989,0.00019531249999999941,0.19999999999999973,0.00019531249999999941,"{""0000000101"": 1, ""0010101010"": 1, ""0010101100"": 1, ""0010110000"": 1, ""0010110011"": 1, ""0101110110"": 1, ""1101101001"": 1, ""1101101111"": 1, ""1101110011"": 1, ""1111011111"": 1}"
420,019e10ef-2ad2-7030-b7b9-c159a0604e77,5,20,XZXXIXZIII,IIIZXIXXZX,-0.0009765624999999985,10,0.9999999999999998,0.8,-0.19999999999999973,-0.0009765624999999983,-0.0007812499999999989,0.00019531249999999941,0.19999999999999973,0.00019531249999999941,"{""0000000101"": 1, ""0000000111"": 1, ""0000010011"": 1, ""0010101100"": 1, ""0010110111"": 1, ""1101101000"": 1, ""1101101101"": 1, ""1101110011"": 1, ""1101110101"": 1, ""1111000111"": 1}"
421,019e10ef-2ad2-7030-b7b9-c159a0604e77,5,21,XZXXIXZIZX,XZIZXIXXZX,-0.0009765624999999985,10,0.9999999999999998,0.6,-0.3999999999999998,-0.0009765624999999983,-0.0005859374999999991,0.00039062499999999915,0.3999999999999998,0.00039062499999999915,"{""0000000000"": 1, ""0000000011"": 1, ""0001011011"": 1, ""0010101011"": 1, ""1100101100"": 1, ""1101101000"": 1, ""1101101011"": 1, ""1101110100"": 2, ""1111011011"": 1}"
422,019e10ef-2ad2-7030-b7b9-c159a0604e77,5,22,XZXXIXZZXZ,ZXZZXIXXZX,-0.0009765624999999985,10,0.9999999999999998,0.6,-0.3999999999999998,-0.0009765624999999983,-0.0005859374999999991,0.00039062499999999915,0.3999999999999998,0.00039062499999999915,"{""0000011011"": 1, ""0000011110"": 1, ""1100110011"": 1, ""1101101110"": 1, ""1101110110"": 1, ""1101110111"": 1, ""1111000101"": 1, ""1111011011"": 2, ""1111011110"": 1}"
423,019e10ef-2ad2-7030-b7b9-c159a0604e77,5,23,XZXXIXZZYY,YYZZXIXXZX,-0.0009765624999999985,10,0.9999999999999998,0.4,-0.5999999999999998,-0.0009765624999999983,-0.0003906249999999994,0.0005859374999999988,0.5999999999999998,0.0005859374999999988,"{""0000011101"": 1, ""0010101110"": 1, ""0010110000"": 1, ""0101110000"": 1, ""1101100101"": 1, ""1101101011"": 1, ""1101110101"": 1, ""1111000000"": 1, ""1111010101"": 1, ""1111011110"": 1}"
424,019e10ef-2ad2-7030-b7b9-c159a0604e77,5,24,XZXXIYXXXY,YXXXYIXXZX,0.0009765624999999985,10,-0.9999999999999998,-1.0,-2.220446049250313e-16,-0.0009765624999999983,-0.0009765624999999985,-2.168404344971009e-19,2.220446049250313e-16,2.168404344971009e-19,"{""0000000100"": 1, ""0000001101"": 1, ""0000001110"": 1, ""0000010011"": 1, ""0010100101"": 1, ""0010111101"": 1, ""1111000001"": 1, ""1111001101"": 1, ""1111010011"": 1, ""1111011010"": 1}"
425,019e10ef-2ad2-7030-b7b9-c159a0604e77,5,25,XZXXIYXXYZ,ZYXXYIXXZX,-0.0009765624999999985,10,0.9999999999999998,0.6,-0.3999999999999998,-0.0009765624999999983,-0.0005859374999999991,0.00039062499999999915,0.3999999999999998,0.00039062499999999915,"{""0000000000"": 1, ""0000000011"": 1, ""0000010100"": 1, ""0010110010"": 1, ""0010110110"": 1, ""0010111001"": 1, ""1101100111"": 2, ""1101101000"": 1, ""1111010000"": 1}"
426,019e10ef-2ad2-7030-b7b9-c159a0604e77,5,26,XZXXIYXYIX,XIYXYIXXZX,0.0009765624999999985,10,-0.9999999999999998,-0.4,0.5999999999999998,-0.0009765624999999983,-0.0003906249999999994,0.0005859374999999988,0.5999999999999998,0.0005859374999999988,"{""0000000100"": 1, ""0000010000"": 1, ""0011100000"": 1, ""1000011100"": 1, ""1101100111"": 1, ""1101101011"": 2, ""1101110000"": 1, ""1101111000"": 1, ""1111010111"": 1}"
427,019e10ef-2ad2-7030-b7b9-c159a0604e77,5,27,XZXXIYXYZI,IZYXYIXXZX,0.0009765624999999985,10,-0.9999999999999998,-0.4,0.5999999999999998,-0.0009765624999999983,-0.0003906249999999994,0.0005859374999999988,0.5999999999999998,0.0005859374999999988,"{""0000110010"": 1, ""1101100001"": 1, ""1101100101"": 1, ""1101110011"": 1, ""1101110100"": 1, ""1111000010"": 1, ""1111000101"": 1, ""1111010000"": 1, ""1111010010"": 1, ""1111011101"": 1}"
428,019e10ef-2ad2-7030-b7b9-c159a0604e77,5,28,XZXXIYYIXZ,ZXIYYIXXZX,-0.0009765624999999985,10,0.9999999999999998,0.8,-0.19999999999999973,-0.0009765624999999983,-0.0007812499999999989,0.00019531249999999941,0.19999999999999973,0.00019531249999999941,"{""0000001100"": 1, ""0000011000"": 1, ""0000011011"": 1, ""1101100101"": 2, ""1101101000"": 1, ""1101111110"": 2, ""1111000000"": 1, ""1111010110"": 1}"
429,019e10ef-2ad2-7030-b7b9-c159a0604e77,5,29,XZXXIYYIYY,YYIYYIXXZX,-0.0009765624999999985,10,0.9999999999999998,0.8,-0.19999999999999973,-0.0009765624999999983,-0.0007812499999999989,0.00019531249999999941,0.19999999999999973,0.00019531249999999941,"{""0000010110"": 1, ""0010100101"": 1, ""0010100110"": 2, ""0010110101"": 1, ""0010111110"": 1, ""1101100110"": 1, ""1101110000"": 1, ""1111000000"": 1, ""1111001110"": 1}"
430,019e10ef-2ad2-7030-b7b9-c159a0604e77,5,30,XZXXIYYZII,IIZYYIXXZX,-0.0009765624999999985,10,0.9999999999999998,0.6,-0.3999999999999998,-0.0009765624999999983,-0.0005859374999999991,0.00039062499999999915,0.3999999999999998,0.00039062499999999915,"{""0000000011"": 1, ""0000010101"": 1, ""0000010110"": 1, ""0010001110"": 1, ""0010100101"": 1, ""0010110001"": 2, ""1101110011"": 1, ""1111001011"": 1, ""1111001110"": 1}"
431,019e10ef-2ad2-7030-b7b9-c159a0604e77,5,31,XZXXIYYZZX,XZZYYIXXZX,-0.0009765624999999985,10,0.9999999999999998,1.0,2.220446049250313e-16,-0.0009765624999999983,-0.0009765624999999985,-2.168404344971009e-19,2.220446049250313e-16,2.168404344971009e-19,"{""0010100100"": 1, ""0010101011"": 1, ""0010110000"": 1, ""0010111100"": 2, ""1101100100"": 1, ""1101101011"": 1, ""1101110011"": 1, ""1111000000"": 1, ""1111000011"": 1}"
432,019e10ef-2ad2-7030-b7b9-c159a0604e77,5,32,XZXXZIIIII,IIIIIZXXZX,-0.0009765624999999985,10,0.9999999999999998,1.0,2.220446049250313e-16,-0.0009765624999999983,-0.0009765624999999985,-2.168404344971009e-19,2.220446049250313e-16,2.168404344971009e-19,"{""0000001010"": 1, ""0000001111"": 1, ""0000010101"": 1, ""0000011010"": 1, ""0010101100"": 1, ""1101100101"": 1, ""1101110000"": 1, ""1101111001"": 1, ""1111010100"": 1, ""1111010111"": 1}"
433,019e10ef-2ad2-7030-b7b9-c159a0604e77,5,33,XZXXZIIIZX,XZIIIZXXZX,-0.0009765624999999985,10,0.9999999999999998,1.0,2.220446049250313e-16,-0.0009765624999999983,-0.0009765624999999985,-2.168404344971009e-19,2.220446049250313e-16,2.168404344971009e-19,"{""0000000100"": 1, ""0010101000"": 1, ""0010101100"": 1, ""0010111011"": 1, ""0011010011"": 1, ""1101111111"": 1, ""1111001011"": 1, ""1111010000"": 1, ""1111010111"": 1, ""1111011011"": 1}"
434,019e10ef-2ad2-7030-b7b9-c159a0604e77,5,34,XZXXZIIZXZ,ZXZIIZXXZX,-0.0009765624999999985,10,0.9999999999999998,0.8,-0.19999999999999973,-0.0009765624999999983,-0.0007812499999999989,0.00019531249999999941,0.19999999999999973,0.00019531249999999941,"{""0000000101"": 1, ""0000010101"": 1, ""0010100101"": 1, ""0010101011"": 1, ""0010110110"": 1, ""1101000110"": 1, ""1101101110"": 1, ""1111010011"": 1, ""1111011101"": 1, ""1111011110"": 1}"
435,019e10ef-2ad2-7030-b7b9-c159a0604e77,5,35,XZXXZIIZYY,YYZIIZXXZX,-0.0009765624999999985,10,0.9999999999999998,1.0,2.220446049250313e-16,-0.0009765624999999983,-0.0009765624999999985,-2.168404344971009e-19,2.220446049250313e-16,2.168404344971009e-19,"{""0000011011"": 1, ""0010101011"": 1, ""0010111101"": 1, ""1101100000"": 1, ""1101101000"": 1, ""1101110000"": 1, ""1101110011"": 1, ""1101111011"": 1, ""1101111101"": 1, ""1111001110"": 1}"
436,019e10ef-2ad2-7030-b7b9-c159a0604e77,5,36,XZXXZIZXIX,XIXZIZXXZX,-0.0009765624999999985,10,0.9999999999999998,0.4,-0.5999999999999998,-0.0009765624999999983,-0.0003906249999999994,0.0005859374999999988,0.5999999999999998,0.0005859374999999988,"{""0000010100"": 1, ""0000011100"": 1, ""0001001100"": 1, ""0010101100"": 1, ""0010111011"": 1, ""1010101011"": 1, ""1101100000"": 1, ""1101110000"": 1, ""1101110111"": 1, ""1111000000"": 1}"
437,019e10ef-2ad2-7030-b7b9-c159a0604e77,5,37,XZXXZIZXZI,IZXZIZXXZX,-0.0009765624999999985,10,0.9999999999999998,0.6,-0.3999999999999998,-0.0009765624999999983,-0.0005859374999999991,0.00039062499999999915,0.3999999999999998,0.00039062499999999915,"{""0010100110"": 2, ""0010110110"": 1, ""0010110111"": 1, ""1101111011"": 1, ""1111000010"": 1, ""1111000110"": 1, ""1111001011"": 1, ""1111010001"": 1, ""1111111100"": 1}"
438,019e10ef-2ad2-7030-b7b9-c159a0604e77,5,38,XZXXZIZYXY,YXYZIZXXZX,0.0009765624999999985,10,-0.9999999999999998,-0.4,0.5999999999999998,-0.0009765624999999983,-0.0003906249999999994,0.0005859374999999988,0.5999999999999998,0.0005859374999999988,"{""0000010100"": 1, ""0010100111"": 1, ""0010101001"": 1, ""0010101101"": 1, ""0010110111"": 1, ""0111010100"": 1, ""1101110000"": 1, ""1111001101"": 1, ""1111010001"": 1, ""1111011000"": 1}"
439,019e10ef-2ad2-7030-b7b9-c159a0604e77,5,39,XZXXZIZYYZ,ZYYZIZXXZX,-0.0009765624999999985,10,0.9999999999999998,0.4,-0.5999999999999998,-0.0009765624999999983,-0.0003906249999999994,0.0005859374999999988,0.5999999999999998,0.0005859374999999988,"{""0000001010"": 1, ""0000010010"": 1, ""0010110110"": 1, ""0010111001"": 1, ""0010111111"": 1, ""1100100011"": 1, ""1101100110"": 1, ""1101110101"": 1, ""1111000001"": 1, ""1111011001"": 1}"
440,019e10ef-2ad2-7030-b7b9-c159a0604e77,5,40,XZXXZZXIXZ,ZXIXZZXXZX,-0.0009765624999999985,10,0.9999999999999998,0.4,-0.5999999999999998,-0.0009765624999999983,-0.0003906249999999994,0.0005859374999999988,0.5999999999999998,0.0005859374999999988,"{""0000000001"": 1, ""0000000011"": 1, ""0000010110"": 1, ""0000011000"": 1, ""0010110110"": 1, ""1101100000"": 1, ""1101101110"": 1, ""1101110111"": 1, ""1110001110"": 1, ""1111010110"": 1}"
441,019e10ef-2ad2-7030-b7b9-c159a0604e77,5,41,XZXXZZXIYY,YYIXZZXXZX,-0.0009765624999999985,10,0.9999999999999998,0.4,-0.5999999999999998,-0.0009765624999999983,-0.0003906249999999994,0.0005859374999999988,0.5999999999999998,0.0005859374999999988,"{""0000000000"": 1, ""0000001101"": 1, ""0010100101"": 1, ""1011010101"": 1, ""1101110110"": 1, ""1111000011"": 1, ""1111010110"": 2, ""1111011001"": 1, ""1111011011"": 1}"
442,019e10ef-2ad2-7030-b7b9-c159a0604e77,5,42,XZXXZZXZII,IIZXZZXXZX,-0.0009765624999999985,10,0.9999999999999998,0.4,-0.5999999999999998,-0.0009765624999999983,-0.0003906249999999994,0.0005859374999999988,0.5999999999999998,0.0005859374999999988,"{""0000011000"": 1, ""0000011010"": 1, ""0010110111"": 1, ""0111000001"": 1, ""1100111001"": 1, ""1101001100"": 1, ""1101101110"": 1, ""1101110111"": 1, ""1111000010"": 1, ""1111001110"": 1}"
443,019e10ef-2ad2-7030-b7b9-c159a0604e77,5,43,XZXXZZXZZX,XZZXZZXXZX,-0.0009765624999999985,10,0.9999999999999998,0.6,-0.3999999999999998,-0.0009765624999999983,-0.0005859374999999991,0.00039062499999999915,0.3999999999999998,0.00039062499999999915,"{""0000000001"": 1, ""0000001011"": 1, ""0010101100"": 1, ""0010110100"": 1, ""0010110111"": 1, ""0011100111"": 1, ""1111000000"": 3, ""1111011000"": 1}"
444,019e10ef-2ad2-7030-b7b9-c159a0604e77,5,44,XZXXZZYXXY,YXXYZZXXZX,-0.0009765624999999985,10,0.9999999999999998,0.8,-0.19999999999999973,-0.0009765624999999983,-0.0007812499999999989,0.00019531249999999941,0.19999999999999973,0.00019531249999999941,"{""0000000010"": 1, ""0000001100"": 1, ""0000010010"": 1, ""0000011000"": 1, ""0010100110"": 1, ""0010101010"": 1, ""0010110111"": 1, ""1111001010"": 1, ""1111010001"": 1, ""1111011000"": 1}"
445,019e10ef-2ad2-7030-b7b9-c159a0604e77,5,45,XZXXZZYXYZ,ZYXYZZXXZX,0.0009765624999999985,10,-0.9999999999999998,-0.6,0.3999999999999998,-0.0009765624999999983,-0.0005859374999999991,0.00039062499999999915,0.3999999999999998,0.00039062499999999915,"{""0000010000"": 1, ""0000010011"": 1, ""0000011001"": 1, ""0000011100"": 1, ""0010101010"": 1, ""0010111111"": 1, ""1100101000"": 1, ""1101101110"": 1, ""1111000100"": 1, ""1111001011"": 1}"
446,019e10ef-2ad2-7030-b7b9-c159a0604e77,5,46,XZXXZZYYIX,XIYYZZXXZX,-0.0009765624999999985,10,0.9999999999999998,0.6,-0.3999999999999998,-0.0009765624999999983,-0.0005859374999999991,0.00039062499999999915,0.3999999999999998,0.00039062499999999915,"{""0000000000"": 1, ""0000000110"": 1, ""0000001000"": 1, ""0000011111"": 1, ""0010101011"": 2, ""1101101100"": 1, ""1101110011"": 1, ""1111001100"": 1, ""1111011000"": 1}"
447,019e10ef-2ad2-7030-b7b9-c159a0604e77,5,47,XZXXZZYYZI,IZYYZZXXZX,-0.0009765624999999985,10,0.9999999999999998,0.8,-0.19999999999999973,-0.0009765624999999983,-0.0007812499999999989,0.00019531249999999941,0.19999999999999973,0.00019531249999999941,"{""0000001010"": 1, ""0000001101"": 1, ""0000010011"": 1, ""0010100001"": 1, ""0010110111"": 1, ""1101100110"": 1, ""1101101101"": 1, ""1111001011"": 1, ""1111001101"": 1, ""1111011110"": 1}"
448,019e10ef-2ad2-7030-b7b9-c159a0604e77,5,48,XZYXXXXXXY,YXXXXXXYZX,0.0009765624999999985,10,-0.9999999999999998,-0.4,0.5999999999999998,-0.0009765624999999983,-0.0003906249999999994,0.0005859374999999988,0.5999999999999998,0.0005859374999999988,"{""0000000111"": 1, ""0000010110"": 1, ""0010000101"": 1, ""0010111011"": 2, ""1101001010"": 1, ""1101110000"": 1, ""1110000101"": 1, ""1110110100"": 1, ""1111011111"": 1}"
449,019e10ef-2ad2-7030-b7b9-c159a0604e77,5,49,XZYXXXXXYZ,ZYXXXXXYZX,-0.0009765624999999985,10,0.9999999999999998,0.2,-0.7999999999999998,-0.0009765624999999983,-0.0001953124999999997,0.0007812499999999985,0.7999999999999998,0.0007812499999999985,"{""0000101011"": 1, ""0000111001"": 1, ""0010000011"": 1, ""0011101001"": 1, ""1101001011"": 1, ""1101011111"": 1, ""1101101111"": 1, ""1111000010"": 1, ""1111001010"": 1, ""1111101010"": 1}"
450,019e10ef-2ad2-7030-b7b9-c159a0604e77,5,50,XZYXXXXYIX,XIYXXXXYZX,0.0009765624999999985,10,-0.9999999999999998,-0.6,0.3999999999999998,-0.0009765624999999983,-0.0005859374999999991,0.00039062499999999915,0.3999999999999998,0.00039062499999999915,"{""0000010000"": 1, ""0010010011"": 1, ""0010101000"": 1, ""0010111011"": 1, ""1000010111"": 1, ""1101101111"": 1, ""1101110000"": 1, ""1101110111"": 1, ""1111101000"": 1, ""1111111111"": 1}"
451,019e10ef-2ad2-7030-b7b9-c159a0604e77,5,51,XZYXXXXYZI,IZYXXXXYZX,0.0009765624999999985,10,-0.9999999999999998,-0.6,0.3999999999999998,-0.0009765624999999983,-0.0005859374999999991,0.00039062499999999915,0.3999999999999998,0.00039062499999999915,"{""0000001011"": 1, ""0000111001"": 1, ""0010010100"": 1, ""0010101110"": 1, ""1101011000"": 1, ""1111000010"": 1, ""1111001001"": 1, ""1111001101"": 1, ""1111010001"": 1, ""1111110011"": 1}"
452,019e10ef-2ad2-7030-b7b9-c159a0604e77,5,52,XZYXXXYIXZ,ZXIYXXXYZX,-0.0009765624999999985,10,0.9999999999999998,0.2,-0.7999999999999998,-0.0009765624999999983,-0.0001953124999999997,0.0007812499999999985,0.7999999999999998,0.0007812499999999985,"{""0010001011"": 1, ""0010010011"": 1, ""0010101110"": 1, ""0010110110"": 1, ""0010111000"": 1, ""0011111011"": 1, ""0111010110"": 1, ""1101100101"": 1, ""1101101101"": 1, ""1101110100"": 1}"
453,019e10ef-2ad2-7030-b7b9-c159a0604e77,5,53,XZYXXXYIYY,YYIYXXXYZX,-0.0009765624999999985,10,0.9999999999999998,1.0,2.220446049250313e-16,-0.0009765624999999983,-0.0009765624999999985,-2.168404344971009e-19,2.220446049250313e-16,2.168404344971009e-19,"{""0000001101"": 1, ""0000011000"": 1, ""0000110000"": 1, ""0010010011"": 1, ""0010110110"": 1, ""1101110101"": 1, ""1101110110"": 1, ""1110110101"": 1, ""1111011011"": 1, ""1111101000"": 1}"
454,019e10ef-2ad2-7030-b7b9-c159a0604e77,5,54,XZYXXXYZII,IIZYXXXYZX,-0.0009765624999999985,10,0.9999999999999998,0.6,-0.3999999999999998,-0.0009765624999999983,-0.0005859374999999991,0.00039062499999999915,0.3999999999999998,0.00039062499999999915,"{""0000001100"": 1, ""0010000010"": 1, ""0010000101"": 1, ""0010000111"": 1, ""0010110000"": 1, ""0010110101"": 1, ""0010111001"": 1, ""1101111000"": 1, ""1111010110"": 1, ""1111110011"": 1}"
455,019e10ef-2ad2-7030-b7b9-c159a0604e77,5,55,XZYXXXYZZX,XZZYXXXYZX,-0.0009765624999999985,10,0.9999999999999998,0.6,-0.3999999999999998,-0.0009765624999999983,-0.0005859374999999991,0.00039062499999999915,0.3999999999999998,0.00039062499999999915,"{""0000000001"": 1, ""0000010100"": 1, ""0000011000"": 1, ""0010011111"": 1, ""0010100011"": 1, ""0010110100"": 1, ""0101001111"": 1, ""1101011100"": 1, ""1101110000"": 1, ""1111111111"": 1}"
456,019e10ef-2ad2-7030-b7b9-c159a0604e77,5,56,XZYXXYIXIX,XIXIYXXYZX,0.0009765624999999985,10,-0.9999999999999998,-0.6,0.3999999999999998,-0.0009765624999999983,-0.0005859374999999991,0.00039062499999999915,0.3999999999999998,0.00039062499999999915,"{""0000001011"": 1, ""0000011100"": 1, ""0010010000"": 1, ""0010011100"": 1, ""0010101011"": 1, ""1011101100"": 1, ""1101000000"": 1, ""1101000111"": 1, ""1101011100"": 1, ""1111001100"": 1}"
457,019e10ef-2ad2-7030-b7b9-c159a0604e77,5,57,XZYXXYIXZI,IZXIYXXYZX,0.0009765624999999985,10,-0.9999999999999998,-1.0,-2.220446049250313e-16,-0.0009765624999999983,-0.0009765624999999985,-2.168404344971009e-19,2.220446049250313e-16,2.168404344971009e-19,"{""0000010001"": 1, ""0000100111"": 1, ""0010011011"": 1, ""0010011100"": 1, ""0010110000"": 1, ""0010110110"": 1, ""1101011010"": 1, ""1101101011"": 1, ""1111010001"": 1, ""1111100110"": 1}"
458,019e10ef-2ad2-7030-b7b9-c159a0604e77,5,58,XZYXXYIYXY,YXYIYXXYZX,-0.0009765624999999985,10,0.9999999999999998,0.4,-0.5999999999999998,-0.0009765624999999983,-0.0003906249999999994,0.0005859374999999988,0.5999999999999998,0.0005859374999999988,"{""0000100010"": 1, ""0000100100"": 1, ""0000111010"": 1, ""0010000111"": 1, ""0010101110"": 1, ""1100110001"": 1, ""1111001011"": 1, ""1111100100"": 1, ""1111111001"": 1, ""1111111011"": 1}"
459,019e10ef-2ad2-7030-b7b9-c159a0604e77,5,59,XZYXXYIYYZ,ZYYIYXXYZX,0.0009765624999999985,10,-0.9999999999999998,-0.6,0.3999999999999998,-0.0009765624999999983,-0.0005859374999999991,0.00039062499999999915,0.3999999999999998,0.00039062499999999915,"{""0000100011"": 1, ""0000101100"": 1, ""0010000011"": 1, ""0010101100"": 2, ""0010110101"": 1, ""0010111010"": 1, ""1111001100"": 1, ""1111100000"": 1, ""1111111100"": 1}"
460,019e10ef-2ad2-7030-b7b9-c159a0604e77,5,60,XZYXXYZIII,IIIZYXXYZX,0.0009765624999999985,10,-0.9999999999999998,-0.8,0.19999999999999973,-0.0009765624999999983,-0.0007812499999999989,0.00019531249999999941,0.19999999999999973,0.00019531249999999941,"{""0000001011"": 1, ""0000010000"": 1, ""0000010010"": 1, ""0010111110"": 1, ""1101000011"": 1, ""1101000110"": 1, ""1101000111"": 1, ""1101011110"": 1, ""1101101001"": 1, ""1101110110"": 1}"
461,019e10ef-2ad2-7030-b7b9-c159a0604e77,5,61,XZYXXYZIZX,XZIZYXXYZX,0.0009765624999999985,10,-0.9999999999999998,-0.6,0.3999999999999998,-0.0009765624999999983,-0.0005859374999999991,0.00039062499999999915,0.3999999999999998,0.00039062499999999915,"{""0000111100"": 1, ""0010011111"": 2, ""1100000111"": 1, ""1101011100"": 1, ""1111001000"": 1, ""1111010000"": 2, ""1111101100"": 1, ""1111111011"": 1}"
462,019e10ef-2ad2-7030-b7b9-c159a0604e77,5,62,XZYXXYZZXZ,ZXZZYXXYZX,0.0009765624999999985,10,-0.9999999999999998,0.2,1.1999999999999997,-0.0009765624999999983,0.0001953124999999997,0.001171874999999998,1.1999999999999997,0.001171874999999998,"{""0000001101"": 1, ""0000001110"": 1, ""0000001111"": 1, ""0001000001"": 1, ""0010110110"": 1, ""1101010000"": 1, ""1101111000"": 1, ""1111010000"": 1, ""1111111001"": 1, ""1111111010"": 1}"
463,019e10ef-2ad2-7030-b7b9-c159a0604e77,5,63,XZYXXYZZYY,YYZZYXXYZX,0.0009765624999999985,10,-0.9999999999999998,-0.4,0.5999999999999998,-0.0009765624999999983,-0.0003906249999999994,0.0005859374999999988,0.5999999999999998,0.0005859374999999988,"{""0000001000"": 1, ""0000100101"": 1, ""0010011110"": 1, ""0011000011"": 1, ""0011110011"": 1, ""1000010000"": 1, ""1101011000"": 1, ""1101101110"": 1, ""1111001000"": 1, ""1111100011"": 1}"
464,019e10ef-2ad2-7030-b7b9-c159a0604e77,5,64,XZYXYIXIXZ,ZXIXIYXYZX,-0.0009765624999999985,10,0.9999999999999998,0.2,-0.7999999999999998,-0.0009765624999999983,-0.0001953124999999997,0.0007812499999999985,0.7999999999999998,0.0007812499999999985,"{""0000110101"": 1, ""0010010101"": 1, ""0010010110"": 1, ""0010011000"": 1, ""0010101110"": 1, ""1101011011"": 1, ""1110000000"": 1, ""1111010110"": 2, ""1111111101"": 1}"
465,019e10ef-2ad2-7030-b7b9-c159a0604e77,5,65,XZYXYIXIYY,YYIXIYXYZX,-0.0009765624999999985,10,0.9999999999999998,0.4,-0.5999999999999998,-0.0009765624999999983,-0.0003906249999999994,0.0005859374999999988,0.5999999999999998,0.0005859374999999988,"{""0000111011"": 1, ""0010010101"": 1, ""0010010110"": 1, ""0010010111"": 1, ""0010011011"": 1, ""0010100000"": 1, ""0010100101"": 1, ""0010101101"": 1, ""0101101110"": 1, ""1111111011"": 1}"
466,019e10ef-2ad2-7030-b7b9-c159a0604e77,5,66,XZYXYIXZII,IIZXIYXYZX,-0.0009765624999999985,10,0.9999999999999998,0.6,-0.3999999999999998,-0.0009765624999999983,-0.0005859374999999991,0.00039062499999999915,0.3999999999999998,0.00039062499999999915,"{""0000000011"": 1, ""0010001001"": 1, ""0010011011"": 1, ""1010010110"": 1, ""1101010100"": 1, ""1101011001"": 1, ""1111000000"": 1, ""1111000001"": 1, ""1111011001"": 1, ""1111111010"": 1}"
467,019e10ef-2ad2-7030-b7b9-c159a0604e77,5,67,XZYXYIXZZX,XZZXIYXYZX,-0.0009765624999999985,10,0.9999999999999998,0.4,-0.5999999999999998,-0.0009765624999999983,-0.0003906249999999994,0.0005859374999999988,0.5999999999999998,0.0005859374999999988,"{""0010011000"": 1, ""0010100011"": 1, ""0010101100"": 1, ""0011001100"": 1, ""1101010100"": 2, ""1101101011"": 1, ""1111000100"": 1, ""1111100111"": 1, ""1111110011"": 1}"
468,019e10ef-2ad2-7030-b7b9-c159a0604e77,5,68,XZYXYIYXXY,YXXYIYXYZX,-0.0009765624999999985,10,0.9999999999999998,0.8,-0.19999999999999973,-0.0009765624999999983,-0.0007812499999999989,0.00019531249999999941,0.19999999999999973,0.00019531249999999941,"{""0010010010"": 1, ""0010010100"": 1, ""0010011110"": 1, ""1101011000"": 1, ""1101100101"": 1, ""1111000011"": 1, ""1111001001"": 1, ""1111110000"": 1, ""1111110001"": 1, ""1111110100"": 1}"
469,019e10ef-2ad2-7030-b7b9-c159a0604e77,5,69,XZYXYIYXYZ,ZYXYIYXYZX,0.0009765624999999985,10,-0.9999999999999998,-0.4,0.5999999999999998,-0.0009765624999999983,-0.0003906249999999994,0.0005859374999999988,0.5999999999999998,0.0005859374999999988,"{""0000011000"": 1, ""0000100111"": 1, ""0000110101"": 1, ""0010010110"": 1, ""0010101011"": 1, ""1101100000"": 1, ""1101100111"": 1, ""1101101101"": 1, ""1101111010"": 1, ""1111000010"": 1}"
470,019e10ef-2ad2-7030-b7b9-c159a0604e77,5,70,XZYXYIYYIX,XIYYIYXYZX,-0.0009765624999999985,10,0.9999999999999998,0.6,-0.3999999999999998,-0.0009765624999999983,-0.0005859374999999991,0.00039062499999999915,0.3999999999999998,0.00039062499999999915,"{""0000010100"": 1, ""0000110100"": 1, ""0010100111"": 1, ""1101011111"": 1, ""1101100111"": 1, ""1101101100"": 1, ""1111000000"": 1, ""1111001100"": 1, ""1111001111"": 1, ""1111110001"": 1}"
471,019e10ef-2ad2-7030-b7b9-c159a0604e77,5,71,XZYXYIYYZI,IZYYIYXYZX,-0.0009765624999999985,10,0.9999999999999998,0.4,-0.5999999999999998,-0.0009765624999999983,-0.0003906249999999994,0.0005859374999999988,0.5999999999999998,0.0005859374999999988,"{""0010000010"": 1, ""0010100110"": 2, ""0010101100"": 1, ""0111111000"": 1, ""1000110001"": 1, ""1101000000"": 1, ""1111001100"": 1, ""1111101101"": 1, ""1111110010"": 1}"
472,019e10ef-2ad2-7030-b7b9-c159a0604e77,5,72,XZYXYZIIII,IIIIZYXYZX,-0.0009765624999999985,10,0.9999999999999998,0.6,-0.3999999999999998,-0.0009765624999999983,-0.0005859374999999991,0.00039062499999999915,0.3999999999999998,0.00039062499999999915,"{""0000000010"": 1, ""0000000100"": 2, ""0000001101"": 1, ""0010100111"": 1, ""0011100011"": 1, ""1101000111"": 1, ""1101010000"": 1, ""1101011010"": 1, ""1111111111"": 1}"
473,019e10ef-2ad2-7030-b7b9-c159a0604e77,5,73,XZYXYZIIZX,XZIIZYXYZX,-0.0009765624999999985,10,0.9999999999999998,0.8,-0.19999999999999973,-0.0009765624999999983,-0.0007812499999999989,0.00019531249999999941,0.19999999999999973,0.00019531249999999941,"{""0000110100"": 1, ""0010010000"": 1, ""0010010011"": 1, ""0010010111"": 1, ""1101011000"": 1, ""1101100011"": 1, ""1111100011"": 1, ""1111110011"": 1, ""1111111011"": 2}"
474,019e10ef-2ad2-7030-b7b9-c159a0604e77,5,74,XZYXYZIZXZ,ZXZIZYXYZX,-0.0009765624999999985,10,0.9999999999999998,0.2,-0.7999999999999998,-0.0009765624999999983,-0.0001953124999999997,0.0007812499999999985,0.7999999999999998,0.0007812499999999985,"{""0000001000"": 1, ""0000110011"": 1, ""0010010000"": 1, ""1101001101"": 1, ""1101101101"": 1, ""1101110001"": 1, ""1111100000"": 1, ""1111100011"": 1, ""1111110010"": 1, ""1111111110"": 1}"
475,019e10ef-2ad2-7030-b7b9-c159a0604e77,5,75,XZYXYZIZYY,YYZIZYXYZX,-0.0009765624999999985,10,0.9999999999999998,0.4,-0.5999999999999998,-0.0009765624999999983,-0.0003906249999999994,0.0005859374999999988,0.5999999999999998,0.0005859374999999988,"{""0000000011"": 2, ""0000101000"": 1, ""0010010000"": 1, ""0101011111"": 1, ""0101100111"": 1, ""1101000101"": 1, ""1101010101"": 1, ""1111100000"": 1, ""1111110110"": 1}"
476,019e10ef-2ad2-7030-b7b9-c159a0604e77,5,76,XZYXYZZXIX,XIXZZYXYZX,-0.0009765624999999985,10,0.9999999999999998,0.6,-0.3999999999999998,-0.0009765624999999983,-0.0005859374999999991,0.00039062499999999915,0.3999999999999998,0.00039062499999999915,"{""0000000000"": 1, ""0000000111"": 1, ""0000001100"": 1, ""0000111100"": 2, ""0010010111"": 1, ""1101100000"": 1, ""1111000000"": 1, ""1111010111"": 1, ""1111011100"": 1}"
477,019e10ef-2ad2-7030-b7b9-c159a0604e77,5,77,XZYXYZZXZI,IZXZZYXYZX,-0.0009765624999999985,10,0.9999999999999998,0.8,-0.19999999999999973,-0.0009765624999999983,-0.0007812499999999989,0.00019531249999999941,0.19999999999999973,0.00019531249999999941,"{""0000101100"": 1, ""0010010001"": 1, ""0010100000"": 1, ""0010101100"": 1, ""1101011100"": 1, ""1101100111"": 1, ""1111001010"": 1, ""1111111010"": 2, ""1111111100"": 1}"
478,019e10ef-2ad2-7030-b7b9-c159a0604e77,5,78,XZYXYZZYXY,YXYZZYXYZX,0.0009765624999999985,10,-0.9999999999999998,-0.2,0.7999999999999998,-0.0009765624999999983,-0.0001953124999999997,0.0007812499999999985,0.7999999999999998,0.0007812499999999985,"{""0000001101"": 1, ""0010010100"": 1, ""0010011000"": 1, ""0010101101"": 1, ""0010110111"": 1, ""1101000001"": 1, ""1111001110"": 1, ""1111101110"": 1, ""1111110100"": 1, ""1111111111"": 1}"
479,019e10ef-2ad2-7030-b7b9-c159a0604e77,5,79,XZYXYZZYYZ,ZYYZZYXYZX,-0.0009765624999999985,10,0.9999999999999998,0.6,-0.3999999999999998,-0.0009765624999999983,-0.0005859374999999991,0.00039062499999999915,0.3999999999999998,0.00039062499999999915,"{""0000001111"": 1, ""0010100101"": 1, ""1101000011"": 1, ""1101001001"": 1, ""1101101111"": 2, ""1111000011"": 1, ""1111110101"": 1, ""1111110110"": 1, ""1111111010"": 1}"
480,019e10ef-2ad2-7030-b7b9-c159a0604e77,5,80,XZZIXIXIXZ,ZXIXIXIZZX,-0.0009765624999999985,10,0.9999999999999998,0.8,-0.19999999999999973,-0.0009765624999999983,-0.0007812499999999989,0.00019531249999999941,0.19999999999999973,0.00019531249999999941,"{""0000110110"": 1, ""0010011011"": 1, ""0010101110"": 1, ""1100111000"": 1, ""1110100000"": 2, ""1110101101"": 1, ""1111010110"": 1, ""1111100101"": 1, ""1111101110"": 1}"
481,019e10ef-2ad2-7030-b7b9-c159a0604e77,5,81,XZZIXIXIYY,YYIXIXIZZX,-0.0009765624999999985,10,0.9999999999999998,0.2,-0.7999999999999998,-0.0009765624999999983,-0.0001953124999999997,0.0007812499999999985,0.7999999999999998,0.0007812499999999985,"{""0000000000"": 1, ""0000000101"": 1, ""0000110110"": 1, ""0001000010"": 1, ""0001101000"": 1, ""0010011110"": 1, ""1011101101"": 1, ""1100110101"": 1, ""1100111011"": 1, ""1110101110"": 1}"
482,019e10ef-2ad2-7030-b7b9-c159a0604e77,5,82,XZZIXIXZII,IIZXIXIZZX,-0.0009765624999999985,10,0.9999999999999998,0.8,-0.19999999999999973,-0.0009765624999999983,-0.0007812499999999989,0.00019531249999999941,0.19999999999999973,0.00019531249999999941,"{""0000001101"": 1, ""0000111001"": 1, ""0001000010"": 1, ""0010101101"": 1, ""0011010001"": 1, ""0011101110"": 1, ""1100000010"": 1, ""1100110110"": 1, ""1100111000"": 1, ""1110101110"": 1}"
483,019e10ef-2ad2-7030-b7b9-c159a0604e77,5,83,XZZIXIXZZX,XZZXIXIZZX,-0.0009765624999999985,10,0.9999999999999998,0.2,-0.7999999999999998,-0.0009765624999999983,-0.0001953124999999997,0.0007812499999999985,0.7999999999999998,0.0007812499999999985,"{""0000000000"": 1, ""0001011000"": 1, ""0010000000"": 1, ""0010011011"": 1, ""0010101111"": 1, ""1011010100"": 1, ""1100000100"": 1, ""1100110100"": 1, ""1110010111"": 1, ""1111100011"": 1}"
484,019e10ef-2ad2-7030-b7b9-c159a0604e77,5,84,XZZIXIYXXY,YXXYIXIZZX,-0.0009765624999999985,10,0.9999999999999998,0.6,-0.3999999999999998,-0.0009765624999999983,-0.0005859374999999991,0.00039062499999999915,0.3999999999999998,0.00039062499999999915,"{""0000110111"": 2, ""0001000010"": 1, ""0010011101"": 1, ""0011010010"": 1, ""0011010100"": 1, ""0011010111"": 1, ""1101000011"": 1, ""1101110011"": 1, ""1111100011"": 1}"
485,019e10ef-2ad2-7030-b7b9-c159a0604e77,5,85,XZZIXIYXYZ,ZYXYIXIZZX,0.0009765624999999985,10,-0.9999999999999998,-0.2,0.7999999999999998,-0.0009765624999999983,-0.0001953124999999997,0.0007812499999999985,0.7999999999999998,0.0007812499999999985,"{""0001110110"": 1, ""0010011011"": 1, ""0010110110"": 1, ""0011011001"": 1, ""1101001001"": 1, ""1101100000"": 1, ""1110100010"": 1, ""1110100111"": 1, ""1110110011"": 1, ""1111011100"": 1}"
486,019e10ef-2ad2-7030-b7b9-c159a0604e77,5,86,XZZIXIYYIX,XIYYIXIZZX,-0.0009765624999999985,10,0.9999999999999998,0.2,-0.7999999999999998,-0.0009765624999999983,-0.0001953124999999997,0.0007812499999999985,0.7999999999999998,0.0007812499999999985,"{""0001000111"": 1, ""0001110011"": 1, ""0001110100"": 1, ""0011100111"": 1, ""0011111000"": 1, ""1001110011"": 1, ""1010001000"": 1, ""1101110011"": 1, ""1110110011"": 1, ""1111100000"": 1}"
487,019e10ef-2ad2-7030-b7b9-c159a0604e77,5,87,XZZIXIYYZI,IZYYIXIZZX,-0.0009765624999999985,10,0.9999999999999998,0.8,-0.19999999999999973,-0.0009765624999999983,-0.0007812499999999989,0.00019531249999999941,0.19999999999999973,0.00019531249999999941,"{""0000001100"": 1, ""0000110101"": 1, ""0001111111"": 1, ""0010010100"": 1, ""1101001100"": 1, ""1101001101"": 1, ""1101011111"": 1, ""1110010011"": 1, ""1111011001"": 1, ""1111100111"": 1}"
488,019e10ef-2ad2-7030-b7b9-c159a0604e77,5,88,XZZIXZIIII,IIIIZXIZZX,-0.0009765624999999985,10,0.9999999999999998,0.4,-0.5999999999999998,-0.0009765624999999983,-0.0003906249999999994,0.0005859374999999988,0.5999999999999998,0.0005859374999999988,"{""0001001010"": 1, ""0001111001"": 1, ""0010001011"": 1, ""0010100111"": 1, ""0011100000"": 1, ""0110011100"": 1, ""1100000010"": 1, ""1110010101"": 1, ""1110110111"": 1, ""1111011110"": 1}"
489,019e10ef-2ad2-7030-b7b9-c159a0604e77,5,89,XZZIXZIIZX,XZIIZXIZZX,-0.0009765624999999985,10,0.9999999999999998,0.8,-0.19999999999999973,-0.0009765624999999983,-0.0007812499999999989,0.00019531249999999941,0.19999999999999973,0.00019531249999999941,"{""0000000011"": 1, ""0001001000"": 1, ""0011100100"": 1, ""0011101111"": 1, ""1100000100"": 1, ""1100101011"": 1, ""1100111011"": 1, ""1101001000"": 1, ""1110100000"": 1, ""1111011011"": 1}"
490,019e10ef-2ad2-7030-b7b9-c159a0604e77,5,90,XZZIXZIZXZ,ZXZIZXIZZX,-0.0009765624999999985,10,0.9999999999999998,0.4,-0.5999999999999998,-0.0009765624999999983,-0.0003906249999999994,0.0005859374999999988,0.5999999999999998,0.0005859374999999988,"{""0000000101"": 1, ""0000010101"": 1, ""0000100101"": 1, ""0010101110"": 1, ""1011101100"": 1, ""1101000010"": 1, ""1101110101"": 1, ""1110101110"": 1, ""1111010011"": 1, ""1111100011"": 1}"
491,019e10ef-2ad2-7030-b7b9-c159a0604e77,5,91,XZZIXZIZYY,YYZIZXIZZX,-0.0009765624999999985,10,0.9999999999999998,0.8,-0.19999999999999973,-0.0009765624999999983,-0.0007812499999999989,0.00019531249999999941,0.19999999999999973,0.00019531249999999941,"{""0000110000"": 1, ""0001001110"": 1, ""0001110101"": 1, ""0010011000"": 1, ""0010011011"": 1, ""0011010000"": 1, ""0011101101"": 1, ""1101001000"": 1, ""1101010011"": 1, ""1111011101"": 1}"
492,019e10ef-2ad2-7030-b7b9-c159a0604e77,5,92,XZZIXZZXIX,XIXZZXIZZX,-0.0009765624999999985,10,0.9999999999999998,0.6,-0.3999999999999998,-0.0009765624999999983,-0.0005859374999999991,0.00039062499999999915,0.3999999999999998,0.00039062499999999915,"{""0000000000"": 1, ""0000111000"": 1, ""0001100111"": 1, ""0010100000"": 2, ""0100010000"": 1, ""1100000000"": 1, ""1110100000"": 1, ""1111000011"": 1, ""1111010111"": 1}"
493,019e10ef-2ad2-7030-b7b9-c159a0604e77,5,93,XZZIXZZXZI,IZXZZXIZZX,-0.0009765624999999985,10,0.9999999999999998,0.4,-0.5999999999999998,-0.0009765624999999983,-0.0003906249999999994,0.0005859374999999988,0.5999999999999998,0.0005859374999999988,"{""0000110001"": 1, ""0011010000"": 1, ""0011110001"": 1, ""0110011011"": 1, ""1100000000"": 1, ""1100001100"": 1, ""1100100000"": 1, ""1101000110"": 1, ""1111011010"": 1, ""1111101010"": 1}"
494,019e10ef-2ad2-7030-b7b9-c159a0604e77,5,94,XZZIXZZYXY,YXYZZXIZZX,0.0009765624999999985,10,-0.9999999999999998,-0.6,0.3999999999999998,-0.0009765624999999983,-0.0005859374999999991,0.00039062499999999915,0.3999999999999998,0.00039062499999999915,"{""0000001000"": 1, ""0000110001"": 1, ""0001110001"": 1, ""0010101110"": 1, ""0011010010"": 1, ""0011011011"": 1, ""0011011110"": 1, ""1101000111"": 1, ""1101001100"": 1, ""1111001110"": 1}"
495,019e10ef-2ad2-7030-b7b9-c159a0604e77,5,95,XZZIXZZYYZ,ZYYZZXIZZX,-0.0009765624999999985,10,0.9999999999999998,0.4,-0.5999999999999998,-0.0009765624999999983,-0.0003906249999999994,0.0005859374999999988,0.5999999999999998,0.0005859374999999988,"{""0000001010"": 1, ""0010010011"": 1, ""0010011111"": 1, ""0010100101"": 1, ""1100111001"": 1, ""1101101010"": 1, ""1101110110"": 1, ""1101111110"": 1, ""1110110011"": 1, ""1111011111"": 1}"
496,019e10ef-2ad2-7030-b7b9-c159a0604e77,5,96,XZZIYXXXXY,YXXXXYIZZX,-0.0009765624999999985,10,0.9999999999999998,0.8,-0.19999999999999973,-0.0009765624999999983,-0.0007812499999999989,0.00019531249999999941,0.19999999999999973,0.00019531249999999941,"{""0000001100"": 1, ""0000110101"": 1, ""1100010010"": 1, ""1100110000"": 1, ""1101010010"": 1, ""1101110101"": 1, ""1110000110"": 1, ""1110110010"": 1, ""1111010000"": 1, ""1111011010"": 1}"
497,019e10ef-2ad2-7030-b7b9-c159a0604e77,5,97,XZZIYXXXYZ,ZYXXXYIZZX,0.0009765624999999985,10,-0.9999999999999998,-0.2,0.7999999999999998,-0.0009765624999999983,-0.0001953124999999997,0.0007812499999999985,0.7999999999999998,0.0007812499999999985,"{""0000100101"": 1, ""0001100100"": 1, ""0001111101"": 1, ""0010000000"": 1, ""0010000010"": 1, ""0011100111"": 1, ""1100100011"": 1, ""1101100111"": 1, ""1110110000"": 1, ""1111000010"": 1}"
498,019e10ef-2ad2-7030-b7b9-c159a0604e77,5,98,XZZIYXXYIX,XIYXXYIZZX,-0.0009765624999999985,10,0.9999999999999998,0.6,-0.3999999999999998,-0.0009765624999999983,-0.0005859374999999991,0.00039062499999999915,0.3999999999999998,0.00039062499999999915,"{""0001011111"": 1, ""0001111011"": 1, ""0010000100"": 1, ""0010011100"": 1, ""0011010111"": 1, ""0100100100"": 1, ""1110011100"": 1, ""1110110011"": 1, ""1111000011"": 1, ""1111100100"": 1}"
499,019e10ef-2ad2-7030-b7b9-c159a0604e77,5,99,XZZIYXXYZI,IZYXXYIZZX,-0.0009765624999999985,10,0.9999999999999998,0.6,-0.3999999999999998,-0.0009765624999999983,-0.0005859374999999991,0.00039062499999999915,0.3999999999999998,0.00039062499999999915,"{""0000110001"": 1, ""0001001001"": 1, ""0001001100"": 1, ""0001101000"": 1, ""0010100001"": 1, ""1100111011"": 1, ""1101101000"": 1, ""1110001111"": 1, ""1110100101"": 1, ""1111011011"": 1}"
500,019e10ef-307b-77e0-91c9-155d80cd8a6a,6,0,XZZIYXYIXZ,ZXIYXYIZZX,0.0009765624999999985,10,-0.9999999999999998,-0.6,0.3999999999999998,-0.0009765624999999983,-0.0005859374999999991,0.00039062499999999915,0.3999999999999998,0.00039062499999999915,"{""0000001111"": 1, ""0001100001"": 1, ""0010110000"": 2, ""0011001101"": 1, ""0011100010"": 1, ""1011111101"": 1, ""1101101010"": 1, ""1111000000"": 1, ""1111101011"": 1}"
501,019e10ef-307b-77e0-91c9-155d80cd8a6a,6,1,XZZIYXYIYY,YYIYXYIZZX,0.0009765624999999985,10,-0.9999999999999998,-0.6,0.3999999999999998,-0.0009765624999999983,-0.0005859374999999991,0.00039062499999999915,0.3999999999999998,0.00039062499999999915,"{""0001100000"": 1, ""0010101101"": 1, ""0010110011"": 1, ""0011001110"": 1, ""0011101011"": 1, ""0011110011"": 1, ""1100100011"": 1, ""1101111000"": 1, ""1101111100"": 1, ""1111100011"": 1}"
502,019e10ef-307b-77e0-91c9-155d80cd8a6a,6,2,XZZIYXYZII,IIZYXYIZZX,0.0009765624999999985,10,-0.9999999999999998,-0.2,0.7999999999999998,-0.0009765624999999983,-0.0001953124999999997,0.0007812499999999985,0.7999999999999998,0.0007812499999999985,"{""0000001100"": 1, ""0010011011"": 1, ""0010111110"": 1, ""0011001110"": 1, ""1100000001"": 1, ""1100111010"": 1, ""1101000001"": 1, ""1101011101"": 1, ""1110101101"": 1, ""1111001111"": 1}"
503,019e10ef-307b-77e0-91c9-155d80cd8a6a,6,3,XZZIYXYZZX,XZZYXYIZZX,0.0009765624999999985,10,-0.9999999999999998,-0.4,0.5999999999999998,-0.0009765624999999983,-0.0003906249999999994,0.0005859374999999988,0.5999999999999998,0.0005859374999999988,"{""0010100100"": 1, ""0010100111"": 1, ""0010101011"": 1, ""0011001111"": 1, ""0011011000"": 1, ""1010010111"": 1, ""1100011111"": 1, ""1110111101"": 1, ""1111001100"": 1, ""1111101111"": 1}"
504,019e10ef-307b-77e0-91c9-155d80cd8a6a,6,4,XZZIYYIXIX,XIXIYYIZZX,-0.0009765624999999985,10,0.9999999999999998,0.4,-0.5999999999999998,-0.0009765624999999983,-0.0003906249999999994,0.0005859374999999988,0.5999999999999998,0.0005859374999999988,"{""0000011011"": 1, ""0000011100"": 1, ""0001000110"": 1, ""0001001100"": 1, ""0010000001"": 1, ""0010010111"": 1, ""1100110111"": 1, ""1101001100"": 1, ""1110100111"": 1, ""1111100000"": 1}"
505,019e10ef-307b-77e0-91c9-155d80cd8a6a,6,5,XZZIYYIXZI,IZXIYYIZZX,-0.0009765624999999985,10,0.9999999999999998,0.6,-0.3999999999999998,-0.0009765624999999983,-0.0005859374999999991,0.00039062499999999915,0.3999999999999998,0.00039062499999999915,"{""0001011100"": 1, ""0001110110"": 1, ""0010111100"": 1, ""1100000110"": 1, ""1100111101"": 1, ""1101000000"": 1, ""1110001101"": 1, ""1110100000"": 1, ""1110110110"": 1, ""1110111101"": 1}"
506,019e10ef-307b-77e0-91c9-155d80cd8a6a,6,6,XZZIYYIYXY,YXYIYYIZZX,0.0009765624999999985,10,-0.9999999999999998,-0.4,0.5999999999999998,-0.0009765624999999983,-0.0003906249999999994,0.0005859374999999988,0.5999999999999998,0.0005859374999999988,"{""0001011110"": 1, ""0001110001"": 1, ""0001110011"": 1, ""1100110111"": 1, ""1101100010"": 1, ""1101101101"": 1, ""1101110010"": 1, ""1101110100"": 1, ""1110010110"": 1, ""1110010111"": 1}"
507,019e10ef-307b-77e0-91c9-155d80cd8a6a,6,7,XZZIYYIYYZ,ZYYIYYIZZX,-0.0009765624999999985,10,0.9999999999999998,0.6,-0.3999999999999998,-0.0009765624999999983,-0.0005859374999999991,0.00039062499999999915,0.3999999999999998,0.00039062499999999915,"{""0000000110"": 1, ""0010001111"": 1, ""1001101100"": 1, ""1100011111"": 1, ""1100101010"": 1, ""1100101100"": 1, ""1100110011"": 1, ""1101100000"": 1, ""1110111001"": 1, ""1110111010"": 1}"
508,019e10ef-307b-77e0-91c9-155d80cd8a6a,6,8,XZZIYYZIII,IIIZYYIZZX,-0.0009765624999999985,10,0.9999999999999998,0.6,-0.3999999999999998,-0.0009765624999999983,-0.0005859374999999991,0.00039062499999999915,0.3999999999999998,0.00039062499999999915,"{""0010001100"": 1, ""0010111011"": 1, ""0011101100"": 1, ""0011111011"": 1, ""1100011110"": 1, ""1100100000"": 1, ""1101101001"": 1, ""1101110111"": 1, ""1110010001"": 1, ""1111100110"": 1}"
509,019e10ef-307b-77e0-91c9-155d80cd8a6a,6,9,XZZIYYZIZX,XZIZYYIZZX,-0.0009765624999999985,10,0.9999999999999998,0.4,-0.5999999999999998,-0.0009765624999999983,-0.0003906249999999994,0.0005859374999999988,0.5999999999999998,0.0005859374999999988,"{""0001100000"": 1, ""0001110011"": 1, ""0001110100"": 1, ""0010001100"": 2, ""1001101100"": 1, ""1100000111"": 1, ""1100011000"": 1, ""1101111000"": 1, ""1111010011"": 1}"
510,019e10ef-307b-77e0-91c9-155d80cd8a6a,6,10,XZZIYYZZXZ,ZXZZYYIZZX,-0.0009765624999999985,10,0.9999999999999998,0.6,-0.3999999999999998,-0.0009765624999999983,-0.0005859374999999991,0.00039062499999999915,0.3999999999999998,0.00039062499999999915,"{""0000000011"": 1, ""0000000110"": 1, ""0000011110"": 1, ""0011001011"": 1, ""1010100110"": 1, ""1100011101"": 1, ""1100110000"": 1, ""1101110100"": 1, ""1101110101"": 1, ""1111010110"": 1}"
511,019e10ef-307b-77e0-91c9-155d80cd8a6a,6,11,XZZIYYZZYY,YYZZYYIZZX,-0.0009765624999999985,10,0.9999999999999998,0.8,-0.19999999999999973,-0.0009765624999999983,-0.0007812499999999989,0.00019531249999999941,0.19999999999999973,0.00019531249999999941,"{""0010001011"": 1, ""0010100110"": 1, ""0011010101"": 1, ""1100000110"": 2, ""1101000101"": 1, ""1101001000"": 1, ""1101011011"": 1, ""1111001000"": 1, ""1111100110"": 1}"
512,019e10ef-307b-77e0-91c9-155d80cd8a6a,6,12,YXIYXIXIXZ,ZXIXIXYIXY,0.0009765624999999985,10,-0.9999999999999998,-0.4,0.5999999999999998,-0.0009765624999999983,-0.0003906249999999994,0.0005859374999999988,0.5999999999999998,0.0005859374999999988,"{""0001110110"": 1, ""0001111000"": 1, ""0100001101"": 1, ""0100111010"": 1, ""0111101110"": 1, ""1000111000"": 2, ""1100110101"": 1, ""1101000101"": 1, ""1110000110"": 1}"
513,019e10ef-307b-77e0-91c9-155d80cd8a6a,6,13,YXIYXIXIYY,YYIXIXYIXY,0.0009765624999999985,10,-0.9999999999999998,-0.4,0.5999999999999998,-0.0009765624999999983,-0.0003906249999999994,0.0005859374999999988,0.5999999999999998,0.0005859374999999988,"{""0001001110"": 1, ""0001111000"": 1, ""0010011011"": 1, ""0111100011"": 1, ""1000101110"": 1, ""1100001110"": 1, ""1101001110"": 1, ""1101101101"": 1, ""1101110101"": 1, ""1110101110"": 1}"
514,019e10ef-307b-77e0-91c9-155d80cd8a6a,6,14,YXIYXIXZII,IIZXIXYIXY,0.0009765624999999985,10,-0.9999999999999998,-0.6,0.3999999999999998,-0.0009765624999999983,-0.0005859374999999991,0.00039062499999999915,0.3999999999999998,0.00039062499999999915,"{""0001111001"": 1, ""0010011011"": 1, ""0100111000"": 1, ""0100111010"": 1, ""0101000011"": 1, ""0111011000"": 1, ""1011011000"": 1, ""1101110101"": 1, ""1101111001"": 1, ""1110000001"": 1}"
515,019e10ef-307b-77e0-91c9-155d80cd8a6a,6,15,YXIYXIXZZX,XZZXIXYIXY,0.0009765624999999985,10,-0.9999999999999998,-0.6,0.3999999999999998,-0.0009765624999999983,-0.0005859374999999991,0.00039062499999999915,0.3999999999999998,0.00039062499999999915,"{""0100000000"": 1, ""0100001111"": 1, ""0111011011"": 1, ""0111100001"": 1, ""0111101100"": 1, ""1101000011"": 2, ""1101001100"": 1, ""1101101111"": 1, ""1101111011"": 1}"
516,019e10ef-307b-77e0-91c9-155d80cd8a6a,6,16,YXIYXIYXXY,YXXYIXYIXY,0.0009765624999999985,10,-0.9999999999999998,0.4,1.4,-0.0009765624999999983,0.0003906249999999994,0.0013671874999999977,1.4,0.0013671874999999977,"{""0001101100"": 1, ""0010011100"": 1, ""0011010001"": 1, ""0011010010"": 1, ""1000011101"": 1, ""1000111100"": 1, ""1101000011"": 1, ""1101001100"": 1, ""1110010111"": 1, ""1110101000"": 1}"
517,019e10ef-307b-77e0-91c9-155d80cd8a6a,6,17,YXIYXIYXYZ,ZYXYIXYIXY,-0.0009765624999999985,10,0.9999999999999998,0.6,-0.3999999999999998,-0.0009765624999999983,-0.0005859374999999991,0.00039062499999999915,0.3999999999999998,0.00039062499999999915,"{""0001101100"": 1, ""0001110110"": 1, ""0011011001"": 1, ""0110111010"": 1, ""0111011010"": 1, ""1000111001"": 1, ""1000111100"": 1, ""1011011111"": 1, ""1111001110"": 1, ""1111101000"": 1}"
518,019e10ef-307b-77e0-91c9-155d80cd8a6a,6,18,YXIYXIYYIX,XIYYIXYIXY,0.0009765624999999985,10,-0.9999999999999998,-0.2,0.7999999999999998,-0.0009765624999999983,-0.0001953124999999997,0.0007812499999999985,0.7999999999999998,0.0007812499999999985,"{""0001001100"": 1, ""0010001011"": 1, ""0100110100"": 2, ""0100111011"": 1, ""0111010011"": 1, ""1000100111"": 1, ""1000111000"": 1, ""1010100000"": 1, ""1011010011"": 1}"
519,019e10ef-307b-77e0-91c9-155d80cd8a6a,6,19,YXIYXIYYZI,IZYYIXYIXY,0.0009765624999999985,10,-0.9999999999999998,-0.8,0.19999999999999973,-0.0009765624999999983,-0.0007812499999999989,0.00019531249999999941,0.19999999999999973,0.00019531249999999941,"{""0001001011"": 1, ""0010010011"": 1, ""0010011001"": 1, ""0010011110"": 1, ""0111010111"": 1, ""0111011001"": 1, ""0111101101"": 1, ""1011100111"": 1, ""1101001010"": 1, ""1101001101"": 1}"
520,019e10ef-307b-77e0-91c9-155d80cd8a6a,6,20,YXIYXZIIII,IIIIZXYIXY,0.0009765624999999985,10,-0.9999999999999998,-0.6,0.3999999999999998,-0.0009765624999999983,-0.0005859374999999991,0.00039062499999999915,0.3999999999999998,0.00039062499999999915,"{""0001001011"": 1, ""0001111000"": 1, ""0010011101"": 1, ""0100100000"": 1, ""0111100110"": 1, ""1000110111"": 1, ""1010110010"": 1, ""1011010111"": 1, ""1100111100"": 1, ""1101000111"": 1}"
521,019e10ef-307b-77e0-91c9-155d80cd8a6a,6,21,YXIYXZIIZX,XZIIZXYIXY,0.0009765624999999985,10,-0.9999999999999998,0.0,0.9999999999999998,-0.0009765624999999983,0.0,0.0009765624999999983,0.9999999999999998,0.0009765624999999983,"{""0001000000"": 1, ""0010100011"": 1, ""1000001100"": 1, ""1011111100"": 1, ""1101010111"": 1, ""1101011100"": 1, ""1101110011"": 1, ""1110000111"": 1, ""1110100111"": 1, ""1111010111"": 1}"
522,019e10ef-307b-77e0-91c9-155d80cd8a6a,6,22,YXIYXZIZXZ,ZXZIZXYIXY,0.0009765624999999985,10,-0.9999999999999998,-0.8,0.19999999999999973,-0.0009765624999999983,-0.0007812499999999989,0.00019531249999999941,0.19999999999999973,0.00019531249999999941,"{""0001100100"": 1, ""0001111000"": 1, ""0001111101"": 1, ""0100110110"": 1, ""0111010000"": 1, ""1000110110"": 1, ""1011011010"": 1, ""1011101000"": 1, ""1101000000"": 1, ""1110010110"": 1}"
523,019e10ef-307b-77e0-91c9-155d80cd8a6a,6,23,YXIYXZIZYY,YYZIZXYIXY,0.0009765624999999985,10,-0.9999999999999998,-0.6,0.3999999999999998,-0.0009765624999999983,-0.0005859374999999991,0.00039062499999999915,0.3999999999999998,0.00039062499999999915,"{""0001111000"": 1, ""0010010101"": 1, ""0110101110"": 1, ""0111010101"": 1, ""0111011000"": 1, ""1000001101"": 1, ""1000111110"": 1, ""1101110000"": 1, ""1101110110"": 1, ""1111010011"": 1}"
524,019e10ef-307b-77e0-91c9-155d80cd8a6a,6,24,YXIYXZZXIX,XIXZZXYIXY,0.0009765624999999985,10,-0.9999999999999998,0.2,1.1999999999999997,-0.0009765624999999983,0.0001953124999999997,0.001171874999999998,1.1999999999999997,0.001171874999999998,"{""0010110111"": 1, ""0110010111"": 1, ""0110100000"": 1, ""0111001011"": 1, ""0111101100"": 1, ""1001110111"": 1, ""1001111010"": 1, ""1101000000"": 1, ""1101110110"": 1, ""1110011011"": 1}"
525,019e10ef-307b-77e0-91c9-155d80cd8a6a,6,25,YXIYXZZXZI,IZXZZXYIXY,0.0009765624999999985,10,-0.9999999999999998,-0.4,0.5999999999999998,-0.0009765624999999983,-0.0003906249999999994,0.0005859374999999988,0.5999999999999998,0.0005859374999999988,"{""0010100110"": 1, ""0100110000"": 1, ""0111101011"": 1, ""1000110111"": 1, ""1000111010"": 1, ""1000111100"": 1, ""1001000001"": 1, ""1011011000"": 1, ""1011100010"": 1, ""1110100001"": 1}"
526,019e10ef-307b-77e0-91c9-155d80cd8a6a,6,26,YXIYXZZYXY,YXYZZXYIXY,-0.0009765624999999985,10,0.9999999999999998,0.2,-0.7999999999999998,-0.0009765624999999983,-0.0001953124999999997,0.0007812499999999985,0.7999999999999998,0.0007812499999999985,"{""0000001011"": 1, ""0011011101"": 1, ""0100111000"": 1, ""0111011000"": 1, ""1101110010"": 1, ""1110100100"": 1, ""1110100101"": 1, ""1110101011"": 1, ""1110101110"": 1, ""1110111101"": 1}"
527,019e10ef-307b-77e0-91c9-155d80cd8a6a,6,27,YXIYXZZYYZ,ZYYZZXYIXY,0.0009765624999999985,10,-0.9999999999999998,-0.4,0.5999999999999998,-0.0009765624999999983,-0.0003906249999999994,0.0005859374999999988,0.5999999999999998,0.0005859374999999988,"{""0010010000"": 1, ""0100000000"": 1, ""0100110000"": 1, ""0111010001"": 1, ""0111100110"": 1, ""1011010011"": 1, ""1011011111"": 1, ""1101100110"": 1, ""1110011010"": 1, ""1110101000"": 1}"
528,019e10ef-307b-77e0-91c9-155d80cd8a6a,6,28,YXIYYXXXXY,YXXXXYYIXY,0.0009765624999999985,10,-0.9999999999999998,-0.4,0.5999999999999998,-0.0009765624999999983,-0.0003906249999999994,0.0005859374999999988,0.5999999999999998,0.0005859374999999988,"{""0001101001"": 1, ""0010101011"": 1, ""0010111101"": 1, ""0110011110"": 1, ""0111010011"": 1, ""1000001000"": 1, ""1011000111"": 1, ""1011100000"": 1, ""1110011111"": 1, ""1110111000"": 1}"
529,019e10ef-307b-77e0-91c9-155d80cd8a6a,6,29,YXIYYXXXYZ,ZYXXXYYIXY,-0.0009765624999999985,10,0.9999999999999998,0.0,-0.9999999999999998,-0.0009765624999999983,-0.0,0.0009765624999999983,0.9999999999999998,0.0009765624999999983,"{""0000111110"": 1, ""0001001001"": 1, ""0010100101"": 1, ""0010111001"": 1, ""0100001001"": 1, ""0111110011"": 1, ""1101001001"": 1, ""1101100011"": 1, ""1110011110"": 1, ""1110111111"": 1}"
530,019e10ef-307b-77e0-91c9-155d80cd8a6a,6,30,YXIYYXXYIX,XIYXXYYIXY,0.0009765624999999985,10,-0.9999999999999998,-1.0,-2.220446049250313e-16,-0.0009765624999999983,-0.0009765624999999985,-2.168404344971009e-19,2.220446049250313e-16,2.168404344971009e-19,"{""0010110100"": 1, ""0111001000"": 1, ""0111001111"": 1, ""0111101100"": 1, ""0111111111"": 1, ""1000000000"": 1, ""1000111011"": 1, ""1101001011"": 1, ""1101010100"": 1, ""1110011011"": 1}"
531,019e10ef-307b-77e0-91c9-155d80cd8a6a,6,31,YXIYYXXYZI,IZYXXYYIXY,0.0009765624999999985,10,-0.9999999999999998,-0.2,0.7999999999999998,-0.0009765624999999983,-0.0001953124999999997,0.0007812499999999985,0.7999999999999998,0.0007812499999999985,"{""0001000101"": 1, ""0001011110"": 1, ""0001111100"": 1, ""0010011101"": 1, ""1001000111"": 1, ""1011011011"": 1, ""1101011111"": 1, ""1110000111"": 1, ""1110110100"": 1, ""1111100110"": 1}"
532,019e10ef-307b-77e0-91c9-155d80cd8a6a,6,32,YXIYYXYIXZ,ZXIYXYYIXY,-0.0009765624999999985,10,0.9999999999999998,0.6,-0.3999999999999998,-0.0009765624999999983,-0.0005859374999999991,0.00039062499999999915,0.3999999999999998,0.00039062499999999915,"{""0001111011"": 1, ""0010001110"": 1, ""0010110011"": 1, ""0010111010"": 1, ""0101001011"": 1, ""0111101011"": 1, ""1011101101"": 1, ""1101100011"": 1, ""1110000000"": 1, ""1110101000"": 1}"
533,019e10ef-307b-77e0-91c9-155d80cd8a6a,6,33,YXIYYXYIYY,YYIYXYYIXY,-0.0009765624999999985,10,0.9999999999999998,0.6,-0.3999999999999998,-0.0009765624999999983,-0.0005859374999999991,0.00039062499999999915,0.3999999999999998,0.00039062499999999915,"{""0010001101"": 1, ""0101101000"": 1, ""1000000011"": 1, ""1010000110"": 1, ""1011000011"": 1, ""1101000101"": 1, ""1101100011"": 1, ""1101111011"": 1, ""1110000000"": 1, ""1110100000"": 1}"
534,019e10ef-307b-77e0-91c9-155d80cd8a6a,6,34,YXIYYXYZII,IIZYXYYIXY,-0.0009765624999999985,10,0.9999999999999998,0.4,-0.5999999999999998,-0.0009765624999999983,-0.0003906249999999994,0.0005859374999999988,0.5999999999999998,0.0005859374999999988,"{""0001110100"": 1, ""0100010001"": 1, ""0100100101"": 1, ""0111011011"": 1, ""1000100111"": 1, ""1000111011"": 1, ""1001010011"": 1, ""1011010101"": 1, ""1101000100"": 1, ""1110011001"": 1}"
535,019e10ef-307b-77e0-91c9-155d80cd8a6a,6,35,YXIYYXYZZX,XZZYXYYIXY,-0.0009765624999999985,10,0.9999999999999998,0.6,-0.3999999999999998,-0.0009765624999999983,-0.0005859374999999991,0.00039062499999999915,0.3999999999999998,0.00039062499999999915,"{""0001000111"": 1, ""0011111100"": 1, ""0100101100"": 1, ""0101110111"": 1, ""0111100100"": 1, ""1011001100"": 1, ""1011100111"": 1, ""1011110011"": 2, ""1110100100"": 1}"
536,019e10ef-307b-77e0-91c9-155d80cd8a6a,6,36,YXIYYYIXIX,XIXIYYYIXY,0.0009765624999999985,10,-0.9999999999999998,-0.2,0.7999999999999998,-0.0009765624999999983,-0.0001953124999999997,0.0007812499999999985,0.7999999999999998,0.0007812499999999985,"{""0001001100"": 1, ""0001110000"": 1, ""0011001011"": 1, ""0100000000"": 1, ""1000011011"": 1, ""1100110111"": 1, ""1101110000"": 1, ""1110001010"": 1, ""1110100111"": 1, ""1110111100"": 1}"
537,019e10ef-307b-77e0-91c9-155d80cd8a6a,6,37,YXIYYYIXZI,IZXIYYYIXY,0.0009765624999999985,10,-0.9999999999999998,0.0,0.9999999999999998,-0.0009765624999999983,0.0,0.0009765624999999983,0.9999999999999998,0.0009765624999999983,"{""0001101100"": 1, ""0010001101"": 1, ""0010101100"": 1, ""0100001101"": 1, ""1000001100"": 1, ""1010010000"": 1, ""1011100111"": 1, ""1101000110"": 1, ""1101111100"": 1, ""1110000100"": 1}"
538,019e10ef-307b-77e0-91c9-155d80cd8a6a,6,38,YXIYYYIYXY,YXYIYYYIXY,-0.0009765624999999985,10,0.9999999999999998,0.6,-0.3999999999999998,-0.0009765624999999983,-0.0005859374999999991,0.00039062499999999915,0.3999999999999998,0.00039062499999999915,"{""0001000110"": 1, ""0010100111"": 1, ""0010110001"": 1, ""0010111101"": 1, ""0100000010"": 1, ""0111001000"": 1, ""1000011011"": 1, ""1011100001"": 1, ""1011111101"": 1, ""1110001101"": 1}"
539,019e10ef-307b-77e0-91c9-155d80cd8a6a,6,39,YXIYYYIYYZ,ZYYIYYYIXY,0.0009765624999999985,10,-0.9999999999999998,-0.6,0.3999999999999998,-0.0009765624999999983,-0.0005859374999999991,0.00039062499999999915,0.3999999999999998,0.00039062499999999915,"{""0001001000"": 1, ""0001101001"": 1, ""0010111001"": 1, ""0100101010"": 1, ""0111110110"": 1, ""0111111000"": 1, ""1000011111"": 1, ""1011100011"": 1, ""1101110110"": 1, ""1110100011"": 1}"
540,019e10ef-307b-77e0-91c9-155d80cd8a6a,6,40,YXIYYYZIII,IIIZYYYIXY,0.0009765624999999985,10,-0.9999999999999998,-0.4,0.5999999999999998,-0.0009765624999999983,-0.0003906249999999994,0.0005859374999999988,0.5999999999999998,0.0005859374999999988,"{""0001011110"": 1, ""0010001000"": 1, ""0010011111"": 1, ""0111001010"": 1, ""0111111100"": 1, ""1000000111"": 1, ""1000100000"": 1, ""1010010001"": 1, ""1110010011"": 1, ""1110010111"": 1}"
541,019e10ef-307b-77e0-91c9-155d80cd8a6a,6,41,YXIYYYZIZX,XZIZYYYIXY,0.0009765624999999985,10,-0.9999999999999998,-0.2,0.7999999999999998,-0.0009765624999999983,-0.0001953124999999997,0.0007812499999999985,0.7999999999999998,0.0007812499999999985,"{""0100110011"": 1, ""0111011011"": 1, ""0111100000"": 1, ""1000101011"": 1, ""1000110101"": 1, ""1000111000"": 1, ""1011100111"": 2, ""1110100000"": 1, ""1111111011"": 1}"
542,019e10ef-307b-77e0-91c9-155d80cd8a6a,6,42,YXIYYYZZXZ,ZXZZYYYIXY,0.0009765624999999985,10,-0.9999999999999998,-0.2,0.7999999999999998,-0.0009765624999999983,-0.0001953124999999997,0.0007812499999999985,0.7999999999999998,0.0007812499999999985,"{""0001101011"": 1, ""0010011101"": 1, ""0010100000"": 1, ""0100101000"": 1, ""0100110110"": 1, ""0111010000"": 1, ""0111011101"": 1, ""1000010101"": 1, ""1101100101"": 1, ""1110010101"": 1}"
543,019e10ef-307b-77e0-91c9-155d80cd8a6a,6,43,YXIYYYZZYY,YYZZYYYIXY,0.0009765624999999985,10,-0.9999999999999998,-0.4,0.5999999999999998,-0.0009765624999999983,-0.0003906249999999994,0.0005859374999999988,0.5999999999999998,0.0005859374999999988,"{""0001110110"": 1, ""0100101101"": 1, ""0100101110"": 1, ""1000000110"": 1, ""1000110011"": 1, ""1001000000"": 1, ""1011000011"": 1, ""1101011000"": 1, ""1101110101"": 1, ""1111001101"": 1}"
544,019e10ef-307b-77e0-91c9-155d80cd8a6a,6,44,YXXZXXXXXY,YXXXXXZXXY,0.0009765624999999985,10,-0.9999999999999998,-1.0,-2.220446049250313e-16,-0.0009765624999999983,-0.0009765624999999985,-2.168404344971009e-19,2.220446049250313e-16,2.168404344971009e-19,"{""0001011000"": 1, ""0010101110"": 1, ""0011001101"": 1, ""0011010011"": 1, ""0011101100"": 1, ""0011110100"": 1, ""0111101110"": 1, ""1000101000"": 1, ""1011010010"": 1, ""1100011010"": 1}"
545,019e10ef-307b-77e0-91c9-155d80cd8a6a,6,45,YXXZXXXXYZ,ZYXXXXZXXY,-0.0009765624999999985,10,0.9999999999999998,0.4,-0.5999999999999998,-0.0009765624999999983,-0.0003906249999999994,0.0005859374999999988,0.5999999999999998,0.0005859374999999988,"{""0010010101"": 1, ""0100101110"": 1, ""0101011011"": 1, ""0110011101"": 1, ""1001100001"": 1, ""1010100001"": 1, ""1011100101"": 1, ""1101010000"": 1, ""1110100010"": 1, ""1111100011"": 1}"
546,019e10ef-307b-77e0-91c9-155d80cd8a6a,6,46,YXXZXXXYIX,XIYXXXZXXY,0.0009765624999999985,10,-0.9999999999999998,-0.6,0.3999999999999998,-0.0009765624999999983,-0.0005859374999999991,0.00039062499999999915,0.3999999999999998,0.00039062499999999915,"{""0010110000"": 1, ""0110100111"": 1, ""0111001100"": 1, ""1010010100"": 1, ""1011001100"": 1, ""1011111100"": 1, ""1101110000"": 1, ""1110111000"": 1, ""1111001111"": 1, ""1111011011"": 1}"
547,019e10ef-307b-77e0-91c9-155d80cd8a6a,6,47,YXXZXXXYZI,IZYXXXZXXY,0.0009765624999999985,10,-0.9999999999999998,-0.4,0.5999999999999998,-0.0009765624999999983,-0.0003906249999999994,0.0005859374999999988,0.5999999999999998,0.0005859374999999988,"{""0000110001"": 1, ""0011011100"": 1, ""0100111010"": 1, ""0111011110"": 1, ""1000011110"": 1, ""1000110000"": 1, ""1011000011"": 1, ""1011110100"": 1, ""1101011001"": 1, ""1110100100"": 1}"
548,019e10ef-307b-77e0-91c9-155d80cd8a6a,6,48,YXXZXXYIXZ,ZXIYXXZXXY,-0.0009765624999999985,10,0.9999999999999998,0.4,-0.5999999999999998,-0.0009765624999999983,-0.0003906249999999994,0.0005859374999999988,0.5999999999999998,0.0005859374999999988,"{""0010011101"": 1, ""0011100110"": 1, ""0100100110"": 1, ""0100101101"": 1, ""0101111011"": 1, ""0110110000"": 1, ""0111010000"": 1, ""1100000101"": 1, ""1100100101"": 1, ""1110000101"": 1}"
549,019e10ef-307b-77e0-91c9-155d80cd8a6a,6,49,YXXZXXYIYY,YYIYXXZXXY,-0.0009765624999999985,10,0.9999999999999998,0.6,-0.3999999999999998,-0.0009765624999999983,-0.0005859374999999991,0.00039062499999999915,0.3999999999999998,0.00039062499999999915,"{""0000100010"": 1, ""0010001000"": 1, ""0010011101"": 1, ""0011111101"": 1, ""0100111010"": 1, ""0110011011"": 1, ""1000100000"": 1, ""1001100110"": 1, ""1110000100"": 1, ""1110111011"": 1}"
550,019e10ef-307b-77e0-91c9-155d80cd8a6a,6,50,YXXZXXYZII,IIZYXXZXXY,-0.0009765624999999985,10,0.9999999999999998,0.8,-0.19999999999999973,-0.0009765624999999983,-0.0007812499999999989,0.00019531249999999941,0.19999999999999973,0.00019531249999999941,"{""0000010110"": 1, ""0001000000"": 1, ""0001100001"": 1, ""0101101001"": 1, ""0101111110"": 1, ""0110100101"": 1, ""1001001101"": 1, ""1011100001"": 1, ""1100001111"": 1, ""1101010001"": 1}"
551,019e10ef-307b-77e0-91c9-155d80cd8a6a,6,51,YXXZXXYZZX,XZZYXXZXXY,-0.0009765624999999985,10,0.9999999999999998,0.8,-0.19999999999999973,-0.0009765624999999983,-0.0007812499999999989,0.00019531249999999941,0.19999999999999973,0.00019531249999999941,"{""0010011111"": 1, ""0100100011"": 1, ""0100110111"": 1, ""0110101111"": 1, ""1100010111"": 1, ""1100110000"": 1, ""1100111111"": 1, ""1101010011"": 1, ""1110000111"": 1, ""1110101111"": 1}"
552,019e10ef-307b-77e0-91c9-155d80cd8a6a,6,52,YXXZXYIXIX,XIXIYXZXXY,0.0009765624999999985,10,-0.9999999999999998,-1.0,-2.220446049250313e-16,-0.0009765624999999983,-0.0009765624999999985,-2.168404344971009e-19,2.220446049250313e-16,2.168404344971009e-19,"{""0001011011"": 1, ""0101111011"": 1, ""0110010000"": 1, ""0110100000"": 1, ""0111101100"": 1, ""1001011101"": 1, ""1011000111"": 2, ""1110000111"": 1, ""1111001011"": 1}"
553,019e10ef-307b-77e0-91c9-155d80cd8a6a,6,53,YXXZXYIXZI,IZXIYXZXXY,0.0009765624999999985,10,-0.9999999999999998,-0.8,0.19999999999999973,-0.0009765624999999983,-0.0007812499999999989,0.00019531249999999941,0.19999999999999973,0.00019531249999999941,"{""0000001011"": 1, ""0000010110"": 1, ""0001101100"": 1, ""0100001101"": 1, ""0100011011"": 1, ""0111101100"": 1, ""1001100111"": 1, ""1101101100"": 1, ""1110011011"": 1, ""1111001011"": 1}"
554,019e10ef-307b-77e0-91c9-155d80cd8a6a,6,54,YXXZXYIYXY,YXYIYXZXXY,-0.0009765624999999985,10,0.9999999999999998,0.4,-0.5999999999999998,-0.0009765624999999983,-0.0003906249999999994,0.0005859374999999988,0.5999999999999998,0.0005859374999999988,"{""0000001000"": 1, ""0001101011"": 1, ""0110000100"": 1, ""1000111110"": 1, ""1001101011"": 1, ""1010001011"": 1, ""1100010111"": 1, ""1101110001"": 1, ""1111001011"": 1, ""1111010010"": 1}"
555,019e10ef-307b-77e0-91c9-155d80cd8a6a,6,55,YXXZXYIYYZ,ZYYIYXZXXY,0.0009765624999999985,10,-0.9999999999999998,-0.6,0.3999999999999998,-0.0009765624999999983,-0.0005859374999999991,0.00039062499999999915,0.3999999999999998,0.00039062499999999915,"{""0110100110"": 2, ""0111011100"": 1, ""1010001111"": 1, ""1010010110"": 1, ""1010100011"": 1, ""1100001111"": 1, ""1101010110"": 1, ""1110000111"": 1, ""1111001111"": 1}"
556,019e10ef-307b-77e0-91c9-155d80cd8a6a,6,56,YXXZXYZIII,IIIZYXZXXY,0.0009765624999999985,10,-0.9999999999999998,0.0,0.9999999999999998,-0.0009765624999999983,0.0,0.0009765624999999983,0.9999999999999998,0.0009765624999999983,"{""0000111001"": 1, ""0010110001"": 1, ""0011101001"": 1, ""0100110011"": 2, ""0101000010"": 1, ""0101011000"": 1, ""1000100111"": 1, ""1101110110"": 1, ""1110100110"": 1}"
557,019e10ef-307b-77e0-91c9-155d80cd8a6a,6,57,YXXZXYZIZX,XZIZYXZXXY,0.0009765624999999985,10,-0.9999999999999998,-0.4,0.5999999999999998,-0.0009765624999999983,-0.0003906249999999994,0.0005859374999999988,0.5999999999999998,0.0005859374999999988,"{""0000111100"": 1, ""0011010011"": 1, ""0100001011"": 1, ""1000100111"": 1, ""1000101100"": 1, ""1001010000"": 1, ""1001011011"": 1, ""1010010111"": 1, ""1100001000"": 1, ""1111100111"": 1}"
558,019e10ef-307b-77e0-91c9-155d80cd8a6a,6,58,YXXZXYZZXZ,ZXZZYXZXXY,0.0009765624999999985,10,-0.9999999999999998,-0.6,0.3999999999999998,-0.0009765624999999983,-0.0005859374999999991,0.00039062499999999915,0.3999999999999998,0.00039062499999999915,"{""0000111011"": 1, ""0011101101"": 1, ""0101001011"": 1, ""0101010101"": 1, ""0101110100"": 1, ""0111110011"": 1, ""1011110011"": 1, ""1101110000"": 1, ""1110000000"": 1, ""1110010000"": 1}"
559,019e10ef-307b-77e0-91c9-155d80cd8a6a,6,59,YXXZXYZZYY,YYZZYXZXXY,0.0009765624999999985,10,-0.9999999999999998,-0.2,0.7999999999999998,-0.0009765624999999983,-0.0001953124999999997,0.0007812499999999985,0.7999999999999998,0.0007812499999999985,"{""0001010110"": 1, ""0001101101"": 1, ""0100101010"": 1, ""1010001101"": 1, ""1011101100"": 1, ""1100010011"": 1, ""1100010110"": 1, ""1100011000"": 1, ""1101110101"": 1, ""1110110110"": 1}"
560,019e10ef-307b-77e0-91c9-155d80cd8a6a,6,60,YXXZYIXIXZ,ZXIXIYZXXY,-0.0009765624999999985,10,0.9999999999999998,0.6,-0.3999999999999998,-0.0009765624999999983,-0.0005859374999999991,0.00039062499999999915,0.3999999999999998,0.00039062499999999915,"{""0001111000"": 1, ""0100010101"": 1, ""0100100100"": 1, ""0101000011"": 1, ""0101111011"": 1, ""0110001110"": 1, ""0111101000"": 1, ""1100001001"": 1, ""1101100000"": 1, ""1110101110"": 1}"
561,019e10ef-307b-77e0-91c9-155d80cd8a6a,6,61,YXXZYIXIYY,YYIXIYZXXY,-0.0009765624999999985,10,0.9999999999999998,-0.2,-1.1999999999999997,-0.0009765624999999983,0.0001953124999999997,0.001171874999999998,1.1999999999999997,0.001171874999999998,"{""0100011001"": 1, ""0100101101"": 1, ""0100111011"": 1, ""0110000001"": 1, ""0110001111"": 1, ""1000001101"": 1, ""1001001110"": 1, ""1001111011"": 1, ""1011111000"": 1, ""1111110110"": 1}"
562,019e10ef-307b-77e0-91c9-155d80cd8a6a,6,62,YXXZYIXZII,IIZXIYZXXY,-0.0009765624999999985,10,0.9999999999999998,0.0,-0.9999999999999998,-0.0009765624999999983,-0.0,0.0009765624999999983,0.9999999999999998,0.0009765624999999983,"{""0100100001"": 1, ""0101011011"": 1, ""0101100000"": 1, ""0110001110"": 1, ""1000110101"": 1, ""1001000011"": 1, ""1001110100"": 1, ""1010101110"": 1, ""1010111110"": 1, ""1011100001"": 1}"
563,019e10ef-307b-77e0-91c9-155d80cd8a6a,6,63,YXXZYIXZZX,XZZXIYZXXY,-0.0009765624999999985,10,0.9999999999999998,0.6,-0.3999999999999998,-0.0009765624999999983,-0.0005859374999999991,0.00039062499999999915,0.3999999999999998,0.00039062499999999915,"{""0001011111"": 1, ""0011100011"": 1, ""0011111011"": 1, ""0101110111"": 1, ""0110110111"": 1, ""0111101100"": 1, ""0111101111"": 1, ""1010111000"": 1, ""1011101111"": 1, ""1111110100"": 1}"
564,019e10ef-307b-77e0-91c9-155d80cd8a6a,6,64,YXXZYIYXXY,YXXYIYZXXY,-0.0009765624999999985,10,0.9999999999999998,0.6,-0.3999999999999998,-0.0009765624999999983,-0.0005859374999999991,0.00039062499999999915,0.3999999999999998,0.00039062499999999915,"{""0001100011"": 1, ""0011001000"": 1, ""0111011000"": 1, ""0111100000"": 1, ""0111101100"": 1, ""1001001111"": 1, ""1001111101"": 1, ""1101100011"": 1, ""1111001111"": 1, ""1111100101"": 1}"
565,019e10ef-307b-77e0-91c9-155d80cd8a6a,6,65,YXXZYIYXYZ,ZYXYIYZXXY,0.0009765624999999985,10,-0.9999999999999998,-0.4,0.5999999999999998,-0.0009765624999999983,-0.0003906249999999994,0.0005859374999999988,0.5999999999999998,0.0005859374999999988,"{""0001101010"": 1, ""0010000111"": 1, ""0100100011"": 1, ""0110110110"": 1, ""1100001000"": 1, ""1101010110"": 1, ""1101100100"": 1, ""1110011100"": 1, ""1110011111"": 1, ""1110100111"": 1}"
566,019e10ef-307b-77e0-91c9-155d80cd8a6a,6,66,YXXZYIYYIX,XIYYIYZXXY,-0.0009765624999999985,10,0.9999999999999998,0.6,-0.3999999999999998,-0.0009765624999999983,-0.0005859374999999991,0.00039062499999999915,0.3999999999999998,0.00039062499999999915,"{""0010000111"": 1, ""0010011000"": 1, ""0100010100"": 1, ""1010000111"": 1, ""1010001011"": 1, ""1100101100"": 1, ""1101011111"": 1, ""1111001011"": 1, ""1111110100"": 1, ""1111111000"": 1}"
567,019e10ef-307b-77e0-91c9-155d80cd8a6a,6,67,YXXZYIYYZI,IZYYIYZXXY,-0.0009765624999999985,10,0.9999999999999998,0.2,-0.7999999999999998,-0.0009765624999999983,-0.0001953124999999997,0.0007812499999999985,0.7999999999999998,0.0007812499999999985,"{""0000101101"": 1, ""0100011111"": 1, ""0101001101"": 1, ""0110110101"": 1, ""1000000110"": 1, ""1011011001"": 1, ""1011100000"": 1, ""1100100111"": 1, ""1101001101"": 1, ""1111000110"": 1}"
568,019e10ef-307b-77e0-91c9-155d80cd8a6a,6,68,YXXZYZIIII,IIIIZYZXXY,-0.0009765624999999985,10,0.9999999999999998,0.6,-0.3999999999999998,-0.0009765624999999983,-0.0005859374999999991,0.00039062499999999915,0.3999999999999998,0.00039062499999999915,"{""0001101111"": 1, ""0011110000"": 1, ""1000101101"": 1, ""1001100001"": 1, ""1010000000"": 1, ""1011101101"": 2, ""1100011110"": 1, ""1101100111"": 1, ""1111000111"": 1}"
569,019e10ef-307b-77e0-91c9-155d80cd8a6a,6,69,YXXZYZIIZX,XZIIZYZXXY,-0.0009765624999999985,10,0.9999999999999998,1.0,2.220446049250313e-16,-0.0009765624999999983,-0.0009765624999999985,-2.168404344971009e-19,2.220446049250313e-16,2.168404344971009e-19,"{""0000000111"": 1, ""0001010011"": 1, ""0001101011"": 1, ""0010011000"": 1, ""0100100000"": 1, ""0101001000"": 1, ""0110111011"": 1, ""1000011011"": 1, ""1010111111"": 1, ""1110101011"": 1}"
570,019e10ef-307b-77e0-91c9-155d80cd8a6a,6,70,YXXZYZIZXZ,ZXZIZYZXXY,-0.0009765624999999985,10,0.9999999999999998,0.2,-0.7999999999999998,-0.0009765624999999983,-0.0001953124999999997,0.0007812499999999985,0.7999999999999998,0.0007812499999999985,"{""0001000101"": 1, ""0001010010"": 1, ""0001011101"": 1, ""0101001000"": 1, ""0110001001"": 1, ""0110111101"": 1, ""0111011011"": 1, ""1010001000"": 1, ""1010001011"": 1, ""1101111110"": 1}"
571,019e10ef-307b-77e0-91c9-155d80cd8a6a,6,71,YXXZYZIZYY,YYZIZYZXXY,-0.0009765624999999985,10,0.9999999999999998,0.2,-0.7999999999999998,-0.0009765624999999983,-0.0001953124999999997,0.0007812499999999985,0.7999999999999998,0.0007812499999999985,"{""0100111011"": 1, ""0101001110"": 1, ""0110111101"": 1, ""1000000011"": 1, ""1000001101"": 1, ""1010000101"": 1, ""1010110101"": 1, ""1011100110"": 1, ""1101110010"": 1, ""1110101010"": 1}"
572,019e10ef-307b-77e0-91c9-155d80cd8a6a,6,72,YXXZYZZXIX,XIXZZYZXXY,-0.0009765624999999985,10,0.9999999999999998,0.6,-0.3999999999999998,-0.0009765624999999983,-0.0005859374999999991,0.00039062499999999915,0.3999999999999998,0.00039062499999999915,"{""0000010111"": 1, ""0000111011"": 1, ""0010010000"": 1, ""0011000111"": 1, ""0101100111"": 1, ""0110110000"": 1, ""0111010111"": 1, ""1001110000"": 1, ""1101011100"": 1, ""1110010000"": 1}"
573,019e10ef-307b-77e0-91c9-155d80cd8a6a,6,73,YXXZYZZXZI,IZXZZYZXXY,-0.0009765624999999985,10,0.9999999999999998,0.2,-0.7999999999999998,-0.0009765624999999983,-0.0001953124999999997,0.0007812499999999985,0.7999999999999998,0.0007812499999999985,"{""0001111101"": 1, ""0101000001"": 1, ""0101011100"": 1, ""0101110110"": 1, ""0111011100"": 1, ""1010001011"": 1, ""1011100001"": 1, ""1100010111"": 1, ""1101001010"": 1, ""1111001011"": 1}"
574,019e10ef-307b-77e0-91c9-155d80cd8a6a,6,74,YXXZYZZYXY,YXYZZYZXXY,0.0009765624999999985,10,-0.9999999999999998,-0.6,0.3999999999999998,-0.0009765624999999983,-0.0005859374999999991,0.00039062499999999915,0.3999999999999998,0.00039062499999999915,"{""0000000111"": 1, ""0000111011"": 1, ""0011000000"": 1, ""0101001101"": 1, ""0110111000"": 1, ""1011001101"": 1, ""1011100111"": 1, ""1011101101"": 1, ""1111000100"": 1, ""1111110111"": 1}"
575,019e10ef-307b-77e0-91c9-155d80cd8a6a,6,75,YXXZYZZYYZ,ZYYZZYZXXY,-0.0009765624999999985,10,0.9999999999999998,0.4,-0.5999999999999998,-0.0009765624999999983,-0.0003906249999999994,0.0005859374999999988,0.5999999999999998,0.0005859374999999988,"{""0100000101"": 1, ""0100011100"": 1, ""0110000100"": 1, ""0111101010"": 1, ""1010001111"": 1, ""1100001001"": 1, ""1100111010"": 1, ""1101101110"": 1, ""1110101010"": 1, ""1111111001"": 1}"
576,019e10ef-307b-77e0-91c9-155d80cd8a6a,6,76,YXYZIXIXIX,XIXIXIZYXY,0.0009765624999999985,10,-0.9999999999999998,-0.6,0.3999999999999998,-0.0009765624999999983,-0.0005859374999999991,0.00039062499999999915,0.3999999999999998,0.00039062499999999915,"{""0000011100"": 1, ""0000101111"": 1, ""0011110111"": 1, ""0110101100"": 1, ""0111000111"": 1, ""1001110111"": 1, ""1100101100"": 1, ""1100110000"": 1, ""1110011011"": 1, ""1111110000"": 1}"
577,019e10ef-307b-77e0-91c9-155d80cd8a6a,6,77,YXYZIXIXZI,IZXIXIZYXY,0.0009765624999999985,10,-0.9999999999999998,-0.8,0.19999999999999973,-0.0009765624999999983,-0.0007812499999999989,0.00019531249999999941,0.19999999999999973,0.00019531249999999941,"{""0100000001"": 1, ""0100000110"": 1, ""0100000111"": 1, ""0110101010"": 1, ""0110110111"": 1, ""1011000111"": 1, ""1100011100"": 1, ""1101000001"": 1, ""1101011010"": 1, ""1111110000"": 1}"
578,019e10ef-307b-77e0-91c9-155d80cd8a6a,6,78,YXYZIXIYXY,YXYIXIZYXY,-0.0009765624999999985,10,0.9999999999999998,0.4,-0.5999999999999998,-0.0009765624999999983,-0.0003906249999999994,0.0005859374999999988,0.5999999999999998,0.0005859374999999988,"{""0000101011"": 1, ""0001011000"": 1, ""0011101011"": 1, ""0011101101"": 1, ""0100000111"": 1, ""0101110010"": 1, ""0111000000"": 1, ""1000000001"": 1, ""1100011110"": 1, ""1110101000"": 1}"
579,019e10ef-307b-77e0-91c9-155d80cd8a6a,6,79,YXYZIXIYYZ,ZYYIXIZYXY,0.0009765624999999985,10,-0.9999999999999998,-0.8,0.19999999999999973,-0.0009765624999999983,-0.0007812499999999989,0.00019531249999999941,0.19999999999999973,0.00019531249999999941,"{""0011110000"": 1, ""0100011000"": 1, ""0101101010"": 1, ""0101110000"": 1, ""1000011100"": 2, ""1011011001"": 1, ""1100101111"": 2, ""1100110011"": 1}"
580,019e10ef-307b-77e0-91c9-155d80cd8a6a,6,80,YXYZIXZIII,IIIZXIZYXY,0.0009765624999999985,10,-0.9999999999999998,-0.6,0.3999999999999998,-0.0009765624999999983,-0.0005859374999999991,0.00039062499999999915,0.3999999999999998,0.00039062499999999915,"{""0001000110"": 1, ""0010011011"": 1, ""0100011011"": 1, ""0101101110"": 1, ""0110000000"": 1, ""1001110110"": 1, ""1010101011"": 1, ""1011001110"": 1, ""1100110010"": 1, ""1100110101"": 1}"
581,019e10ef-307b-77e0-91c9-155d80cd8a6a,6,81,YXYZIXZIZX,XZIZXIZYXY,0.0009765624999999985,10,-0.9999999999999998,-1.0,-2.220446049250313e-16,-0.0009765624999999983,-0.0009765624999999985,-2.168404344971009e-19,2.220446049250313e-16,2.168404344971009e-19,"{""0000101000"": 1, ""0010011100"": 1, ""0011110011"": 1, ""0100000111"": 1, ""0101001011"": 1, ""0101101111"": 1, ""1000000111"": 1, ""1010101100"": 1, ""1100101100"": 1, ""1110011000"": 1}"
582,019e10ef-307b-77e0-91c9-155d80cd8a6a,6,82,YXYZIXZZXZ,ZXZZXIZYXY,0.0009765624999999985,10,-0.9999999999999998,-0.6,0.3999999999999998,-0.0009765624999999983,-0.0005859374999999991,0.00039062499999999915,0.3999999999999998,0.00039062499999999915,"{""0001000010"": 1, ""0001010101"": 1, ""0001110001"": 1, ""0101010011"": 1, ""0101010110"": 1, ""0110110101"": 1, ""1000011000"": 1, ""1001101101"": 1, ""1001110101"": 1, ""1100110011"": 1}"
583,019e10ef-307b-77e0-91c9-155d80cd8a6a,6,83,YXYZIXZZYY,YYZZXIZYXY,0.0009765624999999985,10,-0.9999999999999998,-0.6,0.3999999999999998,-0.0009765624999999983,-0.0005859374999999991,0.00039062499999999915,0.3999999999999998,0.00039062499999999915,"{""0000101110"": 1, ""0010011000"": 1, ""0100011110"": 1, ""0101110001"": 1, ""0111101101"": 1, ""1000011110"": 2, ""1010101011"": 1, ""1100110110"": 1, ""1101011101"": 1}"
584,019e10ef-307b-77e0-91c9-155d80cd8a6a,6,84,YXYZIYXXXY,YXXXYIZYXY,-0.0009765624999999985,10,0.9999999999999998,0.8,-0.19999999999999973,-0.0009765624999999983,-0.0007812499999999989,0.00019531249999999941,0.19999999999999973,0.00019531249999999941,"{""0000100011"": 1, ""0000101010"": 1, ""0001010101"": 1, ""0001100000"": 1, ""0010000010"": 1, ""0011011011"": 1, ""1011000010"": 1, ""1101000111"": 1, ""1110001000"": 1, ""1111110001"": 1}"
585,019e10ef-307b-77e0-91c9-155d80cd8a6a,6,85,YXYZIYXXYZ,ZYXXYIZYXY,0.0009765624999999985,10,-0.9999999999999998,-0.4,0.5999999999999998,-0.0009765624999999983,-0.0003906249999999994,0.0005859374999999988,0.5999999999999998,0.0005859374999999988,"{""0000100010"": 1, ""0001000000"": 1, ""0001000101"": 1, ""0001001001"": 1, ""0001111100"": 1, ""0010000011"": 1, ""0100000110"": 1, ""0111011011"": 1, ""1000001011"": 1, ""1110000001"": 1}"
586,019e10ef-307b-77e0-91c9-155d80cd8a6a,6,86,YXYZIYXYIX,XIYXYIZYXY,-0.0009765624999999985,10,0.9999999999999998,0.8,-0.19999999999999973,-0.0009765624999999983,-0.0007812499999999989,0.00019531249999999941,0.19999999999999973,0.00019531249999999941,"{""0000111000"": 1, ""0101101100"": 1, ""1000101111"": 1, ""1001100111"": 1, ""1001110111"": 1, ""1010111111"": 1, ""1101010111"": 1, ""1110000011"": 1, ""1110001000"": 1, ""1111110100"": 1}"
587,019e10ef-307b-77e0-91c9-155d80cd8a6a,6,87,YXYZIYXYZI,IZYXYIZYXY,-0.0009765624999999985,10,0.9999999999999998,0.8,-0.19999999999999973,-0.0009765624999999983,-0.0007812499999999989,0.00019531249999999941,0.19999999999999973,0.00019531249999999941,"{""0000101100"": 1, ""0001000010"": 1, ""0001110100"": 1, ""0010011101"": 1, ""0011111111"": 1, ""0100010110"": 1, ""0100010111"": 1, ""1000001000"": 1, ""1011000100"": 1, ""1101011010"": 1}"
588,019e10ef-307b-77e0-91c9-155d80cd8a6a,6,88,YXYZIYYIXZ,ZXIYYIZYXY,0.0009765624999999985,10,-0.9999999999999998,-0.6,0.3999999999999998,-0.0009765624999999983,-0.0005859374999999991,0.00039062499999999915,0.3999999999999998,0.00039062499999999915,"{""0010001101"": 1, ""0101000011"": 1, ""0111001101"": 1, ""0111011000"": 1, ""0111100111"": 1, ""1000001110"": 1, ""1100110001"": 1, ""1110010110"": 2, ""1111101000"": 1}"
589,019e10ef-307b-77e0-91c9-155d80cd8a6a,6,89,YXYZIYYIYY,YYIYYIZYXY,0.0009765624999999985,10,-0.9999999999999998,-0.4,0.5999999999999998,-0.0009765624999999983,-0.0003906249999999994,0.0005859374999999988,0.5999999999999998,0.0005859374999999988,"{""0000110000"": 2, ""0001011000"": 1, ""0010010101"": 1, ""0010111110"": 1, ""0011110011"": 1, ""0100001111"": 1, ""1000010110"": 1, ""1001100011"": 1, ""1001101000"": 1}"
590,019e10ef-307b-77e0-91c9-155d80cd8a6a,6,90,YXYZIYYZII,IIZYYIZYXY,0.0009765624999999985,10,-0.9999999999999998,-0.6,0.3999999999999998,-0.0009765624999999983,-0.0005859374999999991,0.00039062499999999915,0.3999999999999998,0.00039062499999999915,"{""0011110000"": 1, ""0100000001"": 1, ""0101110010"": 1, ""0110111100"": 1, ""0111001100"": 1, ""1011010100"": 1, ""1011011000"": 1, ""1100100111"": 1, ""1110110010"": 1, ""1111100001"": 1}"
591,019e10ef-307b-77e0-91c9-155d80cd8a6a,6,91,YXYZIYYZZX,XZZYYIZYXY,0.0009765624999999985,10,-0.9999999999999998,-1.0,-2.220446049250313e-16,-0.0009765624999999983,-0.0009765624999999985,-2.168404344971009e-19,2.220446049250313e-16,2.168404344971009e-19,"{""0001010100"": 1, ""0010001100"": 1, ""0100001100"": 1, ""0101100111"": 1, ""0110100100"": 1, ""0111001100"": 1, ""1001110011"": 1, ""1011010111"": 1, ""1100101011"": 1, ""1101001111"": 1}"
592,019e10ef-307b-77e0-91c9-155d80cd8a6a,6,92,YXYZZIIIII,IIIIIZZYXY,0.0009765624999999985,10,-0.9999999999999998,-0.8,0.19999999999999973,-0.0009765624999999983,-0.0007812499999999989,0.00019531249999999941,0.19999999999999973,0.00019531249999999941,"{""0010000011"": 1, ""0010110010"": 1, ""0011100110"": 1, ""0101110000"": 1, ""0101111010"": 1, ""1000000111"": 1, ""1000001110"": 1, ""1100111110"": 1, ""1101001100"": 1, ""1111101110"": 1}"
593,019e10ef-307b-77e0-91c9-155d80cd8a6a,6,93,YXYZZIIIZX,XZIIIZZYXY,0.0009765624999999985,10,-0.9999999999999998,-0.8,0.19999999999999973,-0.0009765624999999983,-0.0007812499999999989,0.00019531249999999941,0.19999999999999973,0.00019531249999999941,"{""0010000100"": 1, ""0100000011"": 1, ""0100011011"": 1, ""0110100000"": 1, ""0111000011"": 1, ""1010100000"": 1, ""1011001011"": 1, ""1100110011"": 1, ""1101000100"": 1, ""1111000011"": 1}"
594,019e10ef-307b-77e0-91c9-155d80cd8a6a,6,94,YXYZZIIZXZ,ZXZIIZZYXY,0.0009765624999999985,10,-0.9999999999999998,0.0,0.9999999999999998,-0.0009765624999999983,0.0,0.0009765624999999983,0.9999999999999998,0.0009765624999999983,"{""0000110101"": 1, ""0011111101"": 1, ""0100100101"": 1, ""0101101011"": 1, ""0110110010"": 1, ""1001100111"": 1, ""1100010011"": 1, ""1101000011"": 1, ""1101001011"": 1, ""1111101001"": 1}"
595,019e10ef-307b-77e0-91c9-155d80cd8a6a,6,95,YXYZZIIZYY,YYZIIZZYXY,0.0009765624999999985,10,-0.9999999999999998,-0.6,0.3999999999999998,-0.0009765624999999983,-0.0005859374999999991,0.00039062499999999915,0.3999999999999998,0.00039062499999999915,"{""0000000000"": 1, ""0001000110"": 1, ""0001011101"": 1, ""0100011011"": 1, ""0111011001"": 1, ""1010100011"": 1, ""1011000011"": 1, ""1100110110"": 1, ""1111110011"": 1, ""1111110101"": 1}"
596,019e10ef-307b-77e0-91c9-155d80cd8a6a,6,96,YXYZZIZXIX,XIXZIZZYXY,0.0009765624999999985,10,-0.9999999999999998,-0.8,0.19999999999999973,-0.0009765624999999983,-0.0007812499999999989,0.00019531249999999941,0.19999999999999973,0.00019531249999999941,"{""0000111100"": 1, ""0001000111"": 1, ""0010001011"": 1, ""0100010000"": 1, ""1000100000"": 1, ""1001101100"": 1, ""1100100000"": 1, ""1101000111"": 1, ""1110010111"": 1, ""1111101011"": 1}"
597,019e10ef-307b-77e0-91c9-155d80cd8a6a,6,97,YXYZZIZXZI,IZXZIZZYXY,0.0009765624999999985,10,-0.9999999999999998,-0.4,0.5999999999999998,-0.0009765624999999983,-0.0003906249999999994,0.0005859374999999988,0.5999999999999998,0.0005859374999999988,"{""0000110110"": 1, ""0010011001"": 1, ""0011101111"": 1, ""0011110000"": 1, ""0101101010"": 1, ""0110010110"": 1, ""1001100000"": 1, ""1001100110"": 1, ""1100100110"": 1, ""1110000001"": 1}"
598,019e10ef-307b-77e0-91c9-155d80cd8a6a,6,98,YXYZZIZYXY,YXYZIZZYXY,-0.0009765624999999985,10,0.9999999999999998,0.6,-0.3999999999999998,-0.0009765624999999983,-0.0005859374999999991,0.00039062499999999915,0.3999999999999998,0.00039062499999999915,"{""0101011110"": 1, ""0110100010"": 1, ""0111000001"": 1, ""1001011110"": 1, ""1001110010"": 1, ""1010111011"": 1, ""1100100010"": 1, ""1100101011"": 1, ""1101000100"": 1, ""1101010010"": 1}"
599,019e10ef-307b-77e0-91c9-155d80cd8a6a,6,99,YXYZZIZYYZ,ZYYZIZZYXY,0.0009765624999999985,10,-0.9999999999999998,-0.8,0.19999999999999973,-0.0009765624999999983,-0.0007812499999999989,0.00019531249999999941,0.19999999999999973,0.00019531249999999941,"{""0000111010"": 1, ""0011110110"": 1, ""0101101111"": 1, ""0111011111"": 1, ""1001101111"": 1, ""1001111010"": 1, ""1011011010"": 1, ""1100001001"": 1, ""1110010101"": 1, ""1110011001"": 1}"
600,019e10ef-355e-7db1-a938-a101d927e627,7,0,YXYZZZXIXZ,ZXIXZZZYXY,0.0009765624999999985,10,-0.9999999999999998,-0.6,0.3999999999999998,-0.0009765624999999983,-0.0005859374999999991,0.00039062499999999915,0.3999999999999998,0.00039062499999999915,"{""0000010011"": 1, ""0000110101"": 1, ""0010000000"": 1, ""0010001110"": 1, ""0011101110"": 1, ""0100000000"": 1, ""0101110110"": 1, ""0110100010"": 1, ""1011010110"": 1, ""1111100110"": 1}"
601,019e10ef-355e-7db1-a938-a101d927e627,7,1,YXYZZZXIYY,YYIXZZZYXY,0.0009765624999999985,10,-0.9999999999999998,-0.4,0.5999999999999998,-0.0009765624999999983,-0.0003906249999999994,0.0005859374999999988,0.5999999999999998,0.0005859374999999988,"{""0001000011"": 1, ""0001100001"": 1, ""0011001101"": 1, ""1011010100"": 1, ""1100111001"": 1, ""1101010101"": 1, ""1110000000"": 1, ""1110001101"": 1, ""1111010111"": 1, ""1111100000"": 1}"
602,019e10ef-355e-7db1-a938-a101d927e627,7,2,YXYZZZXZII,IIZXZZZYXY,0.0009765624999999985,10,-0.9999999999999998,-0.6,0.3999999999999998,-0.0009765624999999983,-0.0005859374999999991,0.00039062499999999915,0.3999999999999998,0.00039062499999999915,"{""0010011000"": 1, ""0101101110"": 1, ""0111000011"": 1, ""0111011001"": 1, ""1001011001"": 1, ""1010100000"": 1, ""1010110110"": 1, ""1011010100"": 1, ""1011100011"": 1, ""1100110100"": 1}"
603,019e10ef-355e-7db1-a938-a101d927e627,7,3,YXYZZZXZZX,XZZXZZZYXY,0.0009765624999999985,10,-0.9999999999999998,-0.8,0.19999999999999973,-0.0009765624999999983,-0.0007812499999999989,0.00019531249999999941,0.19999999999999973,0.00019531249999999941,"{""0001011011"": 1, ""0011001100"": 1, ""0011100000"": 1, ""0011101100"": 1, ""0100011000"": 1, ""0101110111"": 1, ""0110110111"": 1, ""1101010111"": 1, ""1111100000"": 1, ""1111111000"": 1}"
604,019e10ef-355e-7db1-a938-a101d927e627,7,4,YXYZZZYXXY,YXXYZZZYXY,0.0009765624999999985,10,-0.9999999999999998,-0.4,0.5999999999999998,-0.0009765624999999983,-0.0003906249999999994,0.0005859374999999988,0.5999999999999998,0.0005859374999999988,"{""0001001100"": 1, ""0011100011"": 1, ""0110111110"": 1, ""0111010100"": 1, ""1000001111"": 1, ""1000010100"": 1, ""1011010010"": 1, ""1101010011"": 1, ""1101011111"": 1, ""1110101100"": 1}"
605,019e10ef-355e-7db1-a938-a101d927e627,7,5,YXYZZZYXYZ,ZYXYZZZYXY,-0.0009765624999999985,10,0.9999999999999998,0.6,-0.3999999999999998,-0.0009765624999999983,-0.0005859374999999991,0.00039062499999999915,0.3999999999999998,0.00039062499999999915,"{""0001001101"": 1, ""0010000100"": 1, ""0011101001"": 1, ""0101100001"": 1, ""0111010101"": 1, ""1000100010"": 1, ""1000101001"": 1, ""1010100001"": 1, ""1011011100"": 1, ""1111100111"": 1}"
606,019e10ef-355e-7db1-a938-a101d927e627,7,6,YXYZZZYYIX,XIYYZZZYXY,0.0009765624999999985,10,-0.9999999999999998,-1.0,-2.220446049250313e-16,-0.0009765624999999983,-0.0009765624999999985,-2.168404344971009e-19,2.220446049250313e-16,2.168404344971009e-19,"{""0000101011"": 1, ""0010000000"": 1, ""0100000111"": 1, ""1000010011"": 1, ""1000011000"": 1, ""1001111000"": 1, ""1010110011"": 1, ""1010111000"": 1, ""1101010100"": 1, ""1111101100"": 1}"
607,019e10ef-355e-7db1-a938-a101d927e627,7,7,YXYZZZYYZI,IZYYZZZYXY,0.0009765624999999985,10,-0.9999999999999998,-0.6,0.3999999999999998,-0.0009765624999999983,-0.0005859374999999991,0.00039062499999999915,0.3999999999999998,0.00039062499999999915,"{""0000101100"": 2, ""0000110011"": 1, ""0010000010"": 1, ""0010010010"": 1, ""0010011000"": 1, ""0010011001"": 1, ""0101111001"": 1, ""0110011111"": 1, ""0111010100"": 1}"
608,019e10ef-355e-7db1-a938-a101d927e627,7,8,YXZYIIIIII,IIIIIIYZXY,0.0009765624999999985,10,-0.9999999999999998,-1.0,-2.220446049250313e-16,-0.0009765624999999983,-0.0009765624999999985,-2.168404344971009e-19,2.220446049250313e-16,2.168404344971009e-19,"{""0010111011"": 1, ""0010111111"": 1, ""0100111110"": 1, ""1000011111"": 2, ""1000110101"": 1, ""1011011101"": 1, ""1011101111"": 1, ""1101010010"": 1, ""1101010111"": 1}"
609,019e10ef-355e-7db1-a938-a101d927e627,7,9,YXZYIIIIZX,XZIIIIYZXY,0.0009765624999999985,10,-0.9999999999999998,-0.6,0.3999999999999998,-0.0009765624999999983,-0.0005859374999999991,0.00039062499999999915,0.3999999999999998,0.00039062499999999915,"{""0000011100"": 1, ""0001000011"": 1, ""0001011100"": 1, ""0111100000"": 1, ""0111111111"": 1, ""1000001000"": 1, ""1000110111"": 1, ""1010101100"": 1, ""1110101100"": 1, ""1110111111"": 1}"
610,019e10ef-355e-7db1-a938-a101d927e627,7,10,YXZYIIIZXZ,ZXZIIIYZXY,0.0009765624999999985,10,-0.9999999999999998,-0.8,0.19999999999999973,-0.0009765624999999983,-0.0007812499999999989,0.00019531249999999941,0.19999999999999973,0.00019531249999999941,"{""0001000110"": 1, ""0001100000"": 1, ""0010111101"": 1, ""0100100101"": 1, ""0111011110"": 1, ""0111111100"": 1, ""1000001011"": 1, ""1011010110"": 1, ""1011011011"": 1, ""1011111110"": 1}"
611,019e10ef-355e-7db1-a938-a101d927e627,7,11,YXZYIIIZYY,YYZIIIYZXY,0.0009765624999999985,10,-0.9999999999999998,-0.8,0.19999999999999973,-0.0009765624999999983,-0.0007812499999999989,0.00019531249999999941,0.19999999999999973,0.00019531249999999941,"{""0001111000"": 1, ""0010011101"": 1, ""0100100011"": 1, ""0111100011"": 1, ""0111110000"": 1, ""1000011101"": 1, ""1000101000"": 1, ""1000110101"": 1, ""1000111001"": 1, ""1000111110"": 1}"
612,019e10ef-355e-7db1-a938-a101d927e627,7,12,YXZYIIZXIX,XIXZIIYZXY,0.0009765624999999985,10,-0.9999999999999998,-1.0,-2.220446049250313e-16,-0.0009765624999999983,-0.0009765624999999985,-2.168404344971009e-19,2.220446049250313e-16,2.168404344971009e-19,"{""0001001100"": 1, ""0010011100"": 1, ""0010100000"": 1, ""0010100111"": 1, ""0010101100"": 1, ""0100000111"": 1, ""0100010111"": 1, ""0100111100"": 1, ""0111000111"": 1, ""1110000111"": 1}"
613,019e10ef-355e-7db1-a938-a101d927e627,7,13,YXZYIIZXZI,IZXZIIYZXY,0.0009765624999999985,10,-0.9999999999999998,-0.8,0.19999999999999973,-0.0009765624999999983,-0.0007812499999999989,0.00019531249999999941,0.19999999999999973,0.00019531249999999941,"{""0000010000"": 1, ""0100010110"": 1, ""0100100111"": 1, ""0111001011"": 1, ""0111001100"": 1, ""1000011010"": 1, ""1000011011"": 1, ""1011110110"": 1, ""1101000000"": 1, ""1110011101"": 1}"
614,019e10ef-355e-7db1-a938-a101d927e627,7,14,YXZYIIZYXY,YXYZIIYZXY,-0.0009765624999999985,10,0.9999999999999998,0.4,-0.5999999999999998,-0.0009765624999999983,-0.0003906249999999994,0.0005859374999999988,0.5999999999999998,0.0005859374999999988,"{""0001010111"": 1, ""0100010000"": 1, ""0100010111"": 1, ""0100110100"": 1, ""0111011101"": 1, ""1010111000"": 1, ""1011010001"": 1, ""1011101101"": 1, ""1011111010"": 1, ""1101100010"": 1}"
615,019e10ef-355e-7db1-a938-a101d927e627,7,15,YXZYIIZYYZ,ZYYZIIYZXY,0.0009765624999999985,10,-0.9999999999999998,-0.6,0.3999999999999998,-0.0009765624999999983,-0.0005859374999999991,0.00039062499999999915,0.3999999999999998,0.00039062499999999915,"{""0010010011"": 1, ""0010101001"": 1, ""0100000110"": 1, ""0100011110"": 1, ""0111000101"": 1, ""1000001100"": 1, ""1000010010"": 1, ""1011001001"": 1, ""1101110011"": 1, ""1110000011"": 1}"
616,019e10ef-355e-7db1-a938-a101d927e627,7,16,YXZYIZXIXZ,ZXIXZIYZXY,0.0009765624999999985,10,-0.9999999999999998,-0.8,0.19999999999999973,-0.0009765624999999983,-0.0007812499999999989,0.00019531249999999941,0.19999999999999973,0.00019531249999999941,"{""0001010101"": 1, ""0100100000"": 1, ""1000000000"": 1, ""1000000111"": 1, ""1010001001"": 1, ""1011011011"": 1, ""1011100011"": 1, ""1101001110"": 1, ""1110000011"": 1, ""1110111011"": 1}"
617,019e10ef-355e-7db1-a938-a101d927e627,7,17,YXZYIZXIYY,YYIXZIYZXY,0.0009765624999999985,10,-0.9999999999999998,-0.8,0.19999999999999973,-0.0009765624999999983,-0.0007812499999999989,0.00019531249999999941,0.19999999999999973,0.00019531249999999941,"{""0010011000"": 1, ""0010011011"": 1, ""0100011011"": 1, ""0100101101"": 1, ""0111001110"": 1, ""1011010101"": 2, ""1011111011"": 1, ""1101010100"": 1, ""1110110101"": 1}"
618,019e10ef-355e-7db1-a938-a101d927e627,7,18,YXZYIZXZII,IIZXZIYZXY,0.0009765624999999985,10,-0.9999999999999998,-0.6,0.3999999999999998,-0.0009765624999999983,-0.0005859374999999991,0.00039062499999999915,0.3999999999999998,0.00039062499999999915,"{""0001100010"": 1, ""0010100010"": 1, ""0100111000"": 1, ""1000001110"": 1, ""1000001111"": 1, ""1000010110"": 1, ""1010111010"": 1, ""1101000110"": 1, ""1101111011"": 1, ""1110001111"": 1}"
619,019e10ef-355e-7db1-a938-a101d927e627,7,19,YXZYIZXZZX,XZZXZIYZXY,0.0009765624999999985,10,-0.9999999999999998,-0.6,0.3999999999999998,-0.0009765624999999983,-0.0005859374999999991,0.00039062499999999915,0.3999999999999998,0.00039062499999999915,"{""0001100000"": 1, ""0010100001"": 1, ""0010111011"": 1, ""0110000011"": 1, ""0111110111"": 1, ""1000000011"": 1, ""1000110100"": 1, ""1011010100"": 1, ""1101111011"": 1, ""1110111011"": 1}"
620,019e10ef-355e-7db1-a938-a101d927e627,7,20,YXZYIZYXXY,YXXYZIYZXY,0.0009765624999999985,10,-0.9999999999999998,-0.2,0.7999999999999998,-0.0009765624999999983,-0.0001953124999999997,0.0007812499999999985,0.7999999999999998,0.0007812499999999985,"{""0000111101"": 1, ""0010010111"": 1, ""0010110110"": 1, ""0100110111"": 1, ""1000000011"": 1, ""1000111010"": 1, ""1001010001"": 1, ""1011010001"": 1, ""1110000000"": 1, ""1110101111"": 1}"
621,019e10ef-355e-7db1-a938-a101d927e627,7,21,YXZYIZYXYZ,ZYXYZIYZXY,-0.0009765624999999985,10,0.9999999999999998,0.2,-0.7999999999999998,-0.0009765624999999983,-0.0001953124999999997,0.0007812499999999985,0.7999999999999998,0.0007812499999999985,"{""0001111001"": 1, ""0100101001"": 1, ""1000101101"": 1, ""1001010011"": 1, ""1010111100"": 1, ""1011001110"": 1, ""1011111111"": 1, ""1100111100"": 1, ""1101001000"": 1, ""1110011010"": 1}"
622,019e10ef-355e-7db1-a938-a101d927e627,7,22,YXZYIZYYIX,XIYYZIYZXY,0.0009765624999999985,10,-0.9999999999999998,-0.4,0.5999999999999998,-0.0009765624999999983,-0.0003906249999999994,0.0005859374999999988,0.5999999999999998,0.0005859374999999988,"{""0001100111"": 1, ""0010100000"": 1, ""0010100111"": 1, ""0100000100"": 1, ""0111011000"": 1, ""1011101100"": 1, ""1011110100"": 1, ""1101101011"": 1, ""1110100011"": 1, ""1111001011"": 1}"
623,019e10ef-355e-7db1-a938-a101d927e627,7,23,YXZYIZYYZI,IZYYZIYZXY,0.0009765624999999985,10,-0.9999999999999998,-0.6,0.3999999999999998,-0.0009765624999999983,-0.0005859374999999991,0.00039062499999999915,0.3999999999999998,0.00039062499999999915,"{""0001111111"": 1, ""0010100000"": 1, ""0100000001"": 1, ""0101110000"": 1, ""0110100000"": 1, ""0111101101"": 1, ""1000110101"": 1, ""1011101100"": 1, ""1110110100"": 1, ""1111011110"": 1}"
624,019e10ef-355e-7db1-a938-a101d927e627,7,24,YXZYZXIXIX,XIXIXZYZXY,0.0009765624999999985,10,-0.9999999999999998,-0.8,0.19999999999999973,-0.0009765624999999983,-0.0007812499999999989,0.00019531249999999941,0.19999999999999973,0.00019531249999999941,"{""0100000000"": 1, ""0100011011"": 1, ""0111001100"": 1, ""0111011011"": 1, ""0111011100"": 1, ""1000011011"": 1, ""1000101011"": 1, ""1011000000"": 1, ""1101110111"": 1, ""1110101100"": 1}"
625,019e10ef-355e-7db1-a938-a101d927e627,7,25,YXZYZXIXZI,IZXIXZYZXY,0.0009765624999999985,10,-0.9999999999999998,-0.8,0.19999999999999973,-0.0009765624999999983,-0.0007812499999999989,0.00019531249999999941,0.19999999999999973,0.00019531249999999941,"{""0010011100"": 1, ""0011101100"": 1, ""0100000110"": 1, ""0111100010"": 1, ""1000101100"": 1, ""1000101101"": 1, ""1011110000"": 1, ""1101011101"": 1, ""1101110000"": 1, ""1110011010"": 1}"
626,019e10ef-355e-7db1-a938-a101d927e627,7,26,YXZYZXIYXY,YXYIXZYZXY,-0.0009765624999999985,10,0.9999999999999998,0.4,-0.5999999999999998,-0.0009765624999999983,-0.0003906249999999994,0.0005859374999999988,0.5999999999999998,0.0005859374999999988,"{""0001000110"": 1, ""0100000100"": 1, ""0101000010"": 1, ""1000101101"": 1, ""1001110001"": 1, ""1011000001"": 1, ""1011011000"": 1, ""1101011110"": 1, ""1101110001"": 1, ""1110101011"": 1}"
627,019e10ef-355e-7db1-a938-a101d927e627,7,27,YXZYZXIYYZ,ZYYIXZYZXY,0.0009765624999999985,10,-0.9999999999999998,-0.8,0.19999999999999973,-0.0009765624999999983,-0.0007812499999999989,0.00019531249999999941,0.19999999999999973,0.00019531249999999941,"{""0001101100"": 1, ""0001110110"": 1, ""0010000101"": 1, ""0010101111"": 1, ""0010110110"": 1, ""0100000011"": 1, ""0100011101"": 1, ""1011000101"": 1, ""1011000110"": 1, ""1101101100"": 1}"
628,019e10ef-355e-7db1-a938-a101d927e627,7,28,YXZYZXZIII,IIIZXZYZXY,0.0009765624999999985,10,-0.9999999999999998,-0.6,0.3999999999999998,-0.0009765624999999983,-0.0005859374999999991,0.00039062499999999915,0.3999999999999998,0.00039062499999999915,"{""0001011001"": 1, ""0001110010"": 1, ""0010000110"": 1, ""0010110000"": 1, ""0101011100"": 1, ""0111101101"": 1, ""0111110111"": 1, ""1000110110"": 1, ""1011101001"": 1, ""1110100000"": 1}"
629,019e10ef-355e-7db1-a938-a101d927e627,7,29,YXZYZXZIZX,XZIZXZYZXY,0.0009765624999999985,10,-0.9999999999999998,-0.8,0.19999999999999973,-0.0009765624999999983,-0.0007812499999999989,0.00019531249999999941,0.19999999999999973,0.00019531249999999941,"{""0010101000"": 1, ""0010101011"": 1, ""0100000000"": 1, ""0111011100"": 1, ""0111110111"": 1, ""1010110100"": 1, ""1011101000"": 1, ""1011110000"": 1, ""1011110100"": 1, ""1101011011"": 1}"
630,019e10ef-355e-7db1-a938-a101d927e627,7,30,YXZYZXZZXZ,ZXZZXZYZXY,0.0009765624999999985,10,-0.9999999999999998,-0.2,0.7999999999999998,-0.0009765624999999983,-0.0001953124999999997,0.0007812499999999985,0.7999999999999998,0.0007812499999999985,"{""0001000110"": 1, ""0100101010"": 1, ""0111000001"": 1, ""0111000101"": 1, ""0111011001"": 1, ""0111011110"": 1, ""1000101101"": 1, ""1001101000"": 1, ""1011110110"": 1, ""1110011101"": 1}"
631,019e10ef-355e-7db1-a938-a101d927e627,7,31,YXZYZXZZYY,YYZZXZYZXY,0.0009765624999999985,10,-0.9999999999999998,-0.8,0.19999999999999973,-0.0009765624999999983,-0.0007812499999999989,0.00019531249999999941,0.19999999999999973,0.00019531249999999941,"{""0001101110"": 1, ""0001110101"": 1, ""0100000011"": 1, ""0100101000"": 1, ""1000110100"": 1, ""1011011101"": 1, ""1011110000"": 1, ""1101101110"": 1, ""1101110101"": 1, ""1110101101"": 1}"
632,019e10ef-355e-7db1-a938-a101d927e627,7,32,YXZYZYXXXY,YXXXYZYZXY,-0.0009765624999999985,10,0.9999999999999998,0.4,-0.5999999999999998,-0.0009765624999999983,-0.0003906249999999994,0.0005859374999999988,0.5999999999999998,0.0005859374999999988,"{""0010011001"": 1, ""0100010011"": 1, ""0100111101"": 1, ""1000100010"": 1, ""1001111101"": 1, ""1010001101"": 1, ""1011000100"": 1, ""1011101010"": 1, ""1101011001"": 1, ""1101111011"": 1}"
633,019e10ef-355e-7db1-a938-a101d927e627,7,33,YXZYZYXXYZ,ZYXXYZYZXY,0.0009765624999999985,10,-0.9999999999999998,-0.4,0.5999999999999998,-0.0009765624999999983,-0.0003906249999999994,0.0005859374999999988,0.5999999999999998,0.0005859374999999988,"{""0011000000"": 1, ""0100001101"": 1, ""0100100001"": 1, ""1000001100"": 1, ""1000111001"": 1, ""1001101110"": 1, ""1101011110"": 1, ""1101111010"": 1, ""1110001100"": 1, ""1110100111"": 1}"
634,019e10ef-355e-7db1-a938-a101d927e627,7,34,YXZYZYXYIX,XIYXYZYZXY,-0.0009765624999999985,10,0.9999999999999998,0.6,-0.3999999999999998,-0.0009765624999999983,-0.0005859374999999991,0.00039062499999999915,0.3999999999999998,0.00039062499999999915,"{""0000101011"": 1, ""0001011100"": 1, ""0010001100"": 1, ""0010101100"": 1, ""0111001000"": 1, ""0111001111"": 1, ""1011000011"": 1, ""1101011100"": 1, ""1110100111"": 1, ""1110110100"": 1}"
635,019e10ef-355e-7db1-a938-a101d927e627,7,35,YXZYZYXYZI,IZYXYZYZXY,-0.0009765624999999985,10,0.9999999999999998,0.8,-0.19999999999999973,-0.0009765624999999983,-0.0007812499999999989,0.00019531249999999941,0.19999999999999973,0.00019531249999999941,"{""0010110000"": 1, ""0100101100"": 1, ""0100111111"": 1, ""0111100001"": 1, ""1011000100"": 1, ""1011000101"": 1, ""1011010111"": 1, ""1101110011"": 1, ""1110001001"": 1, ""1110010000"": 1}"
636,019e10ef-355e-7db1-a938-a101d927e627,7,36,YXZYZYYIXZ,ZXIYYZYZXY,0.0009765624999999985,10,-0.9999999999999998,-0.4,0.5999999999999998,-0.0009765624999999983,-0.0003906249999999994,0.0005859374999999988,0.5999999999999998,0.0005859374999999988,"{""0001100111"": 1, ""0010001110"": 1, ""0010011011"": 1, ""0100000000"": 1, ""0111000011"": 1, ""0111010011"": 1, ""1000011011"": 1, ""1101000011"": 1, ""1101110000"": 1, ""1111011011"": 1}"
637,019e10ef-355e-7db1-a938-a101d927e627,7,37,YXZYZYYIYY,YYIYYZYZXY,0.0009765624999999985,10,-0.9999999999999998,-0.8,0.19999999999999973,-0.0009765624999999983,-0.0007812499999999989,0.00019531249999999941,0.19999999999999973,0.00019531249999999941,"{""0001001101"": 1, ""0010001110"": 1, ""0010011110"": 1, ""0111111101"": 1, ""1000000000"": 1, ""1000001110"": 1, ""1011011000"": 1, ""1011011011"": 1, ""1101000000"": 1, ""1110110011"": 1}"
638,019e10ef-355e-7db1-a938-a101d927e627,7,38,YXZYZYYZII,IIZYYZYZXY,0.0009765624999999985,10,-0.9999999999999998,-0.4,0.5999999999999998,-0.0009765624999999983,-0.0003906249999999994,0.0005859374999999988,0.5999999999999998,0.0005859374999999988,"{""0001110010"": 1, ""0010100110"": 1, ""0010111111"": 1, ""1011001000"": 1, ""1011001101"": 1, ""1100100101"": 1, ""1100110010"": 1, ""1101001110"": 1, ""1110010100"": 1, ""1110011000"": 1}"
639,019e10ef-355e-7db1-a938-a101d927e627,7,39,YXZYZYYZZX,XZZYYZYZXY,0.0009765624999999985,10,-0.9999999999999998,-1.0,-2.220446049250313e-16,-0.0009765624999999983,-0.0009765624999999985,-2.168404344971009e-19,2.220446049250313e-16,2.168404344971009e-19,"{""0010100100"": 1, ""0111101011"": 1, ""1101000000"": 1, ""1101011011"": 1, ""1101110011"": 1, ""1101111111"": 2, ""1110011011"": 1, ""1110100100"": 2}"
640,019e10ef-355e-7db1-a938-a101d927e627,7,40,YYIZXIXIXZ,ZXIXIXZIYY,-0.0009765624999999985,10,0.9999999999999998,0.6,-0.3999999999999998,-0.0009765624999999983,-0.0005859374999999991,0.00039062499999999915,0.3999999999999998,0.00039062499999999915,"{""0000000000"": 1, ""0000001110"": 1, ""0000010101"": 1, ""0011100000"": 1, ""0011100011"": 1, ""0110011000"": 1, ""1001010100"": 1, ""1011011011"": 1, ""1100001110"": 1, ""1100111000"": 1}"
641,019e10ef-355e-7db1-a938-a101d927e627,7,41,YYIZXIXIYY,YYIXIXZIYY,-0.0009765624999999985,10,0.9999999999999998,0.2,-0.7999999999999998,-0.0009765624999999983,-0.0001953124999999997,0.0007812499999999985,0.7999999999999998,0.0007812499999999985,"{""0000001110"": 1, ""0010011001"": 1, ""0101000011"": 1, ""0110100001"": 1, ""1001001000"": 1, ""1001100011"": 1, ""1010010101"": 1, ""1010100011"": 1, ""1100110101"": 1, ""1110101101"": 1}"
642,019e10ef-355e-7db1-a938-a101d927e627,7,42,YYIZXIXZII,IIZXIXZIYY,-0.0009765624999999985,10,0.9999999999999998,0.0,-0.9999999999999998,-0.0009765624999999983,-0.0,0.0009765624999999983,0.9999999999999998,0.0009765624999999983,"{""0000010100"": 1, ""0011000000"": 1, ""0101001111"": 1, ""0110000000"": 1, ""0110010100"": 1, ""0111010001"": 1, ""1001000001"": 1, ""1100001000"": 1, ""1100011001"": 1, ""1110001110"": 1}"
643,019e10ef-355e-7db1-a938-a101d927e627,7,43,YYIZXIXZZX,XZZXIXZIYY,-0.0009765624999999985,10,0.9999999999999998,0.4,-0.5999999999999998,-0.0009765624999999983,-0.0003906249999999994,0.0005859374999999988,0.5999999999999998,0.0005859374999999988,"{""0000111011"": 1, ""0011100100"": 1, ""0011101100"": 2, ""0101001100"": 1, ""0110000000"": 1, ""0110101100"": 2, ""1001011000"": 1, ""1100000000"": 1}"
644,019e10ef-355e-7db1-a938-a101d927e627,7,44,YYIZXIYXXY,YXXYIXZIYY,-0.0009765624999999985,10,0.9999999999999998,0.2,-0.7999999999999998,-0.0009765624999999983,-0.0001953124999999997,0.0007812499999999985,0.7999999999999998,0.0007812499999999985,"{""0001110111"": 1, ""0101110111"": 1, ""0101111110"": 1, ""0110110001"": 1, ""1000110100"": 1, ""1101111110"": 1, ""1111010100"": 1, ""1111011110"": 1, ""1111100000"": 1, ""1111100101"": 1}"
645,019e10ef-355e-7db1-a938-a101d927e627,7,45,YYIZXIYXYZ,ZYXYIXZIYY,0.0009765624999999985,10,-0.9999999999999998,-0.6,0.3999999999999998,-0.0009765624999999983,-0.0005859374999999991,0.00039062499999999915,0.3999999999999998,0.00039062499999999915,"{""0011011101"": 1, ""0011101110"": 1, ""0101000010"": 1, ""1001010011"": 1, ""1010010000"": 1, ""1100001011"": 1, ""1100111010"": 1, ""1111000000"": 1, ""1111011111"": 1, ""1111101101"": 1}"
646,019e10ef-355e-7db1-a938-a101d927e627,7,46,YYIZXIYYIX,XIYYIXZIYY,-0.0009765624999999985,10,0.9999999999999998,0.6,-0.3999999999999998,-0.0009765624999999983,-0.0005859374999999991,0.00039062499999999915,0.3999999999999998,0.00039062499999999915,"{""0000000000"": 1, ""0011100000"": 1, ""0011101100"": 1, ""0110101011"": 1, ""1001111111"": 1, ""1010010100"": 1, ""1010101100"": 1, ""1010111000"": 1, ""1100101111"": 1, ""1111111000"": 1}"
647,019e10ef-355e-7db1-a938-a101d927e627,7,47,YYIZXIYYZI,IZYYIXZIYY,-0.0009765624999999985,10,0.9999999999999998,0.8,-0.19999999999999973,-0.0009765624999999983,-0.0007812499999999989,0.00019531249999999941,0.19999999999999973,0.00019531249999999941,"{""0000110101"": 1, ""0010100001"": 1, ""0011100110"": 1, ""0110011111"": 1, ""0111100010"": 1, ""1000011111"": 1, ""1001111111"": 1, ""1010010010"": 1, ""1100101110"": 1, ""1111011111"": 1}"
648,019e10ef-355e-7db1-a938-a101d927e627,7,48,YYIZXZIIII,IIIIZXZIYY,-0.0009765624999999985,10,0.9999999999999998,1.0,2.220446049250313e-16,-0.0009765624999999983,-0.0009765624999999985,-2.168404344971009e-19,2.220446049250313e-16,2.168404344971009e-19,"{""0000000101"": 1, ""0011010011"": 1, ""0101000010"": 1, ""1001000101"": 1, ""1010010010"": 1, ""1010100000"": 1, ""1100111011"": 1, ""1111010001"": 1, ""1111011000"": 1, ""1111011011"": 1}"
649,019e10ef-355e-7db1-a938-a101d927e627,7,49,YYIZXZIIZX,XZIIZXZIYY,-0.0009765624999999985,10,0.9999999999999998,1.0,2.220446049250313e-16,-0.0009765624999999983,-0.0009765624999999985,-2.168404344971009e-19,2.220446049250313e-16,2.168404344971009e-19,"{""0000001011"": 1, ""0101100001"": 1, ""0110011111"": 1, ""1001001000"": 1, ""1001001011"": 1, ""1100000100"": 1, ""1100111011"": 1, ""1101010100"": 1, ""1111010111"": 1, ""1111101000"": 1}"
650,019e10ef-355e-7db1-a938-a101d927e627,7,50,YYIZXZIZXZ,ZXZIZXZIYY,-0.0009765624999999985,10,0.9999999999999998,0.4,-0.5999999999999998,-0.0009765624999999983,-0.0003906249999999994,0.0005859374999999988,0.5999999999999998,0.0005859374999999988,"{""0000001101"": 1, ""0000110101"": 1, ""0000110110"": 1, ""0010010000"": 1, ""0101110110"": 1, ""0101111101"": 1, ""1000000101"": 1, ""1010110110"": 1, ""1100110110"": 1, ""1100111101"": 1}"
651,019e10ef-355e-7db1-a938-a101d927e627,7,51,YYIZXZIZYY,YYZIZXZIYY,-0.0009765624999999985,10,0.9999999999999998,0.6,-0.3999999999999998,-0.0009765624999999983,-0.0005859374999999991,0.00039062499999999915,0.3999999999999998,0.00039062499999999915,"{""0101101100"": 1, ""0101110000"": 1, ""0110010000"": 1, ""0110100110"": 1, ""0110101011"": 1, ""1001000101"": 1, ""1001110001"": 1, ""1010011110"": 1, ""1100110110"": 1, ""1111011001"": 1}"
652,019e10ef-355e-7db1-a938-a101d927e627,7,52,YYIZXZZXIX,XIXZZXZIYY,-0.0009765624999999985,10,0.9999999999999998,0.4,-0.5999999999999998,-0.0009765624999999983,-0.0003906249999999994,0.0005859374999999988,0.5999999999999998,0.0005859374999999988,"{""0000111100"": 1, ""0110000000"": 1, ""0110101010"": 1, ""1001110111"": 1, ""1001111111"": 1, ""1010010111"": 1, ""1100000000"": 2, ""1100111011"": 1, ""1111000001"": 1}"
653,019e10ef-355e-7db1-a938-a101d927e627,7,53,YYIZXZZXZI,IZXZZXZIYY,-0.0009765624999999985,10,0.9999999999999998,0.4,-0.5999999999999998,-0.0009765624999999983,-0.0003906249999999994,0.0005859374999999988,0.5999999999999998,0.0005859374999999988,"{""0000111110"": 1, ""0011010000"": 1, ""0101111011"": 1, ""1010010001"": 1, ""1010010110"": 1, ""1100001101"": 1, ""1101110001"": 1, ""1111011000"": 1, ""1111101010"": 1, ""1111101100"": 1}"
654,019e10ef-355e-7db1-a938-a101d927e627,7,54,YYIZXZZYXY,YXYZZXZIYY,0.0009765624999999985,10,-0.9999999999999998,-0.6,0.3999999999999998,-0.0009765624999999983,-0.0005859374999999991,0.00039062499999999915,0.3999999999999998,0.00039062499999999915,"{""0000001100"": 1, ""0000110001"": 1, ""0000111101"": 1, ""0101100100"": 1, ""0101111000"": 1, ""0110011000"": 1, ""0110100010"": 1, ""1010010001"": 1, ""1011011001"": 1, ""1111010010"": 1}"
655,019e10ef-355e-7db1-a938-a101d927e627,7,55,YYIZXZZYYZ,ZYYZZXZIYY,-0.0009765624999999985,10,0.9999999999999998,0.2,-0.7999999999999998,-0.0009765624999999983,-0.0001953124999999997,0.0007812499999999985,0.7999999999999998,0.0007812499999999985,"{""0011001100"": 1, ""0101001111"": 1, ""0110010000"": 1, ""0110100110"": 1, ""1001111111"": 1, ""1010010000"": 1, ""1010011000"": 1, ""1100001100"": 1, ""1101110101"": 1, ""1111011000"": 1}"
656,019e10ef-355e-7db1-a938-a101d927e627,7,56,YYIZYXXXXY,YXXXXYZIYY,-0.0009765624999999985,10,0.9999999999999998,0.8,-0.19999999999999973,-0.0009765624999999983,-0.0007812499999999989,0.00019531249999999941,0.19999999999999973,0.00019531249999999941,"{""0011101011"": 1, ""0011101100"": 1, ""0101100100"": 1, ""0101100111"": 1, ""0110011010"": 1, ""0110110010"": 1, ""1010100101"": 1, ""1100110011"": 1, ""1111000111"": 1, ""1111101100"": 1}"
657,019e10ef-355e-7db1-a938-a101d927e627,7,57,YYIZYXXXYZ,ZYXXXYZIYY,0.0009765624999999985,10,-0.9999999999999998,-0.4,0.5999999999999998,-0.0009765624999999983,-0.0003906249999999994,0.0005859374999999988,0.5999999999999998,0.0005859374999999988,"{""0010000111"": 1, ""0011001001"": 1, ""0011001111"": 1, ""0011010010"": 1, ""0100011001"": 1, ""0101000111"": 1, ""0101110110"": 1, ""0110011011"": 1, ""1011010100"": 1, ""1111001111"": 1}"
658,019e10ef-355e-7db1-a938-a101d927e627,7,58,YYIZYXXYIX,XIYXXYZIYY,-0.0009765624999999985,10,0.9999999999999998,0.4,-0.5999999999999998,-0.0009765624999999983,-0.0003906249999999994,0.0005859374999999988,0.5999999999999998,0.0005859374999999988,"{""0000000111"": 1, ""0000101111"": 1, ""0010001000"": 1, ""0101111011"": 1, ""0111011100"": 1, ""1001110000"": 1, ""1010100111"": 1, ""1100000111"": 1, ""1101100011"": 1, ""1111110011"": 1}"
659,019e10ef-355e-7db1-a938-a101d927e627,7,59,YYIZYXXYZI,IZYXXYZIYY,-0.0009765624999999985,10,0.9999999999999998,0.2,-0.7999999999999998,-0.0009765624999999983,-0.0001953124999999997,0.0007812499999999985,0.7999999999999998,0.0007812499999999985,"{""0011011101"": 1, ""0011110010"": 1, ""0100101100"": 1, ""0101001010"": 1, ""0110000111"": 1, ""0110111010"": 1, ""1010111111"": 1, ""1011100000"": 1, ""1111011101"": 1, ""1111101000"": 1}"
660,019e10ef-355e-7db1-a938-a101d927e627,7,60,YYIZYXYIXZ,ZXIYXYZIYY,0.0009765624999999985,10,-0.9999999999999998,0.0,0.9999999999999998,-0.0009765624999999983,0.0,0.0009765624999999983,0.9999999999999998,0.0009765624999999983,"{""0001111010"": 1, ""0110001111"": 1, ""0110100000"": 1, ""0110100001"": 1, ""1001001011"": 1, ""1001010011"": 1, ""1100100011"": 1, ""1100111101"": 1, ""1111000110"": 1, ""1111001000"": 1}"
661,019e10ef-355e-7db1-a938-a101d927e627,7,61,YYIZYXYIYY,YYIYXYZIYY,0.0009765624999999985,10,-0.9999999999999998,-0.6,0.3999999999999998,-0.0009765624999999983,-0.0005859374999999991,0.00039062499999999915,0.3999999999999998,0.00039062499999999915,"{""0000000101"": 1, ""0000001000"": 1, ""0011010101"": 1, ""0011100111"": 1, ""0011101000"": 1, ""1001110101"": 1, ""1010101000"": 1, ""1100000011"": 1, ""1100011101"": 1, ""1100100011"": 1}"
662,019e10ef-355e-7db1-a938-a101d927e627,7,62,YYIZYXYZII,IIZYXYZIYY,0.0009765624999999985,10,-0.9999999999999998,-0.8,0.19999999999999973,-0.0009765624999999983,-0.0007812499999999989,0.00019531249999999941,0.19999999999999973,0.00019531249999999941,"{""0000000110"": 1, ""0101101111"": 1, ""0110001111"": 1, ""0110010101"": 1, ""0110011001"": 1, ""1001000100"": 2, ""1100011110"": 1, ""1111010011"": 1, ""1111010110"": 1}"
663,019e10ef-355e-7db1-a938-a101d927e627,7,63,YYIZYXYZZX,XZZYXYZIYY,0.0009765624999999985,10,-0.9999999999999998,-0.6,0.3999999999999998,-0.0009765624999999983,-0.0005859374999999991,0.00039062499999999915,0.3999999999999998,0.00039062499999999915,"{""0000110101"": 1, ""0001010010"": 1, ""0011100111"": 1, ""0011101000"": 2, ""0101011100"": 1, ""1001000100"": 1, ""1001010011"": 1, ""1001101100"": 1, ""1010100011"": 1}"
664,019e10ef-355e-7db1-a938-a101d927e627,7,64,YYIZYYIXIX,XIXIYYZIYY,-0.0009765624999999985,10,0.9999999999999998,0.8,-0.19999999999999973,-0.0009765624999999983,-0.0007812499999999989,0.00019531249999999941,0.19999999999999973,0.00019531249999999941,"{""0000101011"": 1, ""0000110000"": 1, ""0011000111"": 1, ""0011111011"": 1, ""0110010000"": 1, ""0110111100"": 1, ""1001000111"": 2, ""1001110000"": 1, ""1100101100"": 1}"
665,019e10ef-355e-7db1-a938-a101d927e627,7,65,YYIZYYIXZI,IZXIYYZIYY,-0.0009765624999999985,10,0.9999999999999998,0.6,-0.3999999999999998,-0.0009765624999999983,-0.0005859374999999991,0.00039062499999999915,0.3999999999999998,0.00039062499999999915,"{""0000100101"": 1, ""0011101010"": 1, ""0011110000"": 1, ""0110001101"": 1, ""0110010110"": 1, ""0110100001"": 1, ""0110111101"": 1, ""1100000111"": 1, ""1100101101"": 1, ""1111100110"": 1}"
666,019e10ef-355e-7db1-a938-a101d927e627,7,66,YYIZYYIYXY,YXYIYYZIYY,0.0009765624999999985,10,-0.9999999999999998,-0.2,0.7999999999999998,-0.0009765624999999983,-0.0001953124999999997,0.0007812499999999985,0.7999999999999998,0.0007812499999999985,"{""0000011110"": 1, ""0110101000"": 1, ""1001101110"": 1, ""1100000001"": 1, ""1100001000"": 1, ""1100101110"": 1, ""1110000001"": 1, ""1110111011"": 1, ""1111010011"": 1, ""1111010111"": 1}"
667,019e10ef-355e-7db1-a938-a101d927e627,7,67,YYIZYYIYYZ,ZYYIYYZIYY,-0.0009765624999999985,10,0.9999999999999998,0.4,-0.5999999999999998,-0.0009765624999999983,-0.0003906249999999994,0.0005859374999999988,0.5999999999999998,0.0005859374999999988,"{""0000110000"": 1, ""0001101100"": 1, ""0110001001"": 1, ""0110100101"": 1, ""1010100101"": 1, ""1010111100"": 1, ""1100000111"": 1, ""1101111000"": 1, ""1111010000"": 2}"
668,019e10ef-355e-7db1-a938-a101d927e627,7,68,YYIZYYZIII,IIIZYYZIYY,-0.0009765624999999985,10,0.9999999999999998,0.6,-0.3999999999999998,-0.0009765624999999983,-0.0005859374999999991,0.00039062499999999915,0.3999999999999998,0.00039062499999999915,"{""0000101100"": 1, ""0000101111"": 1, ""0000110010"": 1, ""0011010010"": 1, ""0101011101"": 1, ""1001011100"": 1, ""1010000011"": 1, ""1011000001"": 1, ""1011010111"": 1, ""1100000011"": 1}"
669,019e10ef-355e-7db1-a938-a101d927e627,7,69,YYIZYYZIZX,XZIZYYZIYY,-0.0009765624999999985,10,0.9999999999999998,0.8,-0.19999999999999973,-0.0009765624999999983,-0.0007812499999999989,0.00019531249999999941,0.19999999999999973,0.00019531249999999941,"{""0000101000"": 1, ""0101011011"": 1, ""0101101011"": 1, ""0101101111"": 1, ""0110010011"": 1, ""0110010111"": 1, ""1010000011"": 1, ""1010100100"": 1, ""1111100000"": 1, ""1111111100"": 1}"
670,019e10ef-355e-7db1-a938-a101d927e627,7,70,YYIZYYZZXZ,ZXZZYYZIYY,-0.0009765624999999985,10,0.9999999999999998,1.0,2.220446049250313e-16,-0.0009765624999999983,-0.0009765624999999985,-2.168404344971009e-19,2.220446049250313e-16,2.168404344971009e-19,"{""0000000110"": 2, ""0011001011"": 1, ""0101110011"": 1, ""0110100000"": 1, ""0110111110"": 1, ""1010001101"": 1, ""1010100000"": 1, ""1111111101"": 1, ""1111111110"": 1}"
671,019e10ef-355e-7db1-a938-a101d927e627,7,71,YYIZYYZZYY,YYZZYYZIYY,-0.0009765624999999985,10,0.9999999999999998,0.0,-0.9999999999999998,-0.0009765624999999983,-0.0,0.0009765624999999983,0.9999999999999998,0.0009765624999999983,"{""0000100110"": 1, ""0011101000"": 1, ""0100101000"": 1, ""1001011000"": 1, ""1010001110"": 1, ""1100000110"": 1, ""1100101110"": 1, ""1111001011"": 1, ""1111100010"": 2}"
672,019e10ef-355e-7db1-a938-a101d927e627,7,72,YYXYXXXXXY,YXXXXXYXYY,0.0009765624999999985,10,-0.9999999999999998,-0.8,0.19999999999999973,-0.0009765624999999983,-0.0007812499999999989,0.00019531249999999941,0.19999999999999973,0.00019531249999999941,"{""0001100011"": 1, ""0010011110"": 1, ""0011000010"": 1, ""0110001011"": 1, ""0111000101"": 1, ""0111010010"": 1, ""1010010110"": 1, ""1011011011"": 1, ""1011100001"": 1, ""1110000000"": 1}"
673,019e10ef-355e-7db1-a938-a101d927e627,7,73,YYXYXXXXYZ,ZYXXXXYXYY,-0.0009765624999999985,10,0.9999999999999998,0.8,-0.19999999999999973,-0.0009765624999999983,-0.0007812499999999989,0.00019531249999999941,0.19999999999999973,0.00019531249999999941,"{""0000111001"": 1, ""0011111111"": 1, ""0111000001"": 1, ""1010000011"": 1, ""1010111111"": 1, ""1011011010"": 1, ""1011101111"": 1, ""1110100000"": 1, ""1111001000"": 1, ""1111100100"": 1}"
674,019e10ef-355e-7db1-a938-a101d927e627,7,74,YYXYXXXYIX,XIYXXXYXYY,0.0009765624999999985,10,-0.9999999999999998,-0.6,0.3999999999999998,-0.0009765624999999983,-0.0005859374999999991,0.00039062499999999915,0.3999999999999998,0.00039062499999999915,"{""0000101100"": 1, ""0000111111"": 1, ""0001010000"": 1, ""0001101111"": 1, ""0100011000"": 1, ""0101010111"": 1, ""1000111100"": 1, ""1100000111"": 1, ""1100101011"": 1, ""1110111011"": 1}"
675,019e10ef-355e-7db1-a938-a101d927e627,7,75,YYXYXXXYZI,IZYXXXYXYY,0.0009765624999999985,10,-0.9999999999999998,-0.6,0.3999999999999998,-0.0009765624999999983,-0.0005859374999999991,0.00039062499999999915,0.3999999999999998,0.00039062499999999915,"{""0001111110"": 1, ""0011001111"": 1, ""0101000101"": 1, ""0111000111"": 1, ""1001000011"": 1, ""1001100000"": 1, ""1011101000"": 1, ""1100001001"": 1, ""1110011011"": 1, ""1110111011"": 1}"
676,019e10ef-355e-7db1-a938-a101d927e627,7,76,YYXYXXYIXZ,ZXIYXXYXYY,-0.0009765624999999985,10,0.9999999999999998,0.4,-0.5999999999999998,-0.0009765624999999983,-0.0003906249999999994,0.0005859374999999988,0.5999999999999998,0.0005859374999999988,"{""0000000011"": 1, ""0000101101"": 1, ""0000110110"": 1, ""0011111101"": 1, ""0101111101"": 1, ""1010001101"": 1, ""1011110110"": 1, ""1101100101"": 1, ""1101110101"": 1, ""1110111000"": 1}"
677,019e10ef-355e-7db1-a938-a101d927e627,7,77,YYXYXXYIYY,YYIYXXYXYY,-0.0009765624999999985,10,0.9999999999999998,0.4,-0.5999999999999998,-0.0009765624999999983,-0.0003906249999999994,0.0005859374999999988,0.5999999999999998,0.0005859374999999988,"{""1000001011"": 1, ""1010100101"": 1, ""1011101101"": 1, ""1100000101"": 1, ""1100011010"": 1, ""1100111101"": 1, ""1101011101"": 1, ""1101101010"": 1, ""1110110000"": 1, ""1111011000"": 1}"
678,019e10ef-355e-7db1-a938-a101d927e627,7,78,YYXYXXYZII,IIZYXXYXYY,-0.0009765624999999985,10,0.9999999999999998,0.2,-0.7999999999999998,-0.0009765624999999983,-0.0001953124999999997,0.0007812499999999985,0.7999999999999998,0.0007812499999999985,"{""0000100110"": 1, ""0000111110"": 1, ""0100101001"": 1, ""0100110101"": 1, ""1000001000"": 1, ""1000100101"": 1, ""1001101100"": 1, ""1011011101"": 1, ""1011111101"": 1, ""1100010111"": 1}"
679,019e10ef-355e-7db1-a938-a101d927e627,7,79,YYXYXXYZZX,XZZYXXYXYY,-0.0009765624999999985,10,0.9999999999999998,0.2,-0.7999999999999998,-0.0009765624999999983,-0.0001953124999999997,0.0007812499999999985,0.7999999999999998,0.0007812499999999985,"{""0001001111"": 1, ""0011101000"": 1, ""1000100000"": 1, ""1001011000"": 1, ""1011001100"": 1, ""1100000011"": 1, ""1100100011"": 1, ""1101001100"": 1, ""1111000011"": 1, ""1111001111"": 1}"
680,019e10ef-355e-7db1-a938-a101d927e627,7,80,YYXYXYIXIX,XIXIYXYXYY,0.0009765624999999985,10,-0.9999999999999998,-0.8,0.19999999999999973,-0.0009765624999999983,-0.0007812499999999989,0.00019531249999999941,0.19999999999999973,0.00019531249999999941,"{""0011100111"": 1, ""0100011011"": 1, ""0110100000"": 1, ""0111000000"": 1, ""1000000000"": 1, ""1001111100"": 1, ""1010001100"": 1, ""1010010000"": 1, ""1100000111"": 1, ""1101011011"": 1}"
681,019e10ef-355e-7db1-a938-a101d927e627,7,81,YYXYXYIXZI,IZXIYXYXYY,0.0009765624999999985,10,-0.9999999999999998,-1.0,-2.220446049250313e-16,-0.0009765624999999983,-0.0009765624999999985,-2.168404344971009e-19,2.220446049250313e-16,2.168404344971009e-19,"{""0001000001"": 1, ""0001000111"": 1, ""0010110110"": 1, ""0101001011"": 1, ""0111011100"": 1, ""1000101100"": 1, ""1010001011"": 1, ""1100000010"": 1, ""1110101100"": 1, ""1110110001"": 1}"
682,019e10ef-355e-7db1-a938-a101d927e627,7,82,YYXYXYIYXY,YXYIYXYXYY,-0.0009765624999999985,10,0.9999999999999998,0.0,-0.9999999999999998,-0.0009765624999999983,-0.0,0.0009765624999999983,0.9999999999999998,0.0009765624999999983,"{""0010101001"": 1, ""0100011101"": 1, ""0100101101"": 1, ""0100110010"": 1, ""0101011110"": 1, ""0111100010"": 1, ""1001101110"": 1, ""1011000010"": 1, ""1111010010"": 1, ""1111010101"": 1}"
683,019e10ef-355e-7db1-a938-a101d927e627,7,83,YYXYXYIYYZ,ZYYIYXYXYY,0.0009765624999999985,10,-0.9999999999999998,-0.4,0.5999999999999998,-0.0009765624999999983,-0.0003906249999999994,0.0005859374999999988,0.5999999999999998,0.0005859374999999988,"{""0001010101"": 1, ""0101000110"": 1, ""0111110011"": 1, ""1000011111"": 1, ""1001011001"": 1, ""1001111001"": 1, ""1011011111"": 1, ""1011101111"": 1, ""1110000000"": 1, ""1111100011"": 1}"
684,019e10ef-355e-7db1-a938-a101d927e627,7,84,YYXYXYZIII,IIIZYXYXYY,0.0009765624999999985,10,-0.9999999999999998,-0.4,0.5999999999999998,-0.0009765624999999983,-0.0003906249999999994,0.0005859374999999988,0.5999999999999998,0.0005859374999999988,"{""0011100010"": 1, ""0011111001"": 1, ""0110100111"": 1, ""1010100100"": 1, ""1011011101"": 1, ""1011101110"": 1, ""1100000000"": 1, ""1100010011"": 1, ""1100110000"": 1, ""1101111111"": 1}"
685,019e10ef-355e-7db1-a938-a101d927e627,7,85,YYXYXYZIZX,XZIZYXYXYY,0.0009765624999999985,10,-0.9999999999999998,-0.6,0.3999999999999998,-0.0009765624999999983,-0.0005859374999999991,0.00039062499999999915,0.3999999999999998,0.00039062499999999915,"{""0101110000"": 1, ""0110010100"": 1, ""0111110100"": 1, ""1000111011"": 1, ""1010001000"": 1, ""1010010100"": 1, ""1010111000"": 1, ""1011110011"": 1, ""1101011011"": 1, ""1111010011"": 1}"
686,019e10ef-355e-7db1-a938-a101d927e627,7,86,YYXYXYZZXZ,ZXZZYXYXYY,0.0009765624999999985,10,-0.9999999999999998,-0.4,0.5999999999999998,-0.0009765624999999983,-0.0003906249999999994,0.0005859374999999988,0.5999999999999998,0.0005859374999999988,"{""0010000110"": 1, ""0010001100"": 1, ""0011111000"": 1, ""0011111011"": 1, ""0101001000"": 1, ""0110010110"": 1, ""1000011001"": 1, ""1001101000"": 1, ""1010100101"": 1, ""1111111010"": 1}"
687,019e10ef-355e-7db1-a938-a101d927e627,7,87,YYXYXYZZYY,YYZZYXYXYY,0.0009765624999999985,10,-0.9999999999999998,-0.4,0.5999999999999998,-0.0009765624999999983,-0.0003906249999999994,0.0005859374999999988,0.5999999999999998,0.0005859374999999988,"{""0001110110"": 1, ""0011000101"": 1, ""0101101110"": 1, ""0111101101"": 1, ""1000010000"": 1, ""1001001110"": 1, ""1001100101"": 1, ""1010100000"": 1, ""1011000110"": 1, ""1111010101"": 1}"
688,019e10ef-355e-7db1-a938-a101d927e627,7,88,YYXYYIXIXZ,ZXIXIYYXYY,-0.0009765624999999985,10,0.9999999999999998,0.4,-0.5999999999999998,-0.0009765624999999983,-0.0003906249999999994,0.0005859374999999988,0.5999999999999998,0.0005859374999999988,"{""0000001110"": 1, ""0001111000"": 1, ""0010101100"": 1, ""0100101110"": 2, ""0100110110"": 1, ""0101000011"": 1, ""0110000000"": 1, ""1000010110"": 1, ""1101011000"": 1}"
689,019e10ef-355e-7db1-a938-a101d927e627,7,89,YYXYYIXIYY,YYIXIYYXYY,-0.0009765624999999985,10,0.9999999999999998,0.4,-0.5999999999999998,-0.0009765624999999983,-0.0003906249999999994,0.0005859374999999988,0.5999999999999998,0.0005859374999999988,"{""0000101110"": 1, ""0111010101"": 1, ""1000000010"": 1, ""1001010110"": 1, ""1001111010"": 1, ""1100110110"": 1, ""1100111000"": 1, ""1110010110"": 1, ""1111000000"": 1, ""1111111000"": 1}"
690,019e10ef-355e-7db1-a938-a101d927e627,7,90,YYXYYIXZII,IIZXIYYXYY,-0.0009765624999999985,10,0.9999999999999998,0.6,-0.3999999999999998,-0.0009765624999999983,-0.0005859374999999991,0.00039062499999999915,0.3999999999999998,0.00039062499999999915,"{""0001010011"": 1, ""0010101010"": 1, ""0010101101"": 1, ""0011110111"": 1, ""0101111010"": 1, ""0110001111"": 1, ""0111011010"": 1, ""1000010111"": 1, ""1001001100"": 1, ""1010001110"": 1}"
691,019e10ef-355e-7db1-a938-a101d927e627,7,91,YYXYYIXZZX,XZZXIYYXYY,-0.0009765624999999985,10,0.9999999999999998,1.0,2.220446049250313e-16,-0.0009765624999999983,-0.0009765624999999985,-2.168404344971009e-19,2.220446049250313e-16,2.168404344971009e-19,"{""0001010111"": 1, ""0001011000"": 1, ""0010011000"": 1, ""0101111000"": 1, ""0111010100"": 1, ""0111010111"": 1, ""0111101111"": 1, ""1011011000"": 1, ""1110100011"": 1, ""1111000011"": 1}"
692,019e10ef-355e-7db1-a938-a101d927e627,7,92,YYXYYIYXXY,YXXYIYYXYY,-0.0009765624999999985,10,0.9999999999999998,0.4,-0.5999999999999998,-0.0009765624999999983,-0.0003906249999999994,0.0005859374999999988,0.5999999999999998,0.0005859374999999988,"{""0001100000"": 1, ""0010100110"": 1, ""0011000110"": 1, ""0100100110"": 1, ""0100110100"": 1, ""0101101001"": 1, ""0110110001"": 1, ""1010000010"": 1, ""1011101010"": 1, ""1100001100"": 1}"
693,019e10ef-355e-7db1-a938-a101d927e627,7,93,YYXYYIYXYZ,ZYXYIYYXYY,0.0009765624999999985,10,-0.9999999999999998,-0.4,0.5999999999999998,-0.0009765624999999983,-0.0003906249999999994,0.0005859374999999988,0.5999999999999998,0.0005859374999999988,"{""0000111011"": 1, ""0001010110"": 1, ""0010100010"": 1, ""0011001111"": 1, ""1011011100"": 1, ""1100001011"": 1, ""1100001100"": 1, ""1100110110"": 1, ""1101011100"": 1, ""1111000100"": 1}"
694,019e10ef-355e-7db1-a938-a101d927e627,7,94,YYXYYIYYIX,XIYYIYYXYY,-0.0009765624999999985,10,0.9999999999999998,0.4,-0.5999999999999998,-0.0009765624999999983,-0.0003906249999999994,0.0005859374999999988,0.5999999999999998,0.0005859374999999988,"{""0000000011"": 1, ""0000100111"": 1, ""0001100011"": 1, ""0001101100"": 1, ""0010011111"": 1, ""0101001011"": 1, ""0111010011"": 1, ""0111100000"": 1, ""1010001100"": 1, ""1111000111"": 1}"
695,019e10ef-355e-7db1-a938-a101d927e627,7,95,YYXYYIYYZI,IZYYIYYXYY,-0.0009765624999999985,10,0.9999999999999998,0.4,-0.5999999999999998,-0.0009765624999999983,-0.0003906249999999994,0.0005859374999999988,0.5999999999999998,0.0005859374999999988,"{""0000000110"": 1, ""0000100001"": 1, ""0000101101"": 1, ""0011110101"": 1, ""0011111111"": 2, ""0101110100"": 1, ""1000001010"": 1, ""1110011001"": 1, ""1111001101"": 1}"
696,019e10ef-355e-7db1-a938-a101d927e627,7,96,YYXYYZIIII,IIIIZYYXYY,-0.0009765624999999985,10,0.9999999999999998,0.8,-0.19999999999999973,-0.0009765624999999983,-0.0007812499999999989,0.00019531249999999941,0.19999999999999973,0.00019531249999999941,"{""0100100000"": 1, ""0101111011"": 1, ""0111010101"": 1, ""1000011101"": 1, ""1110101010"": 1, ""1110111110"": 1, ""1111000000"": 1, ""1111000010"": 1, ""1111111000"": 1, ""1111111100"": 1}"
697,019e10ef-355e-7db1-a938-a101d927e627,7,97,YYXYYZIIZX,XZIIZYYXYY,-0.0009765624999999985,10,0.9999999999999998,0.6,-0.3999999999999998,-0.0009765624999999983,-0.0005859374999999991,0.00039062499999999915,0.3999999999999998,0.00039062499999999915,"{""0000001111"": 1, ""0000100000"": 1, ""0001011111"": 1, ""0001100011"": 1, ""0010101011"": 1, ""0101000000"": 1, ""0101000101"": 1, ""0111010011"": 1, ""0111101011"": 1, ""1001111011"": 1}"
698,019e10ef-355e-7db1-a938-a101d927e627,7,98,YYXYYZIZXZ,ZXZIZYYXYY,-0.0009765624999999985,10,0.9999999999999998,0.8,-0.19999999999999973,-0.0009765624999999983,-0.0007812499999999989,0.00019531249999999941,0.19999999999999973,0.00019531249999999941,"{""0000011011"": 1, ""0000110000"": 1, ""0010011000"": 1, ""0100100011"": 1, ""0111011101"": 1, ""1000101101"": 1, ""1000101110"": 1, ""1001001110"": 1, ""1011100000"": 1, ""1110010000"": 1}"
699,019e10ef-355e-7db1-a938-a101d927e627,7,99,YYXYYZIZYY,YYZIZYYXYY,-0.0009765624999999985,10,0.9999999999999998,0.8,-0.19999999999999973,-0.0009765624999999983,-0.0007812499999999989,0.00019531249999999941,0.19999999999999973,0.00019531249999999941,"{""0010011000"": 1, ""0101110011"": 1, ""1000011011"": 1, ""1000101110"": 1, ""1001111110"": 1, ""1010000101"": 1, ""1011010000"": 1, ""1011010011"": 1, ""1100000000"": 1, ""1101011111"": 1}"
700,019e10ef-39a9-7fc3-9e71-eef2bdba066a,8,0,YYXYYZZXIX,XIXZZYYXYY,-0.0009765624999999985,10,0.9999999999999998,0.2,-0.7999999999999998,-0.0009765624999999983,-0.0001953124999999997,0.0007812499999999985,0.7999999999999998,0.0007812499999999985,"{""0001110111"": 1, ""0011110000"": 1, ""0101101100"": 1, ""0101111100"": 1, ""0110000000"": 1, ""0110100111"": 1, ""0111010000"": 1, ""1000010111"": 1, ""1101010011"": 1, ""1110100111"": 1}"
701,019e10ef-39a9-7fc3-9e71-eef2bdba066a,8,1,YYXYYZZXZI,IZXZZYYXYY,-0.0009765624999999985,10,0.9999999999999998,0.4,-0.5999999999999998,-0.0009765624999999983,-0.0003906249999999994,0.0005859374999999988,0.5999999999999998,0.0005859374999999988,"{""0000001011"": 1, ""0000111010"": 1, ""0100110111"": 1, ""0101101101"": 1, ""1001000111"": 1, ""1010000000"": 1, ""1110011101"": 1, ""1110100000"": 1, ""1110111010"": 1, ""1111001011"": 1}"
702,019e10ef-39a9-7fc3-9e71-eef2bdba066a,8,2,YYXYYZZYXY,YXYZZYYXYY,0.0009765624999999985,10,-0.9999999999999998,0.0,0.9999999999999998,-0.0009765624999999983,0.0,0.0009765624999999983,0.9999999999999998,0.0009765624999999983,"{""0000001001"": 1, ""0010010011"": 1, ""0010101110"": 1, ""0011000101"": 1, ""0011000111"": 1, ""0011001000"": 1, ""0011011101"": 1, ""0110000110"": 1, ""0110110111"": 1, ""0111010010"": 1}"
703,019e10ef-39a9-7fc3-9e71-eef2bdba066a,8,3,YYXYYZZYYZ,ZYYZZYYXYY,-0.0009765624999999985,10,0.9999999999999998,1.0,2.220446049250313e-16,-0.0009765624999999983,-0.0009765624999999985,-2.168404344971009e-19,2.220446049250313e-16,2.168404344971009e-19,"{""0001101111"": 1, ""0011000101"": 1, ""0011111111"": 1, ""0100110001"": 1, ""0111010011"": 1, ""1000101100"": 1, ""1001001111"": 1, ""1110010011"": 1, ""1111000000"": 1, ""1111111001"": 1}"
704,019e10ef-39a9-7fc3-9e71-eef2bdba066a,8,4,YYYYIXIXIX,XIXIXIYYYY,0.0009765624999999985,10,-0.9999999999999998,-0.6,0.3999999999999998,-0.0009765624999999983,-0.0005859374999999991,0.00039062499999999915,0.3999999999999998,0.00039062499999999915,"{""0000000000"": 1, ""0100011100"": 1, ""0101101000"": 1, ""0101101100"": 1, ""0101110111"": 1, ""0111000111"": 1, ""1000011100"": 1, ""1010100100"": 1, ""1011011011"": 1, ""1101000111"": 1}"
705,019e10ef-39a9-7fc3-9e71-eef2bdba066a,8,5,YYYYIXIXZI,IZXIXIYYYY,0.0009765624999999985,10,-0.9999999999999998,-0.2,0.7999999999999998,-0.0009765624999999983,-0.0001953124999999997,0.0007812499999999985,0.7999999999999998,0.0007812499999999985,"{""0011011101"": 1, ""0011101011"": 1, ""0011101101"": 1, ""0101000111"": 1, ""0110101101"": 1, ""0111101010"": 1, ""1000110000"": 1, ""1100101101"": 1, ""1101000111"": 1, ""1111101010"": 1}"
706,019e10ef-39a9-7fc3-9e71-eef2bdba066a,8,6,YYYYIXIYXY,YXYIXIYYYY,-0.0009765624999999985,10,0.9999999999999998,0.6,-0.3999999999999998,-0.0009765624999999983,-0.0005859374999999991,0.00039062499999999915,0.3999999999999998,0.00039062499999999915,"{""0000101110"": 1, ""0011000010"": 1, ""0100011000"": 1, ""0110011101"": 1, ""1011011101"": 1, ""1101000001"": 1, ""1101011110"": 1, ""1110000001"": 1, ""1111010001"": 1, ""1111110111"": 1}"
707,019e10ef-39a9-7fc3-9e71-eef2bdba066a,8,7,YYYYIXIYYZ,ZYYIXIYYYY,0.0009765624999999985,10,-0.9999999999999998,-0.6,0.3999999999999998,-0.0009765624999999983,-0.0005859374999999991,0.00039062499999999915,0.3999999999999998,0.00039062499999999915,"{""0000110110"": 1, ""0011110101"": 1, ""0101101000"": 1, ""0101101111"": 1, ""0101110011"": 1, ""0101110100"": 1, ""0110011101"": 1, ""1010101010"": 1, ""1011000000"": 1, ""1100110101"": 1}"
708,019e10ef-39a9-7fc3-9e71-eef2bdba066a,8,8,YYYYIXZIII,IIIZXIYYYY,0.0009765624999999985,10,-0.9999999999999998,-0.6,0.3999999999999998,-0.0009765624999999983,-0.0005859374999999991,0.00039062499999999915,0.3999999999999998,0.00039062499999999915,"{""0000110011"": 1, ""0001000010"": 1, ""0011101100"": 1, ""0101110100"": 1, ""0110110100"": 1, ""0111101100"": 1, ""1000011110"": 1, ""1001100110"": 1, ""1110000100"": 1, ""1111101101"": 1}"
709,019e10ef-39a9-7fc3-9e71-eef2bdba066a,8,9,YYYYIXZIZX,XZIZXIYYYY,0.0009765624999999985,10,-0.9999999999999998,-0.4,0.5999999999999998,-0.0009765624999999983,-0.0003906249999999994,0.0005859374999999988,0.5999999999999998,0.0005859374999999988,"{""0000101111"": 1, ""0010000100"": 1, ""0111000011"": 1, ""1010101011"": 1, ""1011000111"": 1, ""1011110000"": 1, ""1101000100"": 1, ""1101011011"": 1, ""1110001111"": 1, ""1111101110"": 1}"
710,019e10ef-39a9-7fc3-9e71-eef2bdba066a,8,10,YYYYIXZZXZ,ZXZZXIYYYY,0.0009765624999999985,10,-0.9999999999999998,-0.4,0.5999999999999998,-0.0009765624999999983,-0.0003906249999999994,0.0005859374999999988,0.5999999999999998,0.0005859374999999988,"{""0000101101"": 1, ""0000110101"": 1, ""0001011101"": 1, ""0010101101"": 1, ""0110101011"": 1, ""0110110101"": 1, ""1001101001"": 1, ""1011001101"": 1, ""1100101011"": 1, ""1101000110"": 1}"
711,019e10ef-39a9-7fc3-9e71-eef2bdba066a,8,11,YYYYIXZZYY,YYZZXIYYYY,0.0009765624999999985,10,-0.9999999999999998,-1.0,-2.220446049250313e-16,-0.0009765624999999983,-0.0009765624999999985,-2.168404344971009e-19,2.220446049250313e-16,2.168404344971009e-19,"{""0000101000"": 1, ""0010011011"": 1, ""0011101101"": 2, ""0100000000"": 1, ""0110101011"": 1, ""1100110011"": 2, ""1101011011"": 1, ""1111101101"": 1}"
712,019e10ef-39a9-7fc3-9e71-eef2bdba066a,8,12,YYYYIYXXXY,YXXXYIYYYY,-0.0009765624999999985,10,0.9999999999999998,0.4,-0.5999999999999998,-0.0009765624999999983,-0.0003906249999999994,0.0005859374999999988,0.5999999999999998,0.0005859374999999988,"{""0011010010"": 1, ""0011100000"": 1, ""0100110100"": 1, ""0101010011"": 1, ""0101101100"": 1, ""0110000010"": 1, ""1001101111"": 1, ""1001111101"": 1, ""1101000001"": 1, ""1110010101"": 1}"
713,019e10ef-39a9-7fc3-9e71-eef2bdba066a,8,13,YYYYIYXXYZ,ZYXXYIYYYY,0.0009765624999999985,10,-0.9999999999999998,-0.6,0.3999999999999998,-0.0009765624999999983,-0.0005859374999999991,0.00039062499999999915,0.3999999999999998,0.00039062499999999915,"{""0010010010"": 1, ""0100101101"": 1, ""0100111010"": 1, ""0110001101"": 1, ""1010111100"": 1, ""1100100010"": 1, ""1101001010"": 1, ""1110001010"": 1, ""1111100010"": 1, ""1111110110"": 1}"
714,019e10ef-39a9-7fc3-9e71-eef2bdba066a,8,14,YYYYIYXYIX,XIYXYIYYYY,-0.0009765624999999985,10,0.9999999999999998,0.8,-0.19999999999999973,-0.0009765624999999983,-0.0007812499999999989,0.00019531249999999941,0.19999999999999973,0.00019531249999999941,"{""0010001000"": 1, ""0100001111"": 1, ""0101111000"": 1, ""1001100000"": 1, ""1010010100"": 1, ""1011001000"": 1, ""1101010111"": 1, ""1110011011"": 1, ""1111010111"": 1, ""1111110100"": 1}"
715,019e10ef-39a9-7fc3-9e71-eef2bdba066a,8,15,YYYYIYXYZI,IZYXYIYYYY,-0.0009765624999999985,10,0.9999999999999998,1.0,2.220446049250313e-16,-0.0009765624999999983,-0.0009765624999999985,-2.168404344971009e-19,2.220446049250313e-16,2.168404344971009e-19,"{""0000100001"": 1, ""0010000101"": 1, ""0100001001"": 1, ""0100011101"": 1, ""0101111111"": 1, ""0111011100"": 1, ""1000011010"": 1, ""1010111111"": 1, ""1101000010"": 1, ""1110000101"": 1}"
716,019e10ef-39a9-7fc3-9e71-eef2bdba066a,8,16,YYYYIYYIXZ,ZXIYYIYYYY,0.0009765624999999985,10,-0.9999999999999998,-0.6,0.3999999999999998,-0.0009765624999999983,-0.0005859374999999991,0.00039062499999999915,0.3999999999999998,0.00039062499999999915,"{""0001001101"": 1, ""0001001110"": 1, ""0010011000"": 1, ""0011111110"": 1, ""0100000011"": 1, ""0110011011"": 1, ""0110111110"": 1, ""0111110000"": 1, ""1100001111"": 1, ""1100101011"": 1}"
717,019e10ef-39a9-7fc3-9e71-eef2bdba066a,8,17,YYYYIYYIYY,YYIYYIYYYY,0.0009765624999999985,10,-0.9999999999999998,-1.0,-2.220446049250313e-16,-0.0009765624999999983,-0.0009765624999999985,-2.168404344971009e-19,2.220446049250313e-16,2.168404344971009e-19,"{""0000110000"": 1, ""0010010101"": 1, ""0010010110"": 1, ""0011101000"": 1, ""0101001011"": 1, ""0110101000"": 1, ""1011000000"": 1, ""1100100101"": 1, ""1101011011"": 1, ""1110011011"": 1}"
718,019e10ef-39a9-7fc3-9e71-eef2bdba066a,8,18,YYYYIYYZII,IIZYYIYYYY,0.0009765624999999985,10,-0.9999999999999998,-0.4,0.5999999999999998,-0.0009765624999999983,-0.0003906249999999994,0.0005859374999999988,0.5999999999999998,0.0005859374999999988,"{""0010010101"": 1, ""0011100111"": 1, ""0100000001"": 1, ""1010101010"": 1, ""1011010100"": 1, ""1101000000"": 1, ""1101111111"": 1, ""1111100000"": 1, ""1111110011"": 1, ""1111111000"": 1}"
719,019e10ef-39a9-7fc3-9e71-eef2bdba066a,8,19,YYYYIYYZZX,XZZYYIYYYY,0.0009765624999999985,10,-0.9999999999999998,-0.6,0.3999999999999998,-0.0009765624999999983,-0.0005859374999999991,0.00039062499999999915,0.3999999999999998,0.00039062499999999915,"{""0000011000"": 1, ""0000101011"": 1, ""0101100100"": 1, ""0110101000"": 1, ""0111011011"": 1, ""1001100011"": 1, ""1010101000"": 1, ""1010101011"": 1, ""1100100111"": 1, ""1100110000"": 1}"
720,019e10ef-39a9-7fc3-9e71-eef2bdba066a,8,20,YYYYZIIIII,IIIIIZYYYY,0.0009765624999999985,10,-0.9999999999999998,-0.2,0.7999999999999998,-0.0009765624999999983,-0.0001953124999999997,0.0007812499999999985,0.7999999999999998,0.0007812499999999985,"{""0010010010"": 1, ""0010011001"": 1, ""0011010000"": 1, ""0011011011"": 1, ""1000001000"": 1, ""1011000010"": 1, ""1011001101"": 1, ""1011100101"": 1, ""1111000011"": 1, ""1111110100"": 1}"
721,019e10ef-39a9-7fc3-9e71-eef2bdba066a,8,21,YYYYZIIIZX,XZIIIZYYYY,0.0009765624999999985,10,-0.9999999999999998,-0.4,0.5999999999999998,-0.0009765624999999983,-0.0003906249999999994,0.0005859374999999988,0.5999999999999998,0.0005859374999999988,"{""0001101100"": 1, ""0010011000"": 1, ""0100010111"": 1, ""0101101011"": 1, ""0111010100"": 1, ""0111010111"": 1, ""0111011100"": 1, ""0111100111"": 1, ""1110001110"": 1, ""1110011011"": 1}"
722,019e10ef-39a9-7fc3-9e71-eef2bdba066a,8,22,YYYYZIIZXZ,ZXZIIZYYYY,0.0009765624999999985,10,-0.9999999999999998,-0.6,0.3999999999999998,-0.0009765624999999983,-0.0005859374999999991,0.00039062499999999915,0.3999999999999998,0.00039062499999999915,"{""0001100110"": 1, ""0100010011"": 1, ""0110111000"": 1, ""1001110101"": 1, ""1010100110"": 1, ""1010110101"": 1, ""1011010110"": 1, ""1100100011"": 1, ""1110000010"": 1, ""1111110000"": 1}"
723,019e10ef-39a9-7fc3-9e71-eef2bdba066a,8,23,YYYYZIIZYY,YYZIIZYYYY,0.0009765624999999985,10,-0.9999999999999998,-0.4,0.5999999999999998,-0.0009765624999999983,-0.0003906249999999994,0.0005859374999999988,0.5999999999999998,0.0005859374999999988,"{""0000111000"": 1, ""0011100000"": 1, ""0011101011"": 1, ""0100101110"": 1, ""0110110010"": 1, ""1000000101"": 1, ""1000000110"": 1, ""1000110011"": 1, ""1100110000"": 1, ""1110000011"": 1}"
724,019e10ef-39a9-7fc3-9e71-eef2bdba066a,8,24,YYYYZIZXIX,XIXZIZYYYY,0.0009765624999999985,10,-0.9999999999999998,-0.6,0.3999999999999998,-0.0009765624999999983,-0.0005859374999999991,0.00039062499999999915,0.3999999999999998,0.00039062499999999915,"{""0001010111"": 1, ""0001100000"": 1, ""0011100011"": 1, ""0011111011"": 1, ""0101111100"": 1, ""0110100111"": 1, ""0110110000"": 1, ""0111010111"": 1, ""1000011011"": 1, ""1100111011"": 1}"
725,019e10ef-39a9-7fc3-9e71-eef2bdba066a,8,25,YYYYZIZXZI,IZXZIZYYYY,0.0009765624999999985,10,-0.9999999999999998,-0.6,0.3999999999999998,-0.0009765624999999983,-0.0005859374999999991,0.00039062499999999915,0.3999999999999998,0.00039062499999999915,"{""0001001010"": 1, ""0001010000"": 1, ""0010010001"": 1, ""0011100110"": 1, ""0101010000"": 1, ""1000010110"": 1, ""1001100111"": 1, ""1001110000"": 1, ""1010111101"": 1, ""1101101010"": 1}"
726,019e10ef-39a9-7fc3-9e71-eef2bdba066a,8,26,YYYYZIZYXY,YXYZIZYYYY,-0.0009765624999999985,10,0.9999999999999998,0.8,-0.19999999999999973,-0.0009765624999999983,-0.0007812499999999989,0.00019531249999999941,0.19999999999999973,0.00019531249999999941,"{""0000101000"": 1, ""0010011110"": 1, ""0011101001"": 1, ""0011110001"": 1, ""0101100001"": 1, ""0101111011"": 1, ""1001111110"": 1, ""1011010111"": 1, ""1100101101"": 1, ""1110000100"": 1}"
727,019e10ef-39a9-7fc3-9e71-eef2bdba066a,8,27,YYYYZIZYYZ,ZYYZIZYYYY,0.0009765624999999985,10,-0.9999999999999998,-0.6,0.3999999999999998,-0.0009765624999999983,-0.0005859374999999991,0.00039062499999999915,0.3999999999999998,0.00039062499999999915,"{""0000101100"": 1, ""0001001010"": 1, ""0001010000"": 1, ""0011110110"": 1, ""0101111001"": 1, ""1001111100"": 1, ""1010000011"": 1, ""1010111100"": 1, ""1100000101"": 1, ""1110000011"": 1}"
728,019e10ef-39a9-7fc3-9e71-eef2bdba066a,8,28,YYYYZZXIXZ,ZXIXZZYYYY,0.0009765624999999985,10,-0.9999999999999998,-0.2,0.7999999999999998,-0.0009765624999999983,-0.0001953124999999997,0.0007812499999999985,0.7999999999999998,0.0007812499999999985,"{""0000101110"": 1, ""0010000110"": 1, ""0010011000"": 1, ""0100010100"": 1, ""0111001110"": 1, ""0111010100"": 2, ""1100100011"": 1, ""1100101101"": 1, ""1110010101"": 1}"
729,019e10ef-39a9-7fc3-9e71-eef2bdba066a,8,29,YYYYZZXIYY,YYIXZZYYYY,0.0009765624999999985,10,-0.9999999999999998,-0.4,0.5999999999999998,-0.0009765624999999983,-0.0003906249999999994,0.0005859374999999988,0.5999999999999998,0.0005859374999999988,"{""0011110101"": 1, ""0011110110"": 1, ""0110010101"": 1, ""0110101001"": 1, ""1010110101"": 1, ""1100100000"": 1, ""1100101100"": 1, ""1110000011"": 1, ""1110010000"": 1, ""1110011000"": 1}"
730,019e10ef-39a9-7fc3-9e71-eef2bdba066a,8,30,YYYYZZXZII,IIZXZZYYYY,0.0009765624999999985,10,-0.9999999999999998,-0.4,0.5999999999999998,-0.0009765624999999983,-0.0003906249999999994,0.0005859374999999988,0.5999999999999998,0.0005859374999999988,"{""0000011010"": 1, ""0000101101"": 1, ""0100010100"": 1, ""0110110111"": 1, ""0111000000"": 1, ""0111000011"": 1, ""0111110100"": 1, ""1010111111"": 1, ""1011011000"": 1, ""1101000000"": 1}"
731,019e10ef-39a9-7fc3-9e71-eef2bdba066a,8,31,YYYYZZXZZX,XZZXZZYYYY,0.0009765624999999985,10,-0.9999999999999998,-1.0,-2.220446049250313e-16,-0.0009765624999999983,-0.0009765624999999985,-2.168404344971009e-19,2.220446049250313e-16,2.168404344971009e-19,"{""0011101111"": 1, ""0011111011"": 1, ""0101110111"": 1, ""0111000011"": 1, ""1000001100"": 1, ""1010110100"": 1, ""1100100011"": 1, ""1110010111"": 1, ""1110011000"": 1, ""1111101111"": 1}"
732,019e10ef-39a9-7fc3-9e71-eef2bdba066a,8,32,YYYYZZYXXY,YXXYZZYYYY,0.0009765624999999985,10,-0.9999999999999998,-0.4,0.5999999999999998,-0.0009765624999999983,-0.0003906249999999994,0.0005859374999999988,0.5999999999999998,0.0005859374999999988,"{""0010001111"": 1, ""0100010111"": 1, ""0101001111"": 1, ""0101110001"": 1, ""0110101001"": 1, ""0111010100"": 1, ""0111111110"": 1, ""1000010001"": 1, ""1000010100"": 1, ""1010111111"": 1}"
733,019e10ef-39a9-7fc3-9e71-eef2bdba066a,8,33,YYYYZZYXYZ,ZYXYZZYYYY,-0.0009765624999999985,10,0.9999999999999998,0.4,-0.5999999999999998,-0.0009765624999999983,-0.0003906249999999994,0.0005859374999999988,0.5999999999999998,0.0005859374999999988,"{""0010000100"": 1, ""0110001000"": 1, ""0110111000"": 1, ""0111001110"": 1, ""0111010010"": 1, ""1000111000"": 1, ""1010100111"": 1, ""1111100010"": 1, ""1111101110"": 1, ""1111110110"": 1}"
734,019e10ef-39a9-7fc3-9e71-eef2bdba066a,8,34,YYYYZZYYIX,XIYYZZYYYY,0.0009765624999999985,10,-0.9999999999999998,-0.6,0.3999999999999998,-0.0009765624999999983,-0.0005859374999999991,0.00039062499999999915,0.3999999999999998,0.00039062499999999915,"{""0000001100"": 1, ""0000111111"": 1, ""0010010000"": 1, ""0100011000"": 1, ""0101100000"": 1, ""0101101011"": 1, ""0110110011"": 1, ""1001101011"": 1, ""1100111000"": 1, ""1111111111"": 1}"
735,019e10ef-39a9-7fc3-9e71-eef2bdba066a,8,35,YYYYZZYYZI,IZYYZZYYYY,0.0009765624999999985,10,-0.9999999999999998,-0.4,0.5999999999999998,-0.0009765624999999983,-0.0003906249999999994,0.0005859374999999988,0.5999999999999998,0.0005859374999999988,"{""0000111110"": 1, ""0001111000"": 1, ""0010010011"": 1, ""0011101011"": 2, ""0100000100"": 1, ""0101001011"": 1, ""0110110011"": 1, ""1001110011"": 1, ""1110010100"": 1}"
736,019e10ef-39a9-7fc3-9e71-eef2bdba066a,8,36,YYZZIIIIII,IIIIIIZZYY,-0.0009765624999999985,10,0.9999999999999998,0.8,-0.19999999999999973,-0.0009765624999999983,-0.0007812499999999989,0.00019531249999999941,0.19999999999999973,0.00019531249999999941,"{""0100010010"": 1, ""0101100011"": 1, ""0110010011"": 1, ""0110101011"": 1, ""0110110110"": 2, ""1001010011"": 1, ""1001111011"": 1, ""1111001010"": 1, ""1111101001"": 1}"
737,019e10ef-39a9-7fc3-9e71-eef2bdba066a,8,37,YYZZIIIIZX,XZIIIIZZYY,-0.0009765624999999985,10,0.9999999999999998,0.6,-0.3999999999999998,-0.0009765624999999983,-0.0005859374999999991,0.00039062499999999915,0.3999999999999998,0.00039062499999999915,"{""0000101011"": 1, ""0011101000"": 1, ""0011111011"": 1, ""0101001000"": 1, ""1100000100"": 1, ""1100001111"": 1, ""1100110111"": 1, ""1101011011"": 1, ""1101100011"": 1, ""1111011011"": 1}"
738,019e10ef-39a9-7fc3-9e71-eef2bdba066a,8,38,YYZZIIIZXZ,ZXZIIIZZYY,-0.0009765624999999985,10,0.9999999999999998,0.6,-0.3999999999999998,-0.0009765624999999983,-0.0005859374999999991,0.00039062499999999915,0.3999999999999998,0.00039062499999999915,"{""0000010110"": 1, ""0101101000"": 1, ""0101110110"": 1, ""0110011011"": 1, ""0110100101"": 1, ""0110101011"": 1, ""1001011011"": 1, ""1001100001"": 1, ""1011101011"": 1, ""1111110011"": 1}"
739,019e10ef-39a9-7fc3-9e71-eef2bdba066a,8,39,YYZZIIIZYY,YYZIIIZZYY,-0.0009765624999999985,10,0.9999999999999998,0.6,-0.3999999999999998,-0.0009765624999999983,-0.0005859374999999991,0.00039062499999999915,0.3999999999999998,0.00039062499999999915,"{""0000001110"": 1, ""0001010011"": 1, ""0001111101"": 1, ""0101000011"": 1, ""0110111000"": 1, ""0110111011"": 1, ""1001101110"": 1, ""1010110101"": 1, ""1100000011"": 1, ""1111110101"": 1}"
740,019e10ef-39a9-7fc3-9e71-eef2bdba066a,8,40,YYZZIIZXIX,XIXZIIZZYY,-0.0009765624999999985,10,0.9999999999999998,1.0,2.220446049250313e-16,-0.0009765624999999983,-0.0009765624999999985,-2.168404344971009e-19,2.220446049250313e-16,2.168404344971009e-19,"{""0000110000"": 1, ""0110111100"": 1, ""1001001011"": 2, ""1001001100"": 1, ""1001101011"": 1, ""1010101011"": 1, ""1100011011"": 1, ""1111101100"": 1, ""1111111011"": 1}"
741,019e10ef-39a9-7fc3-9e71-eef2bdba066a,8,41,YYZZIIZXZI,IZXZIIZZYY,-0.0009765624999999985,10,0.9999999999999998,0.6,-0.3999999999999998,-0.0009765624999999983,-0.0005859374999999991,0.00039062499999999915,0.3999999999999998,0.00039062499999999915,"{""0011011010"": 1, ""0101001110"": 1, ""0110001101"": 1, ""0110010111"": 1, ""0110111100"": 1, ""1100100001"": 1, ""1110011011"": 1, ""1111001100"": 1, ""1111010000"": 1, ""1111011010"": 1}"
742,019e10ef-39a9-7fc3-9e71-eef2bdba066a,8,42,YYZZIIZYXY,YXYZIIZZYY,0.0009765624999999985,10,-0.9999999999999998,-0.2,0.7999999999999998,-0.0009765624999999983,-0.0001953124999999997,0.0007812499999999985,0.7999999999999998,0.0007812499999999985,"{""0000110100"": 1, ""0001011000"": 1, ""0011100111"": 1, ""0101010010"": 1, ""0101011110"": 1, ""0111100001"": 1, ""1000010001"": 1, ""1100010111"": 1, ""1111001000"": 1, ""1111100101"": 1}"
743,019e10ef-39a9-7fc3-9e71-eef2bdba066a,8,43,YYZZIIZYYZ,ZYYZIIZZYY,-0.0009765624999999985,10,0.9999999999999998,0.4,-0.5999999999999998,-0.0009765624999999983,-0.0003906249999999994,0.0005859374999999988,0.5999999999999998,0.0005859374999999988,"{""0000010101"": 1, ""0101110101"": 1, ""0110000011"": 1, ""1000111111"": 1, ""1001100101"": 1, ""1100011001"": 1, ""1111010000"": 1, ""1111010111"": 1, ""1111110011"": 1, ""1111111000"": 1}"
744,019e10ef-39a9-7fc3-9e71-eef2bdba066a,8,44,YYZZIZXIXZ,ZXIXZIZZYY,-0.0009765624999999985,10,0.9999999999999998,0.4,-0.5999999999999998,-0.0009765624999999983,-0.0003906249999999994,0.0005859374999999988,0.5999999999999998,0.0005859374999999988,"{""0011010110"": 1, ""0011011010"": 1, ""0100011110"": 1, ""0101111000"": 1, ""0110110101"": 1, ""1001101101"": 1, ""1001111011"": 1, ""1010011010"": 1, ""1100000000"": 1, ""1101001101"": 1}"
745,019e10ef-39a9-7fc3-9e71-eef2bdba066a,8,45,YYZZIZXIYY,YYIXZIZZYY,-0.0009765624999999985,10,0.9999999999999998,0.8,-0.19999999999999973,-0.0009765624999999983,-0.0007812499999999989,0.00019531249999999941,0.19999999999999973,0.00019531249999999941,"{""0000000011"": 1, ""0000001101"": 1, ""0000001110"": 1, ""0101101110"": 1, ""0101111000"": 1, ""0110001110"": 1, ""1001101011"": 1, ""1100110110"": 2, ""1111100011"": 1}"
746,019e10ef-39a9-7fc3-9e71-eef2bdba066a,8,46,YYZZIZXZII,IIZXZIZZYY,-0.0009765624999999985,10,0.9999999999999998,0.6,-0.3999999999999998,-0.0009765624999999983,-0.0005859374999999991,0.00039062499999999915,0.3999999999999998,0.00039062499999999915,"{""0000001111"": 1, ""0011000000"": 1, ""0101000010"": 1, ""0101001001"": 1, ""0111110011"": 1, ""1001011101"": 1, ""1100000000"": 1, ""1111011000"": 1, ""1111100011"": 1, ""1111110101"": 1}"
747,019e10ef-39a9-7fc3-9e71-eef2bdba066a,8,47,YYZZIZXZZX,XZZXZIZZYY,-0.0009765624999999985,10,0.9999999999999998,1.0,2.220446049250313e-16,-0.0009765624999999983,-0.0009765624999999985,-2.168404344971009e-19,2.220446049250313e-16,2.168404344971009e-19,"{""0000110100"": 1, ""0011110111"": 1, ""0101010111"": 1, ""0110110111"": 1, ""1001001100"": 1, ""1100011011"": 1, ""1111001100"": 3, ""1111110100"": 1}"
748,019e10ef-39a9-7fc3-9e71-eef2bdba066a,8,48,YYZZIZYXXY,YXXYZIZZYY,-0.0009765624999999985,10,0.9999999999999998,0.6,-0.3999999999999998,-0.0009765624999999983,-0.0005859374999999991,0.00039062499999999915,0.3999999999999998,0.00039062499999999915,"{""0011001100"": 1, ""0100011110"": 1, ""0101100101"": 1, ""0110111011"": 1, ""1001001100"": 1, ""1010011101"": 1, ""1100000101"": 1, ""1100110000"": 1, ""1111001111"": 1, ""1111101010"": 1}"
749,019e10ef-39a9-7fc3-9e71-eef2bdba066a,8,49,YYZZIZYXYZ,ZYXYZIZZYY,0.0009765624999999985,10,-0.9999999999999998,-0.4,0.5999999999999998,-0.0009765624999999983,-0.0003906249999999994,0.0005859374999999988,0.5999999999999998,0.0005859374999999988,"{""0000001101"": 1, ""0000011010"": 1, ""0000100001"": 1, ""0001110110"": 1, ""0101101111"": 1, ""0101110101"": 1, ""0110000111"": 1, ""1100100110"": 1, ""1111000001"": 1, ""1111100010"": 1}"
750,019e10ef-39a9-7fc3-9e71-eef2bdba066a,8,50,YYZZIZYYIX,XIYYZIZZYY,-0.0009765624999999985,10,0.9999999999999998,0.8,-0.19999999999999973,-0.0009765624999999983,-0.0007812499999999989,0.00019531249999999941,0.19999999999999973,0.00019531249999999941,"{""0000100000"": 1, ""0011100111"": 1, ""1001000111"": 1, ""1001111000"": 1, ""1010000111"": 1, ""1010100000"": 1, ""1010100111"": 1, ""1111100111"": 1, ""1111101011"": 1, ""1111101111"": 1}"
751,019e10ef-39a9-7fc3-9e71-eef2bdba066a,8,51,YYZZIZYYZI,IZYYZIZZYY,-0.0009765624999999985,10,0.9999999999999998,1.0,2.220446049250313e-16,-0.0009765624999999983,-0.0009765624999999985,-2.168404344971009e-19,2.220446049250313e-16,2.168404344971009e-19,"{""0011010010"": 1, ""0101011110"": 1, ""0110011110"": 1, ""1001010100"": 1, ""1001110011"": 1, ""1001111111"": 1, ""1010100110"": 1, ""1100100111"": 1, ""1100101100"": 1, ""1100111000"": 1}"
752,019e10ef-39a9-7fc3-9e71-eef2bdba066a,8,52,YYZZZXIXIX,XIXIXZZZYY,-0.0009765624999999985,10,0.9999999999999998,0.6,-0.3999999999999998,-0.0009765624999999983,-0.0005859374999999991,0.00039062499999999915,0.3999999999999998,0.00039062499999999915,"{""0001010111"": 1, ""0011000111"": 1, ""0011110000"": 1, ""0101011011"": 1, ""0101110110"": 1, ""0101110111"": 1, ""0110101100"": 1, ""1001100000"": 1, ""1001101011"": 1, ""1010101100"": 1}"
753,019e10ef-39a9-7fc3-9e71-eef2bdba066a,8,53,YYZZZXIXZI,IZXIXZZZYY,-0.0009765624999999985,10,0.9999999999999998,0.6,-0.3999999999999998,-0.0009765624999999983,-0.0005859374999999991,0.00039062499999999915,0.3999999999999998,0.00039062499999999915,"{""0000101101"": 1, ""0011101010"": 1, ""0100011011"": 1, ""0101011010"": 1, ""0110000000"": 1, ""0110011100"": 1, ""1001101100"": 1, ""1011110000"": 1, ""1111101011"": 1, ""1111110111"": 1}"
754,019e10ef-39a9-7fc3-9e71-eef2bdba066a,8,54,YYZZZXIYXY,YXYIXZZZYY,0.0009765624999999985,10,-0.9999999999999998,-0.4,0.5999999999999998,-0.0009765624999999983,-0.0003906249999999994,0.0005859374999999988,0.5999999999999998,0.0005859374999999988,"{""0101101000"": 1, ""0101101110"": 1, ""0110110001"": 1, ""1000110111"": 1, ""1001000010"": 1, ""1011000010"": 1, ""1100011011"": 1, ""1100011110"": 1, ""1101000010"": 1, ""1111011000"": 1}"
755,019e10ef-39a9-7fc3-9e71-eef2bdba066a,8,55,YYZZZXIYYZ,ZYYIXZZZYY,-0.0009765624999999985,10,0.9999999999999998,0.6,-0.3999999999999998,-0.0009765624999999983,-0.0005859374999999991,0.00039062499999999915,0.3999999999999998,0.00039062499999999915,"{""0000101100"": 1, ""0011011000"": 1, ""0101000011"": 1, ""0110000000"": 1, ""0110000011"": 1, ""0110101111"": 1, ""0110110000"": 1, ""1010101010"": 1, ""1110110110"": 1, ""1111000011"": 1}"
756,019e10ef-39a9-7fc3-9e71-eef2bdba066a,8,56,YYZZZXZIII,IIIZXZZZYY,-0.0009765624999999985,10,0.9999999999999998,0.6,-0.3999999999999998,-0.0009765624999999983,-0.0005859374999999991,0.00039062499999999915,0.3999999999999998,0.00039062499999999915,"{""0011000000"": 1, ""0011011111"": 1, ""0011101111"": 1, ""0011110101"": 1, ""0101011010"": 1, ""0110010010"": 1, ""1000011101"": 1, ""1010011101"": 1, ""1010101100"": 1, ""1111101000"": 1}"
757,019e10ef-39a9-7fc3-9e71-eef2bdba066a,8,57,YYZZZXZIZX,XZIZXZZZYY,-0.0009765624999999985,10,0.9999999999999998,0.8,-0.19999999999999973,-0.0009765624999999983,-0.0007812499999999989,0.00019531249999999941,0.19999999999999973,0.00019531249999999941,"{""0000110000"": 1, ""0000110100"": 1, ""0011101011"": 1, ""0011101111"": 1, ""0110110011"": 1, ""0110110100"": 1, ""1010101011"": 1, ""1011101111"": 1, ""1111011000"": 1, ""1111011011"": 1}"
758,019e10ef-39a9-7fc3-9e71-eef2bdba066a,8,58,YYZZZXZZXZ,ZXZZXZZZYY,-0.0009765624999999985,10,0.9999999999999998,0.0,-0.9999999999999998,-0.0009765624999999983,-0.0,0.0009765624999999983,0.9999999999999998,0.0009765624999999983,"{""0000000110"": 1, ""0101000101"": 1, ""0101001011"": 1, ""0101110011"": 1, ""1001000010"": 1, ""1001110000"": 1, ""1010101000"": 1, ""1010110001"": 1, ""1101101110"": 1, ""1111010000"": 1}"
759,019e10ef-39a9-7fc3-9e71-eef2bdba066a,8,59,YYZZZXZZYY,YYZZXZZZYY,-0.0009765624999999985,10,0.9999999999999998,0.2,-0.7999999999999998,-0.0009765624999999983,-0.0001953124999999997,0.0007812499999999985,0.7999999999999998,0.0007812499999999985,"{""0000011000"": 1, ""0000011110"": 1, ""0000110100"": 1, ""0011010010"": 1, ""0110000011"": 1, ""0110011111"": 1, ""1001101101"": 1, ""1111011010"": 1, ""1111101010"": 1, ""1111101110"": 1}"
760,019e10ef-39a9-7fc3-9e71-eef2bdba066a,8,60,YYZZZYXXXY,YXXXYZZZYY,0.0009765624999999985,10,-0.9999999999999998,-0.6,0.3999999999999998,-0.0009765624999999983,-0.0005859374999999991,0.00039062499999999915,0.3999999999999998,0.00039062499999999915,"{""0000111110"": 1, ""0011010000"": 1, ""0101110001"": 1, ""0101110011"": 1, ""1001011011"": 1, ""1001110010"": 1, ""1010010110"": 1, ""1100010110"": 1, ""1111001000"": 1, ""1111101100"": 1}"
761,019e10ef-39a9-7fc3-9e71-eef2bdba066a,8,61,YYZZZYXXYZ,ZYXXYZZZYY,-0.0009765624999999985,10,0.9999999999999998,0.2,-0.7999999999999998,-0.0009765624999999983,-0.0001953124999999997,0.0007812499999999985,0.7999999999999998,0.0007812499999999985,"{""0000010110"": 1, ""0001110101"": 1, ""0110111011"": 1, ""1010100001"": 1, ""1010110011"": 1, ""1010111100"": 1, ""1100101000"": 1, ""1100111001"": 1, ""1110110101"": 1, ""1111010001"": 1}"
762,019e10ef-39a9-7fc3-9e71-eef2bdba066a,8,62,YYZZZYXYIX,XIYXYZZZYY,0.0009765624999999985,10,-0.9999999999999998,-0.4,0.5999999999999998,-0.0009765624999999983,-0.0003906249999999994,0.0005859374999999988,0.5999999999999998,0.0005859374999999988,"{""0000011100"": 1, ""0010010100"": 1, ""0101010111"": 1, ""0101111111"": 1, ""0110001000"": 1, ""0110111111"": 1, ""1000100000"": 1, ""1001010100"": 1, ""1001111000"": 1, ""1100011000"": 1}"
763,019e10ef-39a9-7fc3-9e71-eef2bdba066a,8,63,YYZZZYXYZI,IZYXYZZZYY,0.0009765624999999985,10,-0.9999999999999998,-0.6,0.3999999999999998,-0.0009765624999999983,-0.0005859374999999991,0.00039062499999999915,0.3999999999999998,0.00039062499999999915,"{""0000000100"": 1, ""0000001001"": 1, ""0000010000"": 1, ""0110011011"": 1, ""1000010111"": 1, ""1001101011"": 2, ""1001111000"": 1, ""1101111111"": 1, ""1110011001"": 1}"
764,019e10ef-39a9-7fc3-9e71-eef2bdba066a,8,64,YYZZZYYIXZ,ZXIYYZZZYY,-0.0009765624999999985,10,0.9999999999999998,0.6,-0.3999999999999998,-0.0009765624999999983,-0.0005859374999999991,0.00039062499999999915,0.3999999999999998,0.00039062499999999915,"{""0000001110"": 1, ""0000101000"": 1, ""0011000000"": 1, ""0011010110"": 1, ""0100100110"": 1, ""0110101011"": 1, ""0111100111"": 1, ""1001101000"": 1, ""1100000110"": 1, ""1100101000"": 1}"
765,019e10ef-39a9-7fc3-9e71-eef2bdba066a,8,65,YYZZZYYIYY,YYIYYZZZYY,-0.0009765624999999985,10,0.9999999999999998,0.0,-0.9999999999999998,-0.0009765624999999983,-0.0,0.0009765624999999983,0.9999999999999998,0.0009765624999999983,"{""0000010110"": 1, ""0101000010"": 1, ""1001010011"": 1, ""1010000000"": 1, ""1010100111"": 1, ""1010110011"": 1, ""1100000000"": 1, ""1100001101"": 1, ""1100010011"": 1, ""1100110010"": 1}"
766,019e10ef-39a9-7fc3-9e71-eef2bdba066a,8,66,YYZZZYYZII,IIZYYZZZYY,-0.0009765624999999985,10,0.9999999999999998,0.4,-0.5999999999999998,-0.0009765624999999983,-0.0003906249999999994,0.0005859374999999988,0.5999999999999998,0.0005859374999999988,"{""0000001000"": 1, ""0000111110"": 1, ""0001011011"": 1, ""0011111100"": 1, ""0101001000"": 1, ""0110010111"": 1, ""0110110011"": 1, ""1001011001"": 1, ""1001101010"": 1, ""1010011011"": 1}"
767,019e10ef-39a9-7fc3-9e71-eef2bdba066a,8,67,YYZZZYYZZX,XZZYYZZZYY,-0.0009765624999999985,10,0.9999999999999998,1.0,2.220446049250313e-16,-0.0009765624999999983,-0.0009765624999999985,-2.168404344971009e-19,2.220446049250313e-16,2.168404344971009e-19,"{""0011111100"": 1, ""0101010111"": 1, ""0101110000"": 1, ""0110000000"": 1, ""1001011011"": 1, ""1010000011"": 1, ""1010011000"": 1, ""1100000000"": 1, ""1100001111"": 1, ""1111001111"": 1}"
768,019e10ef-39a9-7fc3-9e71-eef2bdba066a,8,68,ZXIZXIXIXZ,ZXIXIXZIXZ,-0.0009765624999999985,10,0.9999999999999998,0.8,-0.19999999999999973,-0.0009765624999999983,-0.0007812499999999989,0.00019531249999999941,0.19999999999999973,0.00019531249999999941,"{""0110010110"": 1, ""0110011000"": 1, ""0110100011"": 1, ""1001110110"": 1, ""1001111011"": 3, ""1100001101"": 1, ""1100001110"": 1, ""1101110101"": 1}"
769,019e10ef-39a9-7fc3-9e71-eef2bdba066a,8,69,ZXIZXIXIYY,YYIXIXZIXZ,-0.0009765624999999985,10,0.9999999999999998,0.6,-0.3999999999999998,-0.0009765624999999983,-0.0005859374999999991,0.00039062499999999915,0.3999999999999998,0.00039062499999999915,"{""0000001101"": 2, ""0000101011"": 1, ""0000110101"": 1, ""0011011000"": 1, ""0011011011"": 1, ""0011100010"": 1, ""0101110000"": 1, ""0101110101"": 1, ""1010100011"": 1}"
770,019e10ef-39a9-7fc3-9e71-eef2bdba066a,8,70,ZXIZXIXZII,IIZXIXZIXZ,-0.0009765624999999985,10,0.9999999999999998,0.4,-0.5999999999999998,-0.0009765624999999983,-0.0003906249999999994,0.0005859374999999988,0.5999999999999998,0.0005859374999999988,"{""0000001100"": 1, ""0100000011"": 1, ""0101000000"": 1, ""0101110111"": 1, ""0110100010"": 1, ""0110111000"": 1, ""1001000000"": 1, ""1010011011"": 1, ""1010100000"": 1, ""1111001111"": 1}"
771,019e10ef-39a9-7fc3-9e71-eef2bdba066a,8,71,ZXIZXIXZZX,XZZXIXZIXZ,-0.0009765624999999985,10,0.9999999999999998,0.2,-0.7999999999999998,-0.0009765624999999983,-0.0001953124999999997,0.0007812499999999985,0.7999999999999998,0.0007812499999999985,"{""0000100000"": 1, ""0001111000"": 1, ""0011000000"": 1, ""0011011011"": 1, ""0011110100"": 1, ""0101111011"": 1, ""0110010111"": 1, ""1001001100"": 1, ""1010000111"": 1, ""1100111000"": 1}"
772,019e10ef-39a9-7fc3-9e71-eef2bdba066a,8,72,ZXIZXIYXXY,YXXYIXZIXZ,-0.0009765624999999985,10,0.9999999999999998,-0.2,-1.1999999999999997,-0.0009765624999999983,0.0001953124999999997,0.001171874999999998,1.1999999999999997,0.001171874999999998,"{""0000110010"": 1, ""0011011010"": 1, ""0011111110"": 1, ""0101000001"": 1, ""1001000101"": 1, ""1001010111"": 1, ""1001110010"": 1, ""1001111110"": 1, ""1010101000"": 1, ""1100111010"": 1}"
773,019e10ef-39a9-7fc3-9e71-eef2bdba066a,8,73,ZXIZXIYXYZ,ZYXYIXZIXZ,0.0009765624999999985,10,-0.9999999999999998,-0.4,0.5999999999999998,-0.0009765624999999983,-0.0003906249999999994,0.0005859374999999988,0.5999999999999998,0.0005859374999999988,"{""0011011111"": 1, ""0101000010"": 1, ""0101100010"": 1, ""0110010110"": 1, ""0110100001"": 1, ""1001000000"": 1, ""1001000100"": 1, ""1100000010"": 1, ""1110011111"": 1, ""1111011111"": 1}"
774,019e10ef-39a9-7fc3-9e71-eef2bdba066a,8,74,ZXIZXIYYIX,XIYYIXZIXZ,-0.0009765624999999985,10,0.9999999999999998,0.6,-0.3999999999999998,-0.0009765624999999983,-0.0005859374999999991,0.00039062499999999915,0.3999999999999998,0.00039062499999999915,"{""0000001100"": 1, ""0000111111"": 1, ""0011100111"": 1, ""0110011111"": 1, ""1000011101"": 1, ""1001100111"": 1, ""1010011000"": 1, ""1111010011"": 1, ""1111100111"": 1, ""1111111000"": 1}"
775,019e10ef-39a9-7fc3-9e71-eef2bdba066a,8,75,ZXIZXIYYZI,IZYYIXZIXZ,-0.0009765624999999985,10,0.9999999999999998,0.6,-0.3999999999999998,-0.0009765624999999983,-0.0005859374999999991,0.00039062499999999915,0.3999999999999998,0.00039062499999999915,"{""0000110011"": 1, ""0011111001"": 1, ""0101110101"": 1, ""0110011001"": 1, ""0110011110"": 1, ""0110100111"": 1, ""1001111000"": 1, ""1010011010"": 1, ""1100000001"": 1, ""1111100001"": 1}"
776,019e10ef-39a9-7fc3-9e71-eef2bdba066a,8,76,ZXIZXZIIII,IIIIZXZIXZ,-0.0009765624999999985,10,0.9999999999999998,0.6,-0.3999999999999998,-0.0009765624999999983,-0.0005859374999999991,0.00039062499999999915,0.3999999999999998,0.00039062499999999915,"{""0000110011"": 1, ""0010010100"": 1, ""0101110010"": 1, ""0110101001"": 1, ""0110101101"": 1, ""1100111010"": 1, ""1110100110"": 1, ""1111010100"": 1, ""1111100000"": 1, ""1111101101"": 1}"
777,019e10ef-39a9-7fc3-9e71-eef2bdba066a,8,77,ZXIZXZIIZX,XZIIZXZIXZ,-0.0009765624999999985,10,0.9999999999999998,0.6,-0.3999999999999998,-0.0009765624999999983,-0.0005859374999999991,0.00039062499999999915,0.3999999999999998,0.00039062499999999915,"{""0001010111"": 1, ""0011010100"": 1, ""0101001000"": 1, ""0101001010"": 1, ""0110011100"": 1, ""1001111011"": 1, ""1010011111"": 1, ""1100001111"": 1, ""1100011000"": 1, ""1100110000"": 1}"
778,019e10ef-39a9-7fc3-9e71-eef2bdba066a,8,78,ZXIZXZIZXZ,ZXZIZXZIXZ,-0.0009765624999999985,10,0.9999999999999998,0.4,-0.5999999999999998,-0.0009765624999999983,-0.0003906249999999994,0.0005859374999999988,0.5999999999999998,0.0005859374999999988,"{""0000000010"": 1, ""0000001000"": 1, ""0000010101"": 1, ""0101000110"": 1, ""1001000011"": 1, ""1001000101"": 1, ""1010100110"": 1, ""1010101110"": 1, ""1100101101"": 1, ""1111011011"": 1}"
779,019e10ef-39a9-7fc3-9e71-eef2bdba066a,8,79,ZXIZXZIZYY,YYZIZXZIXZ,-0.0009765624999999985,10,0.9999999999999998,0.6,-0.3999999999999998,-0.0009765624999999983,-0.0005859374999999991,0.00039062499999999915,0.3999999999999998,0.00039062499999999915,"{""0000010101"": 1, ""0000110000"": 1, ""0101001011"": 1, ""0110011110"": 1, ""0110100000"": 1, ""0110101011"": 1, ""1001001011"": 1, ""1001111011"": 1, ""1010110000"": 1, ""1101011000"": 1}"
780,019e10ef-39a9-7fc3-9e71-eef2bdba066a,8,80,ZXIZXZZXIX,XIXZZXZIXZ,-0.0009765624999999985,10,0.9999999999999998,0.4,-0.5999999999999998,-0.0009765624999999983,-0.0003906249999999994,0.0005859374999999988,0.5999999999999998,0.0005859374999999988,"{""0000001100"": 1, ""0000111100"": 1, ""0110010111"": 1, ""0111010111"": 1, ""0111101100"": 1, ""1001000111"": 1, ""1001110111"": 1, ""1010100011"": 1, ""1010100111"": 1, ""1100110000"": 1}"
781,019e10ef-39a9-7fc3-9e71-eef2bdba066a,8,81,ZXIZXZZXZI,IZXZZXZIXZ,-0.0009765624999999985,10,0.9999999999999998,0.8,-0.19999999999999973,-0.0009765624999999983,-0.0007812499999999989,0.00019531249999999941,0.19999999999999973,0.00019531249999999941,"{""0000001010"": 1, ""0000001100"": 1, ""0000110110"": 1, ""0011010001"": 1, ""0011101010"": 1, ""0101000000"": 1, ""0110010001"": 1, ""0110100001"": 1, ""1010010110"": 1, ""1111000001"": 1}"
782,019e10ef-39a9-7fc3-9e71-eef2bdba066a,8,82,ZXIZXZZYXY,YXYZZXZIXZ,0.0009765624999999985,10,-0.9999999999999998,-0.6,0.3999999999999998,-0.0009765624999999983,-0.0005859374999999991,0.00039062499999999915,0.3999999999999998,0.00039062499999999915,"{""0000110100"": 1, ""0001111110"": 1, ""0011101110"": 1, ""0101001101"": 1, ""0101111000"": 1, ""0101111011"": 1, ""0110000010"": 1, ""1010010111"": 1, ""1111011101"": 1, ""1111100001"": 1}"
783,019e10ef-39a9-7fc3-9e71-eef2bdba066a,8,83,ZXIZXZZYYZ,ZYYZZXZIXZ,-0.0009765624999999985,10,0.9999999999999998,0.2,-0.7999999999999998,-0.0009765624999999983,-0.0001953124999999997,0.0007812499999999985,0.7999999999999998,0.0007812499999999985,"{""0000001111"": 1, ""0011010110"": 1, ""0101001111"": 1, ""0110100011"": 1, ""1001001111"": 1, ""1010010101"": 1, ""1010100100"": 1, ""1100101111"": 1, ""1111000110"": 1, ""1111001100"": 1}"
784,019e10ef-39a9-7fc3-9e71-eef2bdba066a,8,84,ZXIZYXXXXY,YXXXXYZIXZ,-0.0009765624999999985,10,0.9999999999999998,0.6,-0.3999999999999998,-0.0009765624999999983,-0.0005859374999999991,0.00039062499999999915,0.3999999999999998,0.00039062499999999915,"{""0001000010"": 1, ""0011000000"": 1, ""0011000010"": 1, ""0110010000"": 1, ""0110010110"": 1, ""0111000110"": 1, ""1000101101"": 1, ""1001110000"": 1, ""1100011110"": 1, ""1111100000"": 1}"
785,019e10ef-39a9-7fc3-9e71-eef2bdba066a,8,85,ZXIZYXXXYZ,ZYXXXYZIXZ,0.0009765624999999985,10,-0.9999999999999998,-0.6,0.3999999999999998,-0.0009765624999999983,-0.0005859374999999991,0.00039062499999999915,0.3999999999999998,0.00039062499999999915,"{""0000001011"": 1, ""0011100010"": 1, ""0011110000"": 1, ""0110001010"": 1, ""0110111000"": 1, ""1001010000"": 1, ""1001100001"": 1, ""1010011011"": 1, ""1010110011"": 1, ""1100010101"": 1}"
786,019e10ef-39a9-7fc3-9e71-eef2bdba066a,8,86,ZXIZYXXYIX,XIYXXYZIXZ,-0.0009765624999999985,10,0.9999999999999998,0.0,-0.9999999999999998,-0.0009765624999999983,-0.0,0.0009765624999999983,0.9999999999999998,0.0009765624999999983,"{""0000000011"": 1, ""0000101011"": 1, ""0011001000"": 1, ""0101100000"": 1, ""0101100011"": 1, ""0110001111"": 2, ""0110011010"": 1, ""1001010011"": 1, ""1010001011"": 1}"
787,019e10ef-39a9-7fc3-9e71-eef2bdba066a,8,87,ZXIZYXXYZI,IZYXXYZIXZ,-0.0009765624999999985,10,0.9999999999999998,0.2,-0.7999999999999998,-0.0009765624999999983,-0.0001953124999999997,0.0007812499999999985,0.7999999999999998,0.0007812499999999985,"{""0000110001"": 1, ""0011100000"": 1, ""0011111000"": 1, ""0101011001"": 1, ""0110010100"": 1, ""0110100001"": 1, ""0110101110"": 1, ""1000101110"": 1, ""1001110001"": 1, ""1101101110"": 1}"
788,019e10ef-39a9-7fc3-9e71-eef2bdba066a,8,88,ZXIZYXYIXZ,ZXIYXYZIXZ,0.0009765624999999985,10,-0.9999999999999998,-0.8,0.19999999999999973,-0.0009765624999999983,-0.0007812499999999989,0.00019531249999999941,0.19999999999999973,0.00019531249999999941,"{""0011101011"": 1, ""0101111100"": 1, ""0110011000"": 1, ""0110101011"": 1, ""1010000101"": 1, ""1010001101"": 1, ""1010110011"": 1, ""1100111000"": 1, ""1111111101"": 2}"
789,019e10ef-39a9-7fc3-9e71-eef2bdba066a,8,89,ZXIZYXYIYY,YYIYXYZIXZ,0.0009765624999999985,10,-0.9999999999999998,0.0,0.9999999999999998,-0.0009765624999999983,0.0,0.0009765624999999983,0.9999999999999998,0.0009765624999999983,"{""0010001000"": 1, ""0011010110"": 1, ""0011110011"": 1, ""0100010011"": 1, ""0100011101"": 1, ""0101000011"": 1, ""1001101101"": 1, ""1010110000"": 1, ""1111000001"": 1, ""1111101110"": 1}"
790,019e10ef-39a9-7fc3-9e71-eef2bdba066a,8,90,ZXIZYXYZII,IIZYXYZIXZ,0.0009765624999999985,10,-0.9999999999999998,-0.2,0.7999999999999998,-0.0009765624999999983,-0.0001953124999999997,0.0007812499999999985,0.7999999999999998,0.0007812499999999985,"{""0000011100"": 1, ""0011010111"": 1, ""0011110010"": 1, ""0011111100"": 1, ""0100100000"": 1, ""0101101101"": 1, ""1001001011"": 1, ""1100101010"": 1, ""1111101101"": 1, ""1111101111"": 1}"
791,019e10ef-39a9-7fc3-9e71-eef2bdba066a,8,91,ZXIZYXYZZX,XZZYXYZIXZ,0.0009765624999999985,10,-0.9999999999999998,-0.2,0.7999999999999998,-0.0009765624999999983,-0.0001953124999999997,0.0007812499999999985,0.7999999999999998,0.0007812499999999985,"{""0000110100"": 1, ""0110000111"": 1, ""1000110111"": 1, ""1001101111"": 1, ""1001110111"": 1, ""1010011011"": 1, ""1100001011"": 1, ""1100010011"": 1, ""1100110000"": 1, ""1111100011"": 1}"
792,019e10ef-39a9-7fc3-9e71-eef2bdba066a,8,92,ZXIZYYIXIX,XIXIYYZIXZ,-0.0009765624999999985,10,0.9999999999999998,0.4,-0.5999999999999998,-0.0009765624999999983,-0.0003906249999999994,0.0005859374999999988,0.5999999999999998,0.0005859374999999988,"{""0000011111"": 1, ""0000110000"": 1, ""0101011100"": 1, ""0101101011"": 1, ""0110100111"": 1, ""1010000011"": 1, ""1010001100"": 1, ""1010010011"": 1, ""1010011011"": 1, ""1100101011"": 1}"
793,019e10ef-39a9-7fc3-9e71-eef2bdba066a,8,93,ZXIZYYIXZI,IZXIYYZIXZ,-0.0009765624999999985,10,0.9999999999999998,0.2,-0.7999999999999998,-0.0009765624999999983,-0.0001953124999999997,0.0007812499999999985,0.7999999999999998,0.0007812499999999985,"{""0000110111"": 1, ""0101101100"": 1, ""0110011100"": 1, ""0110111101"": 1, ""1010001101"": 1, ""1010101011"": 1, ""1010111101"": 1, ""1100100111"": 1, ""1101011010"": 1, ""1111111101"": 1}"
794,019e10ef-39a9-7fc3-9e71-eef2bdba066a,8,94,ZXIZYYIYXY,YXYIYYZIXZ,0.0009765624999999985,10,-0.9999999999999998,-0.8,0.19999999999999973,-0.0009765624999999983,-0.0007812499999999989,0.00019531249999999941,0.19999999999999973,0.00019531249999999941,"{""0000011000"": 1, ""0011001110"": 1, ""0100100100"": 1, ""0101011101"": 1, ""0110111011"": 1, ""0111010010"": 1, ""1001110010"": 1, ""1010100001"": 1, ""1010111110"": 1, ""1100011011"": 1}"
795,019e10ef-39a9-7fc3-9e71-eef2bdba066a,8,95,ZXIZYYIYYZ,ZYYIYYZIXZ,-0.0009765624999999985,10,0.9999999999999998,0.4,-0.5999999999999998,-0.0009765624999999983,-0.0003906249999999994,0.0005859374999999988,0.5999999999999998,0.0005859374999999988,"{""0000011010"": 1, ""0000110101"": 1, ""1000101010"": 1, ""1001001111"": 1, ""1001110101"": 1, ""1010001111"": 1, ""1010010111"": 1, ""1010111111"": 1, ""1111010101"": 1, ""1111100011"": 1}"
796,019e10ef-39a9-7fc3-9e71-eef2bdba066a,8,96,ZXIZYYZIII,IIIZYYZIXZ,-0.0009765624999999985,10,0.9999999999999998,0.8,-0.19999999999999973,-0.0009765624999999983,-0.0007812499999999989,0.00019531249999999941,0.19999999999999973,0.00019531249999999941,"{""0000110001"": 1, ""0000110100"": 1, ""0000110110"": 1, ""0011001111"": 1, ""1000100010"": 1, ""1010001010"": 1, ""1010001111"": 1, ""1100100111"": 1, ""1110011100"": 1, ""1111010100"": 1}"
797,019e10ef-39a9-7fc3-9e71-eef2bdba066a,8,97,ZXIZYYZIZX,XZIZYYZIXZ,-0.0009765624999999985,10,0.9999999999999998,0.4,-0.5999999999999998,-0.0009765624999999983,-0.0003906249999999994,0.0005859374999999988,0.5999999999999998,0.0005859374999999988,"{""0011110000"": 1, ""0011111000"": 1, ""0100101111"": 1, ""1001011011"": 1, ""1010010111"": 1, ""1010100000"": 1, ""1010101011"": 1, ""1010111100"": 2, ""1100000111"": 1}"
798,019e10ef-39a9-7fc3-9e71-eef2bdba066a,8,98,ZXIZYYZZXZ,ZXZZYYZIXZ,-0.0009765624999999985,10,0.9999999999999998,0.8,-0.19999999999999973,-0.0009765624999999983,-0.0007812499999999989,0.00019531249999999941,0.19999999999999973,0.00019531249999999941,"{""0011100110"": 1, ""0101011011"": 1, ""0101101110"": 1, ""0110001110"": 1, ""0110010110"": 1, ""1001011110"": 1, ""1100101010"": 1, ""1100110000"": 1, ""1111001011"": 1, ""1111010110"": 1}"
799,019e10ef-39a9-7fc3-9e71-eef2bdba066a,8,99,ZXIZYYZZYY,YYZZYYZIXZ,-0.0009765624999999985,10,0.9999999999999998,0.6,-0.3999999999999998,-0.0009765624999999983,-0.0005859374999999991,0.00039062499999999915,0.3999999999999998,0.00039062499999999915,"{""0000011000"": 1, ""0000100101"": 1, ""0011111000"": 1, ""0101000110"": 1, ""0101101011"": 1, ""1010001010"": 1, ""1010010011"": 1, ""1010100000"": 1, ""1111001101"": 1, ""1111100101"": 1}"
800,019e10ef-3e82-7383-89b2-ceb0ba359816,9,0,ZXXYXXXXXY,YXXXXXYXXZ,0.0009765624999999985,10,-0.9999999999999998,-0.4,0.5999999999999998,-0.0009765624999999983,-0.0003906249999999994,0.0005859374999999988,0.5999999999999998,0.0005859374999999988,"{""0011101111"": 1, ""0100001011"": 1, ""0100011111"": 1, ""0101100001"": 1, ""0110000111"": 1, ""1000111100"": 1, ""1010010011"": 1, ""1011000000"": 1, ""1011001100"": 1, ""1100001011"": 1}"
801,019e10ef-3e82-7383-89b2-ceb0ba359816,9,1,ZXXYXXXXYZ,ZYXXXXYXXZ,-0.0009765624999999985,10,0.9999999999999998,0.4,-0.5999999999999998,-0.0009765624999999983,-0.0003906249999999994,0.0005859374999999988,0.5999999999999998,0.0005859374999999988,"{""0000001110"": 1, ""0000011011"": 1, ""0001101100"": 1, ""0010011100"": 1, ""0010110100"": 1, ""0100101000"": 1, ""0111001011"": 1, ""1010010111"": 1, ""1101010110"": 1, ""1110110110"": 1}"
802,019e10ef-3e82-7383-89b2-ceb0ba359816,9,2,ZXXYXXXYIX,XIYXXXYXXZ,0.0009765624999999985,10,-0.9999999999999998,0.2,1.1999999999999997,-0.0009765624999999983,0.0001953124999999997,0.001171874999999998,1.1999999999999997,0.001171874999999998,"{""0001101100"": 1, ""0101001011"": 1, ""0101111000"": 1, ""0111001011"": 1, ""0111100110"": 1, ""0111111111"": 1, ""1000100000"": 1, ""1010011111"": 1, ""1010110100"": 1, ""1010110111"": 1}"
803,019e10ef-3e82-7383-89b2-ceb0ba359816,9,3,ZXXYXXXYZI,IZYXXXYXXZ,0.0009765624999999985,10,-0.9999999999999998,-0.4,0.5999999999999998,-0.0009765624999999983,-0.0003906249999999994,0.0005859374999999988,0.5999999999999998,0.0005859374999999988,"{""0001000001"": 1, ""0001110001"": 1, ""0011001111"": 1, ""0011110010"": 1, ""0100001110"": 1, ""0111001100"": 1, ""1000101011"": 1, ""1101000110"": 1, ""1101101101"": 1, ""1110000111"": 1}"
804,019e10ef-3e82-7383-89b2-ceb0ba359816,9,4,ZXXYXXYIXZ,ZXIYXXYXXZ,-0.0009765624999999985,10,0.9999999999999998,0.0,-0.9999999999999998,-0.0009765624999999983,-0.0,0.0009765624999999983,0.9999999999999998,0.0009765624999999983,"{""0000001101"": 1, ""0001101101"": 1, ""0011011110"": 1, ""0011100110"": 1, ""0110111110"": 1, ""1010110101"": 1, ""1100011001"": 1, ""1101010110"": 1, ""1110000101"": 1, ""1110111001"": 1}"
805,019e10ef-3e82-7383-89b2-ceb0ba359816,9,5,ZXXYXXYIYY,YYIYXXYXXZ,-0.0009765624999999985,10,0.9999999999999998,0.8,-0.19999999999999973,-0.0009765624999999983,-0.0007812499999999989,0.00019531249999999941,0.19999999999999973,0.00019531249999999941,"{""0000010011"": 1, ""0001110101"": 1, ""0010001111"": 1, ""0011111010"": 1, ""0101001101"": 1, ""0101100110"": 1, ""0101110011"": 1, ""1000100000"": 1, ""1010111110"": 1, ""1111011000"": 1}"
806,019e10ef-3e82-7383-89b2-ceb0ba359816,9,6,ZXXYXXYZII,IIZYXXYXXZ,-0.0009765624999999985,10,0.9999999999999998,0.2,-0.7999999999999998,-0.0009765624999999983,-0.0001953124999999997,0.0007812499999999985,0.7999999999999998,0.0007812499999999985,"{""0000011101"": 1, ""0010111001"": 1, ""0010111010"": 1, ""0011110001"": 1, ""0101010101"": 1, ""1000010011"": 1, ""1001001001"": 1, ""1001110001"": 1, ""1011111100"": 1, ""1100101110"": 1}"
807,019e10ef-3e82-7383-89b2-ceb0ba359816,9,7,ZXXYXXYZZX,XZZYXXYXXZ,-0.0009765624999999985,10,0.9999999999999998,1.0,2.220446049250313e-16,-0.0009765624999999983,-0.0009765624999999985,-2.168404344971009e-19,2.220446049250313e-16,2.168404344971009e-19,"{""0010000100"": 1, ""0100101100"": 1, ""0111101100"": 1, ""0111110111"": 1, ""1000110100"": 1, ""1001110000"": 1, ""1010111111"": 1, ""1011010000"": 1, ""1110011111"": 1, ""1111001100"": 1}"
808,019e10ef-3e82-7383-89b2-ceb0ba359816,9,8,ZXXYXYIXIX,XIXIYXYXXZ,0.0009765624999999985,10,-0.9999999999999998,-0.6,0.3999999999999998,-0.0009765624999999983,-0.0005859374999999991,0.00039062499999999915,0.3999999999999998,0.00039062499999999915,"{""0000111100"": 1, ""0100110000"": 1, ""0100111100"": 1, ""0101100000"": 1, ""0110111011"": 1, ""1010010000"": 1, ""1010111100"": 2, ""1101100111"": 1, ""1111001011"": 1}"
809,019e10ef-3e82-7383-89b2-ceb0ba359816,9,9,ZXXYXYIXZI,IZXIYXYXXZ,0.0009765624999999985,10,-0.9999999999999998,-0.4,0.5999999999999998,-0.0009765624999999983,-0.0003906249999999994,0.0005859374999999988,0.5999999999999998,0.0005859374999999988,"{""0000000000"": 1, ""0010000001"": 1, ""0010011010"": 1, ""0101111000"": 1, ""0110111011"": 1, ""1000011011"": 1, ""1011110001"": 1, ""1011110111"": 1, ""1111001010"": 1, ""1111110001"": 1}"
810,019e10ef-3e82-7383-89b2-ceb0ba359816,9,10,ZXXYXYIYXY,YXYIYXYXXZ,-0.0009765624999999985,10,0.9999999999999998,1.0,2.220446049250313e-16,-0.0009765624999999983,-0.0009765624999999985,-2.168404344971009e-19,2.220446049250313e-16,2.168404344971009e-19,"{""0000010100"": 1, ""0010000111"": 1, ""0010101000"": 1, ""0011000110"": 1, ""0101100100"": 1, ""0110100001"": 1, ""0111110111"": 1, ""1100011001"": 1, ""1100100100"": 1, ""1111001000"": 1}"
811,019e10ef-3e82-7383-89b2-ceb0ba359816,9,11,ZXXYXYIYYZ,ZYYIYXYXXZ,0.0009765624999999985,10,-0.9999999999999998,-0.8,0.19999999999999973,-0.0009765624999999983,-0.0007812499999999989,0.00019531249999999941,0.19999999999999973,0.00019531249999999941,"{""0001110011"": 2, ""0010110101"": 1, ""0011001001"": 1, ""0100101010"": 1, ""0111011111"": 1, ""1011010000"": 1, ""1011101100"": 1, ""1101011010"": 1, ""1110110101"": 1}"
812,019e10ef-3e82-7383-89b2-ceb0ba359816,9,12,ZXXYXYZIII,IIIZYXYXXZ,0.0009765624999999985,10,-0.9999999999999998,-0.4,0.5999999999999998,-0.0009765624999999983,-0.0003906249999999994,0.0005859374999999988,0.5999999999999998,0.0005859374999999988,"{""0000100001"": 1, ""0001100100"": 1, ""0100010000"": 1, ""0100011101"": 1, ""0110010011"": 1, ""0111101000"": 1, ""1000000000"": 1, ""1000111000"": 1, ""1011000001"": 1, ""1100001011"": 1}"
813,019e10ef-3e82-7383-89b2-ceb0ba359816,9,13,ZXXYXYZIZX,XZIZYXYXXZ,0.0009765624999999985,10,-0.9999999999999998,-0.4,0.5999999999999998,-0.0009765624999999983,-0.0003906249999999994,0.0005859374999999988,0.5999999999999998,0.0005859374999999988,"{""0001010000"": 1, ""0010011111"": 1, ""0010100000"": 1, ""0100000000"": 1, ""1001100000"": 1, ""1001100100"": 1, ""1100010000"": 1, ""1101110000"": 1, ""1110011111"": 1, ""1111000000"": 1}"
814,019e10ef-3e82-7383-89b2-ceb0ba359816,9,14,ZXXYXYZZXZ,ZXZZYXYXXZ,0.0009765624999999985,10,-0.9999999999999998,-0.4,0.5999999999999998,-0.0009765624999999983,-0.0003906249999999994,0.0005859374999999988,0.5999999999999998,0.0005859374999999988,"{""0001011101"": 1, ""0010000101"": 1, ""0011100000"": 1, ""0011111110"": 1, ""0100101011"": 1, ""0110001011"": 1, ""1000000100"": 1, ""1000110011"": 1, ""1100000101"": 1, ""1101001000"": 1}"
815,019e10ef-3e82-7383-89b2-ceb0ba359816,9,15,ZXXYXYZZYY,YYZZYXYXXZ,0.0009765624999999985,10,-0.9999999999999998,-0.2,0.7999999999999998,-0.0009765624999999983,-0.0001953124999999997,0.0007812499999999985,0.7999999999999998,0.0007812499999999985,"{""0001000011"": 1, ""0010101011"": 1, ""0011111101"": 1, ""0101110101"": 1, ""0111000000"": 1, ""0111110100"": 1, ""1001010011"": 1, ""1001100101"": 1, ""1011001011"": 1, ""1111110000"": 1}"
816,019e10ef-3e82-7383-89b2-ceb0ba359816,9,16,ZXXYYIXIXZ,ZXIXIYYXXZ,-0.0009765624999999985,10,0.9999999999999998,0.6,-0.3999999999999998,-0.0009765624999999983,-0.0005859374999999991,0.00039062499999999915,0.3999999999999998,0.00039062499999999915,"{""0000001101"": 1, ""0101010110"": 1, ""1000011000"": 1, ""1010001110"": 1, ""1011010100"": 1, ""1011010110"": 1, ""1011100011"": 2, ""1101110100"": 1, ""1110101101"": 1}"
817,019e10ef-3e82-7383-89b2-ceb0ba359816,9,17,ZXXYYIXIYY,YYIXIYYXXZ,-0.0009765624999999985,10,0.9999999999999998,0.6,-0.3999999999999998,-0.0009765624999999983,-0.0005859374999999991,0.00039062499999999915,0.3999999999999998,0.00039062499999999915,"{""0000000011"": 1, ""0101001101"": 1, ""0111010101"": 1, ""0111011011"": 1, ""1000011011"": 1, ""1010001101"": 1, ""1010110110"": 1, ""1011010100"": 1, ""1011100000"": 1, ""1101000011"": 1}"
818,019e10ef-3e82-7383-89b2-ceb0ba359816,9,18,ZXXYYIXZII,IIZXIYYXXZ,-0.0009765624999999985,10,0.9999999999999998,1.0,2.220446049250313e-16,-0.0009765624999999983,-0.0009765624999999985,-2.168404344971009e-19,2.220446049250313e-16,2.168404344971009e-19,"{""0000111001"": 1, ""0001010101"": 1, ""0010101100"": 1, ""1000100000"": 1, ""1000101100"": 1, ""1001110100"": 1, ""1010111001"": 1, ""1111000011"": 1, ""1111001101"": 1, ""1111110111"": 1}"
819,019e10ef-3e82-7383-89b2-ceb0ba359816,9,19,ZXXYYIXZZX,XZZXIYYXXZ,-0.0009765624999999985,10,0.9999999999999998,0.2,-0.7999999999999998,-0.0009765624999999983,-0.0001953124999999997,0.0007812499999999985,0.7999999999999998,0.0007812499999999985,"{""0111001111"": 1, ""1010000011"": 1, ""1011010111"": 1, ""1011011011"": 1, ""1011110100"": 1, ""1100011000"": 1, ""1100011011"": 1, ""1110100000"": 1, ""1110101100"": 1, ""1111001111"": 1}"
820,019e10ef-3e82-7383-89b2-ceb0ba359816,9,20,ZXXYYIYXXY,YXXYIYYXXZ,-0.0009765624999999985,10,0.9999999999999998,0.8,-0.19999999999999973,-0.0009765624999999983,-0.0007812499999999989,0.00019531249999999941,0.19999999999999973,0.00019531249999999941,"{""0010011110"": 1, ""0010100000"": 1, ""0100011000"": 1, ""0101111011"": 1, ""0110001110"": 1, ""0111011000"": 1, ""1011011110"": 1, ""1100110111"": 1, ""1101011011"": 1, ""1101111001"": 1}"
821,019e10ef-3e82-7383-89b2-ceb0ba359816,9,21,ZXXYYIYXYZ,ZYXYIYYXXZ,0.0009765624999999985,10,-0.9999999999999998,-0.6,0.3999999999999998,-0.0009765624999999983,-0.0005859374999999991,0.00039062499999999915,0.3999999999999998,0.00039062499999999915,"{""0001101101"": 1, ""0100011011"": 1, ""0110100011"": 1, ""1000100100"": 1, ""1010001000"": 1, ""1010001110"": 1, ""1011010110"": 1, ""1100110000"": 1, ""1110001011"": 1, ""1110101011"": 1}"
822,019e10ef-3e82-7383-89b2-ceb0ba359816,9,22,ZXXYYIYYIX,XIYYIYYXXZ,-0.0009765624999999985,10,0.9999999999999998,0.2,-0.7999999999999998,-0.0009765624999999983,-0.0001953124999999997,0.0007812499999999985,0.7999999999999998,0.0007812499999999985,"{""0000101011"": 1, ""0100011011"": 1, ""0101010100"": 1, ""0111011000"": 2, ""1000001000"": 1, ""1000010011"": 1, ""1100111111"": 1, ""1101000111"": 1, ""1111001011"": 1}"
823,019e10ef-3e82-7383-89b2-ceb0ba359816,9,23,ZXXYYIYYZI,IZYYIYYXXZ,-0.0009765624999999985,10,0.9999999999999998,0.4,-0.5999999999999998,-0.0009765624999999983,-0.0003906249999999994,0.0005859374999999988,0.5999999999999998,0.0005859374999999988,"{""0000011111"": 1, ""0010010011"": 1, ""0010101010"": 1, ""0011101101"": 1, ""0011110100"": 1, ""1000000111"": 1, ""1010000110"": 1, ""1011011111"": 1, ""1110101010"": 1, ""1111000110"": 1}"
824,019e10ef-3e82-7383-89b2-ceb0ba359816,9,24,ZXXYYZIIII,IIIIZYYXXZ,-0.0009765624999999985,10,0.9999999999999998,0.6,-0.3999999999999998,-0.0009765624999999983,-0.0005859374999999991,0.00039062499999999915,0.3999999999999998,0.00039062499999999915,"{""0011111111"": 1, ""0100100110"": 1, ""1000101010"": 1, ""1001110110"": 1, ""1100010100"": 1, ""1100111010"": 1, ""1101011101"": 1, ""1110010001"": 1, ""1111000110"": 1, ""1111101110"": 1}"
825,019e10ef-3e82-7383-89b2-ceb0ba359816,9,25,ZXXYYZIIZX,XZIIZYYXXZ,-0.0009765624999999985,10,0.9999999999999998,0.6,-0.3999999999999998,-0.0009765624999999983,-0.0005859374999999991,0.00039062499999999915,0.3999999999999998,0.00039062499999999915,"{""0001011000"": 1, ""0001101100"": 1, ""0010100100"": 1, ""0100000100"": 1, ""0111101111"": 1, ""1000100000"": 1, ""1001111011"": 1, ""1001111111"": 1, ""1010110100"": 1, ""1110110100"": 1}"
826,019e10ef-3e82-7383-89b2-ceb0ba359816,9,26,ZXXYYZIZXZ,ZXZIZYYXXZ,-0.0009765624999999985,10,0.9999999999999998,0.6,-0.3999999999999998,-0.0009765624999999983,-0.0005859374999999991,0.00039062499999999915,0.3999999999999998,0.00039062499999999915,"{""0001101110"": 1, ""0010011011"": 1, ""0100100010"": 1, ""0101000101"": 1, ""0110000000"": 1, ""1100100110"": 1, ""1110010000"": 1, ""1110101101"": 1, ""1111001000"": 2}"
827,019e10ef-3e82-7383-89b2-ceb0ba359816,9,27,ZXXYYZIZYY,YYZIZYYXXZ,-0.0009765624999999985,10,0.9999999999999998,0.0,-0.9999999999999998,-0.0009765624999999983,-0.0,0.0009765624999999983,0.9999999999999998,0.0009765624999999983,"{""0001010110"": 1, ""0001100001"": 1, ""0001110101"": 1, ""0101001011"": 1, ""1000101000"": 1, ""1001000000"": 1, ""1001011101"": 1, ""1010111011"": 1, ""1100001001"": 1, ""1111001100"": 1}"
828,019e10ef-3e82-7383-89b2-ceb0ba359816,9,28,ZXXYYZZXIX,XIXZZYYXXZ,-0.0009765624999999985,10,0.9999999999999998,0.6,-0.3999999999999998,-0.0009765624999999983,-0.0005859374999999991,0.00039062499999999915,0.3999999999999998,0.00039062499999999915,"{""0000001001"": 1, ""0001100111"": 1, ""0001101100"": 1, ""0110111011"": 1, ""1010000011"": 1, ""1010001000"": 1, ""1011100000"": 1, ""1101011100"": 1, ""1110101100"": 1, ""1111110111"": 1}"
829,019e10ef-3e82-7383-89b2-ceb0ba359816,9,29,ZXXYYZZXZI,IZXZZYYXXZ,-0.0009765624999999985,10,0.9999999999999998,0.6,-0.3999999999999998,-0.0009765624999999983,-0.0005859374999999991,0.00039062499999999915,0.3999999999999998,0.00039062499999999915,"{""0001001101"": 1, ""0100110110"": 1, ""0110001010"": 1, ""0111100110"": 1, ""1010000111"": 1, ""1011011100"": 1, ""1011101010"": 1, ""1100111010"": 1, ""1101010000"": 1, ""1110010000"": 1}"
830,019e10ef-3e82-7383-89b2-ceb0ba359816,9,30,ZXXYYZZYXY,YXYZZYYXXZ,0.0009765624999999985,10,-0.9999999999999998,-0.2,0.7999999999999998,-0.0009765624999999983,-0.0001953124999999997,0.0007812499999999985,0.7999999999999998,0.0007812499999999985,"{""0010010111"": 1, ""0101110110"": 1, ""0110010001"": 1, ""1000101000"": 1, ""1001001000"": 1, ""1001111110"": 1, ""1100100100"": 1, ""1101011100"": 1, ""1110010010"": 1, ""1111001101"": 1}"
831,019e10ef-3e82-7383-89b2-ceb0ba359816,9,31,ZXXYYZZYYZ,ZYYZZYYXXZ,-0.0009765624999999985,10,0.9999999999999998,0.4,-0.5999999999999998,-0.0009765624999999983,-0.0003906249999999994,0.0005859374999999988,0.5999999999999998,0.0005859374999999988,"{""0000011010"": 1, ""0010101111"": 1, ""0011011001"": 1, ""0101110011"": 1, ""1000101100"": 1, ""1001000000"": 1, ""1010001111"": 1, ""1011111010"": 1, ""1111000110"": 2}"
832,019e10ef-3e82-7383-89b2-ceb0ba359816,9,32,ZXYYIXIXIX,XIXIXIYYXZ,0.0009765624999999985,10,-0.9999999999999998,-0.8,0.19999999999999973,-0.0009765624999999983,-0.0007812499999999989,0.00019531249999999941,0.19999999999999973,0.00019531249999999941,"{""0001000111"": 1, ""0100000111"": 1, ""0101110000"": 1, ""0110101011"": 1, ""0111000111"": 1, ""1010110111"": 1, ""1100101011"": 1, ""1101011011"": 1, ""1101110000"": 1, ""1110000000"": 1}"
833,019e10ef-3e82-7383-89b2-ceb0ba359816,9,33,ZXYYIXIXZI,IZXIXIYYXZ,0.0009765624999999985,10,-0.9999999999999998,-1.0,-2.220446049250313e-16,-0.0009765624999999983,-0.0009765624999999985,-2.168404344971009e-19,2.220446049250313e-16,2.168404344971009e-19,"{""0000001100"": 1, ""0011000101"": 1, ""0110110111"": 1, ""0111000001"": 1, ""1000000000"": 1, ""1001110111"": 1, ""1101000110"": 1, ""1110000000"": 1, ""1111101011"": 1, ""1111110111"": 1}"
834,019e10ef-3e82-7383-89b2-ceb0ba359816,9,34,ZXYYIXIYXY,YXYIXIYYXZ,-0.0009765624999999985,10,0.9999999999999998,0.6,-0.3999999999999998,-0.0009765624999999983,-0.0005859374999999991,0.00039062499999999915,0.3999999999999998,0.00039062499999999915,"{""0010011110"": 1, ""0101001110"": 1, ""0101110100"": 1, ""0101110111"": 1, ""1000011101"": 1, ""1001101011"": 1, ""1001101111"": 1, ""1010101011"": 1, ""1100000001"": 1, ""1100110100"": 1}"
835,019e10ef-3e82-7383-89b2-ceb0ba359816,9,35,ZXYYIXIYYZ,ZYYIXIYYXZ,0.0009765624999999985,10,-0.9999999999999998,-0.6,0.3999999999999998,-0.0009765624999999983,-0.0005859374999999991,0.00039062499999999915,0.3999999999999998,0.00039062499999999915,"{""0000110011"": 1, ""0001000101"": 1, ""0010011100"": 1, ""0011101111"": 1, ""0100011001"": 1, ""1001101010"": 1, ""1011011010"": 1, ""1100011010"": 1, ""1101000010"": 1, ""1110000000"": 1}"
836,019e10ef-3e82-7383-89b2-ceb0ba359816,9,36,ZXYYIXZIII,IIIZXIYYXZ,0.0009765624999999985,10,-0.9999999999999998,-0.2,0.7999999999999998,-0.0009765624999999983,-0.0001953124999999997,0.0007812499999999985,0.7999999999999998,0.0007812499999999985,"{""0001101100"": 1, ""0010011000"": 1, ""0011100101"": 1, ""0011101111"": 1, ""0110000101"": 1, ""0110011011"": 1, ""1110000001"": 1, ""1110000101"": 1, ""1111101101"": 1, ""1111110111"": 1}"
837,019e10ef-3e82-7383-89b2-ceb0ba359816,9,37,ZXYYIXZIZX,XZIZXIYYXZ,0.0009765624999999985,10,-0.9999999999999998,-0.4,0.5999999999999998,-0.0009765624999999983,-0.0003906249999999994,0.0005859374999999988,0.5999999999999998,0.0005859374999999988,"{""0010011011"": 1, ""0010110011"": 1, ""0011010011"": 1, ""0011101000"": 1, ""0011101011"": 2, ""0100000110"": 1, ""1000001100"": 1, ""1110000100"": 1, ""1111101111"": 1}"
838,019e10ef-3e82-7383-89b2-ceb0ba359816,9,38,ZXYYIXZZXZ,ZXZZXIYYXZ,0.0009765624999999985,10,-0.9999999999999998,0.0,0.9999999999999998,-0.0009765624999999983,0.0,0.0009765624999999983,0.9999999999999998,0.0009765624999999983,"{""0010001101"": 1, ""0100000000"": 1, ""0110000000"": 1, ""1001110011"": 1, ""1010000011"": 1, ""1010101011"": 1, ""1011101011"": 1, ""1100101011"": 1, ""1101110110"": 1, ""1111101110"": 1}"
839,019e10ef-3e82-7383-89b2-ceb0ba359816,9,39,ZXYYIXZZYY,YYZZXIYYXZ,0.0009765624999999985,10,-0.9999999999999998,-0.4,0.5999999999999998,-0.0009765624999999983,-0.0003906249999999994,0.0005859374999999988,0.5999999999999998,0.0005859374999999988,"{""0000101010"": 1, ""0100011011"": 1, ""0100011110"": 2, ""0100101101"": 1, ""0110101101"": 1, ""1001110011"": 1, ""1010111101"": 1, ""1011011101"": 1, ""1101000011"": 1}"
840,019e10ef-3e82-7383-89b2-ceb0ba359816,9,40,ZXYYIYXXXY,YXXXYIYYXZ,-0.0009765624999999985,10,0.9999999999999998,0.8,-0.19999999999999973,-0.0009765624999999983,-0.0007812499999999989,0.00019531249999999941,0.19999999999999973,0.00019531249999999941,"{""0011110001"": 1, ""0100011010"": 1, ""0100011111"": 1, ""0110100011"": 1, ""0111011000"": 1, ""1000001011"": 2, ""1100101010"": 1, ""1110000111"": 1, ""1111111101"": 1}"
841,019e10ef-3e82-7383-89b2-ceb0ba359816,9,41,ZXYYIYXXYZ,ZYXXYIYYXZ,0.0009765624999999985,10,-0.9999999999999998,-0.2,0.7999999999999998,-0.0009765624999999983,-0.0001953124999999997,0.0007812499999999985,0.7999999999999998,0.0007812499999999985,"{""0001000001"": 1, ""0010011000"": 1, ""0100101000"": 1, ""0110100001"": 1, ""0111000000"": 1, ""1000001111"": 1, ""1001111010"": 1, ""1100100100"": 1, ""1100111011"": 1, ""1101000001"": 1}"
842,019e10ef-3e82-7383-89b2-ceb0ba359816,9,42,ZXYYIYXYIX,XIYXYIYYXZ,-0.0009765624999999985,10,0.9999999999999998,0.6,-0.3999999999999998,-0.0009765624999999983,-0.0005859374999999991,0.00039062499999999915,0.3999999999999998,0.00039062499999999915,"{""0010001111"": 1, ""0011111000"": 1, ""0100010011"": 1, ""0101101100"": 1, ""0110101011"": 1, ""1000011011"": 1, ""1010111111"": 1, ""1110011000"": 1, ""1111100000"": 1, ""1111110011"": 1}"
843,019e10ef-3e82-7383-89b2-ceb0ba359816,9,43,ZXYYIYXYZI,IZYXYIYYXZ,-0.0009765624999999985,10,0.9999999999999998,-0.2,-1.1999999999999997,-0.0009765624999999983,0.0001953124999999997,0.001171874999999998,1.1999999999999997,0.001171874999999998,"{""0001111000"": 1, ""0101010000"": 1, ""0110000010"": 1, ""1001000100"": 1, ""1001001110"": 1, ""1001110101"": 1, ""1010110000"": 1, ""1010111001"": 1, ""1101011010"": 1, ""1101011100"": 1}"
844,019e10ef-3e82-7383-89b2-ceb0ba359816,9,44,ZXYYIYYIXZ,ZXIYYIYYXZ,0.0009765624999999985,10,-0.9999999999999998,-0.6,0.3999999999999998,-0.0009765624999999983,-0.0005859374999999991,0.00039062499999999915,0.3999999999999998,0.00039062499999999915,"{""0011110010"": 1, ""0101111101"": 1, ""1000010110"": 1, ""1011000000"": 1, ""1011010101"": 1, ""1011011000"": 1, ""1100100011"": 1, ""1100111101"": 1, ""1101011000"": 1, ""1111010000"": 1}"
845,019e10ef-3e82-7383-89b2-ceb0ba359816,9,45,ZXYYIYYIYY,YYIYYIYYXZ,0.0009765624999999985,10,-0.9999999999999998,-0.6,0.3999999999999998,-0.0009765624999999983,-0.0005859374999999991,0.00039062499999999915,0.3999999999999998,0.00039062499999999915,"{""0000111110"": 1, ""0001000000"": 1, ""0010011000"": 1, ""0100000011"": 1, ""0100001100"": 1, ""0101100110"": 1, ""0111000001"": 1, ""0111000011"": 1, ""0111011000"": 1, ""1110011011"": 1}"
846,019e10ef-3e82-7383-89b2-ceb0ba359816,9,46,ZXYYIYYZII,IIZYYIYYXZ,0.0009765624999999985,10,-0.9999999999999998,-0.6,0.3999999999999998,-0.0009765624999999983,-0.0005859374999999991,0.00039062499999999915,0.3999999999999998,0.00039062499999999915,"{""0101101010"": 1, ""0110101100"": 1, ""1000001101"": 1, ""1010101001"": 1, ""1011010101"": 1, ""1011101010"": 1, ""1101000000"": 1, ""1110001101"": 1, ""1111101001"": 1, ""1111111100"": 1}"
847,019e10ef-3e82-7383-89b2-ceb0ba359816,9,47,ZXYYIYYZZX,XZZYYIYYXZ,0.0009765624999999985,10,-0.9999999999999998,-0.6,0.3999999999999998,-0.0009765624999999983,-0.0005859374999999991,0.00039062499999999915,0.3999999999999998,0.00039062499999999915,"{""0000101011"": 1, ""0010000000"": 1, ""0010001011"": 1, ""0100100011"": 1, ""1000001111"": 1, ""1001110000"": 1, ""1011010111"": 1, ""1100101111"": 1, ""1100110011"": 1, ""1110011000"": 1}"
848,019e10ef-3e82-7383-89b2-ceb0ba359816,9,48,ZXYYZIIIII,IIIIIZYYXZ,0.0009765624999999985,10,-0.9999999999999998,-1.0,-2.220446049250313e-16,-0.0009765624999999983,-0.0009765624999999985,-2.168404344971009e-19,2.220446049250313e-16,2.168404344971009e-19,"{""0000100111"": 1, ""0001001100"": 1, ""0001001101"": 1, ""0100001011"": 1, ""0101100001"": 1, ""0110100101"": 1, ""0111000011"": 1, ""1001100111"": 1, ""1100110101"": 1, ""1110001100"": 1}"
849,019e10ef-3e82-7383-89b2-ceb0ba359816,9,49,ZXYYZIIIZX,XZIIIZYYXZ,0.0009765624999999985,10,-0.9999999999999998,-0.4,0.5999999999999998,-0.0009765624999999983,-0.0003906249999999994,0.0005859374999999988,0.5999999999999998,0.0005859374999999988,"{""0001011010"": 1, ""0010011100"": 1, ""0010110100"": 1, ""0011001011"": 1, ""0100000100"": 1, ""0100001100"": 1, ""0110110100"": 1, ""1000011000"": 1, ""1100101011"": 1, ""1100110111"": 1}"
850,019e10ef-3e82-7383-89b2-ceb0ba359816,9,50,ZXYYZIIZXZ,ZXZIIZYYXZ,0.0009765624999999985,10,-0.9999999999999998,-0.6,0.3999999999999998,-0.0009765624999999983,-0.0005859374999999991,0.00039062499999999915,0.3999999999999998,0.00039062499999999915,"{""0000111101"": 1, ""0011000110"": 1, ""0101100110"": 1, ""0110100000"": 1, ""0111011101"": 1, ""1001110101"": 1, ""1010111000"": 1, ""1011011011"": 1, ""1100010000"": 1, ""1101001101"": 1}"
851,019e10ef-3e82-7383-89b2-ceb0ba359816,9,51,ZXYYZIIZYY,YYZIIZYYXZ,0.0009765624999999985,10,-0.9999999999999998,-0.8,0.19999999999999973,-0.0009765624999999983,-0.0007812499999999989,0.00019531249999999941,0.19999999999999973,0.00019531249999999941,"{""0000100101"": 1, ""0010001011"": 1, ""0010010101"": 1, ""0011101110"": 1, ""0101111000"": 1, ""1000001101"": 1, ""1010011110"": 1, ""1010111011"": 1, ""1100100011"": 1, ""1101010011"": 1}"
852,019e10ef-3e82-7383-89b2-ceb0ba359816,9,52,ZXYYZIZXIX,XIXZIZYYXZ,0.0009765624999999985,10,-0.9999999999999998,-0.8,0.19999999999999973,-0.0009765624999999983,-0.0007812499999999989,0.00019531249999999941,0.19999999999999973,0.00019531249999999941,"{""0001010000"": 1, ""0011110000"": 1, ""0100000000"": 1, ""1010111011"": 1, ""1011011100"": 1, ""1100101011"": 1, ""1100110111"": 1, ""1101011011"": 1, ""1111101111"": 1, ""1111111011"": 1}"
853,019e10ef-3e82-7383-89b2-ceb0ba359816,9,53,ZXYYZIZXZI,IZXZIZYYXZ,0.0009765624999999985,10,-0.9999999999999998,-0.2,0.7999999999999998,-0.0009765624999999983,-0.0001953124999999997,0.0007812499999999985,0.7999999999999998,0.0007812499999999985,"{""0100000001"": 1, ""0100100111"": 1, ""0110111011"": 1, ""1010110000"": 1, ""1010111011"": 1, ""1100101111"": 1, ""1100111010"": 1, ""1101101010"": 1, ""1110011011"": 1, ""1111001011"": 1}"
854,019e10ef-3e82-7383-89b2-ceb0ba359816,9,54,ZXYYZIZYXY,YXYZIZYYXZ,-0.0009765624999999985,10,0.9999999999999998,0.8,-0.19999999999999973,-0.0009765624999999983,-0.0007812499999999989,0.00019531249999999941,0.19999999999999973,0.00019531249999999941,"{""0000111011"": 1, ""0001000001"": 1, ""0011100001"": 1, ""0110101011"": 1, ""0110111000"": 1, ""1001100111"": 1, ""1011001010"": 1, ""1111110001"": 1, ""1111110111"": 1, ""1111111000"": 1}"
855,019e10ef-3e82-7383-89b2-ceb0ba359816,9,55,ZXYYZIZYYZ,ZYYZIZYYXZ,0.0009765624999999985,10,-0.9999999999999998,-0.6,0.3999999999999998,-0.0009765624999999983,-0.0005859374999999991,0.00039062499999999915,0.3999999999999998,0.00039062499999999915,"{""0000110011"": 1, ""0100000000"": 1, ""0100011001"": 1, ""0100100101"": 1, ""0111010011"": 1, ""1000011100"": 1, ""1011001001"": 1, ""1011010110"": 1, ""1111000000"": 1, ""1111111010"": 1}"
856,019e10ef-3e82-7383-89b2-ceb0ba359816,9,56,ZXYYZZXIXZ,ZXIXZZYYXZ,0.0009765624999999985,10,-0.9999999999999998,-0.6,0.3999999999999998,-0.0009765624999999983,-0.0005859374999999991,0.00039062499999999915,0.3999999999999998,0.00039062499999999915,"{""0001011011"": 1, ""0010000010"": 1, ""0010010110"": 1, ""0100011011"": 1, ""0101100000"": 1, ""0110110101"": 1, ""0110111000"": 1, ""1000010101"": 1, ""1011011011"": 1, ""1101001100"": 1}"
857,019e10ef-3e82-7383-89b2-ceb0ba359816,9,57,ZXYYZZXIYY,YYIXZZYYXZ,0.0009765624999999985,10,-0.9999999999999998,0.0,0.9999999999999998,-0.0009765624999999983,0.0,0.0009765624999999983,0.9999999999999998,0.0009765624999999983,"{""0001010110"": 1, ""0010011001"": 1, ""0110101110"": 1, ""0110110111"": 1, ""0111101101"": 1, ""1011000011"": 1, ""1100101110"": 1, ""1111101101"": 1, ""1111110111"": 1, ""1111111010"": 1}"
858,019e10ef-3e82-7383-89b2-ceb0ba359816,9,58,ZXYYZZXZII,IIZXZZYYXZ,0.0009765624999999985,10,-0.9999999999999998,-0.8,0.19999999999999973,-0.0009765624999999983,-0.0007812499999999989,0.00019531249999999941,0.19999999999999973,0.00019531249999999941,"{""0000100000"": 1, ""0000101101"": 1, ""0010000011"": 1, ""0011111001"": 1, ""0100010101"": 1, ""0101110011"": 1, ""1001100000"": 1, ""1010110111"": 1, ""1111101111"": 1, ""1111110110"": 1}"
859,019e10ef-3e82-7383-89b2-ceb0ba359816,9,59,ZXYYZZXZZX,XZZXZZYYXZ,0.0009765624999999985,10,-0.9999999999999998,-0.6,0.3999999999999998,-0.0009765624999999983,-0.0005859374999999991,0.00039062499999999915,0.3999999999999998,0.00039062499999999915,"{""0000110111"": 1, ""0001010111"": 1, ""0100000011"": 1, ""0100001111"": 1, ""0110101100"": 1, ""0110101111"": 1, ""0111011000"": 1, ""1001110100"": 1, ""1011100000"": 1, ""1011111011"": 1}"
860,019e10ef-3e82-7383-89b2-ceb0ba359816,9,60,ZXYYZZYXXY,YXXYZZYYXZ,0.0009765624999999985,10,-0.9999999999999998,-0.8,0.19999999999999973,-0.0009765624999999983,-0.0007812499999999989,0.00019531249999999941,0.19999999999999973,0.00019531249999999941,"{""0010011010"": 1, ""0011110100"": 1, ""0101101100"": 1, ""0110100101"": 1, ""0110111101"": 1, ""1000000110"": 1, ""1101000101"": 1, ""1101011101"": 1, ""1110000000"": 1, ""1110000101"": 1}"
861,019e10ef-3e82-7383-89b2-ceb0ba359816,9,61,ZXYYZZYXYZ,ZYXYZZYYXZ,-0.0009765624999999985,10,0.9999999999999998,0.6,-0.3999999999999998,-0.0009765624999999983,-0.0005859374999999991,0.00039062499999999915,0.3999999999999998,0.00039062499999999915,"{""0001000100"": 1, ""0011101011"": 1, ""0100000111"": 1, ""0101001011"": 1, ""0101010000"": 1, ""1010101110"": 1, ""1100111010"": 1, ""1101001011"": 1, ""1110010000"": 1, ""1110010110"": 1}"
862,019e10ef-3e82-7383-89b2-ceb0ba359816,9,62,ZXYYZZYYIX,XIYYZZYYXZ,0.0009765624999999985,10,-0.9999999999999998,-0.8,0.19999999999999973,-0.0009765624999999983,-0.0007812499999999989,0.00019531249999999941,0.19999999999999973,0.00019531249999999941,"{""0010011111"": 1, ""0100011000"": 1, ""0101111111"": 1, ""0111010011"": 1, ""0111010100"": 1, ""1000000000"": 1, ""1011101100"": 1, ""1101000000"": 1, ""1111111000"": 1, ""1111111111"": 1}"
863,019e10ef-3e82-7383-89b2-ceb0ba359816,9,63,ZXYYZZYYZI,IZYYZZYYXZ,0.0009765624999999985,10,-0.9999999999999998,-0.8,0.19999999999999973,-0.0009765624999999983,-0.0007812499999999989,0.00019531249999999941,0.19999999999999973,0.00019531249999999941,"{""0001000110"": 1, ""0001010011"": 1, ""0100001010"": 1, ""0101101100"": 1, ""0101111110"": 1, ""0110101100"": 1, ""1000111000"": 1, ""1010101101"": 1, ""1100100111"": 1, ""1111100110"": 1}"
864,019e10ef-3e82-7383-89b2-ceb0ba359816,9,64,ZXZZIIIIII,IIIIIIZZXZ,-0.0009765624999999985,10,0.9999999999999998,0.8,-0.19999999999999973,-0.0009765624999999983,-0.0007812499999999989,0.00019531249999999941,0.19999999999999973,0.00019531249999999941,"{""0000010000"": 1, ""0011010100"": 1, ""0011100111"": 1, ""0101011110"": 1, ""0110111000"": 1, ""0110111111"": 1, ""1000100001"": 1, ""1001010110"": 1, ""1010100010"": 1, ""1111110101"": 1}"
865,019e10ef-3e82-7383-89b2-ceb0ba359816,9,65,ZXZZIIIIZX,XZIIIIZZXZ,-0.0009765624999999985,10,0.9999999999999998,0.8,-0.19999999999999973,-0.0009765624999999983,-0.0007812499999999989,0.00019531249999999941,0.19999999999999973,0.00019531249999999941,"{""0001011000"": 1, ""0011011011"": 1, ""1010101000"": 1, ""1010110100"": 1, ""1100100100"": 1, ""1100101111"": 1, ""1100110011"": 1, ""1111010011"": 1, ""1111101000"": 1, ""1111110100"": 1}"
866,019e10ef-3e82-7383-89b2-ceb0ba359816,9,66,ZXZZIIIZXZ,ZXZIIIZZXZ,-0.0009765624999999985,10,0.9999999999999998,0.4,-0.5999999999999998,-0.0009765624999999983,-0.0003906249999999994,0.0005859374999999988,0.5999999999999998,0.0005859374999999988,"{""0010001101"": 1, ""0011000100"": 1, ""0011001110"": 1, ""0110110101"": 1, ""1001000101"": 1, ""1001010011"": 1, ""1001011011"": 1, ""1100010000"": 1, ""1110101011"": 1, ""1111010011"": 1}"
867,019e10ef-3e82-7383-89b2-ceb0ba359816,9,67,ZXZZIIIZYY,YYZIIIZZXZ,-0.0009765624999999985,10,0.9999999999999998,0.8,-0.19999999999999973,-0.0009765624999999983,-0.0007812499999999989,0.00019531249999999941,0.19999999999999973,0.00019531249999999941,"{""0000000110"": 1, ""0011000011"": 1, ""0011111011"": 1, ""0100011110"": 1, ""0101100110"": 1, ""0101110000"": 1, ""0110011110"": 1, ""1001001101"": 1, ""1111101101"": 1, ""1111111101"": 1}"
868,019e10ef-3e82-7383-89b2-ceb0ba359816,9,68,ZXZZIIZXIX,XIXZIIZZXZ,-0.0009765624999999985,10,0.9999999999999998,0.8,-0.19999999999999973,-0.0009765624999999983,-0.0007812499999999989,0.00019531249999999941,0.19999999999999973,0.00019531249999999941,"{""0000110000"": 2, ""0011001011"": 1, ""0101000000"": 1, ""0101011100"": 1, ""1001000111"": 1, ""1010011011"": 1, ""1010100110"": 1, ""1100101100"": 1, ""1111001100"": 1}"
869,019e10ef-3e82-7383-89b2-ceb0ba359816,9,69,ZXZZIIZXZI,IZXZIIZZXZ,-0.0009765624999999985,10,0.9999999999999998,1.0,2.220446049250313e-16,-0.0009765624999999983,-0.0009765624999999985,-2.168404344971009e-19,2.220446049250313e-16,2.168404344971009e-19,"{""0000000110"": 1, ""0000001011"": 1, ""0100101000"": 1, ""0101110111"": 1, ""1001000000"": 1, ""1010011011"": 1, ""1010101010"": 1, ""1100001010"": 1, ""1100100001"": 1, ""1111100001"": 1}"
870,019e10ef-3e82-7383-89b2-ceb0ba359816,9,70,ZXZZIIZYXY,YXYZIIZZXZ,0.0009765624999999985,10,-0.9999999999999998,-0.6,0.3999999999999998,-0.0009765624999999983,-0.0005859374999999991,0.00039062499999999915,0.3999999999999998,0.00039062499999999915,"{""0011001101"": 1, ""0011101101"": 1, ""0101001110"": 1, ""0101011010"": 1, ""0110110010"": 1, ""1001001110"": 1, ""1001010010"": 1, ""1001110101"": 1, ""1100010010"": 1, ""1111100010"": 1}"
871,019e10ef-3e82-7383-89b2-ceb0ba359816,9,71,ZXZZIIZYYZ,ZYYZIIZZXZ,-0.0009765624999999985,10,0.9999999999999998,0.8,-0.19999999999999973,-0.0009765624999999983,-0.0007812499999999989,0.00019531249999999941,0.19999999999999973,0.00019531249999999941,"{""0101100110"": 1, ""0101101100"": 1, ""0101110101"": 1, ""0110110000"": 1, ""0110110101"": 2, ""1001111100"": 1, ""1100000110"": 1, ""1100011110"": 1, ""1111001010"": 1}"
872,019e10ef-3e82-7383-89b2-ceb0ba359816,9,72,ZXZZIZXIXZ,ZXIXZIZZXZ,-0.0009765624999999985,10,0.9999999999999998,0.2,-0.7999999999999998,-0.0009765624999999983,-0.0001953124999999997,0.0007812499999999985,0.7999999999999998,0.0007812499999999985,"{""0000000000"": 1, ""0000000101"": 1, ""0000010101"": 1, ""0011101101"": 1, ""0011101110"": 1, ""0110000010"": 1, ""0110000110"": 1, ""1001100000"": 1, ""1010010101"": 1, ""1011010101"": 1}"
873,019e10ef-3e82-7383-89b2-ceb0ba359816,9,73,ZXZZIZXIYY,YYIXZIZZXZ,-0.0009765624999999985,10,0.9999999999999998,0.4,-0.5999999999999998,-0.0009765624999999983,-0.0003906249999999994,0.0005859374999999988,0.5999999999999998,0.0005859374999999988,"{""0011000011"": 1, ""0011100000"": 1, ""0100110101"": 1, ""0101000011"": 1, ""0101010110"": 1, ""0110010110"": 1, ""1001011011"": 1, ""1010000101"": 1, ""1010001101"": 1, ""1111011001"": 1}"
874,019e10ef-3e82-7383-89b2-ceb0ba359816,9,74,ZXZZIZXZII,IIZXZIZZXZ,-0.0009765624999999985,10,0.9999999999999998,0.8,-0.19999999999999973,-0.0009765624999999983,-0.0007812499999999989,0.00019531249999999941,0.19999999999999973,0.00019531249999999941,"{""0011000011"": 1, ""0011111010"": 1, ""0101101011"": 1, ""0110101110"": 1, ""1010010100"": 1, ""1010011011"": 1, ""1010100010"": 1, ""1010110101"": 1, ""1100001101"": 1, ""1111001111"": 1}"
875,019e10ef-3e82-7383-89b2-ceb0ba359816,9,75,ZXZZIZXZZX,XZZXZIZZXZ,-0.0009765624999999985,10,0.9999999999999998,0.8,-0.19999999999999973,-0.0009765624999999983,-0.0007812499999999989,0.00019531249999999941,0.19999999999999973,0.00019531249999999941,"{""0000000000"": 1, ""0000100011"": 1, ""0000101111"": 1, ""0011011011"": 1, ""0101001011"": 1, ""0101001111"": 1, ""0101011000"": 1, ""0101100011"": 1, ""1001001111"": 1, ""1100000011"": 1}"
876,019e10ef-3e82-7383-89b2-ceb0ba359816,9,76,ZXZZIZYXXY,YXXYZIZZXZ,-0.0009765624999999985,10,0.9999999999999998,0.6,-0.3999999999999998,-0.0009765624999999983,-0.0005859374999999991,0.00039062499999999915,0.3999999999999998,0.00039062499999999915,"{""0101100101"": 1, ""1010010111"": 1, ""1010110111"": 1, ""1010111001"": 1, ""1100001001"": 1, ""1100110010"": 1, ""1100110011"": 1, ""1100110100"": 1, ""1111010111"": 1, ""1111011110"": 1}"
877,019e10ef-3e82-7383-89b2-ceb0ba359816,9,77,ZXZZIZYXYZ,ZYXYZIZZXZ,0.0009765624999999985,10,-0.9999999999999998,-0.4,0.5999999999999998,-0.0009765624999999983,-0.0003906249999999994,0.0005859374999999988,0.5999999999999998,0.0005859374999999988,"{""0000101000"": 1, ""0101100010"": 1, ""0110010100"": 1, ""0110101011"": 1, ""1000100100"": 1, ""1001000010"": 1, ""1001100111"": 1, ""1010110101"": 1, ""1100100111"": 1, ""1101001101"": 1}"
878,019e10ef-3e82-7383-89b2-ceb0ba359816,9,78,ZXZZIZYYIX,XIYYZIZZXZ,-0.0009765624999999985,10,0.9999999999999998,1.0,2.220446049250313e-16,-0.0009765624999999983,-0.0009765624999999985,-2.168404344971009e-19,2.220446049250313e-16,2.168404344971009e-19,"{""0000110011"": 1, ""0011000000"": 1, ""0011011111"": 1, ""0101010100"": 1, ""0110000111"": 1, ""1001001100"": 1, ""1001100000"": 1, ""1010110011"": 1, ""1010110110"": 1, ""1100000000"": 1}"
879,019e10ef-3e82-7383-89b2-ceb0ba359816,9,79,ZXZZIZYYZI,IZYYZIZZXZ,-0.0009765624999999985,10,0.9999999999999998,1.0,2.220446049250313e-16,-0.0009765624999999983,-0.0009765624999999985,-2.168404344971009e-19,2.220446049250313e-16,2.168404344971009e-19,"{""0000001010"": 1, ""0000010100"": 1, ""0011101100"": 1, ""0101011000"": 1, ""1001111111"": 1, ""1010011000"": 1, ""1010100001"": 1, ""1100100110"": 1, ""1100101100"": 1, ""1111100001"": 1}"
880,019e10ef-3e82-7383-89b2-ceb0ba359816,9,80,ZXZZZXIXIX,XIXIXZZZXZ,-0.0009765624999999985,10,0.9999999999999998,0.2,-0.7999999999999998,-0.0009765624999999983,-0.0001953124999999997,0.0007812499999999985,0.7999999999999998,0.0007812499999999985,"{""0000011100"": 1, ""0000101011"": 1, ""0000111011"": 1, ""0001101100"": 1, ""0011110000"": 1, ""0110110000"": 1, ""1010011100"": 1, ""1100000111"": 1, ""1110101011"": 1, ""1110110000"": 1}"
881,019e10ef-3e82-7383-89b2-ceb0ba359816,9,81,ZXZZZXIXZI,IZXIXZZZXZ,-0.0009765624999999985,10,0.9999999999999998,0.4,-0.5999999999999998,-0.0009765624999999983,-0.0003906249999999994,0.0005859374999999988,0.5999999999999998,0.0005859374999999988,"{""0011110110"": 1, ""0101110110"": 1, ""0110011010"": 1, ""1001010010"": 1, ""1001101101"": 1, ""1010010110"": 1, ""1100000001"": 1, ""1110110110"": 1, ""1111001100"": 1, ""1111110001"": 1}"
882,019e10ef-3e82-7383-89b2-ceb0ba359816,9,82,ZXZZZXIYXY,YXYIXZZZXZ,0.0009765624999999985,10,-0.9999999999999998,-0.8,0.19999999999999973,-0.0009765624999999983,-0.0007812499999999989,0.00019531249999999941,0.19999999999999973,0.00019531249999999941,"{""0000011000"": 1, ""0011000111"": 1, ""0011001010"": 1, ""0011011101"": 1, ""0011110001"": 1, ""1001101000"": 1, ""1100000111"": 1, ""1100011110"": 1, ""1100110001"": 1, ""1111011111"": 1}"
883,019e10ef-3e82-7383-89b2-ceb0ba359816,9,83,ZXZZZXIYYZ,ZYYIXZZZXZ,-0.0009765624999999985,10,0.9999999999999998,0.6,-0.3999999999999998,-0.0009765624999999983,-0.0005859374999999991,0.00039062499999999915,0.3999999999999998,0.00039062499999999915,"{""0000000110"": 1, ""0000101111"": 1, ""0011111000"": 1, ""1001000011"": 1, ""1001011000"": 1, ""1010011100"": 1, ""1010101100"": 1, ""1100000101"": 1, ""1100110000"": 1, ""1110011100"": 1}"
884,019e10ef-3e82-7383-89b2-ceb0ba359816,9,84,ZXZZZXZIII,IIIZXZZZXZ,-0.0009765624999999985,10,0.9999999999999998,0.6,-0.3999999999999998,-0.0009765624999999983,-0.0005859374999999991,0.00039062499999999915,0.3999999999999998,0.00039062499999999915,"{""0000110010"": 1, ""0001101111"": 1, ""0011011011"": 1, ""0101011110"": 1, ""0110110101"": 1, ""1001000110"": 1, ""1001011100"": 1, ""1011101110"": 1, ""1100011000"": 1, ""1101111110"": 1}"
885,019e10ef-3e82-7383-89b2-ceb0ba359816,9,85,ZXZZZXZIZX,XZIZXZZZXZ,-0.0009765624999999985,10,0.9999999999999998,0.6,-0.3999999999999998,-0.0009765624999999983,-0.0005859374999999991,0.00039062499999999915,0.3999999999999998,0.00039062499999999915,"{""0100000100"": 1, ""0101101011"": 1, ""1001000100"": 1, ""1001101111"": 1, ""1001110111"": 1, ""1001111111"": 1, ""1010110111"": 1, ""1111000100"": 1, ""1111101000"": 1, ""1111110111"": 1}"
886,019e10ef-3e82-7383-89b2-ceb0ba359816,9,86,ZXZZZXZZXZ,ZXZZXZZZXZ,-0.0009765624999999985,10,0.9999999999999998,0.8,-0.19999999999999973,-0.0009765624999999983,-0.0007812499999999989,0.00019531249999999941,0.19999999999999973,0.00019531249999999941,"{""0000101000"": 1, ""0011000110"": 1, ""0011101101"": 1, ""1001101110"": 1, ""1100000000"": 1, ""1100000110"": 1, ""1100101110"": 1, ""1111011100"": 1, ""1111011101"": 1, ""1111110011"": 1}"
887,019e10ef-3e82-7383-89b2-ceb0ba359816,9,87,ZXZZZXZZYY,YYZZXZZZXZ,-0.0009765624999999985,10,0.9999999999999998,1.0,2.220446049250313e-16,-0.0009765624999999983,-0.0009765624999999985,-2.168404344971009e-19,2.220446049250313e-16,2.168404344971009e-19,"{""0011101011"": 1, ""0011110101"": 1, ""0101011110"": 1, ""0101101000"": 1, ""0101110000"": 1, ""0110110110"": 1, ""1100011011"": 1, ""1100101101"": 1, ""1100110011"": 1, ""1111011000"": 1}"
888,019e10ef-3e82-7383-89b2-ceb0ba359816,9,88,ZXZZZYXXXY,YXXXYZZZXZ,0.0009765624999999985,10,-0.9999999999999998,-0.6,0.3999999999999998,-0.0009765624999999983,-0.0005859374999999991,0.00039062499999999915,0.3999999999999998,0.00039062499999999915,"{""0000100000"": 1, ""0011101101"": 1, ""0101101111"": 1, ""0101110111"": 1, ""0110000001"": 1, ""0110011100"": 1, ""0110111001"": 1, ""1010111011"": 1, ""1100100011"": 1, ""1111001110"": 1}"
889,019e10ef-3e82-7383-89b2-ceb0ba359816,9,89,ZXZZZYXXYZ,ZYXXYZZZXZ,-0.0009765624999999985,10,0.9999999999999998,0.4,-0.5999999999999998,-0.0009765624999999983,-0.0003906249999999994,0.0005859374999999988,0.5999999999999998,0.0005859374999999988,"{""0011000000"": 1, ""0011100010"": 1, ""0101110110"": 1, ""0101111001"": 1, ""0111111001"": 1, ""1001000100"": 1, ""1010001111"": 1, ""1011100011"": 1, ""1100111001"": 1, ""1100111011"": 1}"
890,019e10ef-3e82-7383-89b2-ceb0ba359816,9,90,ZXZZZYXYIX,XIYXYZZZXZ,0.0009765624999999985,10,-0.9999999999999998,-1.0,-2.220446049250313e-16,-0.0009765624999999983,-0.0009765624999999985,-2.168404344971009e-19,2.220446049250313e-16,2.168404344971009e-19,"{""0000000100"": 1, ""0101101011"": 1, ""0110010000"": 1, ""0110011100"": 1, ""1001010000"": 1, ""1001101011"": 1, ""1010111111"": 1, ""1100001000"": 1, ""1100101100"": 1, ""1111011100"": 1}"
891,019e10ef-3e82-7383-89b2-ceb0ba359816,9,91,ZXZZZYXYZI,IZYXYZZZXZ,0.0009765624999999985,10,-0.9999999999999998,-0.6,0.3999999999999998,-0.0009765624999999983,-0.0005859374999999991,0.00039062499999999915,0.3999999999999998,0.00039062499999999915,"{""0011000100"": 1, ""0011001111"": 1, ""0011011001"": 1, ""0100010000"": 1, ""0110001110"": 1, ""0110111000"": 1, ""1010000101"": 1, ""1010001001"": 1, ""1010111110"": 1, ""1100000101"": 1}"
892,019e10ef-3e82-7383-89b2-ceb0ba359816,9,92,ZXZZZYYIXZ,ZXIYYZZZXZ,-0.0009765624999999985,10,0.9999999999999998,0.0,-0.9999999999999998,-0.0009765624999999983,-0.0,0.0009765624999999983,0.9999999999999998,0.0009765624999999983,"{""0001100110"": 1, ""0001110000"": 1, ""0011000011"": 1, ""0011000110"": 1, ""0011110000"": 1, ""0011110001"": 1, ""1010100100"": 1, ""1010110000"": 1, ""1111001110"": 1, ""1111100010"": 1}"
893,019e10ef-3e82-7383-89b2-ceb0ba359816,9,93,ZXZZZYYIYY,YYIYYZZZXZ,-0.0009765624999999985,10,0.9999999999999998,0.4,-0.5999999999999998,-0.0009765624999999983,-0.0003906249999999994,0.0005859374999999988,0.5999999999999998,0.0005859374999999988,"{""0000100111"": 1, ""0101110000"": 1, ""0110111101"": 1, ""1001010101"": 1, ""1001011000"": 1, ""1001111110"": 1, ""1010011011"": 1, ""1100111011"": 1, ""1110101000"": 1, ""1111110011"": 1}"
894,019e10ef-3e82-7383-89b2-ceb0ba359816,9,94,ZXZZZYYZII,IIZYYZZZXZ,-0.0009765624999999985,10,0.9999999999999998,1.0,2.220446049250313e-16,-0.0009765624999999983,-0.0009765624999999985,-2.168404344971009e-19,2.220446049250313e-16,2.168404344971009e-19,"{""0000001110"": 1, ""0011010110"": 1, ""0011111111"": 1, ""0110111110"": 1, ""1001010100"": 1, ""1001100100"": 1, ""1010100100"": 1, ""1100000000"": 1, ""1100101001"": 1, ""1100101011"": 1}"
895,019e10ef-3e82-7383-89b2-ceb0ba359816,9,95,ZXZZZYYZZX,XZZYYZZZXZ,-0.0009765624999999985,10,0.9999999999999998,1.0,2.220446049250313e-16,-0.0009765624999999983,-0.0009765624999999985,-2.168404344971009e-19,2.220446049250313e-16,2.168404344971009e-19,"{""0000011011"": 1, ""0101001111"": 1, ""0110001100"": 1, ""0110010111"": 1, ""0110110000"": 1, ""1001100111"": 1, ""1001101011"": 1, ""1100000011"": 1, ""1100100100"": 1, ""1100101011"": 1}"
896,019e10ef-3e82-7383-89b2-ceb0ba359816,9,96,ZYIYXIXIXZ,ZXIXIXYIYZ,-0.0009765624999999985,10,0.9999999999999998,0.6,-0.3999999999999998,-0.0009765624999999983,-0.0005859374999999991,0.00039062499999999915,0.3999999999999998,0.00039062499999999915,"{""0000000000"": 1, ""0000111011"": 1, ""0010100011"": 1, ""0011010101"": 1, ""0111100011"": 1, ""1001001110"": 1, ""1010011000"": 1, ""1010100000"": 1, ""1010100011"": 1, ""1100101011"": 1}"
897,019e10ef-3e82-7383-89b2-ceb0ba359816,9,97,ZYIYXIXIYY,YYIXIXYIYZ,-0.0009765624999999985,10,0.9999999999999998,0.2,-0.7999999999999998,-0.0009765624999999983,-0.0001953124999999997,0.0007812499999999985,0.7999999999999998,0.0007812499999999985,"{""0011000000"": 1, ""0011011011"": 1, ""0011110101"": 1, ""0110101010"": 1, ""1001111011"": 1, ""1010011011"": 1, ""1010100000"": 1, ""1100100011"": 1, ""1100111000"": 1, ""1110011000"": 1}"
898,019e10ef-3e82-7383-89b2-ceb0ba359816,9,98,ZYIYXIXZII,IIZXIXYIYZ,-0.0009765624999999985,10,0.9999999999999998,0.6,-0.3999999999999998,-0.0009765624999999983,-0.0005859374999999991,0.00039062499999999915,0.3999999999999998,0.00039062499999999915,"{""0000110101"": 1, ""0011100011"": 1, ""0101000011"": 1, ""0110101101"": 1, ""1001011001"": 1, ""1011100010"": 1, ""1100001110"": 1, ""1100111000"": 1, ""1111010100"": 1, ""1111010111"": 1}"
899,019e10ef-3e82-7383-89b2-ceb0ba359816,9,99,ZYIYXIXZZX,XZZXIXYIYZ,-0.0009765624999999985,10,0.9999999999999998,0.4,-0.5999999999999998,-0.0009765624999999983,-0.0003906249999999994,0.0005859374999999988,0.5999999999999998,0.0005859374999999988,"{""0000000000"": 1, ""0000111000"": 1, ""0011010111"": 1, ""0011101100"": 1, ""0101000000"": 1, ""0101110000"": 1, ""0101110111"": 1, ""0101111000"": 1, ""0110010011"": 1, ""1100100000"": 1}"
900,019e10ef-4435-7101-8a1c-a325c9dac571,10,0,ZYIYXIYXXY,YXXYIXYIYZ,-0.0009765624999999985,10,0.9999999999999998,1.0,2.220446049250313e-16,-0.0009765624999999983,-0.0009765624999999985,-2.168404344971009e-19,2.220446049250313e-16,2.168404344971009e-19,"{""0000000011"": 1, ""0011101111"": 1, ""0110010111"": 1, ""0110100000"": 1, ""1001110001"": 1, ""1001111110"": 1, ""1010010111"": 1, ""1100000110"": 1, ""1100101110"": 1, ""1111101100"": 1}"
901,019e10ef-4435-7101-8a1c-a325c9dac571,10,1,ZYIYXIYXYZ,ZYXYIXYIYZ,0.0009765624999999985,10,-0.9999999999999998,-1.0,-2.220446049250313e-16,-0.0009765624999999983,-0.0009765624999999985,-2.168404344971009e-19,2.220446049250313e-16,2.168404344971009e-19,"{""0000000111"": 1, ""0000111001"": 1, ""0011011111"": 1, ""0101111100"": 1, ""0110100111"": 1, ""0111110011"": 1, ""1001111010"": 1, ""1100001000"": 1, ""1111100001"": 1, ""1111100010"": 1}"
902,019e10ef-4435-7101-8a1c-a325c9dac571,10,2,ZYIYXIYYIX,XIYYIXYIYZ,-0.0009765624999999985,10,0.9999999999999998,0.4,-0.5999999999999998,-0.0009765624999999983,-0.0003906249999999994,0.0005859374999999988,0.5999999999999998,0.0005859374999999988,"{""0000000011"": 1, ""0000001011"": 1, ""0110011111"": 1, ""0110101011"": 1, ""0110101100"": 1, ""1001111000"": 1, ""1010011111"": 1, ""1100000111"": 1, ""1100100000"": 1, ""1111101010"": 1}"
903,019e10ef-4435-7101-8a1c-a325c9dac571,10,3,ZYIYXIYYZI,IZYYIXYIYZ,-0.0009765624999999985,10,0.9999999999999998,0.6,-0.3999999999999998,-0.0009765624999999983,-0.0005859374999999991,0.00039062499999999915,0.3999999999999998,0.00039062499999999915,"{""0000110101"": 1, ""0010101010"": 1, ""0101010010"": 1, ""0101110100"": 1, ""0110010010"": 1, ""1001101110"": 1, ""1001110100"": 1, ""1001111000"": 1, ""1010100000"": 1, ""1100000000"": 1}"
904,019e10ef-4435-7101-8a1c-a325c9dac571,10,4,ZYIYXZIIII,IIIIZXYIYZ,-0.0009765624999999985,10,0.9999999999999998,0.8,-0.19999999999999973,-0.0009765624999999983,-0.0007812499999999989,0.00019531249999999941,0.19999999999999973,0.00019531249999999941,"{""0000111101"": 1, ""0100000010"": 1, ""0101000010"": 1, ""0101000110"": 1, ""0101001111"": 1, ""0110010011"": 1, ""1001110100"": 1, ""1010010101"": 1, ""1010011001"": 1, ""1100000111"": 1}"
905,019e10ef-4435-7101-8a1c-a325c9dac571,10,5,ZYIYXZIIZX,XZIIZXYIYZ,-0.0009765624999999985,10,0.9999999999999998,0.8,-0.19999999999999973,-0.0009765624999999983,-0.0007812499999999989,0.00019531249999999941,0.19999999999999973,0.00019531249999999941,"{""0000000011"": 1, ""0000000100"": 1, ""0101001000"": 1, ""0101110100"": 1, ""0110010100"": 1, ""0110101111"": 1, ""1001000000"": 1, ""1001010000"": 1, ""1010100000"": 1, ""1111011111"": 1}"
906,019e10ef-4435-7101-8a1c-a325c9dac571,10,6,ZYIYXZIZXZ,ZXZIZXYIYZ,-0.0009765624999999985,10,0.9999999999999998,0.4,-0.5999999999999998,-0.0009765624999999983,-0.0003906249999999994,0.0005859374999999988,0.5999999999999998,0.0005859374999999988,"{""0000000101"": 1, ""0010101100"": 1, ""0011010011"": 1, ""0110011011"": 1, ""1000000110"": 1, ""1100000000"": 1, ""1100010000"": 1, ""1100110011"": 1, ""1111011001"": 1, ""1111100110"": 1}"
907,019e10ef-4435-7101-8a1c-a325c9dac571,10,7,ZYIYXZIZYY,YYZIZXYIYZ,-0.0009765624999999985,10,0.9999999999999998,0.0,-0.9999999999999998,-0.0009765624999999983,-0.0,0.0009765624999999983,0.9999999999999998,0.0009765624999999983,"{""0000001011"": 1, ""0000110000"": 1, ""0011011110"": 1, ""0100110011"": 1, ""0100111110"": 1, ""0101110110"": 1, ""1010100010"": 1, ""1101000110"": 1, ""1110100011"": 1, ""1111010101"": 1}"
908,019e10ef-4435-7101-8a1c-a325c9dac571,10,8,ZYIYXZZXIX,XIXZZXYIYZ,-0.0009765624999999985,10,0.9999999999999998,0.6,-0.3999999999999998,-0.0009765624999999983,-0.0005859374999999991,0.00039062499999999915,0.3999999999999998,0.00039062499999999915,"{""0011010000"": 1, ""0011011100"": 1, ""0101000000"": 1, ""0110010000"": 1, ""1010100000"": 1, ""1010100111"": 1, ""1011100111"": 1, ""1100000000"": 1, ""1111010011"": 1, ""1111100000"": 1}"
909,019e10ef-4435-7101-8a1c-a325c9dac571,10,9,ZYIYXZZXZI,IZXZZXYIYZ,-0.0009765624999999985,10,0.9999999999999998,0.2,-0.7999999999999998,-0.0009765624999999983,-0.0001953124999999997,0.0007812499999999985,0.7999999999999998,0.0007812499999999985,"{""0000100000"": 1, ""0011011011"": 1, ""0011101101"": 1, ""0100000110"": 1, ""0100110111"": 1, ""0101011010"": 1, ""1001000000"": 1, ""1001001101"": 1, ""1111010111"": 1, ""1111101101"": 1}"
910,019e10ef-4435-7101-8a1c-a325c9dac571,10,10,ZYIYXZZYXY,YXYZZXYIYZ,0.0009765624999999985,10,-0.9999999999999998,-0.6,0.3999999999999998,-0.0009765624999999983,-0.0005859374999999991,0.00039062499999999915,0.3999999999999998,0.00039062499999999915,"{""0000001000"": 1, ""0000110111"": 1, ""0000111000"": 1, ""0011011010"": 1, ""0011101110"": 1, ""0100100100"": 1, ""1001001101"": 1, ""1010101101"": 1, ""1100100001"": 1, ""1111011110"": 1}"
911,019e10ef-4435-7101-8a1c-a325c9dac571,10,11,ZYIYXZZYYZ,ZYYZZXYIYZ,-0.0009765624999999985,10,0.9999999999999998,0.0,-0.9999999999999998,-0.0009765624999999983,-0.0,0.0009765624999999983,0.9999999999999998,0.0009765624999999983,"{""0000001000"": 1, ""0000101000"": 1, ""0011010111"": 1, ""0101010011"": 1, ""0101100101"": 1, ""1000101010"": 1, ""1001011001"": 1, ""1001110000"": 1, ""1010101111"": 1, ""1111100000"": 1}"
912,019e10ef-4435-7101-8a1c-a325c9dac571,10,12,ZYIYYXXXXY,YXXXXYYIYZ,-0.0009765624999999985,10,0.9999999999999998,0.2,-0.7999999999999998,-0.0009765624999999983,-0.0001953124999999997,0.0007812499999999985,0.7999999999999998,0.0007812499999999985,"{""0100010010"": 1, ""0101110000"": 1, ""1001011101"": 1, ""1001101010"": 1, ""1010111101"": 1, ""1011000100"": 1, ""1100100100"": 1, ""1101001101"": 1, ""1111000000"": 1, ""1111110111"": 1}"
913,019e10ef-4435-7101-8a1c-a325c9dac571,10,13,ZYIYYXXXYZ,ZYXXXYYIYZ,0.0009765624999999985,10,-0.9999999999999998,0.0,0.9999999999999998,-0.0009765624999999983,0.0,0.0009765624999999983,0.9999999999999998,0.0009765624999999983,"{""0000010101"": 1, ""0000011001"": 1, ""0010100010"": 1, ""0010111010"": 1, ""0011011100"": 1, ""0101001000"": 1, ""0101110111"": 1, ""0101111000"": 1, ""1010010110"": 1, ""1100011101"": 1}"
914,019e10ef-4435-7101-8a1c-a325c9dac571,10,14,ZYIYYXXYIX,XIYXXYYIYZ,-0.0009765624999999985,10,0.9999999999999998,0.4,-0.5999999999999998,-0.0009765624999999983,-0.0003906249999999994,0.0005859374999999988,0.5999999999999998,0.0005859374999999988,"{""0000101000"": 1, ""0100000000"": 1, ""0101110111"": 1, ""0110110000"": 1, ""1000101100"": 1, ""1001001011"": 1, ""1001100100"": 1, ""1010000100"": 1, ""1010101100"": 1, ""1100101011"": 1}"
915,019e10ef-4435-7101-8a1c-a325c9dac571,10,15,ZYIYYXXYZI,IZYXXYYIYZ,-0.0009765624999999985,10,0.9999999999999998,0.2,-0.7999999999999998,-0.0009765624999999983,-0.0001953124999999997,0.0007812499999999985,0.7999999999999998,0.0007812499999999985,"{""0000110111"": 1, ""0000111001"": 1, ""0011101111"": 1, ""0101110000"": 1, ""0110001111"": 1, ""0110010001"": 1, ""0111100000"": 1, ""1001010100"": 1, ""1010001110"": 1, ""1010110001"": 1}"
916,019e10ef-4435-7101-8a1c-a325c9dac571,10,16,ZYIYYXYIXZ,ZXIYXYYIYZ,0.0009765624999999985,10,-0.9999999999999998,-0.8,0.19999999999999973,-0.0009765624999999983,-0.0007812499999999989,0.00019531249999999941,0.19999999999999973,0.00019531249999999941,"{""0110001110"": 1, ""0110110000"": 1, ""0110110011"": 1, ""1010001011"": 1, ""1010010110"": 1, ""1010100101"": 1, ""1010111101"": 1, ""1100010000"": 1, ""1100100111"": 1, ""1100110110"": 1}"
917,019e10ef-4435-7101-8a1c-a325c9dac571,10,17,ZYIYYXYIYY,YYIYXYYIYZ,0.0009765624999999985,10,-0.9999999999999998,0.4,1.4,-0.0009765624999999983,0.0003906249999999994,0.0013671874999999977,1.4,0.0013671874999999977,"{""0011010110"": 1, ""0101001101"": 1, ""0110100011"": 1, ""1000111000"": 1, ""1010000000"": 1, ""1010001111"": 1, ""1011011000"": 1, ""1011110011"": 1, ""1110001101"": 1, ""1111010101"": 1}"
918,019e10ef-4435-7101-8a1c-a325c9dac571,10,18,ZYIYYXYZII,IIZYXYYIYZ,0.0009765624999999985,10,-0.9999999999999998,-0.4,0.5999999999999998,-0.0009765624999999983,-0.0003906249999999994,0.0005859374999999988,0.5999999999999998,0.0005859374999999988,"{""0000011100"": 1, ""0000100100"": 1, ""0000100101"": 1, ""0101010000"": 1, ""1001000101"": 1, ""1001011101"": 1, ""1001100010"": 1, ""1010100010"": 1, ""1100010000"": 1, ""1111010100"": 1}"
919,019e10ef-4435-7101-8a1c-a325c9dac571,10,19,ZYIYYXYZZX,XZZYXYYIYZ,0.0009765624999999985,10,-0.9999999999999998,-0.6,0.3999999999999998,-0.0009765624999999983,-0.0005859374999999991,0.00039062499999999915,0.3999999999999998,0.00039062499999999915,"{""0000111011"": 2, ""0100010011"": 1, ""0101000111"": 1, ""1001110100"": 1, ""1010000000"": 1, ""1010111011"": 1, ""1100000111"": 1, ""1111001100"": 1, ""1111111111"": 1}"
920,019e10ef-4435-7101-8a1c-a325c9dac571,10,20,ZYIYYYIXIX,XIXIYYYIYZ,-0.0009765624999999985,10,0.9999999999999998,0.6,-0.3999999999999998,-0.0009765624999999983,-0.0005859374999999991,0.00039062499999999915,0.3999999999999998,0.00039062499999999915,"{""0000101100"": 1, ""0000110000"": 1, ""0010001011"": 1, ""0110001100"": 1, ""1001011011"": 1, ""1100011011"": 1, ""1100101011"": 1, ""1100110111"": 1, ""1111010111"": 1, ""1111101011"": 1}"
921,019e10ef-4435-7101-8a1c-a325c9dac571,10,21,ZYIYYYIXZI,IZXIYYYIYZ,-0.0009765624999999985,10,0.9999999999999998,0.8,-0.19999999999999973,-0.0009765624999999983,-0.0007812499999999989,0.00019531249999999941,0.19999999999999973,0.00019531249999999941,"{""0000110001"": 1, ""0011010001"": 1, ""0101000000"": 1, ""0101010010"": 1, ""0101101010"": 1, ""1001101101"": 1, ""1100010111"": 1, ""1100101010"": 2, ""1111001101"": 1}"
922,019e10ef-4435-7101-8a1c-a325c9dac571,10,22,ZYIYYYIYXY,YXYIYYYIYZ,0.0009765624999999985,10,-0.9999999999999998,-0.4,0.5999999999999998,-0.0009765624999999983,-0.0003906249999999994,0.0005859374999999988,0.5999999999999998,0.0005859374999999988,"{""0000000001"": 1, ""0000001111"": 1, ""0000011001"": 1, ""0011111101"": 1, ""0101110001"": 1, ""0110000011"": 1, ""0110001001"": 1, ""0110001011"": 1, ""0110111000"": 1, ""1000000010"": 1}"
923,019e10ef-4435-7101-8a1c-a325c9dac571,10,23,ZYIYYYIYYZ,ZYYIYYYIYZ,-0.0009765624999999985,10,0.9999999999999998,0.8,-0.19999999999999973,-0.0009765624999999983,-0.0007812499999999989,0.00019531249999999941,0.19999999999999973,0.00019531249999999941,"{""0000011111"": 1, ""0101001111"": 1, ""0110010110"": 1, ""0111010100"": 1, ""1001110101"": 1, ""1010010011"": 1, ""1010010110"": 1, ""1010100000"": 1, ""1010111010"": 1, ""1111001111"": 1}"
924,019e10ef-4435-7101-8a1c-a325c9dac571,10,24,ZYIYYYZIII,IIIZYYYIYZ,-0.0009765624999999985,10,0.9999999999999998,0.4,-0.5999999999999998,-0.0009765624999999983,-0.0003906249999999994,0.0005859374999999988,0.5999999999999998,0.0005859374999999988,"{""0000101001"": 1, ""0010111010"": 1, ""0011000110"": 1, ""0110001000"": 1, ""0110100010"": 1, ""1001011101"": 1, ""1001101110"": 1, ""1001110110"": 1, ""1101000010"": 1, ""1111010011"": 1}"
925,019e10ef-4435-7101-8a1c-a325c9dac571,10,25,ZYIYYYZIZX,XZIZYYYIYZ,-0.0009765624999999985,10,0.9999999999999998,0.4,-0.5999999999999998,-0.0009765624999999983,-0.0003906249999999994,0.0005859374999999988,0.5999999999999998,0.0005859374999999988,"{""0000000011"": 1, ""0000111100"": 1, ""0011010111"": 1, ""0011111011"": 1, ""0101111100"": 1, ""1001110000"": 1, ""1010101000"": 1, ""1100000111"": 1, ""1100011111"": 1, ""1111010000"": 1}"
926,019e10ef-4435-7101-8a1c-a325c9dac571,10,26,ZYIYYYZZXZ,ZXZZYYYIYZ,-0.0009765624999999985,10,0.9999999999999998,0.6,-0.3999999999999998,-0.0009765624999999983,-0.0005859374999999991,0.00039062499999999915,0.3999999999999998,0.00039062499999999915,"{""0000000000"": 1, ""0011101011"": 1, ""0101000000"": 1, ""0101011000"": 1, ""0101101101"": 1, ""1000110110"": 1, ""1010111000"": 1, ""1100011101"": 1, ""1100110101"": 1, ""1111100000"": 1}"
927,019e10ef-4435-7101-8a1c-a325c9dac571,10,27,ZYIYYYZZYY,YYZZYYYIYZ,-0.0009765624999999985,10,0.9999999999999998,0.8,-0.19999999999999973,-0.0009765624999999983,-0.0007812499999999989,0.00019531249999999941,0.19999999999999973,0.00019531249999999941,"{""0011001011"": 1, ""0011111000"": 1, ""0101000101"": 1, ""0101110101"": 1, ""1001000110"": 1, ""1001011101"": 1, ""1010001011"": 1, ""1010010110"": 1, ""1011111000"": 1, ""1100000101"": 1}"
928,019e10ef-4435-7101-8a1c-a325c9dac571,10,28,ZYXZXXXXXY,YXXXXXZXYZ,-0.0009765624999999985,10,0.9999999999999998,1.0,2.220446049250313e-16,-0.0009765624999999983,-0.0009765624999999985,-2.168404344971009e-19,2.220446049250313e-16,2.168404344971009e-19,"{""0001001011"": 1, ""0001011001"": 1, ""0011010001"": 1, ""0100111011"": 1, ""0101111001"": 1, ""0110011110"": 1, ""0110100010"": 1, ""0110111100"": 1, ""0111010101"": 1, ""1010001010"": 1}"
929,019e10ef-4435-7101-8a1c-a325c9dac571,10,29,ZYXZXXXXYZ,ZYXXXXZXYZ,0.0009765624999999985,10,-0.9999999999999998,-0.2,0.7999999999999998,-0.0009765624999999983,-0.0001953124999999997,0.0007812499999999985,0.7999999999999998,0.0007812499999999985,"{""0100100011"": 2, ""0101110110"": 1, ""0110100010"": 1, ""1001100110"": 1, ""1010100101"": 1, ""1010101001"": 1, ""1100011010"": 1, ""1100111101"": 1, ""1111101111"": 1}"
930,019e10ef-4435-7101-8a1c-a325c9dac571,10,30,ZYXZXXXYIX,XIYXXXZXYZ,-0.0009765624999999985,10,0.9999999999999998,0.4,-0.5999999999999998,-0.0009765624999999983,-0.0003906249999999994,0.0005859374999999988,0.5999999999999998,0.0005859374999999988,"{""0000110000"": 1, ""0100100111"": 1, ""1000010011"": 1, ""1011010111"": 1, ""1011011000"": 1, ""1100011111"": 1, ""1101111100"": 1, ""1110100111"": 1, ""1111001011"": 1, ""1111011111"": 1}"
931,019e10ef-4435-7101-8a1c-a325c9dac571,10,31,ZYXZXXXYZI,IZYXXXZXYZ,-0.0009765624999999985,10,0.9999999999999998,0.2,-0.7999999999999998,-0.0009765624999999983,-0.0001953124999999997,0.0007812499999999985,0.7999999999999998,0.0007812499999999985,"{""0000100111"": 1, ""0001100011"": 1, ""0010101100"": 1, ""0100101001"": 1, ""0111000000"": 1, ""1000100111"": 1, ""1001010010"": 1, ""1011001111"": 1, ""1111101111"": 1, ""1111110110"": 1}"
932,019e10ef-4435-7101-8a1c-a325c9dac571,10,32,ZYXZXXYIXZ,ZXIYXXZXYZ,0.0009765624999999985,10,-0.9999999999999998,-0.2,0.7999999999999998,-0.0009765624999999983,-0.0001953124999999997,0.0007812499999999985,0.7999999999999998,0.0007812499999999985,"{""0000000000"": 1, ""0001010110"": 1, ""0011111011"": 1, ""0100010100"": 1, ""0101101111"": 1, ""0111011101"": 1, ""1001010000"": 1, ""1110011011"": 1, ""1111000101"": 1, ""1111001011"": 1}"
933,019e10ef-4435-7101-8a1c-a325c9dac571,10,33,ZYXZXXYIYY,YYIYXXZXYZ,0.0009765624999999985,10,-0.9999999999999998,-0.2,0.7999999999999998,-0.0009765624999999983,-0.0001953124999999997,0.0007812499999999985,0.7999999999999998,0.0007812499999999985,"{""0001100101"": 1, ""0011101101"": 1, ""0101011010"": 1, ""0101110110"": 1, ""1000101110"": 2, ""1001000101"": 1, ""1100101100"": 1, ""1101001110"": 1, ""1101100011"": 1}"
934,019e10ef-4435-7101-8a1c-a325c9dac571,10,34,ZYXZXXYZII,IIZYXXZXYZ,0.0009765624999999985,10,-0.9999999999999998,-0.8,0.19999999999999973,-0.0009765624999999983,-0.0007812499999999989,0.00019531249999999941,0.19999999999999973,0.00019531249999999941,"{""0000111011"": 1, ""0001010101"": 1, ""0001011001"": 1, ""0011010001"": 1, ""0101110110"": 1, ""0111010101"": 2, ""1011011010"": 1, ""1101011110"": 1, ""1111000101"": 1}"
935,019e10ef-4435-7101-8a1c-a325c9dac571,10,35,ZYXZXXYZZX,XZZYXXZXYZ,0.0009765624999999985,10,-0.9999999999999998,-0.2,0.7999999999999998,-0.0009765624999999983,-0.0001953124999999997,0.0007812499999999985,0.7999999999999998,0.0007812499999999985,"{""0001001100"": 1, ""0001110011"": 1, ""0101000011"": 1, ""0110110011"": 1, ""0111111011"": 1, ""1001000011"": 1, ""1010001011"": 1, ""1110010100"": 1, ""1111100000"": 1, ""1111111000"": 1}"
936,019e10ef-4435-7101-8a1c-a325c9dac571,10,36,ZYXZXYIXIX,XIXIYXZXYZ,-0.0009765624999999985,10,0.9999999999999998,0.8,-0.19999999999999973,-0.0009765624999999983,-0.0007812499999999989,0.00019531249999999941,0.19999999999999973,0.00019531249999999941,"{""0001010111"": 1, ""0001110000"": 1, ""0010001011"": 1, ""0011101100"": 1, ""0011110000"": 1, ""0101101100"": 1, ""1000111011"": 1, ""1001000111"": 1, ""1100101011"": 1, ""1101111011"": 1}"
937,019e10ef-4435-7101-8a1c-a325c9dac571,10,37,ZYXZXYIXZI,IZXIYXZXYZ,-0.0009765624999999985,10,0.9999999999999998,0.4,-0.5999999999999998,-0.0009765624999999983,-0.0003906249999999994,0.0005859374999999988,0.5999999999999998,0.0005859374999999988,"{""0010001100"": 1, ""0011111010"": 1, ""0100010111"": 1, ""0111101011"": 1, ""1000110000"": 1, ""1010000000"": 1, ""1010000110"": 2, ""1100101011"": 1, ""1110001010"": 1}"
938,019e10ef-4435-7101-8a1c-a325c9dac571,10,38,ZYXZXYIYXY,YXYIYXZXYZ,0.0009765624999999985,10,-0.9999999999999998,-0.8,0.19999999999999973,-0.0009765624999999983,-0.0007812499999999989,0.00019531249999999941,0.19999999999999973,0.00019531249999999941,"{""0000000010"": 1, ""0001100010"": 1, ""0010001110"": 1, ""0010111110"": 1, ""0100011001"": 1, ""0100100101"": 1, ""0101000100"": 1, ""0101011000"": 1, ""1000001101"": 2}"
939,019e10ef-4435-7101-8a1c-a325c9dac571,10,39,ZYXZXYIYYZ,ZYYIYXZXYZ,-0.0009765624999999985,10,0.9999999999999998,0.4,-0.5999999999999998,-0.0009765624999999983,-0.0003906249999999994,0.0005859374999999988,0.5999999999999998,0.0005859374999999988,"{""0011000101"": 1, ""0011011000"": 1, ""0011110000"": 1, ""0100111011"": 1, ""1000110100"": 1, ""1010101100"": 1, ""1011000100"": 1, ""1011001100"": 1, ""1100101010"": 1, ""1110000011"": 1}"
940,019e10ef-4435-7101-8a1c-a325c9dac571,10,40,ZYXZXYZIII,IIIZYXZXYZ,-0.0009765624999999985,10,0.9999999999999998,-0.2,-1.1999999999999997,-0.0009765624999999983,0.0001953124999999997,0.001171874999999998,1.1999999999999997,0.001171874999999998,"{""0000000001"": 1, ""0000010100"": 1, ""0001110000"": 1, ""0011100011"": 1, ""0100100111"": 1, ""0101100010"": 1, ""0101101011"": 1, ""1100000101"": 1, ""1100001001"": 1, ""1100100010"": 1}"
941,019e10ef-4435-7101-8a1c-a325c9dac571,10,41,ZYXZXYZIZX,XZIZYXZXYZ,-0.0009765624999999985,10,0.9999999999999998,1.0,2.220446049250313e-16,-0.0009765624999999983,-0.0009765624999999985,-2.168404344971009e-19,2.220446049250313e-16,2.168404344971009e-19,"{""0010010011"": 1, ""0100100100"": 1, ""0101000011"": 1, ""0111001111"": 2, ""1000111000"": 1, ""1100110011"": 2, ""1101010011"": 1, ""1110010100"": 1}"
942,019e10ef-4435-7101-8a1c-a325c9dac571,10,42,ZYXZXYZZXZ,ZXZZYXZXYZ,-0.0009765624999999985,10,0.9999999999999998,0.8,-0.19999999999999973,-0.0009765624999999983,-0.0007812499999999989,0.00019531249999999941,0.19999999999999973,0.00019531249999999941,"{""0000011011"": 1, ""0010100110"": 1, ""0101000101"": 1, ""1000111011"": 1, ""1011100110"": 1, ""1011111011"": 1, ""1011111101"": 1, ""1101111101"": 1, ""1111011101"": 1, ""1111111101"": 1}"
943,019e10ef-4435-7101-8a1c-a325c9dac571,10,43,ZYXZXYZZYY,YYZZYXZXYZ,-0.0009765624999999985,10,0.9999999999999998,0.6,-0.3999999999999998,-0.0009765624999999983,-0.0005859374999999991,0.00039062499999999915,0.3999999999999998,0.00039062499999999915,"{""0001011101"": 1, ""0011000011"": 1, ""0100001110"": 1, ""0100111000"": 1, ""0101110110"": 1, ""0110011000"": 1, ""0111010000"": 1, ""1010110011"": 1, ""1100001101"": 1, ""1110100101"": 1}"
944,019e10ef-4435-7101-8a1c-a325c9dac571,10,44,ZYXZYIXIXZ,ZXIXIYZXYZ,0.0009765624999999985,10,-0.9999999999999998,-1.0,-2.220446049250313e-16,-0.0009765624999999983,-0.0009765624999999985,-2.168404344971009e-19,2.220446049250313e-16,2.168404344971009e-19,"{""0011100011"": 1, ""0110011000"": 1, ""0110101101"": 1, ""0111000011"": 1, ""0111001001"": 1, ""1000000000"": 1, ""1000000011"": 1, ""1010101101"": 1, ""1011001110"": 1, ""1111011000"": 1}"
945,019e10ef-4435-7101-8a1c-a325c9dac571,10,45,ZYXZYIXIYY,YYIXIYZXYZ,0.0009765624999999985,10,-0.9999999999999998,-0.8,0.19999999999999973,-0.0009765624999999983,-0.0007812499999999989,0.00019531249999999941,0.19999999999999973,0.00019531249999999941,"{""0000101010"": 1, ""0010111000"": 1, ""0110011011"": 1, ""0111110101"": 1, ""1001010101"": 1, ""1001011011"": 1, ""1001111011"": 1, ""1010011000"": 1, ""1011001101"": 1, ""1100010101"": 1}"
946,019e10ef-4435-7101-8a1c-a325c9dac571,10,46,ZYXZYIXZII,IIZXIYZXYZ,0.0009765624999999985,10,-0.9999999999999998,-0.8,0.19999999999999973,-0.0009765624999999983,-0.0007812499999999989,0.00019531249999999941,0.19999999999999973,0.00019531249999999941,"{""0000011010"": 1, ""0010000010"": 1, ""0010001111"": 1, ""0010111010"": 1, ""0100010011"": 1, ""0100101001"": 1, ""1100101101"": 1, ""1101001100"": 1, ""1101101110"": 1, ""1101110110"": 1}"
947,019e10ef-4435-7101-8a1c-a325c9dac571,10,47,ZYXZYIXZZX,XZZXIYZXYZ,0.0009765624999999985,10,-0.9999999999999998,-1.0,-2.220446049250313e-16,-0.0009765624999999983,-0.0009765624999999985,-2.168404344971009e-19,2.220446049250313e-16,2.168404344971009e-19,"{""0001000011"": 1, ""0010000011"": 1, ""0010110111"": 1, ""0011101100"": 1, ""0101011011"": 1, ""1010100011"": 1, ""1100010100"": 1, ""1101000000"": 1, ""1101001100"": 1, ""1111001110"": 1}"
948,019e10ef-4435-7101-8a1c-a325c9dac571,10,48,ZYXZYIYXXY,YXXYIYZXYZ,0.0009765624999999985,10,-0.9999999999999998,-1.0,-2.220446049250313e-16,-0.0009765624999999983,-0.0009765624999999985,-2.168404344971009e-19,2.220446049250313e-16,2.168404344971009e-19,"{""0000101111"": 1, ""0001110010"": 1, ""0010110010"": 1, ""0110101001"": 1, ""1010100011"": 1, ""1100010010"": 1, ""1101000011"": 1, ""1101001111"": 1, ""1110110111"": 1, ""1110111101"": 1}"
949,019e10ef-4435-7101-8a1c-a325c9dac571,10,49,ZYXZYIYXYZ,ZYXYIYZXYZ,-0.0009765624999999985,10,0.9999999999999998,0.4,-0.5999999999999998,-0.0009765624999999983,-0.0003906249999999994,0.0005859374999999988,0.5999999999999998,0.0005859374999999988,"{""0001001011"": 1, ""0011100001"": 1, ""0100110000"": 1, ""0101100111"": 1, ""0110010110"": 1, ""0110101101"": 1, ""0111100001"": 1, ""1000010000"": 1, ""1010101101"": 1, ""1011111000"": 1}"
950,019e10ef-4435-7101-8a1c-a325c9dac571,10,50,ZYXZYIYYIX,XIYYIYZXYZ,0.0009765624999999985,10,-0.9999999999999998,-0.6,0.3999999999999998,-0.0009765624999999983,-0.0005859374999999991,0.00039062499999999915,0.3999999999999998,0.00039062499999999915,"{""0000001111"": 1, ""0010000111"": 1, ""0010111000"": 1, ""0101101100"": 1, ""0110011110"": 1, ""1001101100"": 1, ""1010100000"": 1, ""1011001011"": 1, ""1101001100"": 1, ""1110000011"": 1}"
951,019e10ef-4435-7101-8a1c-a325c9dac571,10,51,ZYXZYIYYZI,IZYYIYZXYZ,0.0009765624999999985,10,-0.9999999999999998,-0.6,0.3999999999999998,-0.0009765624999999983,-0.0005859374999999991,0.00039062499999999915,0.3999999999999998,0.00039062499999999915,"{""0001110010"": 1, ""0010000001"": 1, ""0100110010"": 1, ""0101101011"": 1, ""0111110110"": 1, ""1000000001"": 1, ""1000011111"": 1, ""1101110011"": 1, ""1110111000"": 1, ""1111100110"": 1}"
952,019e10ef-4435-7101-8a1c-a325c9dac571,10,52,ZYXZYZIIII,IIIIZYZXYZ,0.0009765624999999985,10,-0.9999999999999998,-0.8,0.19999999999999973,-0.0009765624999999983,-0.0007812499999999989,0.00019531249999999941,0.19999999999999973,0.00019531249999999941,"{""0100011100"": 1, ""0101010010"": 1, ""0101101101"": 1, ""0110011010"": 1, ""0110101110"": 1, ""1010101010"": 1, ""1100011001"": 1, ""1100011110"": 1, ""1110000100"": 1, ""1111010101"": 1}"
953,019e10ef-4435-7101-8a1c-a325c9dac571,10,53,ZYXZYZIIZX,XZIIZYZXYZ,0.0009765624999999985,10,-0.9999999999999998,-0.6,0.3999999999999998,-0.0009765624999999983,-0.0005859374999999991,0.00039062499999999915,0.3999999999999998,0.00039062499999999915,"{""0000101000"": 1, ""0000111100"": 1, ""0001000100"": 1, ""0100001111"": 1, ""1000001100"": 1, ""1001000111"": 1, ""1001101011"": 1, ""1010010100"": 1, ""1010100000"": 1, ""1100011011"": 1}"
954,019e10ef-4435-7101-8a1c-a325c9dac571,10,54,ZYXZYZIZXZ,ZXZIZYZXYZ,0.0009765624999999985,10,-0.9999999999999998,-0.4,0.5999999999999998,-0.0009765624999999983,-0.0003906249999999994,0.0005859374999999988,0.5999999999999998,0.0005859374999999988,"{""0000001000"": 1, ""0001110110"": 1, ""0100000011"": 1, ""0111110000"": 1, ""1000001000"": 1, ""1100010011"": 1, ""1100011100"": 1, ""1101110110"": 1, ""1111100101"": 1, ""1111101111"": 1}"
955,019e10ef-4435-7101-8a1c-a325c9dac571,10,55,ZYXZYZIZYY,YYZIZYZXYZ,0.0009765624999999985,10,-0.9999999999999998,-0.4,0.5999999999999998,-0.0009765624999999983,-0.0003906249999999994,0.0005859374999999988,0.5999999999999998,0.0005859374999999988,"{""0000010011"": 1, ""0010110000"": 1, ""0100001011"": 1, ""0110011001"": 1, ""0111000110"": 1, ""0111001101"": 1, ""1000100101"": 1, ""1100101101"": 1, ""1101001000"": 1, ""1110000001"": 1}"
956,019e10ef-4435-7101-8a1c-a325c9dac571,10,56,ZYXZYZZXIX,XIXZZYZXYZ,0.0009765624999999985,10,-0.9999999999999998,-0.4,0.5999999999999998,-0.0009765624999999983,-0.0003906249999999994,0.0005859374999999988,0.5999999999999998,0.0005859374999999988,"{""0100001100"": 1, ""0101110000"": 1, ""1001100011"": 1, ""1010010000"": 1, ""1011000111"": 1, ""1100101100"": 1, ""1101011011"": 1, ""1101110000"": 1, ""1111011100"": 1, ""1111100000"": 1}"
957,019e10ef-4435-7101-8a1c-a325c9dac571,10,57,ZYXZYZZXZI,IZXZZYZXYZ,0.0009765624999999985,10,-0.9999999999999998,-0.6,0.3999999999999998,-0.0009765624999999983,-0.0005859374999999991,0.00039062499999999915,0.3999999999999998,0.00039062499999999915,"{""0000010010"": 1, ""0000011010"": 1, ""0011101100"": 1, ""1000000010"": 1, ""1001100001"": 1, ""1010101100"": 1, ""1100100110"": 1, ""1101000001"": 1, ""1110000000"": 1, ""1110111101"": 1}"
958,019e10ef-4435-7101-8a1c-a325c9dac571,10,58,ZYXZYZZYXY,YXYZZYZXYZ,-0.0009765624999999985,10,0.9999999999999998,0.4,-0.5999999999999998,-0.0009765624999999983,-0.0003906249999999994,0.0005859374999999988,0.5999999999999998,0.0005859374999999988,"{""0011100010"": 1, ""0011100110"": 1, ""0101100001"": 1, ""0111111011"": 1, ""1001110111"": 1, ""1001111110"": 1, ""1010010010"": 1, ""1011111101"": 1, ""1111101011"": 2}"
959,019e10ef-4435-7101-8a1c-a325c9dac571,10,59,ZYXZYZZYYZ,ZYYZZYZXYZ,0.0009765624999999985,10,-0.9999999999999998,-0.4,0.5999999999999998,-0.0009765624999999983,-0.0003906249999999994,0.0005859374999999988,0.5999999999999998,0.0005859374999999988,"{""0001100110"": 1, ""0011011001"": 1, ""0011011010"": 1, ""0011100000"": 1, ""0111001010"": 1, ""0111010000"": 1, ""1001101010"": 1, ""1011111100"": 1, ""1101000101"": 1, ""1111011000"": 1}"
960,019e10ef-4435-7101-8a1c-a325c9dac571,10,60,ZYYZIXIXIX,XIXIXIZYYZ,-0.0009765624999999985,10,0.9999999999999998,0.8,-0.19999999999999973,-0.0009765624999999983,-0.0007812499999999989,0.00019531249999999941,0.19999999999999973,0.00019531249999999941,"{""0001101100"": 1, ""0100101100"": 1, ""0101101011"": 1, ""0110011011"": 1, ""1000110111"": 1, ""1011101011"": 1, ""1011110111"": 1, ""1100000111"": 1, ""1110101100"": 1, ""1111011011"": 1}"
961,019e10ef-4435-7101-8a1c-a325c9dac571,10,61,ZYYZIXIXZI,IZXIXIZYYZ,-0.0009765624999999985,10,0.9999999999999998,0.8,-0.19999999999999973,-0.0009765624999999983,-0.0007812499999999989,0.00019531249999999941,0.19999999999999973,0.00019531249999999941,"{""0000011011"": 1, ""0010101011"": 1, ""0010110110"": 1, ""0010110111"": 1, ""0100110110"": 2, ""0101001010"": 1, ""0111101100"": 1, ""0111110001"": 1, ""1000110110"": 1}"
962,019e10ef-4435-7101-8a1c-a325c9dac571,10,62,ZYYZIXIYXY,YXYIXIZYYZ,0.0009765624999999985,10,-0.9999999999999998,-1.0,-2.220446049250313e-16,-0.0009765624999999983,-0.0009765624999999985,-2.168404344971009e-19,2.220446049250313e-16,2.168404344971009e-19,"{""0000000111"": 1, ""0000011000"": 1, ""0100101000"": 1, ""0110000111"": 1, ""1001000001"": 1, ""1001000010"": 1, ""1001011101"": 1, ""1100000001"": 1, ""1101110111"": 1, ""1110101000"": 1}"
963,019e10ef-4435-7101-8a1c-a325c9dac571,10,63,ZYYZIXIYYZ,ZYYIXIZYYZ,-0.0009765624999999985,10,0.9999999999999998,1.0,2.220446049250313e-16,-0.0009765624999999983,-0.0009765624999999985,-2.168404344971009e-19,2.220446049250313e-16,2.168404344971009e-19,"{""0001110011"": 1, ""0001110110"": 1, ""0101000011"": 1, ""0110000101"": 1, ""1000110011"": 1, ""1001000000"": 1, ""1010011001"": 1, ""1100000000"": 1, ""1111000110"": 1, ""1111011100"": 1}"
964,019e10ef-4435-7101-8a1c-a325c9dac571,10,64,ZYYZIXZIII,IIIZXIZYYZ,-0.0009765624999999985,10,0.9999999999999998,0.6,-0.3999999999999998,-0.0009765624999999983,-0.0005859374999999991,0.00039062499999999915,0.3999999999999998,0.00039062499999999915,"{""0000000010"": 1, ""0000110100"": 1, ""1000110111"": 1, ""1001000100"": 1, ""1010000111"": 1, ""1011000101"": 1, ""1011101010"": 1, ""1011101100"": 1, ""1110101111"": 1, ""1110110010"": 1}"
965,019e10ef-4435-7101-8a1c-a325c9dac571,10,65,ZYYZIXZIZX,XZIZXIZYYZ,-0.0009765624999999985,10,0.9999999999999998,0.8,-0.19999999999999973,-0.0009765624999999983,-0.0007812499999999989,0.00019531249999999941,0.19999999999999973,0.00019531249999999941,"{""0001101100"": 1, ""0011000000"": 1, ""0100101000"": 1, ""0100110000"": 1, ""0110000011"": 1, ""1100000111"": 1, ""1101101011"": 1, ""1101110000"": 1, ""1110011011"": 1, ""1111011100"": 1}"
966,019e10ef-4435-7101-8a1c-a325c9dac571,10,66,ZYYZIXZZXZ,ZXZZXIZYYZ,-0.0009765624999999985,10,0.9999999999999998,0.6,-0.3999999999999998,-0.0009765624999999983,-0.0005859374999999991,0.00039062499999999915,0.3999999999999998,0.00039062499999999915,"{""0100110100"": 1, ""0110011000"": 1, ""0111110011"": 1, ""1010000110"": 1, ""1011101011"": 1, ""1011110110"": 1, ""1100000000"": 1, ""1101011011"": 1, ""1110110110"": 1, ""1111000110"": 1}"
967,019e10ef-4435-7101-8a1c-a325c9dac571,10,67,ZYYZIXZZYY,YYZZXIZYYZ,-0.0009765624999999985,10,0.9999999999999998,0.8,-0.19999999999999973,-0.0009765624999999983,-0.0007812499999999989,0.00019531249999999941,0.19999999999999973,0.00019531249999999941,"{""0010000110"": 1, ""0111101011"": 1, ""1000110101"": 1, ""1010000011"": 1, ""1010000101"": 1, ""1011110000"": 1, ""1100000101"": 1, ""1100011110"": 1, ""1101011010"": 1, ""1110110101"": 1}"
968,019e10ef-4435-7101-8a1c-a325c9dac571,10,68,ZYYZIYXXXY,YXXXYIZYYZ,0.0009765624999999985,10,-0.9999999999999998,-0.4,0.5999999999999998,-0.0009765624999999983,-0.0003906249999999994,0.0005859374999999988,0.5999999999999998,0.0005859374999999988,"{""0110000000"": 1, ""0110011010"": 1, ""0111111000"": 1, ""1000101010"": 1, ""1001110001"": 1, ""1010011010"": 1, ""1011110010"": 1, ""1100001010"": 1, ""1100010110"": 1, ""1101111110"": 1}"
969,019e10ef-4435-7101-8a1c-a325c9dac571,10,69,ZYYZIYXXYZ,ZYXXYIZYYZ,-0.0009765624999999985,10,0.9999999999999998,0.2,-0.7999999999999998,-0.0009765624999999983,-0.0001953124999999997,0.0007812499999999985,0.7999999999999998,0.0007812499999999985,"{""0000101001"": 1, ""0011011011"": 1, ""0100000000"": 1, ""0110010110"": 1, ""1001001010"": 1, ""1010011011"": 1, ""1010110110"": 1, ""1011100100"": 1, ""1011110010"": 1, ""1110110101"": 1}"
970,019e10ef-4435-7101-8a1c-a325c9dac571,10,70,ZYYZIYXYIX,XIYXYIZYYZ,0.0009765624999999985,10,-0.9999999999999998,0.0,0.9999999999999998,-0.0009765624999999983,0.0,0.0009765624999999983,0.9999999999999998,0.0009765624999999983,"{""0011101011"": 1, ""0011101100"": 1, ""0111010111"": 1, ""1001000011"": 1, ""1001001000"": 1, ""1010011011"": 1, ""1011101011"": 1, ""1100100000"": 1, ""1110010100"": 1, ""1110110000"": 1}"
971,019e10ef-4435-7101-8a1c-a325c9dac571,10,71,ZYYZIYXYZI,IZYXYIZYYZ,0.0009765624999999985,10,-0.9999999999999998,-0.6,0.3999999999999998,-0.0009765624999999983,-0.0005859374999999991,0.00039062499999999915,0.3999999999999998,0.00039062499999999915,"{""0000001001"": 1, ""0000110011"": 1, ""0011010111"": 1, ""0100101100"": 1, ""0101000010"": 1, ""0101000011"": 1, ""0101001110"": 1, ""0110011101"": 1, ""1011101011"": 1, ""1110010000"": 1}"
972,019e10ef-4435-7101-8a1c-a325c9dac571,10,72,ZYYZIYYIXZ,ZXIYYIZYYZ,-0.0009765624999999985,10,0.9999999999999998,0.4,-0.5999999999999998,-0.0009765624999999983,-0.0003906249999999994,0.0005859374999999988,0.5999999999999998,0.0005859374999999988,"{""0010110110"": 1, ""0100000110"": 1, ""0100101000"": 1, ""0110011000"": 1, ""0111100101"": 1, ""1001001101"": 1, ""1001010101"": 1, ""1100001000"": 1, ""1101101010"": 1, ""1110110011"": 1}"
973,019e10ef-4435-7101-8a1c-a325c9dac571,10,73,ZYYZIYYIYY,YYIYYIZYYZ,-0.0009765624999999985,10,0.9999999999999998,0.4,-0.5999999999999998,-0.0009765624999999983,-0.0003906249999999994,0.0005859374999999988,0.5999999999999998,0.0005859374999999988,"{""0000111010"": 1, ""0001110010"": 1, ""0011100110"": 1, ""0110001101"": 1, ""1010010110"": 1, ""1011110000"": 1, ""1100001110"": 1, ""1101100101"": 1, ""1110101011"": 1, ""1111000011"": 1}"
974,019e10ef-4435-7101-8a1c-a325c9dac571,10,74,ZYYZIYYZII,IIZYYIZYYZ,-0.0009765624999999985,10,0.9999999999999998,0.2,-0.7999999999999998,-0.0009765624999999983,-0.0001953124999999997,0.0007812499999999985,0.7999999999999998,0.0007812499999999985,"{""0110100101"": 1, ""0111101010"": 1, ""0111101011"": 1, ""1000100111"": 1, ""1001011001"": 1, ""1010001010"": 1, ""1110111111"": 1, ""1111001100"": 1, ""1111110000"": 1, ""1111110011"": 1}"
975,019e10ef-4435-7101-8a1c-a325c9dac571,10,75,ZYYZIYYZZX,XZZYYIZYYZ,-0.0009765624999999985,10,0.9999999999999998,0.2,-0.7999999999999998,-0.0009765624999999983,-0.0001953124999999997,0.0007812499999999985,0.7999999999999998,0.0007812499999999985,"{""0010100011"": 1, ""0010101000"": 1, ""0010111011"": 1, ""0011111111"": 1, ""0110011000"": 1, ""1000111111"": 1, ""1010000011"": 1, ""1011110011"": 1, ""1100101011"": 1, ""1111001100"": 1}"
976,019e10ef-4435-7101-8a1c-a325c9dac571,10,76,ZYYZZIIIII,IIIIIZZYYZ,-0.0009765624999999985,10,0.9999999999999998,0.8,-0.19999999999999973,-0.0009765624999999983,-0.0007812499999999989,0.00019531249999999941,0.19999999999999973,0.00019531249999999941,"{""0010101101"": 1, ""0111100011"": 1, ""1000101100"": 1, ""1001001101"": 1, ""1010001101"": 1, ""1010010001"": 1, ""1010110000"": 1, ""1011101011"": 1, ""1011110011"": 1, ""1100010011"": 1}"
977,019e10ef-4435-7101-8a1c-a325c9dac571,10,77,ZYYZZIIIZX,XZIIIZZYYZ,-0.0009765624999999985,10,0.9999999999999998,0.6,-0.3999999999999998,-0.0009765624999999983,-0.0005859374999999991,0.00039062499999999915,0.3999999999999998,0.00039062499999999915,"{""0000001000"": 1, ""1000011111"": 1, ""1000110111"": 1, ""1001001100"": 1, ""1011100100"": 1, ""1100010111"": 1, ""1101011000"": 1, ""1101100000"": 1, ""1101101011"": 1, ""1110101000"": 1}"
978,019e10ef-4435-7101-8a1c-a325c9dac571,10,78,ZYYZZIIZXZ,ZXZIIZZYYZ,-0.0009765624999999985,10,0.9999999999999998,0.6,-0.3999999999999998,-0.0009765624999999983,-0.0005859374999999991,0.00039062499999999915,0.3999999999999998,0.00039062499999999915,"{""0000001110"": 1, ""0000101110"": 1, ""0001101000"": 1, ""0010100000"": 1, ""0110001011"": 1, ""0111001011"": 1, ""1001011101"": 1, ""1011100101"": 1, ""1011110000"": 1, ""1110100101"": 1}"
979,019e10ef-4435-7101-8a1c-a325c9dac571,10,79,ZYYZZIIZYY,YYZIIZZYYZ,-0.0009765624999999985,10,0.9999999999999998,0.8,-0.19999999999999973,-0.0009765624999999983,-0.0007812499999999989,0.00019531249999999941,0.19999999999999973,0.00019531249999999941,"{""0000000011"": 1, ""0000010011"": 1, ""0111000101"": 1, ""1001010110"": 1, ""1011100011"": 1, ""1100000000"": 1, ""1100000101"": 1, ""1100001000"": 1, ""1101101110"": 1, ""1111010110"": 1}"
980,019e10ef-4435-7101-8a1c-a325c9dac571,10,80,ZYYZZIZXIX,XIXZIZZYYZ,-0.0009765624999999985,10,0.9999999999999998,0.4,-0.5999999999999998,-0.0009765624999999983,-0.0003906249999999994,0.0005859374999999988,0.5999999999999998,0.0005859374999999988,"{""0001011011"": 1, ""0001100111"": 1, ""0110001100"": 1, ""0111111100"": 1, ""1000100000"": 1, ""1001001011"": 1, ""1010010111"": 1, ""1101110001"": 1, ""1110100000"": 1, ""1111111100"": 1}"
981,019e10ef-4435-7101-8a1c-a325c9dac571,10,81,ZYYZZIZXZI,IZXZIZZYYZ,-0.0009765624999999985,10,0.9999999999999998,0.4,-0.5999999999999998,-0.0009765624999999983,-0.0003906249999999994,0.0005859374999999988,0.5999999999999998,0.0005859374999999988,"{""0000100000"": 2, ""0001000000"": 1, ""0010100110"": 1, ""0100100111"": 1, ""1100000111"": 1, ""1101110001"": 1, ""1110110001"": 1, ""1110110111"": 1, ""1111001100"": 1}"
982,019e10ef-4435-7101-8a1c-a325c9dac571,10,82,ZYYZZIZYXY,YXYZIZZYYZ,0.0009765624999999985,10,-0.9999999999999998,-0.8,0.19999999999999973,-0.0009765624999999983,-0.0007812499999999989,0.00019531249999999941,0.19999999999999973,0.00019531249999999941,"{""0001111101"": 1, ""0011001000"": 1, ""0100110001"": 1, ""0100111011"": 1, ""0101000100"": 1, ""0111011001"": 1, ""0111100000"": 1, ""1011101101"": 1, ""1101101110"": 1, ""1110111110"": 1}"
983,019e10ef-4435-7101-8a1c-a325c9dac571,10,83,ZYYZZIZYYZ,ZYYZIZZYYZ,-0.0009765624999999985,10,0.9999999999999998,0.2,-0.7999999999999998,-0.0009765624999999983,-0.0001953124999999997,0.0007812499999999985,0.7999999999999998,0.0007812499999999985,"{""0000000101"": 1, ""0001110011"": 1, ""0010000110"": 1, ""0011010000"": 1, ""0100111111"": 1, ""0101100011"": 1, ""0111111001"": 1, ""1000110001"": 1, ""1001111001"": 1, ""1101110011"": 1}"
984,019e10ef-4435-7101-8a1c-a325c9dac571,10,84,ZYYZZZXIXZ,ZXIXZZZYYZ,-0.0009765624999999985,10,0.9999999999999998,0.6,-0.3999999999999998,-0.0009765624999999983,-0.0005859374999999991,0.00039062499999999915,0.3999999999999998,0.00039062499999999915,"{""0001000000"": 1, ""0001100011"": 1, ""0010101000"": 1, ""0101101011"": 1, ""0110001101"": 1, ""1011110110"": 1, ""1100000011"": 1, ""1110111000"": 1, ""1111001101"": 1, ""1111011000"": 1}"
985,019e10ef-4435-7101-8a1c-a325c9dac571,10,85,ZYYZZZXIYY,YYIXZZZYYZ,-0.0009765624999999985,10,0.9999999999999998,0.4,-0.5999999999999998,-0.0009765624999999983,-0.0003906249999999994,0.0005859374999999988,0.5999999999999998,0.0005859374999999988,"{""0001110101"": 1, ""0011010110"": 1, ""0101110101"": 1, ""0111011000"": 1, ""0111100001"": 1, ""1000111000"": 1, ""1001101011"": 1, ""1010011011"": 1, ""1011100000"": 1, ""1111010110"": 1}"
986,019e10ef-4435-7101-8a1c-a325c9dac571,10,86,ZYYZZZXZII,IIZXZZZYYZ,-0.0009765624999999985,10,0.9999999999999998,0.8,-0.19999999999999973,-0.0009765624999999983,-0.0007812499999999989,0.00019531249999999941,0.19999999999999973,0.00019531249999999941,"{""0101110001"": 1, ""1000110100"": 1, ""1000110111"": 1, ""1010010100"": 1, ""1010011000"": 1, ""1011101111"": 1, ""1100001101"": 1, ""1101111101"": 1, ""1111001111"": 1, ""1111010110"": 1}"
987,019e10ef-4435-7101-8a1c-a325c9dac571,10,87,ZYYZZZXZZX,XZZXZZZYYZ,-0.0009765624999999985,10,0.9999999999999998,0.6,-0.3999999999999998,-0.0009765624999999983,-0.0005859374999999991,0.00039062499999999915,0.3999999999999998,0.00039062499999999915,"{""0001111000"": 1, ""0010010100"": 1, ""0010101100"": 1, ""0010111011"": 1, ""0110001100"": 1, ""0110100011"": 1, ""1011111011"": 1, ""1101100011"": 1, ""1101101100"": 1, ""1111010100"": 1}"
988,019e10ef-4435-7101-8a1c-a325c9dac571,10,88,ZYYZZZYXXY,YXXYZZZYYZ,-0.0009765624999999985,10,0.9999999999999998,0.4,-0.5999999999999998,-0.0009765624999999983,-0.0003906249999999994,0.0005859374999999988,0.5999999999999998,0.0005859374999999988,"{""0000001100"": 1, ""0001111111"": 1, ""0010110010"": 1, ""1001010111"": 1, ""1001101010"": 1, ""1011110010"": 1, ""1100001100"": 1, ""1101110111"": 1, ""1111000000"": 1, ""1111100011"": 1}"
989,019e10ef-4435-7101-8a1c-a325c9dac571,10,89,ZYYZZZYXYZ,ZYXYZZZYYZ,0.0009765624999999985,10,-0.9999999999999998,-0.6,0.3999999999999998,-0.0009765624999999983,-0.0005859374999999991,0.00039062499999999915,0.3999999999999998,0.00039062499999999915,"{""0100111001"": 1, ""0101010110"": 1, ""0110000010"": 1, ""0110110110"": 1, ""0111100111"": 1, ""0111110011"": 1, ""1001000001"": 1, ""1001101000"": 1, ""1101101101"": 1, ""1101110000"": 1}"
990,019e10ef-4435-7101-8a1c-a325c9dac571,10,90,ZYYZZZYYIX,XIYYZZZYYZ,-0.0009765624999999985,10,0.9999999999999998,0.6,-0.3999999999999998,-0.0009765624999999983,-0.0005859374999999991,0.00039062499999999915,0.3999999999999998,0.00039062499999999915,"{""0001101100"": 1, ""0001111111"": 1, ""0010111000"": 1, ""0101100000"": 1, ""0111100000"": 1, ""1010000111"": 1, ""1011110011"": 1, ""1101110100"": 1, ""1111010011"": 1, ""1111100111"": 1}"
991,019e10ef-4435-7101-8a1c-a325c9dac571,10,91,ZYYZZZYYZI,IZYYZZZYYZ,-0.0009765624999999985,10,0.9999999999999998,0.2,-0.7999999999999998,-0.0009765624999999983,-0.0001953124999999997,0.0007812499999999985,0.7999999999999998,0.0007812499999999985,"{""0100110100"": 1, ""0101010100"": 1, ""0111100010"": 1, ""1000110011"": 1, ""1001011100"": 1, ""1001011111"": 1, ""1010001011"": 1, ""1011111111"": 1, ""1100001110"": 1, ""1100111000"": 1}"
992,019e10ef-4435-7101-8a1c-a325c9dac571,10,92,ZYZYIIIIII,IIIIIIYZYZ,-0.0009765624999999985,10,0.9999999999999998,0.8,-0.19999999999999973,-0.0009765624999999983,-0.0007812499999999989,0.00019531249999999941,0.19999999999999973,0.00019531249999999941,"{""0001100101"": 1, ""0110001101"": 1, ""1001000111"": 1, ""1001100000"": 1, ""1001111000"": 1, ""1010000000"": 1, ""1010100011"": 1, ""1100001000"": 1, ""1111000110"": 1, ""1111100011"": 1}"
993,019e10ef-4435-7101-8a1c-a325c9dac571,10,93,ZYZYIIIIZX,XZIIIIYZYZ,-0.0009765624999999985,10,0.9999999999999998,0.8,-0.19999999999999973,-0.0009765624999999983,-0.0007812499999999989,0.00019531249999999941,0.19999999999999973,0.00019531249999999941,"{""0110001111"": 1, ""0110010111"": 1, ""0110011111"": 1, ""0110111011"": 1, ""1001001010"": 1, ""1001101000"": 1, ""1001110000"": 1, ""1100001111"": 1, ""1100100111"": 1, ""1111110011"": 1}"
994,019e10ef-4435-7101-8a1c-a325c9dac571,10,94,ZYZYIIIZXZ,ZXZIIIYZYZ,-0.0009765624999999985,10,0.9999999999999998,0.8,-0.19999999999999973,-0.0009765624999999983,-0.0007812499999999989,0.00019531249999999941,0.19999999999999973,0.00019531249999999941,"{""0000110110"": 1, ""0101100000"": 1, ""0110101011"": 1, ""1001101011"": 1, ""1010100000"": 1, ""1010101011"": 1, ""1100000011"": 2, ""1100101101"": 1, ""1110001110"": 1}"
995,019e10ef-4435-7101-8a1c-a325c9dac571,10,95,ZYZYIIIZYY,YYZIIIYZYZ,-0.0009765624999999985,10,0.9999999999999998,0.6,-0.3999999999999998,-0.0009765624999999983,-0.0005859374999999991,0.00039062499999999915,0.3999999999999998,0.00039062499999999915,"{""0010001011"": 1, ""0011100110"": 1, ""0101001011"": 1, ""0101100000"": 1, ""0101111110"": 1, ""1001001001"": 1, ""1001101011"": 1, ""1010000101"": 1, ""1010001110"": 1, ""1100011101"": 1}"
996,019e10ef-4435-7101-8a1c-a325c9dac571,10,96,ZYZYIIZXIX,XIXZIIYZYZ,-0.0009765624999999985,10,0.9999999999999998,0.8,-0.19999999999999973,-0.0009765624999999983,-0.0007812499999999989,0.00019531249999999941,0.19999999999999973,0.00019531249999999941,"{""0000000111"": 1, ""0000001100"": 1, ""0001100000"": 1, ""0011001100"": 1, ""0011011011"": 1, ""0011100111"": 1, ""0011101011"": 1, ""0101011011"": 2, ""1100001100"": 1}"
997,019e10ef-4435-7101-8a1c-a325c9dac571,10,97,ZYZYIIZXZI,IZXZIIYZYZ,-0.0009765624999999985,10,0.9999999999999998,0.8,-0.19999999999999973,-0.0009765624999999983,-0.0007812499999999989,0.00019531249999999941,0.19999999999999973,0.00019531249999999941,"{""0000000000"": 1, ""0011010110"": 1, ""0101011101"": 1, ""1001101100"": 1, ""1010011011"": 1, ""1010110000"": 1, ""1100001101"": 1, ""1100011010"": 1, ""1100110000"": 1, ""1101111101"": 1}"
998,019e10ef-4435-7101-8a1c-a325c9dac571,10,98,ZYZYIIZYXY,YXYZIIYZYZ,0.0009765624999999985,10,-0.9999999999999998,-0.6,0.3999999999999998,-0.0009765624999999983,-0.0005859374999999991,0.00039062499999999915,0.3999999999999998,0.00039062499999999915,"{""0000000100"": 1, ""0000011011"": 1, ""0001011110"": 1, ""0011000001"": 1, ""0101000111"": 1, ""0110001101"": 1, ""0110010111"": 1, ""1010010001"": 1, ""1111100010"": 1, ""1111111100"": 1}"
999,019e10ef-4435-7101-8a1c-a325c9dac571,10,99,ZYZYIIZYYZ,ZYYZIIYZYZ,-0.0009765624999999985,10,0.9999999999999998,0.2,-0.7999999999999998,-0.0009765624999999983,-0.0001953124999999997,0.0007812499999999985,0.7999999999999998,0.0007812499999999985,"{""0000000101"": 1, ""0000001111"": 1, ""0000010001"": 1, ""0001001001"": 1, ""0011011111"": 1, ""0101111010"": 1, ""1001011100"": 1, ""1010111110"": 1, ""1110000101"": 1, ""1110110001"": 1}"
1000,019e10ef-4631-77d0-a951-cf8e16cb1d5e,11,0,ZYZYIZXIXZ,ZXIXZIYZYZ,-0.0009765624999999985,10,0.9999999999999998,0.6,-0.3999999999999998,-0.0009765624999999983,-0.0005859374999999991,0.00039062499999999915,0.3999999999999998,0.00039062499999999915,"{""0000001100"": 1, ""0000011000"": 1, ""0001110101"": 1, ""0011111011"": 1, ""0101001101"": 1, ""1001110101"": 1, ""1010010001"": 1, ""1010010101"": 1, ""1111001101"": 1, ""1111011011"": 1}"
1001,019e10ef-4631-77d0-a951-cf8e16cb1d5e,11,1,ZYZYIZXIYY,YYIXZIYZYZ,-0.0009765624999999985,10,0.9999999999999998,0.2,-0.7999999999999998,-0.0009765624999999983,-0.0001953124999999997,0.0007812499999999985,0.7999999999999998,0.0007812499999999985,"{""0011000000"": 1, ""0011101101"": 1, ""0101011001"": 1, ""1000111011"": 1, ""1001000010"": 1, ""1001010110"": 1, ""1001011011"": 1, ""1010001000"": 1, ""1010001001"": 1, ""1111001101"": 1}"
1002,019e10ef-4631-77d0-a951-cf8e16cb1d5e,11,2,ZYZYIZXZII,IIZXZIYZYZ,-0.0009765624999999985,10,0.9999999999999998,0.4,-0.5999999999999998,-0.0009765624999999983,-0.0003906249999999994,0.0005859374999999988,0.5999999999999998,0.0005859374999999988,"{""0010001110"": 1, ""0101010101"": 1, ""0101101111"": 1, ""0111101101"": 1, ""1010000001"": 1, ""1010001110"": 1, ""1100100100"": 1, ""1100101110"": 1, ""1111000000"": 1, ""1111111000"": 1}"
1003,019e10ef-4631-77d0-a951-cf8e16cb1d5e,11,3,ZYZYIZXZZX,XZZXZIYZYZ,-0.0009765624999999985,10,0.9999999999999998,0.8,-0.19999999999999973,-0.0009765624999999983,-0.0007812499999999989,0.00019531249999999941,0.19999999999999973,0.00019531249999999941,"{""0000100011"": 1, ""0011011111"": 1, ""0011110111"": 1, ""0101110111"": 1, ""0110001100"": 1, ""1001000000"": 1, ""1111010111"": 1, ""1111100011"": 1, ""1111110111"": 1, ""1111111011"": 1}"
1004,019e10ef-4631-77d0-a951-cf8e16cb1d5e,11,4,ZYZYIZYXXY,YXXYZIYZYZ,-0.0009765624999999985,10,0.9999999999999998,0.2,-0.7999999999999998,-0.0009765624999999983,-0.0001953124999999997,0.0007812499999999985,0.7999999999999998,0.0007812499999999985,"{""0000101110"": 1, ""0101101110"": 1, ""0110001100"": 1, ""0110100110"": 1, ""1000011000"": 1, ""1000110100"": 1, ""1001111110"": 1, ""1010010001"": 1, ""1010011101"": 1, ""1010111000"": 1}"
1005,019e10ef-4631-77d0-a951-cf8e16cb1d5e,11,5,ZYZYIZYXYZ,ZYXYZIYZYZ,0.0009765624999999985,10,-0.9999999999999998,-0.8,0.19999999999999973,-0.0009765624999999983,-0.0007812499999999989,0.00019531249999999941,0.19999999999999973,0.00019531249999999941,"{""0011010011"": 1, ""0011111001"": 1, ""0110010011"": 1, ""0110101101"": 1, ""0110110011"": 1, ""1001001000"": 1, ""1001001110"": 1, ""1001101011"": 1, ""1100101111"": 1, ""1100111111"": 1}"
1006,019e10ef-4631-77d0-a951-cf8e16cb1d5e,11,6,ZYZYIZYYIX,XIYYZIYZYZ,-0.0009765624999999985,10,0.9999999999999998,0.4,-0.5999999999999998,-0.0009765624999999983,-0.0003906249999999994,0.0005859374999999988,0.5999999999999998,0.0005859374999999988,"{""0000011111"": 1, ""0011101011"": 1, ""0100000111"": 1, ""0110000100"": 1, ""0111101011"": 1, ""1001110011"": 1, ""1001111000"": 1, ""1100001011"": 1, ""1111011111"": 1, ""1111111111"": 1}"
1007,019e10ef-4631-77d0-a951-cf8e16cb1d5e,11,7,ZYZYIZYYZI,IZYYZIYZYZ,-0.0009765624999999985,10,0.9999999999999998,0.4,-0.5999999999999998,-0.0009765624999999983,-0.0003906249999999994,0.0005859374999999988,0.5999999999999998,0.0005859374999999988,"{""0000110010"": 2, ""0001110101"": 1, ""0010111011"": 1, ""0100111111"": 1, ""1000010011"": 1, ""1001010011"": 1, ""1010011110"": 1, ""1100111001"": 1, ""1100111111"": 1}"
1008,019e10ef-4631-77d0-a951-cf8e16cb1d5e,11,8,ZYZYZXIXIX,XIXIXZYZYZ,-0.0009765624999999985,10,0.9999999999999998,0.8,-0.19999999999999973,-0.0009765624999999983,-0.0007812499999999989,0.00019531249999999941,0.19999999999999973,0.00019531249999999941,"{""0110011011"": 1, ""0110011100"": 1, ""1001000000"": 1, ""1001000111"": 1, ""1010101011"": 1, ""1010110000"": 1, ""1111000111"": 1, ""1111101100"": 1, ""1111110011"": 1, ""1111110111"": 1}"
1009,019e10ef-4631-77d0-a951-cf8e16cb1d5e,11,9,ZYZYZXIXZI,IZXIXZYZYZ,-0.0009765624999999985,10,0.9999999999999998,0.2,-0.7999999999999998,-0.0009765624999999983,-0.0001953124999999997,0.0007812499999999985,0.7999999999999998,0.0007812499999999985,"{""0000101101"": 1, ""0011011101"": 1, ""0011110000"": 1, ""0101101010"": 1, ""0110101010"": 1, ""0111000000"": 1, ""1001000000"": 1, ""1011110110"": 1, ""1101011011"": 1, ""1110000000"": 1}"
1010,019e10ef-4631-77d0-a951-cf8e16cb1d5e,11,10,ZYZYZXIYXY,YXYIXZYZYZ,0.0009765624999999985,10,-0.9999999999999998,-0.4,0.5999999999999998,-0.0009765624999999983,-0.0003906249999999994,0.0005859374999999988,0.5999999999999998,0.0005859374999999988,"{""0011011110"": 1, ""0011101000"": 1, ""0011101011"": 1, ""0111000111"": 1, ""1000110100"": 1, ""1010101101"": 1, ""1010101110"": 1, ""1111000100"": 1, ""1111011001"": 1, ""1111110111"": 1}"
1011,019e10ef-4631-77d0-a951-cf8e16cb1d5e,11,11,ZYZYZXIYYZ,ZYYIXZYZYZ,-0.0009765624999999985,10,0.9999999999999998,0.2,-0.7999999999999998,-0.0009765624999999983,-0.0001953124999999997,0.0007812499999999985,0.7999999999999998,0.0007812499999999985,"{""0000001010"": 1, ""0010011010"": 1, ""0011000110"": 1, ""0011110000"": 1, ""0110011001"": 1, ""1001000101"": 1, ""1010000011"": 1, ""1010000101"": 1, ""1111011000"": 1, ""1111101110"": 1}"
1012,019e10ef-4631-77d0-a951-cf8e16cb1d5e,11,12,ZYZYZXZIII,IIIZXZYZYZ,-0.0009765624999999985,10,0.9999999999999998,1.0,2.220446049250313e-16,-0.0009765624999999983,-0.0009765624999999985,-2.168404344971009e-19,2.220446049250313e-16,2.168404344971009e-19,"{""0000110100"": 1, ""0011101001"": 1, ""0011110001"": 1, ""0101110110"": 1, ""0110000110"": 1, ""0110110001"": 1, ""1001011000"": 2, ""1100110100"": 1, ""1111011011"": 1}"
1013,019e10ef-4631-77d0-a951-cf8e16cb1d5e,11,13,ZYZYZXZIZX,XZIZXZYZYZ,-0.0009765624999999985,10,0.9999999999999998,0.2,-0.7999999999999998,-0.0009765624999999983,-0.0001953124999999997,0.0007812499999999985,0.7999999999999998,0.0007812499999999985,"{""0000101100"": 1, ""0010010011"": 1, ""0011110100"": 1, ""0110100000"": 1, ""0110101011"": 1, ""1000000000"": 1, ""1001001000"": 1, ""1100110100"": 1, ""1101011111"": 1, ""1111000111"": 1}"
1014,019e10ef-4631-77d0-a951-cf8e16cb1d5e,11,14,ZYZYZXZZXZ,ZXZZXZYZYZ,-0.0009765624999999985,10,0.9999999999999998,0.4,-0.5999999999999998,-0.0009765624999999983,-0.0003906249999999994,0.0005859374999999988,0.5999999999999998,0.0005859374999999988,"{""0000000011"": 1, ""0000011011"": 1, ""0000101000"": 1, ""0010011010"": 1, ""0011101100"": 1, ""0110011101"": 1, ""1001101000"": 1, ""1001110110"": 1, ""1010000010"": 1, ""1101110000"": 1}"
1015,019e10ef-4631-77d0-a951-cf8e16cb1d5e,11,15,ZYZYZXZZYY,YYZZXZYZYZ,-0.0009765624999999985,10,0.9999999999999998,0.8,-0.19999999999999973,-0.0009765624999999983,-0.0007812499999999989,0.00019531249999999941,0.19999999999999973,0.00019531249999999941,"{""0010110101"": 1, ""0011011011"": 1, ""0011101011"": 1, ""0011110011"": 1, ""0101000011"": 1, ""0110101110"": 1, ""1010011110"": 1, ""1010110000"": 1, ""1011110111"": 1, ""1111110000"": 1}"
1016,019e10ef-4631-77d0-a951-cf8e16cb1d5e,11,16,ZYZYZYXXXY,YXXXYZYZYZ,0.0009765624999999985,10,-0.9999999999999998,-0.2,0.7999999999999998,-0.0009765624999999983,-0.0001953124999999997,0.0007812499999999985,0.7999999999999998,0.0007812499999999985,"{""0000011100"": 1, ""0101001011"": 1, ""0101101010"": 1, ""0110010010"": 1, ""1001000000"": 1, ""1001011111"": 1, ""1100101000"": 1, ""1100111101"": 1, ""1101001101"": 1, ""1111110100"": 1}"
1017,019e10ef-4631-77d0-a951-cf8e16cb1d5e,11,17,ZYZYZYXXYZ,ZYXXYZYZYZ,-0.0009765624999999985,10,0.9999999999999998,0.0,-0.9999999999999998,-0.0009765624999999983,-0.0,0.0009765624999999983,0.9999999999999998,0.0009765624999999983,"{""0000101101"": 1, ""0101111000"": 1, ""0101111100"": 1, ""0110011011"": 1, ""1000000010"": 1, ""1000010111"": 1, ""1001111110"": 1, ""1010100100"": 1, ""1111001011"": 1, ""1111111000"": 1}"
1018,019e10ef-4631-77d0-a951-cf8e16cb1d5e,11,18,ZYZYZYXYIX,XIYXYZYZYZ,0.0009765624999999985,10,-0.9999999999999998,-0.6,0.3999999999999998,-0.0009765624999999983,-0.0005859374999999991,0.00039062499999999915,0.3999999999999998,0.00039062499999999915,"{""0000100000"": 1, ""0000110000"": 1, ""0101001111"": 1, ""0110011100"": 1, ""0110111000"": 1, ""0111001000"": 1, ""1001001000"": 1, ""1001001111"": 1, ""1100011011"": 1, ""1100111111"": 1}"
1019,019e10ef-4631-77d0-a951-cf8e16cb1d5e,11,19,ZYZYZYXYZI,IZYXYZYZYZ,0.0009765624999999985,10,-0.9999999999999998,-0.8,0.19999999999999973,-0.0009765624999999983,-0.0007812499999999989,0.00019531249999999941,0.19999999999999973,0.00019531249999999941,"{""0000001001"": 1, ""0000010111"": 1, ""0100111111"": 1, ""0101001000"": 1, ""0101111000"": 1, ""0110001111"": 1, ""1001111001"": 1, ""1010011010"": 1, ""1010101100"": 1, ""1111010110"": 1}"
1020,019e10ef-4631-77d0-a951-cf8e16cb1d5e,11,20,ZYZYZYYIXZ,ZXIYYZYZYZ,-0.0009765624999999985,10,0.9999999999999998,0.4,-0.5999999999999998,-0.0009765624999999983,-0.0003906249999999994,0.0005859374999999988,0.5999999999999998,0.0005859374999999988,"{""0000010101"": 1, ""0000110110"": 1, ""0101100101"": 1, ""0101101000"": 1, ""0101111101"": 1, ""0110001000"": 1, ""1001010010"": 1, ""1001101011"": 1, ""1100001000"": 1, ""1111001010"": 1}"
1021,019e10ef-4631-77d0-a951-cf8e16cb1d5e,11,21,ZYZYZYYIYY,YYIYYZYZYZ,-0.0009765624999999985,10,0.9999999999999998,1.0,2.220446049250313e-16,-0.0009765624999999983,-0.0009765624999999985,-2.168404344971009e-19,2.220446049250313e-16,2.168404344971009e-19,"{""0000101000"": 1, ""0011111110"": 1, ""0110000011"": 1, ""1001011011"": 1, ""1001101000"": 1, ""1010110000"": 1, ""1100010110"": 1, ""1111010101"": 1, ""1111110000"": 1, ""1111111110"": 1}"
1022,019e10ef-4631-77d0-a951-cf8e16cb1d5e,11,22,ZYZYZYYZII,IIZYYZYZYZ,-0.0009765624999999985,10,0.9999999999999998,0.6,-0.3999999999999998,-0.0009765624999999983,-0.0005859374999999991,0.00039062499999999915,0.3999999999999998,0.00039062499999999915,"{""0000010110"": 1, ""0011011001"": 1, ""0011110000"": 1, ""0101001110"": 1, ""0101111111"": 1, ""1000000011"": 1, ""1001110010"": 1, ""1010100100"": 1, ""1100101111"": 1, ""1111111100"": 1}"
1023,019e10ef-4631-77d0-a951-cf8e16cb1d5e,11,23,ZYZYZYYZZX,XZZYYZYZYZ,-0.0009765624999999985,10,0.9999999999999998,0.8,-0.19999999999999973,-0.0009765624999999983,-0.0007812499999999989,0.00019531249999999941,0.19999999999999973,0.00019531249999999941,"{""0000010100"": 1, ""0000110011"": 1, ""0011011011"": 1, ""0011111111"": 1, ""0110101011"": 1, ""1100011011"": 1, ""1100100011"": 1, ""1100100111"": 1, ""1100111100"": 1, ""1111111100"": 1}"
