term_index,job_id,batch_index,circuit_index_in_job,pauli_label_qiskit_order,pauli_label_circuit_order,coefficient_real,shots,ideal_expectation_value,measured_expectation_value,expectation_error,ideal_contribution,measured_contribution,contribution_error,abs_expectation_error,abs_contribution_error,counts_json
0,019e10f6-301b-75a0-b01e-39a6d6490cfb,1,0,IIIIIIIIIII,IIIIIIIIIII,0.49951171875000244,10,0.9999999999999998,1.0,2.220446049250313e-16,0.49951171875000233,0.49951171875000244,1.1102230246251565e-16,2.220446049250313e-16,1.1102230246251565e-16,"{""00111010100"": 1, ""00111100011"": 1, ""01000100101"": 1, ""01010000100"": 1, ""01011010001"": 1, ""11001100001"": 1, ""11100110011"": 1, ""11110010100"": 1, ""11110111001"": 1, ""11111010011"": 1}"
1,019e10f6-301b-75a0-b01e-39a6d6490cfb,1,1,IIIIIIIIIZX,XZIIIIIIIII,-0.00048828124999999913,10,0.9999999999999999,0.6,-0.3999999999999999,-0.0004882812499999991,-0.00029296874999999945,0.00019531249999999963,0.3999999999999999,0.00019531249999999963,"{""00001010101"": 1, ""00001011011"": 1, ""00010111111"": 1, ""00100111101"": 1, ""00101100000"": 1, ""01010011011"": 1, ""01011010000"": 1, ""10001010100"": 1, ""10010111100"": 1, ""10100100000"": 1}"
2,019e10f6-301b-75a0-b01e-39a6d6490cfb,1,2,IIIIIIIIZXZ,ZXZIIIIIIII,-0.00048828124999999913,10,0.9999999999999999,1.0,1.1102230246251565e-16,-0.0004882812499999991,-0.00048828124999999913,-5.421010862427522e-20,1.1102230246251565e-16,5.421010862427522e-20,"{""00001001110"": 1, ""00011100000"": 1, ""00111010000"": 1, ""01000100000"": 1, ""01001001101"": 1, ""01101000101"": 1, ""10001011000"": 1, ""10001111101"": 1, ""11000110011"": 1, ""11100101110"": 1}"
3,019e10f6-301b-75a0-b01e-39a6d6490cfb,1,3,IIIIIIIIZYY,YYZIIIIIIII,-0.00048828124999999913,10,0.9999999999999999,0.8,-0.19999999999999984,-0.0004882812499999991,-0.0003906249999999993,9.765624999999976e-05,0.19999999999999984,9.765624999999976e-05,"{""00110100000"": 1, ""01110011101"": 1, ""01111100110"": 1, ""10000000001"": 1, ""10000001011"": 1, ""10001000000"": 1, ""10100000011"": 1, ""11000001101"": 1, ""11001010000"": 1, ""11100001011"": 1}"
4,019e10f6-301b-75a0-b01e-39a6d6490cfb,1,4,IIIIIIIZXIX,XIXZIIIIIII,-0.00048828124999999913,10,0.9999999999999999,0.6,-0.3999999999999999,-0.0004882812499999991,-0.00029296874999999945,0.00019531249999999963,0.3999999999999999,0.00019531249999999963,"{""00011011111"": 1, ""00100011011"": 1, ""00101001100"": 1, ""00111110111"": 1, ""01000100000"": 1, ""10000101100"": 1, ""10000111011"": 1, ""10010010100"": 1, ""11000010111"": 1, ""11001110111"": 1}"
5,019e10f6-301b-75a0-b01e-39a6d6490cfb,1,5,IIIIIIIZXZI,IZXZIIIIIII,-0.00048828124999999913,10,0.9999999999999999,1.0,1.1102230246251565e-16,-0.0004882812499999991,-0.00048828124999999913,-5.421010862427522e-20,1.1102230246251565e-16,5.421010862427522e-20,"{""00100000111"": 1, ""00101111011"": 1, ""01101111010"": 1, ""10010000000"": 1, ""10111110111"": 1, ""11000101100"": 1, ""11001010110"": 1, ""11001011100"": 1, ""11101110111"": 1, ""11110111011"": 1}"
6,019e10f6-301b-75a0-b01e-39a6d6490cfb,1,6,IIIIIIIZYXY,YXYZIIIIIII,0.00048828124999999913,10,-0.9999999999999999,-1.0,-1.1102230246251565e-16,-0.0004882812499999991,-0.00048828124999999913,-5.421010862427522e-20,1.1102230246251565e-16,5.421010862427522e-20,"{""00000111101"": 1, ""00001110100"": 1, ""01000100100"": 1, ""01011111011"": 1, ""10001000100"": 1, ""10001111000"": 1, ""10011110111"": 1, ""10110011110"": 2, ""11000111000"": 1}"
7,019e10f6-301b-75a0-b01e-39a6d6490cfb,1,7,IIIIIIIZYYZ,ZYYZIIIIIII,-0.00048828124999999913,10,0.9999999999999999,0.8,-0.19999999999999984,-0.0004882812499999991,-0.0003906249999999993,9.765624999999976e-05,0.19999999999999984,9.765624999999976e-05,"{""00100110101"": 1, ""00110001001"": 1, ""01010011001"": 1, ""01010110101"": 1, ""10001110011"": 1, ""10110111010"": 1, ""11011001111"": 1, ""11100000011"": 1, ""11101001001"": 1, ""11111001101"": 1}"
8,019e10f6-301b-75a0-b01e-39a6d6490cfb,1,8,IIIIIIZXIXZ,ZXIXZIIIIII,-0.00048828124999999913,10,0.9999999999999999,0.8,-0.19999999999999984,-0.0004882812499999991,-0.0003906249999999993,9.765624999999976e-05,0.19999999999999984,9.765624999999976e-05,"{""00001100011"": 1, ""00011000000"": 1, ""00101000000"": 1, ""00101011000"": 1, ""10001001101"": 1, ""10011010101"": 1, ""10100100011"": 1, ""11011000011"": 1, ""11011110101"": 1, ""11111000101"": 1}"
9,019e10f6-301b-75a0-b01e-39a6d6490cfb,1,9,IIIIIIZXIYY,YYIXZIIIIII,-0.00048828124999999913,10,0.9999999999999999,0.6,-0.3999999999999999,-0.0004882812499999991,-0.00029296874999999945,0.00019531249999999963,0.3999999999999999,0.00019531249999999963,"{""00001010101"": 1, ""00001110110"": 1, ""00011000010"": 1, ""00111101101"": 1, ""01101010101"": 1, ""01110000011"": 1, ""10000010110"": 1, ""11100011001"": 1, ""11110100000"": 1, ""11111111000"": 1}"
10,019e10f6-301b-75a0-b01e-39a6d6490cfb,1,10,IIIIIIZXZII,IIZXZIIIIII,-0.00048828124999999913,10,0.9999999999999999,1.0,1.1102230246251565e-16,-0.0004882812499999991,-0.00048828124999999913,-5.421010862427522e-20,1.1102230246251565e-16,5.421010862427522e-20,"{""00010001110"": 1, ""00110110111"": 1, ""01010001111"": 1, ""01010011010"": 1, ""10001101110"": 2, ""10011001100"": 1, ""10100101111"": 1, ""10110011000"": 1, ""10110011011"": 1}"
11,019e10f6-301b-75a0-b01e-39a6d6490cfb,1,11,IIIIIIZXZZX,XZZXZIIIIII,-0.00048828124999999913,10,0.9999999999999999,0.6,-0.3999999999999999,-0.0004882812499999991,-0.00029296874999999945,0.00019531249999999963,0.3999999999999999,0.00019531249999999963,"{""01001000011"": 1, ""01011111011"": 1, ""01100101011"": 1, ""01110100011"": 1, ""01111100000"": 1, ""10000011000"": 1, ""10111101101"": 1, ""11010100000"": 1, ""11010101100"": 1, ""11111000011"": 1}"
12,019e10f6-301b-75a0-b01e-39a6d6490cfb,1,12,IIIIIIZYXXY,YXXYZIIIIII,-0.00048828124999999913,10,0.9999999999999999,1.0,1.1102230246251565e-16,-0.0004882812499999991,-0.00048828124999999913,-5.421010862427522e-20,1.1102230246251565e-16,5.421010862427522e-20,"{""00001100101"": 1, ""00001101111"": 1, ""00101110100"": 1, ""01010011110"": 1, ""01110011000"": 1, ""10000010100"": 1, ""10101110010"": 1, ""11011001100"": 1, ""11100111011"": 1, ""11111100000"": 1}"
13,019e10f6-301b-75a0-b01e-39a6d6490cfb,1,13,IIIIIIZYXYZ,ZYXYZIIIIII,0.00048828124999999913,10,-0.9999999999999999,-1.0,-1.1102230246251565e-16,-0.0004882812499999991,-0.00048828124999999913,-5.421010862427522e-20,1.1102230246251565e-16,5.421010862427522e-20,"{""00000010011"": 1, ""00010000111"": 1, ""01111100001"": 1, ""10001000100"": 1, ""10010010011"": 1, ""10010111001"": 1, ""11100110101"": 1, ""11110001011"": 1, ""11110110000"": 1, ""11111100001"": 1}"
14,019e10f6-301b-75a0-b01e-39a6d6490cfb,1,14,IIIIIIZYYIX,XIYYZIIIIII,-0.00048828124999999913,10,0.9999999999999999,1.0,1.1102230246251565e-16,-0.0004882812499999991,-0.00048828124999999913,-5.421010862427522e-20,1.1102230246251565e-16,5.421010862427522e-20,"{""00000000000"": 1, ""00011001011"": 1, ""00101111000"": 1, ""01001101011"": 1, ""01011001011"": 1, ""01100001011"": 1, ""10001001011"": 1, ""10011001100"": 1, ""10011010100"": 1, ""11000001011"": 1}"
15,019e10f6-301b-75a0-b01e-39a6d6490cfb,1,15,IIIIIIZYYZI,IZYYZIIIIII,-0.00048828124999999913,10,0.9999999999999999,1.0,1.1102230246251565e-16,-0.0004882812499999991,-0.00048828124999999913,-5.421010862427522e-20,1.1102230246251565e-16,5.421010862427522e-20,"{""00110101011"": 1, ""10001011111"": 1, ""10010001101"": 1, ""10010011111"": 1, ""10100100000"": 1, ""10101011110"": 1, ""10110010011"": 1, ""11010010010"": 1, ""11101100001"": 1, ""11110010101"": 1}"
16,019e10f6-301b-75a0-b01e-39a6d6490cfb,1,16,IIIIIZXIXIX,XIXIXZIIIII,-0.00048828124999999913,10,0.9999999999999999,0.6,-0.3999999999999999,-0.0004882812499999991,-0.00029296874999999945,0.00019531249999999963,0.3999999999999999,0.00019531249999999963,"{""00000110000"": 1, ""00001000111"": 1, ""01101011011"": 1, ""10100000111"": 1, ""10100011111"": 1, ""10101110101"": 1, ""10101110111"": 1, ""10111101011"": 1, ""11110011111"": 1, ""11111000000"": 1}"
17,019e10f6-301b-75a0-b01e-39a6d6490cfb,1,17,IIIIIZXIXZI,IZXIXZIIIII,-0.00048828124999999913,10,0.9999999999999999,0.8,-0.19999999999999984,-0.0004882812499999991,-0.0003906249999999993,9.765624999999976e-05,0.19999999999999984,9.765624999999976e-05,"{""00000110111"": 1, ""00001011100"": 1, ""00001110111"": 1, ""00110000110"": 1, ""01100101101"": 1, ""01101110110"": 1, ""10000011011"": 1, ""10001011011"": 1, ""10110010110"": 1, ""11101000111"": 1}"
18,019e10f6-301b-75a0-b01e-39a6d6490cfb,1,18,IIIIIZXIYXY,YXYIXZIIIII,0.00048828124999999913,10,-0.9999999999999999,-0.8,0.19999999999999984,-0.0004882812499999991,-0.0003906249999999993,9.765624999999976e-05,0.19999999999999984,9.765624999999976e-05,"{""00111011011"": 1, ""01001000001"": 1, ""01001101011"": 1, ""10010011110"": 1, ""10010101000"": 1, ""10100011101"": 1, ""11001000001"": 1, ""11001000111"": 1, ""11010011000"": 1, ""11110000000"": 1}"
19,019e10f6-301b-75a0-b01e-39a6d6490cfb,1,19,IIIIIZXIYYZ,ZYYIXZIIIII,-0.00048828124999999913,10,0.9999999999999999,1.0,1.1102230246251565e-16,-0.0004882812499999991,-0.00048828124999999913,-5.421010862427522e-20,1.1102230246251565e-16,5.421010862427522e-20,"{""00000011010"": 1, ""00000101010"": 1, ""00011101001"": 1, ""00111101111"": 1, ""01100110011"": 1, ""01101101111"": 1, ""10001011100"": 1, ""10100110000"": 1, ""11000011010"": 1, ""11011011100"": 1}"
20,019e10f6-301b-75a0-b01e-39a6d6490cfb,1,20,IIIIIZXZIII,IIIZXZIIIII,-0.00048828124999999913,10,0.9999999999999999,0.8,-0.19999999999999984,-0.0004882812499999991,-0.0003906249999999993,9.765624999999976e-05,0.19999999999999984,9.765624999999976e-05,"{""00000101110"": 1, ""00011011101"": 1, ""01000110000"": 1, ""01100110010"": 1, ""01111110110"": 1, ""10010101111"": 1, ""10101011000"": 1, ""11000101011"": 1, ""11100111001"": 1, ""11101110111"": 1}"
21,019e10f6-301b-75a0-b01e-39a6d6490cfb,1,21,IIIIIZXZIZX,XZIZXZIIIII,-0.00048828124999999913,10,0.9999999999999999,0.6,-0.3999999999999999,-0.0004882812499999991,-0.00029296874999999945,0.00019531249999999963,0.3999999999999999,0.00019531249999999963,"{""00000101111"": 1, ""00100110100"": 1, ""00110010011"": 1, ""00111011100"": 1, ""10011011000"": 1, ""10011101111"": 1, ""11000011111"": 1, ""11101000111"": 1, ""11101001011"": 1, ""11111011100"": 1}"
22,019e10f6-301b-75a0-b01e-39a6d6490cfb,1,22,IIIIIZXZZXZ,ZXZZXZIIIII,-0.00048828124999999913,10,0.9999999999999999,0.6,-0.3999999999999999,-0.0004882812499999991,-0.00029296874999999945,0.00019531249999999963,0.3999999999999999,0.00019531249999999963,"{""00000110110"": 1, ""00011000011"": 1, ""00110011000"": 1, ""01000000011"": 1, ""01010000011"": 1, ""01111011110"": 1, ""10011100000"": 1, ""10110010011"": 1, ""10111000110"": 1, ""11100000101"": 1}"
23,019e10f6-301b-75a0-b01e-39a6d6490cfb,1,23,IIIIIZXZZYY,YYZZXZIIIII,-0.00048828124999999913,10,0.9999999999999999,0.6,-0.3999999999999999,-0.0004882812499999991,-0.00029296874999999945,0.00019531249999999963,0.3999999999999999,0.00019531249999999963,"{""00000011001"": 1, ""00000011110"": 1, ""00010001000"": 1, ""00111011011"": 1, ""01011101000"": 1, ""01101000000"": 1, ""01101011101"": 1, ""10010101011"": 1, ""11101110110"": 1, ""11111110000"": 1}"
24,019e10f6-301b-75a0-b01e-39a6d6490cfb,1,24,IIIIIZYXXXY,YXXXYZIIIII,0.00048828124999999913,10,-0.9999999999999999,-0.6,0.3999999999999999,-0.0004882812499999991,-0.00029296874999999945,0.00019531249999999963,0.3999999999999999,0.00019531249999999963,"{""00011000101"": 1, ""01000010000"": 1, ""01100001101"": 1, ""01101011010"": 1, ""10000011111"": 1, ""10001001110"": 1, ""10100111000"": 1, ""10101001011"": 1, ""10110101011"": 1, ""11101111011"": 1}"
25,019e10f6-301b-75a0-b01e-39a6d6490cfb,1,25,IIIIIZYXXYZ,ZYXXYZIIIII,-0.00048828124999999913,10,0.9999999999999999,0.6,-0.3999999999999999,-0.0004882812499999991,-0.00029296874999999945,0.00019531249999999963,0.3999999999999999,0.00019531249999999963,"{""00001001000"": 1, ""00011101011"": 1, ""00101100010"": 1, ""00110001100"": 1, ""01011111010"": 1, ""01100111000"": 1, ""01100111111"": 1, ""01101001010"": 1, ""10011111111"": 1, ""11100100001"": 1}"
26,019e10f6-301b-75a0-b01e-39a6d6490cfb,1,26,IIIIIZYXYIX,XIYXYZIIIII,0.00048828124999999913,10,-0.9999999999999999,-1.0,-1.1102230246251565e-16,-0.0004882812499999991,-0.00048828124999999913,-5.421010862427522e-20,1.1102230246251565e-16,5.421010862427522e-20,"{""00010100111"": 1, ""00100100000"": 1, ""00101100111"": 1, ""01101011011"": 1, ""01110100000"": 1, ""01111011011"": 1, ""11010001000"": 1, ""11011110011"": 1, ""11110000100"": 1, ""11110101011"": 1}"
27,019e10f6-301b-75a0-b01e-39a6d6490cfb,1,27,IIIIIZYXYZI,IZYXYZIIIII,0.00048828124999999913,10,-0.9999999999999999,-1.0,-1.1102230246251565e-16,-0.0004882812499999991,-0.00048828124999999913,-5.421010862427522e-20,1.1102230246251565e-16,5.421010862427522e-20,"{""00001001001"": 1, ""00010110010"": 1, ""01100111110"": 1, ""01110000011"": 1, ""10000100110"": 1, ""10011000011"": 1, ""10110100111"": 1, ""11010101100"": 1, ""11101001000"": 1, ""11111010111"": 1}"
28,019e10f6-301b-75a0-b01e-39a6d6490cfb,1,28,IIIIIZYYIXZ,ZXIYYZIIIII,-0.00048828124999999913,10,0.9999999999999999,1.0,1.1102230246251565e-16,-0.0004882812499999991,-0.00048828124999999913,-5.421010862427522e-20,1.1102230246251565e-16,5.421010862427522e-20,"{""00100011000"": 1, ""00101011011"": 1, ""00110011000"": 1, ""00111111110"": 1, ""01110001110"": 1, ""01110100101"": 1, ""10011100110"": 1, ""11001011000"": 1, ""11001110000"": 1, ""11010111101"": 1}"
29,019e10f6-301b-75a0-b01e-39a6d6490cfb,1,29,IIIIIZYYIYY,YYIYYZIIIII,-0.00048828124999999913,10,0.9999999999999999,0.6,-0.3999999999999999,-0.0004882812499999991,-0.00029296874999999945,0.00019531249999999963,0.3999999999999999,0.00019531249999999963,"{""00000010110"": 1, ""00001110000"": 1, ""00011001101"": 1, ""00100011011"": 1, ""00110001011"": 1, ""01100010010"": 1, ""10010001000"": 1, ""10010100110"": 1, ""11110100110"": 1, ""11110111110"": 1}"
30,019e10f6-301b-75a0-b01e-39a6d6490cfb,1,30,IIIIIZYYZII,IIZYYZIIIII,-0.00048828124999999913,10,0.9999999999999999,0.8,-0.19999999999999984,-0.0004882812499999991,-0.0003906249999999993,9.765624999999976e-05,0.19999999999999984,9.765624999999976e-05,"{""00001101001"": 1, ""00011000001"": 1, ""00100001110"": 1, ""01000101010"": 1, ""01001111111"": 1, ""10000011000"": 1, ""10100011010"": 1, ""10100101100"": 1, ""10111010111"": 1, ""11101000001"": 1}"
31,019e10f6-301b-75a0-b01e-39a6d6490cfb,1,31,IIIIIZYYZZX,XZZYYZIIIII,-0.00048828124999999913,10,0.9999999999999999,0.6,-0.3999999999999999,-0.0004882812499999991,-0.00029296874999999945,0.00019531249999999963,0.3999999999999999,0.00019531249999999963,"{""00000001111"": 1, ""00000010011"": 1, ""00110100100"": 1, ""01001111111"": 1, ""01011100100"": 1, ""01101010111"": 1, ""10111000011"": 1, ""11100011011"": 1, ""11110000111"": 1, ""11111000011"": 1}"
32,019e10f6-301b-75a0-b01e-39a6d6490cfb,1,32,IIIIZXIXIXZ,ZXIXIXZIIII,-0.00048828124999999913,10,0.9999999999999999,0.8,-0.19999999999999984,-0.0004882812499999991,-0.0003906249999999993,9.765624999999976e-05,0.19999999999999984,9.765624999999976e-05,"{""00110110110"": 1, ""00111101110"": 1, ""01001100001"": 1, ""01100111000"": 1, ""01111010110"": 1, ""10001010101"": 1, ""10010000000"": 1, ""10100001110"": 1, ""11011010110"": 1, ""11101100011"": 1}"
33,019e10f6-301b-75a0-b01e-39a6d6490cfb,1,33,IIIIZXIXIYY,YYIXIXZIIII,-0.00048828124999999913,10,0.9999999999999999,0.8,-0.19999999999999984,-0.0004882812499999991,-0.0003906249999999993,9.765624999999976e-05,0.19999999999999984,9.765624999999976e-05,"{""00011011000"": 1, ""01101010110"": 1, ""10001010101"": 1, ""10111101110"": 1, ""11000110110"": 1, ""11010010110"": 1, ""11100000011"": 1, ""11100111011"": 1, ""11101101101"": 1, ""11110111011"": 1}"
34,019e10f6-301b-75a0-b01e-39a6d6490cfb,1,34,IIIIZXIXZII,IIZXIXZIIII,-0.00048828124999999913,10,0.9999999999999999,1.0,1.1102230246251565e-16,-0.0004882812499999991,-0.00048828124999999913,-5.421010862427522e-20,1.1102230246251565e-16,5.421010862427522e-20,"{""00100001100"": 1, ""00110111010"": 1, ""01000111001"": 1, ""01011100000"": 1, ""01100001111"": 1, ""10010000001"": 1, ""10010111011"": 1, ""10101101110"": 1, ""10111010111"": 1, ""11111101100"": 1}"
35,019e10f6-301b-75a0-b01e-39a6d6490cfb,1,35,IIIIZXIXZZX,XZZXIXZIIII,-0.00048828124999999913,10,0.9999999999999999,1.0,1.1102230246251565e-16,-0.0004882812499999991,-0.00048828124999999913,-5.421010862427522e-20,1.1102230246251565e-16,5.421010862427522e-20,"{""00001010111"": 1, ""00010000000"": 1, ""00011010100"": 1, ""00101011011"": 1, ""00101100011"": 1, ""01000111000"": 1, ""01001100011"": 1, ""01011101111"": 1, ""01100000000"": 1, ""11010001100"": 1}"
36,019e10f6-301b-75a0-b01e-39a6d6490cfb,1,36,IIIIZXIYXXY,YXXYIXZIIII,-0.00048828124999999913,10,0.9999999999999999,0.8,-0.19999999999999984,-0.0004882812499999991,-0.0003906249999999993,9.765624999999976e-05,0.19999999999999984,9.765624999999976e-05,"{""00001011110"": 1, ""00011011000"": 1, ""01000001111"": 1, ""01010001001"": 1, ""01010001010"": 1, ""01011010001"": 1, ""10100001010"": 1, ""10101011101"": 1, ""11100110010"": 1, ""11110011011"": 1}"
37,019e10f6-301b-75a0-b01e-39a6d6490cfb,1,37,IIIIZXIYXYZ,ZYXYIXZIIII,0.00048828124999999913,10,-0.9999999999999999,-1.0,-1.1102230246251565e-16,-0.0004882812499999991,-0.00048828124999999913,-5.421010862427522e-20,1.1102230246251565e-16,5.421010862427522e-20,"{""00000111001"": 1, ""00011010000"": 1, ""00100001101"": 1, ""01001100010"": 1, ""01010111001"": 1, ""01011100001"": 1, ""01100110000"": 1, ""10001010000"": 1, ""10001011111"": 1, ""11001011001"": 1}"
38,019e10f6-301b-75a0-b01e-39a6d6490cfb,1,38,IIIIZXIYYIX,XIYYIXZIIII,-0.00048828124999999913,10,0.9999999999999999,0.6,-0.3999999999999999,-0.0004882812499999991,-0.00029296874999999945,0.00019531249999999963,0.3999999999999999,0.00019531249999999963,"{""00010111111"": 1, ""00100101100"": 1, ""00100111001"": 1, ""00110110011"": 1, ""01001010011"": 1, ""01001100000"": 1, ""01111100111"": 1, ""11100001011"": 1, ""11101010011"": 1, ""11111010100"": 1}"
39,019e10f6-301b-75a0-b01e-39a6d6490cfb,1,39,IIIIZXIYYZI,IZYYIXZIIII,-0.00048828124999999913,10,0.9999999999999999,1.0,1.1102230246251565e-16,-0.0004882812499999991,-0.00048828124999999913,-5.421010862427522e-20,1.1102230246251565e-16,5.421010862427522e-20,"{""00011101100"": 1, ""01101010101"": 1, ""01110111000"": 1, ""01111010010"": 1, ""10001011110"": 1, ""10011100111"": 1, ""10100110101"": 1, ""10111100111"": 1, ""11100001011"": 1, ""11100110010"": 1}"
40,019e10f6-301b-75a0-b01e-39a6d6490cfb,1,40,IIIIZXZIIII,IIIIZXZIIII,-0.00048828124999999913,10,0.9999999999999999,1.0,1.1102230246251565e-16,-0.0004882812499999991,-0.00048828124999999913,-5.421010862427522e-20,1.1102230246251565e-16,5.421010862427522e-20,"{""00001100110"": 1, ""00010111110"": 1, ""00011010011"": 1, ""01011101011"": 1, ""01100000010"": 1, ""10010111010"": 1, ""10110001011"": 1, ""10111101010"": 1, ""11001011011"": 1, ""11011100111"": 1}"
41,019e10f6-301b-75a0-b01e-39a6d6490cfb,1,41,IIIIZXZIIZX,XZIIZXZIIII,-0.00048828124999999913,10,0.9999999999999999,0.8,-0.19999999999999984,-0.0004882812499999991,-0.0003906249999999993,9.765624999999976e-05,0.19999999999999984,9.765624999999976e-05,"{""00110001111"": 1, ""00110111011"": 2, ""01000111111"": 1, ""01100000100"": 1, ""01110000100"": 1, ""01111100101"": 1, ""10000111100"": 1, ""10110110111"": 1, ""10111011000"": 1}"
42,019e10f6-301b-75a0-b01e-39a6d6490cfb,1,42,IIIIZXZIZXZ,ZXZIZXZIIII,-0.00048828124999999913,10,0.9999999999999999,0.8,-0.19999999999999984,-0.0004882812499999991,-0.0003906249999999993,9.765624999999976e-05,0.19999999999999984,9.765624999999976e-05,"{""00000110110"": 1, ""00100001011"": 1, ""00100111000"": 1, ""00110110101"": 1, ""01000000011"": 1, ""10000000101"": 1, ""11010000110"": 1, ""11110000001"": 1, ""11110010010"": 1, ""11111010110"": 1}"
43,019e10f6-301b-75a0-b01e-39a6d6490cfb,1,43,IIIIZXZIZYY,YYZIZXZIIII,-0.00048828124999999913,10,0.9999999999999999,0.8,-0.19999999999999984,-0.0004882812499999991,-0.0003906249999999993,9.765624999999976e-05,0.19999999999999984,9.765624999999976e-05,"{""00001011000"": 1, ""00100000011"": 1, ""00100100110"": 1, ""01011010101"": 1, ""01011011000"": 1, ""01011100011"": 1, ""10011010110"": 1, ""10110000101"": 1, ""11101010000"": 1, ""11110110101"": 1}"
44,019e10f6-301b-75a0-b01e-39a6d6490cfb,1,44,IIIIZXZZXIX,XIXZZXZIIII,-0.00048828124999999913,10,0.9999999999999999,0.8,-0.19999999999999984,-0.0004882812499999991,-0.0003906249999999993,9.765624999999976e-05,0.19999999999999984,9.765624999999976e-05,"{""00000001100"": 1, ""00001010000"": 1, ""00010110111"": 1, ""00100000111"": 1, ""00110001100"": 1, ""00111011100"": 1, ""01010111100"": 1, ""01110000100"": 1, ""10011101011"": 1, ""11011011011"": 1}"
45,019e10f6-301b-75a0-b01e-39a6d6490cfb,1,45,IIIIZXZZXZI,IZXZZXZIIII,-0.00048828124999999913,10,0.9999999999999999,1.0,1.1102230246251565e-16,-0.0004882812499999991,-0.00048828124999999913,-5.421010862427522e-20,1.1102230246251565e-16,5.421010862427522e-20,"{""00000010101"": 1, ""00101100000"": 1, ""00110001010"": 1, ""01000110110"": 1, ""01100110000"": 1, ""10101011100"": 1, ""10111100110"": 1, ""11001100001"": 1, ""11011101101"": 1, ""11111100110"": 1}"
46,019e10f6-301b-75a0-b01e-39a6d6490cfb,1,46,IIIIZXZZYXY,YXYZZXZIIII,0.00048828124999999913,10,-0.9999999999999999,-0.8,0.19999999999999984,-0.0004882812499999991,-0.0003906249999999993,9.765624999999976e-05,0.19999999999999984,9.765624999999976e-05,"{""00011011101"": 1, ""00100111101"": 1, ""01001011110"": 1, ""01011100010"": 1, ""01111011011"": 1, ""10000000001"": 1, ""10000001101"": 1, ""11101101011"": 1, ""11111100001"": 1, ""11111100110"": 1}"
47,019e10f6-301b-75a0-b01e-39a6d6490cfb,1,47,IIIIZXZZYYZ,ZYYZZXZIIII,-0.00048828124999999913,10,0.9999999999999999,0.8,-0.19999999999999984,-0.0004882812499999991,-0.0003906249999999993,9.765624999999976e-05,0.19999999999999984,9.765624999999976e-05,"{""00011101100"": 1, ""00110110000"": 1, ""00110111111"": 1, ""01010111100"": 1, ""01100111001"": 1, ""10011111010"": 1, ""10111101111"": 1, ""11011010101"": 1, ""11101010000"": 2}"
48,019e10f6-301b-75a0-b01e-39a6d6490cfb,1,48,IIIIZYXXXXY,YXXXXYZIIII,-0.00048828124999999913,10,0.9999999999999999,0.8,-0.19999999999999984,-0.0004882812499999991,-0.0003906249999999993,9.765624999999976e-05,0.19999999999999984,9.765624999999976e-05,"{""00001001011"": 1, ""01111011010"": 1, ""10010111111"": 1, ""10011100001"": 1, ""10111111110"": 1, ""11000100010"": 1, ""11001000001"": 1, ""11010011110"": 1, ""11011100000"": 1, ""11111100101"": 1}"
49,019e10f6-301b-75a0-b01e-39a6d6490cfb,1,49,IIIIZYXXXYZ,ZYXXXYZIIII,0.00048828124999999913,10,-0.9999999999999999,-0.8,0.19999999999999984,-0.0004882812499999991,-0.0003906249999999993,9.765624999999976e-05,0.19999999999999984,9.765624999999976e-05,"{""00100100110"": 1, ""01000110010"": 1, ""01011011011"": 1, ""01011101101"": 1, ""01100011001"": 1, ""10000111010"": 1, ""10001000000"": 1, ""10011011101"": 1, ""10111111001"": 1, ""11111101101"": 1}"
50,019e10f6-301b-75a0-b01e-39a6d6490cfb,1,50,IIIIZYXXYIX,XIYXXYZIIII,-0.00048828124999999913,10,0.9999999999999999,0.0,-0.9999999999999999,-0.0004882812499999991,-0.0,0.0004882812499999991,0.9999999999999999,0.0004882812499999991,"{""01000000000"": 1, ""01001001000"": 1, ""01100110011"": 1, ""01101100011"": 1, ""01111110000"": 1, ""10011101100"": 1, ""11010000111"": 1, ""11011100011"": 1, ""11011100100"": 1, ""11011111111"": 1}"
51,019e10f6-301b-75a0-b01e-39a6d6490cfb,1,51,IIIIZYXXYZI,IZYXXYZIIII,-0.00048828124999999913,10,0.9999999999999999,0.8,-0.19999999999999984,-0.0004882812499999991,-0.0003906249999999993,9.765624999999976e-05,0.19999999999999984,9.765624999999976e-05,"{""00000111100"": 1, ""00011001000"": 1, ""00011110010"": 1, ""01011010110"": 1, ""10010101101"": 1, ""10011011101"": 1, ""10100001100"": 1, ""10100111100"": 1, ""11010010100"": 1, ""11011001110"": 1}"
52,019e10f6-301b-75a0-b01e-39a6d6490cfb,1,52,IIIIZYXYIXZ,ZXIYXYZIIII,0.00048828124999999913,10,-0.9999999999999999,-1.0,-1.1102230246251565e-16,-0.0004882812499999991,-0.00048828124999999913,-5.421010862427522e-20,1.1102230246251565e-16,5.421010862427522e-20,"{""00010010011"": 1, ""00101001110"": 1, ""00111111110"": 1, ""01010001011"": 1, ""01110101101"": 1, ""10000111011"": 1, ""10011110011"": 1, ""10101011000"": 1, ""10101100101"": 1, ""11100011110"": 1}"
53,019e10f6-301b-75a0-b01e-39a6d6490cfb,1,53,IIIIZYXYIYY,YYIYXYZIIII,0.00048828124999999913,10,-0.9999999999999999,-0.8,0.19999999999999984,-0.0004882812499999991,-0.0003906249999999993,9.765624999999976e-05,0.19999999999999984,9.765624999999976e-05,"{""00110100000"": 1, ""01000110101"": 1, ""01010001011"": 1, ""01101010100"": 1, ""10010011101"": 1, ""10011100101"": 1, ""10100101110"": 1, ""10100110110"": 1, ""11010100000"": 1, ""11100000110"": 1}"
54,019e10f6-301b-75a0-b01e-39a6d6490cfb,1,54,IIIIZYXYZII,IIZYXYZIIII,0.00048828124999999913,10,-0.9999999999999999,-1.0,-1.1102230246251565e-16,-0.0004882812499999991,-0.00048828124999999913,-5.421010862427522e-20,1.1102230246251565e-16,5.421010862427522e-20,"{""00001001110"": 1, ""00011100110"": 1, ""00101100100"": 1, ""01001110010"": 1, ""01010000100"": 1, ""10001000010"": 1, ""10010101111"": 1, ""10011110011"": 1, ""10100111001"": 1, ""11100000101"": 1}"
55,019e10f6-301b-75a0-b01e-39a6d6490cfb,1,55,IIIIZYXYZZX,XZZYXYZIIII,0.00048828124999999913,10,-0.9999999999999999,-0.6,0.3999999999999999,-0.0004882812499999991,-0.00029296874999999945,0.00019531249999999963,0.3999999999999999,0.00019531249999999963,"{""00001010111"": 1, ""00010000100"": 1, ""00101001100"": 1, ""00111111111"": 1, ""01100000111"": 1, ""01101100100"": 1, ""10010110110"": 1, ""10101011100"": 1, ""10101110000"": 1, ""11010111011"": 1}"
56,019e10f6-301b-75a0-b01e-39a6d6490cfb,1,56,IIIIZYYIXIX,XIXIYYZIIII,-0.00048828124999999913,10,0.9999999999999999,0.4,-0.5999999999999999,-0.0004882812499999991,-0.00019531249999999966,0.0002929687499999994,0.5999999999999999,0.0002929687499999994,"{""00111111100"": 1, ""01010000000"": 1, ""01100000000"": 1, ""01110010111"": 1, ""01110011011"": 2, ""01110110111"": 1, ""01110111011"": 1, ""10010110100"": 1, ""11010000111"": 1}"
57,019e10f6-301b-75a0-b01e-39a6d6490cfb,1,57,IIIIZYYIXZI,IZXIYYZIIII,-0.00048828124999999913,10,0.9999999999999999,0.8,-0.19999999999999984,-0.0004882812499999991,-0.0003906249999999993,9.765624999999976e-05,0.19999999999999984,9.765624999999976e-05,"{""00000101101"": 1, ""01000101100"": 1, ""01011100001"": 1, ""01101010000"": 1, ""10001010110"": 1, ""10101001100"": 1, ""10110010110"": 1, ""10111100111"": 1, ""11001100000"": 1, ""11110101010"": 1}"
58,019e10f6-301b-75a0-b01e-39a6d6490cfb,1,58,IIIIZYYIYXY,YXYIYYZIIII,0.00048828124999999913,10,-0.9999999999999999,-0.8,0.19999999999999984,-0.0004882812499999991,-0.0003906249999999993,9.765624999999976e-05,0.19999999999999984,9.765624999999976e-05,"{""00010110000"": 1, ""00100110010"": 1, ""00110000100"": 1, ""01011001000"": 1, ""01101111000"": 1, ""10000011101"": 1, ""10101001000"": 1, ""10101010111"": 1, ""10111111000"": 1, ""11100101000"": 1}"
59,019e10f6-301b-75a0-b01e-39a6d6490cfb,1,59,IIIIZYYIYYZ,ZYYIYYZIIII,-0.00048828124999999913,10,0.9999999999999999,0.4,-0.5999999999999999,-0.0004882812499999991,-0.00019531249999999966,0.0002929687499999994,0.5999999999999999,0.0002929687499999994,"{""00001001001"": 1, ""00100000011"": 1, ""00100011010"": 1, ""00101010010"": 1, ""01100011001"": 1, ""01111010101"": 1, ""11001100000"": 1, ""11100101011"": 1, ""11100110010"": 1, ""11110110011"": 1}"
60,019e10f6-301b-75a0-b01e-39a6d6490cfb,1,60,IIIIZYYZIII,IIIZYYZIIII,-0.00048828124999999913,10,0.9999999999999999,1.0,1.1102230246251565e-16,-0.0004882812499999991,-0.00048828124999999913,-5.421010862427522e-20,1.1102230246251565e-16,5.421010862427522e-20,"{""00010011110"": 1, ""00011010111"": 1, ""00110011010"": 1, ""01001001010"": 1, ""01001010000"": 1, ""01010000100"": 1, ""01100110001"": 1, ""01111111100"": 1, ""11010101100"": 1, ""11011010010"": 1}"
61,019e10f6-301b-75a0-b01e-39a6d6490cfb,1,61,IIIIZYYZIZX,XZIZYYZIIII,-0.00048828124999999913,10,0.9999999999999999,0.6,-0.3999999999999999,-0.0004882812499999991,-0.00029296874999999945,0.00019531249999999963,0.3999999999999999,0.00019531249999999963,"{""00011100111"": 1, ""00100010000"": 1, ""00111001111"": 1, ""01100101000"": 1, ""01110110111"": 1, ""01111010011"": 1, ""10101001101"": 1, ""11011001100"": 1, ""11100110111"": 1, ""11110011100"": 1}"
62,019e10f6-301b-75a0-b01e-39a6d6490cfb,1,62,IIIIZYYZZXZ,ZXZZYYZIIII,-0.00048828124999999913,10,0.9999999999999999,1.0,1.1102230246251565e-16,-0.0004882812499999991,-0.00048828124999999913,-5.421010862427522e-20,1.1102230246251565e-16,5.421010862427522e-20,"{""01001111101"": 1, ""01011100101"": 1, ""01011111110"": 1, ""01100000110"": 1, ""01110110101"": 1, ""01111010000"": 1, ""10001100000"": 1, ""11000101000"": 1, ""11001001000"": 1, ""11010000110"": 1}"
63,019e10f6-301b-75a0-b01e-39a6d6490cfb,1,63,IIIIZYYZZYY,YYZZYYZIIII,-0.00048828124999999913,10,0.9999999999999999,0.6,-0.3999999999999999,-0.0004882812499999991,-0.00029296874999999945,0.00019531249999999963,0.3999999999999999,0.00019531249999999963,"{""00000000000"": 1, ""00011010011"": 1, ""01000011000"": 1, ""10000001110"": 1, ""10010000011"": 1, ""10011010110"": 1, ""11010001101"": 1, ""11010011110"": 1, ""11101001011"": 1, ""11110011101"": 1}"
64,019e10f6-301b-75a0-b01e-39a6d6490cfb,1,64,IIXXIXIXIXZ,ZXIXIXIXXII,-0.00048828124999999913,10,0.9999999999999999,0.4,-0.5999999999999999,-0.0004882812499999991,-0.00019531249999999966,0.0002929687499999994,0.5999999999999999,0.0002929687499999994,"{""00000001101"": 1, ""00001011000"": 1, ""01011010101"": 1, ""01011010110"": 1, ""01100101000"": 1, ""01110111011"": 1, ""10000110101"": 1, ""10100000000"": 1, ""10101011000"": 1, ""11011101101"": 1}"
65,019e10f6-301b-75a0-b01e-39a6d6490cfb,1,65,IIXXIXIXIYY,YYIXIXIXXII,-0.00048828124999999913,10,0.9999999999999999,0.6,-0.3999999999999999,-0.0004882812499999991,-0.00029296874999999945,0.00019531249999999963,0.3999999999999999,0.00019531249999999963,"{""00000111011"": 1, ""00101110101"": 1, ""01011011011"": 1, ""01110111000"": 2, ""01111010101"": 1, ""10000000011"": 1, ""10000001101"": 1, ""10101101110"": 1, ""11110001101"": 1}"
66,019e10f6-301b-75a0-b01e-39a6d6490cfb,1,66,IIXXIXIXZII,IIZXIXIXXII,-0.00048828124999999913,10,0.9999999999999999,0.4,-0.5999999999999999,-0.0004882812499999991,-0.00019531249999999966,0.0002929687499999994,0.5999999999999999,0.0002929687499999994,"{""00000000001"": 1, ""00000101011"": 1, ""00101101110"": 1, ""01001011011"": 1, ""01011011001"": 1, ""01011101101"": 1, ""01100000011"": 1, ""10000001100"": 1, ""10101001100"": 1, ""11011011011"": 1}"
67,019e10f6-301b-75a0-b01e-39a6d6490cfb,1,67,IIXXIXIXZZX,XZZXIXIXXII,-0.00048828124999999913,10,0.9999999999999999,1.0,1.1102230246251565e-16,-0.0004882812499999991,-0.00048828124999999913,-5.421010862427522e-20,1.1102230246251565e-16,5.421010862427522e-20,"{""00000001111"": 1, ""01011010100"": 1, ""01011011000"": 1, ""01011101100"": 1, ""10000000011"": 1, ""10000110111"": 1, ""10101011011"": 1, ""10101100011"": 1, ""11011010100"": 1, ""11110000000"": 1}"
68,019e10f6-301b-75a0-b01e-39a6d6490cfb,1,68,IIXXIXIYXXY,YXXYIXIXXII,-0.00048828124999999913,10,0.9999999999999999,0.0,-0.9999999999999999,-0.0004882812499999991,-0.0,0.0004882812499999991,0.9999999999999999,0.0004882812499999991,"{""01011011000"": 1, ""01011100101"": 1, ""01100001111"": 1, ""01100110111"": 1, ""01110000001"": 1, ""11001010111"": 1, ""11011001001"": 1, ""11011011000"": 1, ""11011100101"": 1, ""11110000110"": 1}"
69,019e10f6-301b-75a0-b01e-39a6d6490cfb,1,69,IIXXIXIYXYZ,ZYXYIXIXXII,0.00048828124999999913,10,-0.9999999999999999,-0.2,0.7999999999999998,-0.0004882812499999991,-9.765624999999983e-05,0.00039062499999999926,0.7999999999999998,0.00039062499999999926,"{""00000011100"": 1, ""00101100111"": 1, ""00101101011"": 1, ""01011100110"": 1, ""10000001001"": 1, ""10000110101"": 1, ""10101010111"": 1, ""10101011010"": 1, ""10101101011"": 1, ""11011011010"": 1}"
70,019e10f6-301b-75a0-b01e-39a6d6490cfb,1,70,IIXXIXIYYIX,XIYYIXIXXII,-0.00048828124999999913,10,0.9999999999999999,0.8,-0.19999999999999984,-0.0004882812499999991,-0.0003906249999999993,9.765624999999976e-05,0.19999999999999984,9.765624999999976e-05,"{""00000110011"": 1, ""00101011000"": 1, ""00101100111"": 1, ""01110000000"": 1, ""01110001100"": 1, ""10000111111"": 2, ""11011001100"": 1, ""11110111000"": 1, ""11110111111"": 1}"
71,019e10f6-301b-75a0-b01e-39a6d6490cfb,1,71,IIXXIXIYYZI,IZYYIXIXXII,-0.00048828124999999913,10,0.9999999999999999,0.4,-0.5999999999999999,-0.0004882812499999991,-0.00019531249999999966,0.0002929687499999994,0.5999999999999999,0.0002929687499999994,"{""00101100001"": 1, ""01011010100"": 1, ""01110110010"": 1, ""01110110101"": 1, ""01110111001"": 1, ""10001000101"": 1, ""10001010101"": 1, ""10101101100"": 1, ""11011100000"": 1, ""11110110000"": 1}"
72,019e10f6-301b-75a0-b01e-39a6d6490cfb,1,72,IIXXIXZIIII,IIIIZXIXXII,-0.00048828124999999913,10,0.9999999999999999,0.8,-0.19999999999999984,-0.0004882812499999991,-0.0003906249999999993,9.765624999999976e-05,0.19999999999999984,9.765624999999976e-05,"{""01011011000"": 1, ""01011011010"": 1, ""01110001001"": 1, ""01110111000"": 1, ""10000001011"": 1, ""10000110100"": 1, ""11011100100"": 1, ""11100110101"": 1, ""11110110101"": 1, ""11110111101"": 1}"
73,019e10f6-301b-75a0-b01e-39a6d6490cfb,1,73,IIXXIXZIIZX,XZIIZXIXXII,-0.00048828124999999913,10,0.9999999999999999,1.0,1.1102230246251565e-16,-0.0004882812499999991,-0.00048828124999999913,-5.421010862427522e-20,1.1102230246251565e-16,5.421010862427522e-20,"{""00000110111"": 2, ""01010100011"": 1, ""10000000111"": 1, ""10000110000"": 1, ""10101010011"": 1, ""10101100011"": 1, ""10101101000"": 1, ""11011010000"": 1, ""11011011011"": 1}"
74,019e10f6-301b-75a0-b01e-39a6d6490cfb,1,74,IIXXIXZIZXZ,ZXZIZXIXXII,-0.00048828124999999913,10,0.9999999999999999,0.6,-0.3999999999999999,-0.0004882812499999991,-0.00029296874999999945,0.00019531249999999963,0.3999999999999999,0.00019531249999999963,"{""00101100101"": 1, ""01011101000"": 1, ""01011101101"": 1, ""01110111011"": 1, ""10000000101"": 1, ""10101100000"": 1, ""11001101011"": 1, ""11010000110"": 1, ""11011010011"": 1, ""11110110000"": 1}"
75,019e10f6-301b-75a0-b01e-39a6d6490cfb,1,75,IIXXIXZIZYY,YYZIZXIXXII,-0.00048828124999999913,10,0.9999999999999999,0.8,-0.19999999999999984,-0.0004882812499999991,-0.0003906249999999993,9.765624999999976e-05,0.19999999999999984,9.765624999999976e-05,"{""00000000000"": 1, ""00101010000"": 1, ""00101100011"": 1, ""01110001110"": 1, ""01110111110"": 1, ""10101010000"": 1, ""11011011110"": 1, ""11011100110"": 1, ""11110000011"": 1, ""11110111001"": 1}"
76,019e10f6-301b-75a0-b01e-39a6d6490cfb,1,76,IIXXIXZZXIX,XIXZZXIXXII,-0.00048828124999999913,10,0.9999999999999999,0.4,-0.5999999999999999,-0.0004882812499999991,-0.00019531249999999966,0.0002929687499999994,0.5999999999999999,0.0002929687499999994,"{""00000110000"": 1, ""01010100111"": 1, ""01011010000"": 1, ""01011100000"": 1, ""10000001000"": 1, ""10010111011"": 1, ""10101010000"": 1, ""10101010011"": 1, ""10101101100"": 1, ""11110001100"": 1}"
77,019e10f6-301b-75a0-b01e-39a6d6490cfb,1,77,IIXXIXZZXZI,IZXZZXIXXII,-0.00048828124999999913,10,0.9999999999999999,0.8,-0.19999999999999984,-0.0004882812499999991,-0.0003906249999999993,9.765624999999976e-05,0.19999999999999984,9.765624999999976e-05,"{""00000000000"": 1, ""00101010000"": 1, ""01011100000"": 1, ""01011101101"": 1, ""10000110001"": 1, ""10001011100"": 1, ""10101011011"": 1, ""11011011101"": 1, ""11110000001"": 1, ""11110111101"": 1}"
78,019e10f6-301b-75a0-b01e-39a6d6490cfb,1,78,IIXXIXZZYXY,YXYZZXIXXII,0.00048828124999999913,10,-0.9999999999999999,-0.6,0.3999999999999999,-0.0004882812499999991,-0.00029296874999999945,0.00019531249999999963,0.3999999999999999,0.00019531249999999963,"{""00101011011"": 1, ""01011010000"": 1, ""01011011110"": 1, ""01011100000"": 1, ""01011101110"": 1, ""01100000110"": 1, ""10000000111"": 1, ""10000111110"": 1, ""11011101110"": 1, ""11110111110"": 1}"
79,019e10f6-301b-75a0-b01e-39a6d6490cfb,1,79,IIXXIXZZYYZ,ZYYZZXIXXII,-0.00048828124999999913,10,0.9999999999999999,0.8,-0.19999999999999984,-0.0004882812499999991,-0.0003906249999999993,9.765624999999976e-05,0.19999999999999984,9.765624999999976e-05,"{""00000000110"": 1, ""00101100011"": 1, ""01011011010"": 1, ""01110111111"": 1, ""10000000101"": 1, ""10111100000"": 1, ""11000110000"": 1, ""11011101111"": 1, ""11110001100"": 1, ""11110110110"": 1}"
80,019e10f6-301b-75a0-b01e-39a6d6490cfb,1,80,IIXXIYXXXXY,YXXXXYIXXII,-0.00048828124999999913,10,0.9999999999999999,0.2,-0.7999999999999998,-0.0004882812499999991,-9.765624999999983e-05,0.00039062499999999926,0.7999999999999998,0.00039062499999999926,"{""00000001100"": 1, ""00101011111"": 1, ""00101110101"": 1, ""01110000110"": 1, ""01110110100"": 1, ""10000011011"": 1, ""11011000000"": 1, ""11011001101"": 1, ""11100001010"": 1, ""11110110110"": 1}"
81,019e10f6-301b-75a0-b01e-39a6d6490cfb,1,81,IIXXIYXXXYZ,ZYXXXYIXXII,0.00048828124999999913,10,-0.9999999999999999,-0.4,0.5999999999999999,-0.0004882812499999991,-0.00019531249999999966,0.0002929687499999994,0.5999999999999999,0.0002929687499999994,"{""00101110001"": 1, ""00101111110"": 1, ""01011010000"": 1, ""01011101101"": 1, ""01110110001"": 1, ""10000101111"": 1, ""10000111000"": 1, ""10101100111"": 1, ""10101110110"": 1, ""11011010001"": 1}"
82,019e10f6-301b-75a0-b01e-39a6d6490cfb,1,82,IIXXIYXXYIX,XIYXXYIXXII,-0.00048828124999999913,10,0.9999999999999999,1.0,1.1102230246251565e-16,-0.0004882812499999991,-0.00048828124999999913,-5.421010862427522e-20,1.1102230246251565e-16,5.421010862427522e-20,"{""00000011111"": 1, ""00000110000"": 1, ""00101111000"": 1, ""01011100111"": 1, ""01110001011"": 1, ""01110010011"": 1, ""10000011000"": 1, ""10000101000"": 1, ""10000101111"": 1, ""11110111100"": 1}"
83,019e10f6-301b-75a0-b01e-39a6d6490cfb,1,83,IIXXIYXXYZI,IZYXXYIXXII,-0.00048828124999999913,10,0.9999999999999999,1.0,1.1102230246251565e-16,-0.0004882812499999991,-0.00048828124999999913,-5.421010862427522e-20,1.1102230246251565e-16,5.421010862427522e-20,"{""00000011001"": 1, ""00101011100"": 1, ""00101101010"": 1, ""01011010000"": 1, ""01110000110"": 1, ""01110111011"": 1, ""10101010000"": 1, ""10101101100"": 1, ""11110010101"": 1, ""11110100100"": 1}"
84,019e10f6-301b-75a0-b01e-39a6d6490cfb,1,84,IIXXIYXYIXZ,ZXIYXYIXXII,0.00048828124999999913,10,-0.9999999999999999,-0.8,0.19999999999999984,-0.0004882812499999991,-0.0003906249999999993,9.765624999999976e-05,0.19999999999999984,9.765624999999976e-05,"{""00000001011"": 1, ""00101000011"": 1, ""01110000101"": 1, ""01110001000"": 1, ""01110010011"": 1, ""10000000110"": 1, ""10101110000"": 1, ""10101111101"": 1, ""11011011101"": 1, ""11110010000"": 1}"
85,019e10f6-301b-75a0-b01e-39a6d6490cfb,1,85,IIXXIYXYIYY,YYIYXYIXXII,0.00048828124999999913,10,-0.9999999999999999,-0.6,0.3999999999999999,-0.0004882812499999991,-0.00029296874999999945,0.00019531249999999963,0.3999999999999999,0.00019531249999999963,"{""00000001000"": 1, ""00101110000"": 1, ""01011001101"": 1, ""01011110000"": 1, ""10000111010"": 1, ""10101001101"": 1, ""10101010110"": 1, ""10101110110"": 1, ""11110001000"": 1, ""11110101110"": 1}"
86,019e10f6-301b-75a0-b01e-39a6d6490cfb,1,86,IIXXIYXYZII,IIZYXYIXXII,0.00048828124999999913,10,-0.9999999999999999,-0.8,0.19999999999999984,-0.0004882812499999991,-0.0003906249999999993,9.765624999999976e-05,0.19999999999999984,9.765624999999976e-05,"{""00000101111"": 1, ""00101010100"": 1, ""01011001010"": 1, ""01011011010"": 1, ""01110101100"": 1, ""11011010101"": 2, ""11011010111"": 1, ""11110011101"": 1, ""11110101111"": 1}"
87,019e10f6-301b-75a0-b01e-39a6d6490cfb,1,87,IIXXIYXYZZX,XZZYXYIXXII,0.00048828124999999913,10,-0.9999999999999999,-0.6,0.3999999999999999,-0.0004882812499999991,-0.00029296874999999945,0.00019531249999999963,0.3999999999999999,0.00019531249999999963,"{""00101000000"": 1, ""01011101100"": 1, ""01110000100"": 1, ""01110000111"": 1, ""01110111000"": 1, ""10000001000"": 1, ""10001100111"": 1, ""10100101011"": 1, ""10101110011"": 1, ""11110000100"": 1}"
88,019e10f6-301b-75a0-b01e-39a6d6490cfb,1,88,IIXXIYYIXIX,XIXIYYIXXII,-0.00048828124999999913,10,0.9999999999999999,0.6,-0.3999999999999999,-0.0004882812499999991,-0.00029296874999999945,0.00019531249999999963,0.3999999999999999,0.00019531249999999963,"{""00000010000"": 1, ""00000011011"": 1, ""00000101100"": 1, ""00101110111"": 1, ""10000000000"": 1, ""10000011100"": 1, ""10000101100"": 1, ""10000110111"": 1, ""10101001100"": 1, ""11110101100"": 1}"
89,019e10f6-301b-75a0-b01e-39a6d6490cfb,1,89,IIXXIYYIXZI,IZXIYYIXXII,-0.00048828124999999913,10,0.9999999999999999,0.6,-0.3999999999999999,-0.0004882812499999991,-0.00029296874999999945,0.00019531249999999963,0.3999999999999999,0.00019531249999999963,"{""00000100011"": 1, ""01011111011"": 1, ""01110011100"": 1, ""10000000011"": 1, ""10101001101"": 1, ""10101111100"": 1, ""11011010111"": 1, ""11011100001"": 1, ""11110011000"": 1, ""11110101101"": 1}"
90,019e10f6-301b-75a0-b01e-39a6d6490cfb,1,90,IIXXIYYIYXY,YXYIYYIXXII,0.00048828124999999913,10,-0.9999999999999999,-0.6,0.3999999999999999,-0.0004882812499999991,-0.00029296874999999945,0.00019531249999999963,0.3999999999999999,0.00019531249999999963,"{""00100101010"": 1, ""01011100100"": 1, ""01011111000"": 2, ""01110101101"": 1, ""10101010001"": 1, ""10101010101"": 1, ""11011111011"": 1, ""11011111110"": 1, ""11110001110"": 1}"
91,019e10f6-301b-75a0-b01e-39a6d6490cfb,1,91,IIXXIYYIYYZ,ZYYIYYIXXII,-0.00048828124999999913,10,0.9999999999999999,0.6,-0.3999999999999999,-0.0004882812499999991,-0.00029296874999999945,0.00019531249999999963,0.3999999999999999,0.00019531249999999963,"{""00101001010"": 1, ""00101010010"": 1, ""01011001100"": 1, ""01011100000"": 1, ""10000011100"": 1, ""10101111100"": 1, ""11011001010"": 1, ""11011010100"": 1, ""11110000110"": 1, ""11110011111"": 1}"
92,019e10f6-301b-75a0-b01e-39a6d6490cfb,1,92,IIXXIYYZIII,IIIZYYIXXII,-0.00048828124999999913,10,0.9999999999999999,0.6,-0.3999999999999999,-0.0004882812499999991,-0.00029296874999999945,0.00019531249999999963,0.3999999999999999,0.00019531249999999963,"{""00000110000"": 1, ""01011101010"": 1, ""01011111100"": 1, ""01110101000"": 1, ""01110110100"": 1, ""10000000001"": 1, ""11011100110"": 1, ""11011110011"": 1, ""11110011010"": 1, ""11110011011"": 1}"
93,019e10f6-301b-75a0-b01e-39a6d6490cfb,1,93,IIXXIYYZIZX,XZIZYYIXXII,-0.00048828124999999913,10,0.9999999999999999,0.8,-0.19999999999999984,-0.0004882812499999991,-0.0003906249999999993,9.765624999999976e-05,0.19999999999999984,9.765624999999976e-05,"{""00000000111"": 1, ""00000011111"": 1, ""00000110000"": 1, ""01011001111"": 1, ""01011100000"": 1, ""10000101011"": 1, ""10101111011"": 1, ""11011100000"": 1, ""11110011011"": 1, ""11110110101"": 1}"
94,019e10f6-301b-75a0-b01e-39a6d6490cfb,1,94,IIXXIYYZZXZ,ZXZZYYIXXII,-0.00048828124999999913,10,0.9999999999999999,0.8,-0.19999999999999984,-0.0004882812499999991,-0.0003906249999999993,9.765624999999976e-05,0.19999999999999984,9.765624999999976e-05,"{""00000000110"": 1, ""00000011011"": 1, ""00000101011"": 1, ""00000110101"": 1, ""00101001000"": 1, ""00101001011"": 1, ""10101001000"": 1, ""10101111011"": 1, ""11110010000"": 1, ""11110011110"": 1}"
95,019e10f6-301b-75a0-b01e-39a6d6490cfb,1,95,IIXXIYYZZYY,YYZZYYIXXII,-0.00048828124999999913,10,0.9999999999999999,0.6,-0.3999999999999999,-0.0004882812499999991,-0.00029296874999999945,0.00019531249999999963,0.3999999999999999,0.00019531249999999963,"{""00000110101"": 1, ""01011111000"": 1, ""01011111011"": 1, ""01011111100"": 1, ""01110101110"": 1, ""01110110101"": 1, ""10101001101"": 1, ""10101010000"": 1, ""11011001011"": 1, ""11110011010"": 1}"
96,019e10f6-301b-75a0-b01e-39a6d6490cfb,1,96,IIXXZIIIIII,IIIIIIZXXII,-0.00048828124999999913,10,0.9999999999999999,1.0,1.1102230246251565e-16,-0.0004882812499999991,-0.00048828124999999913,-5.421010862427522e-20,1.1102230246251565e-16,5.421010862427522e-20,"{""00000010111"": 1, ""01011001011"": 1, ""01011110011"": 1, ""10000101001"": 1, ""10000101101"": 1, ""10000111101"": 1, ""10101100010"": 1, ""10101110001"": 1, ""11110100001"": 1, ""11110101001"": 1}"
97,019e10f6-301b-75a0-b01e-39a6d6490cfb,1,97,IIXXZIIIIZX,XZIIIIZXXII,-0.00048828124999999913,10,0.9999999999999999,1.0,1.1102230246251565e-16,-0.0004882812499999991,-0.00048828124999999913,-5.421010862427522e-20,1.1102230246251565e-16,5.421010862427522e-20,"{""00000011000"": 1, ""00000101111"": 1, ""00101001111"": 1, ""00101010111"": 1, ""01011011011"": 1, ""10000001000"": 1, ""10101010000"": 1, ""11011001011"": 1, ""11011011011"": 1, ""11011110111"": 1}"
98,019e10f6-301b-75a0-b01e-39a6d6490cfb,1,98,IIXXZIIIZXZ,ZXZIIIZXXII,-0.00048828124999999913,10,0.9999999999999999,1.0,1.1102230246251565e-16,-0.0004882812499999991,-0.00048828124999999913,-5.421010862427522e-20,1.1102230246251565e-16,5.421010862427522e-20,"{""00000000000"": 1, ""00000101000"": 1, ""00101010101"": 1, ""00101011000"": 1, ""00101111101"": 1, ""10000101000"": 1, ""11011011011"": 1, ""11110000000"": 1, ""11110011110"": 1, ""11110101000"": 1}"
99,019e10f6-301b-75a0-b01e-39a6d6490cfb,1,99,IIXXZIIIZYY,YYZIIIZXXII,-0.00048828124999999913,10,0.9999999999999999,0.6,-0.3999999999999999,-0.0004882812499999991,-0.00029296874999999945,0.00019531249999999963,0.3999999999999999,0.00019531249999999963,"{""00000001110"": 1, ""00000101000"": 1, ""00101101101"": 1, ""01010111110"": 1, ""01011001110"": 1, ""01011110011"": 1, ""01110100011"": 1, ""01110100110"": 1, ""10000100011"": 1, ""10101011100"": 1}"
100,019e10f6-40f5-74c2-a926-53ac8f3c6eda,2,0,IIXXZIIZXIX,XIXZIIZXXII,-0.00048828124999999913,10,0.9999999999999999,1.0,1.1102230246251565e-16,-0.0004882812499999991,-0.00048828124999999913,-5.421010862427522e-20,1.1102230246251565e-16,5.421010862427522e-20,"{""00000001100"": 1, ""00101000111"": 1, ""01011111011"": 1, ""01011111100"": 1, ""01110110111"": 1, ""10000011100"": 1, ""10000111100"": 1, ""11011101011"": 1, ""11110110000"": 1, ""11110111100"": 1}"
101,019e10f6-40f5-74c2-a926-53ac8f3c6eda,2,1,IIXXZIIZXZI,IZXZIIZXXII,-0.00048828124999999913,10,0.9999999999999999,0.4,-0.5999999999999999,-0.0004882812499999991,-0.00019531249999999966,0.0002929687499999994,0.5999999999999999,0.0002929687499999994,"{""00101011101"": 1, ""01001110000"": 1, ""01011011100"": 1, ""01110001011"": 1, ""01110100011"": 1, ""10000001101"": 1, ""10000111100"": 1, ""10101101100"": 1, ""11001100000"": 1, ""11011011010"": 1}"
102,019e10f6-40f5-74c2-a926-53ac8f3c6eda,2,2,IIXXZIIZYXY,YXYZIIZXXII,0.00048828124999999913,10,-0.9999999999999999,-0.6,0.3999999999999999,-0.0004882812499999991,-0.00029296874999999945,0.00019531249999999963,0.3999999999999999,0.00019531249999999963,"{""00000100111"": 1, ""00000111101"": 1, ""00101011101"": 1, ""00101101110"": 1, ""01010111000"": 1, ""01011111011"": 1, ""10000111101"": 1, ""10101100111"": 1, ""11110001110"": 1, ""11110110000"": 1}"
103,019e10f6-40f5-74c2-a926-53ac8f3c6eda,2,3,IIXXZIIZYYZ,ZYYZIIZXXII,-0.00048828124999999913,10,0.9999999999999999,0.8,-0.19999999999999984,-0.0004882812499999991,-0.0003906249999999993,9.765624999999976e-05,0.19999999999999984,9.765624999999976e-05,"{""00000001100"": 1, ""00101100000"": 1, ""00101100101"": 1, ""00101101001"": 1, ""10101011010"": 1, ""10101111100"": 1, ""11011000101"": 1, ""11011011100"": 1, ""11011101001"": 1, ""11011110001"": 1}"
104,019e10f6-40f5-74c2-a926-53ac8f3c6eda,2,4,IIXXZIZXIXZ,ZXIXZIZXXII,-0.00048828124999999913,10,0.9999999999999999,0.6,-0.3999999999999999,-0.0004882812499999991,-0.00029296874999999945,0.00019531249999999963,0.3999999999999999,0.00019531249999999963,"{""00000011000"": 1, ""00101000011"": 1, ""01011010101"": 1, ""01110100001"": 1, ""10000100011"": 1, ""10000110110"": 1, ""11011000011"": 1, ""11011001011"": 1, ""11011101101"": 1, ""11110000011"": 1}"
105,019e10f6-40f5-74c2-a926-53ac8f3c6eda,2,5,IIXXZIZXIYY,YYIXZIZXXII,-0.00048828124999999913,10,0.9999999999999999,1.0,1.1102230246251565e-16,-0.0004882812499999991,-0.00048828124999999913,-5.421010862427522e-20,1.1102230246251565e-16,5.421010862427522e-20,"{""00000110110"": 1, ""00101001101"": 1, ""00101011011"": 1, ""01011010110"": 1, ""01110011011"": 1, ""01110101110"": 1, ""10000010101"": 1, ""10000110110"": 1, ""11011011011"": 1, ""11110010101"": 1}"
106,019e10f6-40f5-74c2-a926-53ac8f3c6eda,2,6,IIXXZIZXZII,IIZXZIZXXII,-0.00048828124999999913,10,0.9999999999999999,0.4,-0.5999999999999999,-0.0004882812499999991,-0.00019531249999999966,0.0002929687499999994,0.5999999999999999,0.0002929687499999994,"{""00000101110"": 1, ""00101110110"": 1, ""01010001100"": 1, ""01011001101"": 1, ""01011010011"": 1, ""01110001001"": 1, ""10000001101"": 1, ""10000011011"": 1, ""10101100000"": 1, ""10101110110"": 1}"
107,019e10f6-40f5-74c2-a926-53ac8f3c6eda,2,7,IIXXZIZXZZX,XZZXZIZXXII,-0.00048828124999999913,10,0.9999999999999999,0.8,-0.19999999999999984,-0.0004882812499999991,-0.0003906249999999993,9.765624999999976e-05,0.19999999999999984,9.765624999999976e-05,"{""00101000000"": 1, ""00101010100"": 1, ""01100001111"": 1, ""01110011011"": 1, ""10101010111"": 1, ""10101111000"": 1, ""11011010111"": 1, ""11110000011"": 1, ""11110110100"": 1, ""11110110111"": 1}"
108,019e10f6-40f5-74c2-a926-53ac8f3c6eda,2,8,IIXXZIZYXXY,YXXYZIZXXII,-0.00048828124999999913,10,0.9999999999999999,0.6,-0.3999999999999999,-0.0004882812499999991,-0.00029296874999999945,0.00019531249999999963,0.3999999999999999,0.00019531249999999963,"{""00010101111"": 1, ""00101001111"": 1, ""01011111011"": 1, ""01110110100"": 1, ""10000011110"": 1, ""10011001111"": 1, ""10101001010"": 1, ""11001011000"": 1, ""11011110001"": 1, ""11110110100"": 1}"
109,019e10f6-40f5-74c2-a926-53ac8f3c6eda,2,9,IIXXZIZYXYZ,ZYXYZIZXXII,0.00048828124999999913,10,-0.9999999999999999,-0.6,0.3999999999999999,-0.0004882812499999991,-0.00029296874999999945,0.00019531249999999963,0.3999999999999999,0.00019531249999999963,"{""00000101110"": 1, ""00001000111"": 1, ""00101100001"": 1, ""00101110110"": 1, ""01011100001"": 1, ""01110001011"": 1, ""10000001000"": 1, ""10101001011"": 1, ""10101010100"": 1, ""11011000010"": 1}"
110,019e10f6-40f5-74c2-a926-53ac8f3c6eda,2,10,IIXXZIZYYIX,XIYYZIZXXII,-0.00048828124999999913,10,0.9999999999999999,0.6,-0.3999999999999999,-0.0004882812499999991,-0.00029296874999999945,0.00019531249999999963,0.3999999999999999,0.00019531249999999963,"{""00101011000"": 1, ""00101110100"": 1, ""00101111001"": 1, ""01110011111"": 1, ""10101010100"": 1, ""11001011000"": 1, ""11011010011"": 1, ""11011100000"": 1, ""11110011111"": 1, ""11110100000"": 1}"
111,019e10f6-40f5-74c2-a926-53ac8f3c6eda,2,11,IIXXZIZYYZI,IZYYZIZXXII,-0.00048828124999999913,10,0.9999999999999999,0.6,-0.3999999999999999,-0.0004882812499999991,-0.00029296874999999945,0.00019531249999999963,0.3999999999999999,0.00019531249999999963,"{""00000001101"": 1, ""00000011010"": 1, ""00000101010"": 1, ""00101011111"": 1, ""00101101011"": 1, ""10000101010"": 1, ""10010000000"": 1, ""10101101010"": 1, ""11011010100"": 1, ""11110110010"": 1}"
112,019e10f6-40f5-74c2-a926-53ac8f3c6eda,2,12,IIXXZZXIXIX,XIXIXZZXXII,-0.00048828124999999913,10,0.9999999999999999,0.0,-0.9999999999999999,-0.0004882812499999991,-0.0,0.0004882812499999991,0.9999999999999999,0.0004882812499999991,"{""00101011010"": 1, ""00101110111"": 1, ""01011011100"": 1, ""01110110111"": 1, ""10000110011"": 1, ""10000110111"": 1, ""10101110000"": 1, ""10111011100"": 1, ""11100011100"": 1, ""11110010111"": 1}"
113,019e10f6-40f5-74c2-a926-53ac8f3c6eda,2,13,IIXXZZXIXZI,IZXIXZZXXII,-0.00048828124999999913,10,0.9999999999999999,0.2,-0.7999999999999998,-0.0004882812499999991,-9.765624999999983e-05,0.00039062499999999926,0.7999999999999998,0.00039062499999999926,"{""00000000011"": 1, ""00000100111"": 1, ""01011110001"": 1, ""01100101101"": 1, ""10000101101"": 1, ""10101101010"": 2, ""11011000100"": 1, ""11110101010"": 1, ""11110101011"": 1}"
114,019e10f6-40f5-74c2-a926-53ac8f3c6eda,2,14,IIXXZZXIYXY,YXYIXZZXXII,0.00048828124999999913,10,-0.9999999999999999,-0.8,0.19999999999999984,-0.0004882812499999991,-0.0003906249999999993,9.765624999999976e-05,0.19999999999999984,9.765624999999976e-05,"{""01011000000"": 1, ""01110000100"": 1, ""01110000111"": 2, ""01110011101"": 1, ""10000100101"": 1, ""10000110100"": 2, ""10101000010"": 1, ""11110110100"": 1}"
115,019e10f6-40f5-74c2-a926-53ac8f3c6eda,2,15,IIXXZZXIYYZ,ZYYIXZZXXII,-0.00048828124999999913,10,0.9999999999999999,0.6,-0.3999999999999999,-0.0004882812499999991,-0.00029296874999999945,0.00019531249999999963,0.3999999999999999,0.00019531249999999963,"{""01011011010"": 1, ""01011011111"": 1, ""01011110000"": 1, ""01110011010"": 1, ""01110110101"": 1, ""10000011010"": 1, ""10101101001"": 1, ""11011000000"": 1, ""11011010101"": 1, ""11011100110"": 1}"
116,019e10f6-40f5-74c2-a926-53ac8f3c6eda,2,16,IIXXZZXZIII,IIIZXZZXXII,-0.00048828124999999913,10,0.9999999999999999,0.6,-0.3999999999999999,-0.0004882812499999991,-0.00029296874999999945,0.00019531249999999963,0.3999999999999999,0.00019531249999999963,"{""00000011111"": 1, ""01011110110"": 1, ""01011110111"": 1, ""01110011110"": 1, ""10000101001"": 1, ""10000110000"": 1, ""10000111010"": 1, ""10101110001"": 1, ""11011001000"": 1, ""11110101111"": 1}"
117,019e10f6-40f5-74c2-a926-53ac8f3c6eda,2,17,IIXXZZXZIZX,XZIZXZZXXII,-0.00048828124999999913,10,0.9999999999999999,1.0,1.1102230246251565e-16,-0.0004882812499999991,-0.00048828124999999913,-5.421010862427522e-20,1.1102230246251565e-16,5.421010862427522e-20,"{""00000011011"": 1, ""00000110000"": 1, ""01011110111"": 1, ""01110011000"": 1, ""01110011111"": 1, ""10000101000"": 1, ""10101110111"": 1, ""10110101100"": 1, ""11011101011"": 1, ""11110101111"": 1}"
118,019e10f6-40f5-74c2-a926-53ac8f3c6eda,2,18,IIXXZZXZZXZ,ZXZZXZZXXII,-0.00048828124999999913,10,0.9999999999999999,0.6,-0.3999999999999999,-0.0004882812499999991,-0.00029296874999999945,0.00019531249999999963,0.3999999999999999,0.00019531249999999963,"{""00000110000"": 1, ""00000110110"": 1, ""00101000000"": 1, ""00101101101"": 1, ""01100000000"": 1, ""01110000110"": 1, ""10000011100"": 1, ""10101011101"": 1, ""11001100110"": 1, ""11011011011"": 1}"
119,019e10f6-40f5-74c2-a926-53ac8f3c6eda,2,19,IIXXZZXZZYY,YYZZXZZXXII,-0.00048828124999999913,10,0.9999999999999999,0.8,-0.19999999999999984,-0.0004882812499999991,-0.0003906249999999993,9.765624999999976e-05,0.19999999999999984,9.765624999999976e-05,"{""00000101101"": 1, ""00101101110"": 1, ""01011101000"": 1, ""01011110101"": 1, ""10000000101"": 1, ""10000011000"": 1, ""10000101011"": 1, ""10101011110"": 1, ""10101110000"": 1, ""11011001011"": 1}"
120,019e10f6-40f5-74c2-a926-53ac8f3c6eda,2,20,IIXXZZYXXXY,YXXXYZZXXII,0.00048828124999999913,10,-0.9999999999999999,-0.6,0.3999999999999999,-0.0004882812499999991,-0.00029296874999999945,0.00019531249999999963,0.3999999999999999,0.00019531249999999963,"{""01011001011"": 1, ""01110011010"": 1, ""10000011111"": 1, ""10100110100"": 1, ""10101110010"": 1, ""11011010011"": 1, ""11011100011"": 1, ""11110000011"": 1, ""11110011010"": 1, ""11110110010"": 1}"
121,019e10f6-40f5-74c2-a926-53ac8f3c6eda,2,21,IIXXZZYXXYZ,ZYXXYZZXXII,-0.00048828124999999913,10,0.9999999999999999,0.4,-0.5999999999999999,-0.0004882812499999991,-0.00019531249999999966,0.0002929687499999994,0.5999999999999999,0.0002929687499999994,"{""00101011101"": 1, ""00110001100"": 1, ""01011100000"": 1, ""01011100010"": 1, ""01110010101"": 1, ""10000001100"": 1, ""10101010111"": 1, ""11011010001"": 1, ""11110010001"": 1, ""11110100101"": 1}"
122,019e10f6-40f5-74c2-a926-53ac8f3c6eda,2,22,IIXXZZYXYIX,XIYXYZZXXII,0.00048828124999999913,10,-0.9999999999999999,-1.0,-1.1102230246251565e-16,-0.0004882812499999991,-0.00048828124999999913,-5.421010862427522e-20,1.1102230246251565e-16,5.421010862427522e-20,"{""00101100000"": 1, ""00101110100"": 1, ""01011101011"": 1, ""01011101100"": 1, ""01011110011"": 1, ""01110001111"": 2, ""10000000100"": 1, ""10000001000"": 1, ""11011110011"": 1}"
123,019e10f6-40f5-74c2-a926-53ac8f3c6eda,2,23,IIXXZZYXYZI,IZYXYZZXXII,0.00048828124999999913,10,-0.9999999999999999,-0.8,0.19999999999999984,-0.0004882812499999991,-0.0003906249999999993,9.765624999999976e-05,0.19999999999999984,9.765624999999976e-05,"{""00000000010"": 1, ""00101001001"": 1, ""01011000100"": 1, ""01110011110"": 1, ""10000100110"": 1, ""10101010001"": 1, ""11011101101"": 1, ""11110010000"": 2, ""11110101011"": 1}"
124,019e10f6-40f5-74c2-a926-53ac8f3c6eda,2,24,IIXXZZYYIXZ,ZXIYYZZXXII,-0.00048828124999999913,10,0.9999999999999999,1.0,1.1102230246251565e-16,-0.0004882812499999991,-0.00048828124999999913,-5.421010862427522e-20,1.1102230246251565e-16,5.421010862427522e-20,"{""00101001110"": 1, ""01011010101"": 1, ""01011100110"": 1, ""01011101011"": 1, ""10000010101"": 1, ""10000010110"": 1, ""10101110000"": 1, ""11011011011"": 1, ""11011111101"": 1, ""11110111110"": 1}"
125,019e10f6-40f5-74c2-a926-53ac8f3c6eda,2,25,IIXXZZYYIYY,YYIYYZZXXII,-0.00048828124999999913,10,0.9999999999999999,0.6,-0.3999999999999999,-0.0004882812499999991,-0.00029296874999999945,0.00019531249999999963,0.3999999999999999,0.00019531249999999963,"{""00101011000"": 1, ""00101110110"": 1, ""01011000000"": 1, ""10000010011"": 1, ""10000101011"": 1, ""10101000011"": 1, ""10101010101"": 1, ""10101110011"": 1, ""11011000011"": 1, ""11011111110"": 1}"
126,019e10f6-40f5-74c2-a926-53ac8f3c6eda,2,26,IIXXZZYYZII,IIZYYZZXXII,-0.00048828124999999913,10,0.9999999999999999,0.4,-0.5999999999999999,-0.0004882812499999991,-0.00019531249999999966,0.0002929687499999994,0.5999999999999999,0.0002929687499999994,"{""00000011000"": 1, ""00101010101"": 1, ""01001000000"": 1, ""01100100110"": 1, ""01110001111"": 1, ""10101000001"": 1, ""11011011000"": 1, ""11011110010"": 1, ""11110011011"": 1, ""11110111000"": 1}"
127,019e10f6-40f5-74c2-a926-53ac8f3c6eda,2,27,IIXXZZYYZZX,XZZYYZZXXII,-0.00048828124999999913,10,0.9999999999999999,0.8,-0.19999999999999984,-0.0004882812499999991,-0.0003906249999999993,9.765624999999976e-05,0.19999999999999984,9.765624999999976e-05,"{""00101000000"": 1, ""00101111111"": 1, ""01110000011"": 1, ""01110101000"": 1, ""01110111111"": 1, ""10000001111"": 1, ""10101001100"": 1, ""11011001100"": 1, ""11011100100"": 1, ""11110111101"": 1}"
128,019e10f6-40f5-74c2-a926-53ac8f3c6eda,2,28,IIYXXXXXXXY,YXXXXXXXYII,-0.00048828124999999913,10,0.9999999999999999,0.4,-0.5999999999999999,-0.0004882812499999991,-0.00019531249999999966,0.0002929687499999994,0.5999999999999999,0.0002929687499999994,"{""00101101111"": 1, ""01010000101"": 1, ""01011110011"": 1, ""01110000000"": 1, ""01111100010"": 1, ""01111100011"": 1, ""10100001110"": 1, ""10100101111"": 1, ""11010001101"": 1, ""11011010001"": 1}"
129,019e10f6-40f5-74c2-a926-53ac8f3c6eda,2,29,IIYXXXXXXYZ,ZYXXXXXXYII,0.00048828124999999913,10,-0.9999999999999999,-0.2,0.7999999999999998,-0.0004882812499999991,-9.765624999999983e-05,0.00039062499999999926,0.7999999999999998,0.00039062499999999926,"{""00001110101"": 1, ""00100101000"": 1, ""00101010000"": 1, ""01010011101"": 1, ""01110000000"": 1, ""01111100001"": 1, ""10001001010"": 1, ""11011010100"": 1, ""11100101010"": 1, ""11110000110"": 1}"
130,019e10f6-40f5-74c2-a926-53ac8f3c6eda,2,30,IIYXXXXXYIX,XIYXXXXXYII,-0.00048828124999999913,10,0.9999999999999999,0.4,-0.5999999999999999,-0.0004882812499999991,-0.00019531249999999966,0.0002929687499999994,0.5999999999999999,0.0002929687499999994,"{""00000000111"": 1, ""00000111000"": 1, ""01010010011"": 1, ""01011010011"": 1, ""01011110111"": 1, ""01110100011"": 1, ""01111100001"": 1, ""10101110000"": 1, ""11011101000"": 1, ""11110111100"": 1}"
131,019e10f6-40f5-74c2-a926-53ac8f3c6eda,2,31,IIYXXXXXYZI,IZYXXXXXYII,-0.00048828124999999913,10,0.9999999999999999,0.0,-0.9999999999999999,-0.0004882812499999991,-0.0,0.0004882812499999991,0.9999999999999999,0.0004882812499999991,"{""00000100111"": 1, ""00001000110"": 1, ""00100010001"": 1, ""00110001000"": 1, ""01001100100"": 1, ""01010001000"": 1, ""01010111111"": 1, ""10100000001"": 1, ""11011000001"": 1, ""11111110100"": 1}"
132,019e10f6-40f5-74c2-a926-53ac8f3c6eda,2,32,IIYXXXXYIXZ,ZXIYXXXXYII,0.00048828124999999913,10,-0.9999999999999999,-0.6,0.3999999999999999,-0.0004882812499999991,-0.00029296874999999945,0.00019531249999999963,0.3999999999999999,0.00019531249999999963,"{""00001110011"": 1, ""00100000011"": 1, ""00101001000"": 1, ""00101111011"": 1, ""01010011000"": 1, ""01010100011"": 1, ""10000011110"": 1, ""10000111000"": 1, ""10100010101"": 1, ""11011110100"": 1}"
133,019e10f6-40f5-74c2-a926-53ac8f3c6eda,2,33,IIYXXXXYIYY,YYIYXXXXYII,0.00048828124999999913,10,-0.9999999999999999,-0.2,0.7999999999999998,-0.0004882812499999991,-9.765624999999983e-05,0.00039062499999999926,0.7999999999999998,0.00039062499999999926,"{""00001010000"": 1, ""00100001110"": 1, ""00101111011"": 1, ""01010111101"": 1, ""01111001011"": 1, ""10000010011"": 1, ""11000011000"": 1, ""11011000101"": 1, ""11011110110"": 1, ""11111000101"": 1}"
134,019e10f6-40f5-74c2-a926-53ac8f3c6eda,2,34,IIYXXXXYZII,IIZYXXXXYII,0.00048828124999999913,10,-0.9999999999999999,-0.4,0.5999999999999999,-0.0004882812499999991,-0.00019531249999999966,0.0002929687499999994,0.5999999999999999,0.0002929687499999994,"{""00000111000"": 1, ""00010100010"": 1, ""00101011001"": 1, ""01110000101"": 1, ""01111010010"": 1, ""10000010001"": 1, ""10001001100"": 1, ""10001101011"": 1, ""10001111101"": 1, ""11011101111"": 1}"
135,019e10f6-40f5-74c2-a926-53ac8f3c6eda,2,35,IIYXXXXYZZX,XZZYXXXXYII,0.00048828124999999913,10,-0.9999999999999999,-0.4,0.5999999999999999,-0.0004882812499999991,-0.00019531249999999966,0.0002929687499999994,0.5999999999999999,0.0002929687499999994,"{""00101000100"": 1, ""00101101011"": 1, ""01011011100"": 1, ""01011110111"": 1, ""01110000101"": 1, ""10000011011"": 1, ""10101010000"": 1, ""10101011111"": 1, ""11011110111"": 1, ""11110000111"": 1}"
136,019e10f6-40f5-74c2-a926-53ac8f3c6eda,2,36,IIYXXXYIXIX,XIXIYXXXYII,-0.00048828124999999913,10,0.9999999999999999,0.4,-0.5999999999999999,-0.0004882812499999991,-0.00019531249999999966,0.0002929687499999994,0.5999999999999999,0.0002929687499999994,"{""00000000111"": 1, ""00001100111"": 2, ""01010111000"": 1, ""01110101011"": 1, ""01111001100"": 1, ""10000110000"": 1, ""10001000000"": 1, ""10100011011"": 1, ""11000110000"": 1}"
137,019e10f6-40f5-74c2-a926-53ac8f3c6eda,2,37,IIYXXXYIXZI,IZXIYXXXYII,-0.00048828124999999913,10,0.9999999999999999,0.6,-0.3999999999999999,-0.0004882812499999991,-0.00029296874999999945,0.00019531249999999963,0.3999999999999999,0.00019531249999999963,"{""00001001011"": 1, ""00100001001"": 1, ""01010101101"": 1, ""01010110101"": 1, ""01011110111"": 1, ""01111100111"": 1, ""10001100001"": 1, ""10100001101"": 1, ""10100100110"": 1, ""10101010011"": 1}"
138,019e10f6-40f5-74c2-a926-53ac8f3c6eda,2,38,IIYXXXYIYXY,YXYIYXXXYII,0.00048828124999999913,10,-0.9999999999999999,-0.6,0.3999999999999999,-0.0004882812499999991,-0.00029296874999999945,0.00019531249999999963,0.3999999999999999,0.00019531249999999963,"{""00000110100"": 1, ""00001110000"": 1, ""00100010001"": 1, ""01010111101"": 1, ""01110001011"": 1, ""01110001100"": 1, ""01110110010"": 1, ""10100010001"": 1, ""11111110100"": 1, ""11111111011"": 1}"
139,019e10f6-40f5-74c2-a926-53ac8f3c6eda,2,39,IIYXXXYIYYZ,ZYYIYXXXYII,-0.00048828124999999913,10,0.9999999999999999,0.4,-0.5999999999999999,-0.0004882812499999991,-0.00019531249999999966,0.0002929687499999994,0.5999999999999999,0.0002929687499999994,"{""00000000101"": 1, ""00001111010"": 1, ""01001101111"": 1, ""10000011110"": 1, ""10100001001"": 1, ""10100100000"": 1, ""10101001111"": 1, ""10101101100"": 1, ""11010100011"": 1, ""11110101001"": 1}"
140,019e10f6-40f5-74c2-a926-53ac8f3c6eda,2,40,IIYXXXYZIII,IIIZYXXXYII,-0.00048828124999999913,10,0.9999999999999999,0.6,-0.3999999999999999,-0.0004882812499999991,-0.00029296874999999945,0.00019531249999999963,0.3999999999999999,0.00019531249999999963,"{""00001111101"": 1, ""01111001010"": 1, ""01111111111"": 1, ""10001010110"": 1, ""10100010101"": 1, ""10100011111"": 1, ""10101000000"": 1, ""10101001100"": 1, ""11010111100"": 1, ""11110110100"": 1}"
141,019e10f6-40f5-74c2-a926-53ac8f3c6eda,2,41,IIYXXXYZIZX,XZIZYXXXYII,-0.00048828124999999913,10,0.9999999999999999,0.6,-0.3999999999999999,-0.0004882812499999991,-0.00029296874999999945,0.00019531249999999963,0.3999999999999999,0.00019531249999999963,"{""00100010000"": 1, ""00100011010"": 1, ""00101101000"": 1, ""10001001100"": 1, ""10100001011"": 1, ""10101101011"": 1, ""10101110111"": 1, ""11000111011"": 1, ""11011100111"": 1, ""11110101011"": 1}"
142,019e10f6-40f5-74c2-a926-53ac8f3c6eda,2,42,IIYXXXYZZXZ,ZXZZYXXXYII,-0.00048828124999999913,10,0.9999999999999999,0.6,-0.3999999999999999,-0.0004882812499999991,-0.00029296874999999945,0.00019531249999999963,0.3999999999999999,0.00019531249999999963,"{""00000110101"": 1, ""01110101110"": 1, ""01110110011"": 1, ""01111011110"": 1, ""01111111011"": 1, ""10000011011"": 1, ""10001010110"": 1, ""10101000001"": 1, ""10101101110"": 1, ""11011011011"": 1}"
143,019e10f6-40f5-74c2-a926-53ac8f3c6eda,2,43,IIYXXXYZZYY,YYZZYXXXYII,-0.00048828124999999913,10,0.9999999999999999,0.8,-0.19999999999999984,-0.0004882812499999991,-0.0003906249999999993,9.765624999999976e-05,0.19999999999999984,9.765624999999976e-05,"{""00000000011"": 1, ""00000101110"": 1, ""00100100000"": 1, ""00101110000"": 1, ""01111001000"": 1, ""10001111110"": 1, ""10101110011"": 1, ""11010010101"": 1, ""11110001000"": 1, ""11110101110"": 1}"
144,019e10f6-40f5-74c2-a926-53ac8f3c6eda,2,44,IIYXXYIXIXZ,ZXIXIYXXYII,0.00048828124999999913,10,-0.9999999999999999,-1.0,-1.1102230246251565e-16,-0.0004882812499999991,-0.00048828124999999913,-5.421010862427522e-20,1.1102230246251565e-16,5.421010862427522e-20,"{""00100001110"": 1, ""00100110110"": 1, ""01011101110"": 2, ""01110010101"": 1, ""01110100000"": 1, ""10000010101"": 1, ""10000011000"": 1, ""10001111000"": 1, ""11111000011"": 1}"
145,019e10f6-40f5-74c2-a926-53ac8f3c6eda,2,45,IIYXXYIXIYY,YYIXIYXXYII,0.00048828124999999913,10,-0.9999999999999999,-0.6,0.3999999999999999,-0.0004882812499999991,-0.00029296874999999945,0.00019531249999999963,0.3999999999999999,0.00019531249999999963,"{""00001001110"": 1, ""00100000000"": 2, ""00100111011"": 1, ""01010000011"": 1, ""01110011000"": 1, ""01110111000"": 1, ""10001111110"": 1, ""10100001110"": 1, ""11011011000"": 1}"
146,019e10f6-40f5-74c2-a926-53ac8f3c6eda,2,46,IIYXXYIXZII,IIZXIYXXYII,0.00048828124999999913,10,-0.9999999999999999,-0.8,0.19999999999999984,-0.0004882812499999991,-0.0003906249999999993,9.765624999999976e-05,0.19999999999999984,9.765624999999976e-05,"{""00100000001"": 1, ""00100010101"": 1, ""00100110111"": 1, ""00100111010"": 1, ""01010111010"": 1, ""01010111011"": 1, ""01110011001"": 1, ""10101100011"": 1, ""11010111011"": 1, ""11011101100"": 1}"
147,019e10f6-40f5-74c2-a926-53ac8f3c6eda,2,47,IIYXXYIXZZX,XZZXIYXXYII,0.00048828124999999913,10,-0.9999999999999999,-1.0,-1.1102230246251565e-16,-0.0004882812499999991,-0.00048828124999999913,-5.421010862427522e-20,1.1102230246251565e-16,5.421010862427522e-20,"{""00000011011"": 1, ""00000101111"": 1, ""00001111000"": 1, ""00101010100"": 1, ""01010001100"": 1, ""01110100000"": 1, ""10000011000"": 1, ""11010001111"": 1, ""11010110100"": 1, ""11111000011"": 1}"
148,019e10f6-40f5-74c2-a926-53ac8f3c6eda,2,48,IIYXXYIYXXY,YXXYIYXXYII,0.00048828124999999913,10,-0.9999999999999999,-0.8,0.19999999999999984,-0.0004882812499999991,-0.0003906249999999993,9.765624999999976e-05,0.19999999999999984,9.765624999999976e-05,"{""00001111000"": 1, ""00100111000"": 1, ""00101100110"": 1, ""01011010001"": 1, ""01111000110"": 1, ""10000011010"": 1, ""10000011101"": 1, ""10101100000"": 1, ""10101101111"": 1, ""11110011110"": 1}"
149,019e10f6-40f5-74c2-a926-53ac8f3c6eda,2,49,IIYXXYIYXYZ,ZYXYIYXXYII,-0.00048828124999999913,10,0.9999999999999999,0.8,-0.19999999999999984,-0.0004882812499999991,-0.0003906249999999993,9.765624999999976e-05,0.19999999999999984,9.765624999999976e-05,"{""00000101000"": 1, ""00001111001"": 1, ""00101011001"": 1, ""00101101011"": 1, ""01110011001"": 1, ""01110011111"": 1, ""10000011001"": 1, ""10000100100"": 1, ""10100111011"": 1, ""10101101110"": 1}"
150,019e10f6-40f5-74c2-a926-53ac8f3c6eda,2,50,IIYXXYIYYIX,XIYYIYXXYII,0.00048828124999999913,10,-0.9999999999999999,-0.6,0.3999999999999999,-0.0004882812499999991,-0.00029296874999999945,0.00019531249999999963,0.3999999999999999,0.00019531249999999963,"{""00100110011"": 1, ""01010000011"": 1, ""01010111111"": 1, ""01111111000"": 1, ""10001001100"": 1, ""11011100000"": 2, ""11011100110"": 1, ""11110010100"": 1, ""11110100111"": 1}"
151,019e10f6-40f5-74c2-a926-53ac8f3c6eda,2,51,IIYXXYIYYZI,IZYYIYXXYII,0.00048828124999999913,10,-0.9999999999999999,0.0,0.9999999999999999,-0.0004882812499999991,0.0,0.0004882812499999991,0.9999999999999999,0.0004882812499999991,"{""00000010111"": 1, ""00000101111"": 1, ""00001111110"": 1, ""01110000000"": 1, ""01110000111"": 1, ""01111101100"": 1, ""10001110101"": 1, ""11010000000"": 1, ""11011010011"": 1, ""11111000110"": 1}"
152,019e10f6-40f5-74c2-a926-53ac8f3c6eda,2,52,IIYXXYZIIII,IIIIZYXXYII,0.00048828124999999913,10,-0.9999999999999999,-0.8,0.19999999999999984,-0.0004882812499999991,-0.0003906249999999993,9.765624999999976e-05,0.19999999999999984,9.765624999999976e-05,"{""00001001001"": 1, ""00100111100"": 1, ""01010001001"": 1, ""01011100000"": 1, ""01011101001"": 1, ""01111001001"": 1, ""10100110000"": 1, ""11010101010"": 1, ""11010110011"": 1, ""11010111100"": 1}"
153,019e10f6-40f5-74c2-a926-53ac8f3c6eda,2,53,IIYXXYZIIZX,XZIIZYXXYII,0.00048828124999999913,10,-0.9999999999999999,-0.4,0.5999999999999999,-0.0004882812499999991,-0.00019531249999999966,0.0002929687499999994,0.5999999999999999,0.0002929687499999994,"{""00100110011"": 1, ""00101011000"": 1, ""00101100000"": 1, ""01011001100"": 1, ""10000101111"": 1, ""11001100111"": 1, ""11011011000"": 1, ""11011011011"": 1, ""11011101011"": 1, ""11110000111"": 1}"
154,019e10f6-40f5-74c2-a926-53ac8f3c6eda,2,54,IIYXXYZIZXZ,ZXZIZYXXYII,0.00048828124999999913,10,-0.9999999999999999,-0.6,0.3999999999999999,-0.0004882812499999991,-0.00029296874999999945,0.00019531249999999963,0.3999999999999999,0.00019531249999999963,"{""00001110000"": 1, ""00101011101"": 1, ""01010000101"": 1, ""01011011110"": 1, ""01011101100"": 1, ""10000101110"": 1, ""10100000000"": 1, ""10100001011"": 1, ""11010101000"": 1, ""11011011101"": 1}"
155,019e10f6-40f5-74c2-a926-53ac8f3c6eda,2,55,IIYXXYZIZYY,YYZIZYXXYII,0.00048828124999999913,10,-0.9999999999999999,-0.8,0.19999999999999984,-0.0004882812499999991,-0.0003906249999999993,9.765624999999976e-05,0.19999999999999984,9.765624999999976e-05,"{""00001110110"": 1, ""01011000000"": 1, ""01011010000"": 1, ""01011101110"": 1, ""01111110110"": 1, ""10000010011"": 1, ""10101010101"": 1, ""10101011110"": 1, ""11011101101"": 1, ""11011101110"": 1}"
156,019e10f6-40f5-74c2-a926-53ac8f3c6eda,2,56,IIYXXYZZXIX,XIXZZYXXYII,0.00048828124999999913,10,-0.9999999999999999,-0.2,0.7999999999999998,-0.0004882812499999991,-9.765624999999983e-05,0.00039062499999999926,0.7999999999999998,0.00039062499999999926,"{""00100001011"": 1, ""00101101011"": 1, ""01010000011"": 1, ""01011100000"": 1, ""10001111011"": 1, ""10100000110"": 1, ""11011101100"": 1, ""11011110111"": 1, ""11110010111"": 1, ""11111101001"": 1}"
157,019e10f6-40f5-74c2-a926-53ac8f3c6eda,2,57,IIYXXYZZXZI,IZXZZYXXYII,0.00048828124999999913,10,-0.9999999999999999,-0.8,0.19999999999999984,-0.0004882812499999991,-0.0003906249999999993,9.765624999999976e-05,0.19999999999999984,9.765624999999976e-05,"{""00000101011"": 1, ""00001001100"": 1, ""00101101101"": 1, ""01010111011"": 1, ""01111000010"": 1, ""10001110111"": 1, ""10101010001"": 1, ""10101101100"": 1, ""11011011011"": 1, ""11110101010"": 1}"
158,019e10f6-40f5-74c2-a926-53ac8f3c6eda,2,58,IIYXXYZZYXY,YXYZZYXXYII,-0.00048828124999999913,10,0.9999999999999999,0.8,-0.19999999999999984,-0.0004882812499999991,-0.0003906249999999993,9.765624999999976e-05,0.19999999999999984,9.765624999999976e-05,"{""00101100100"": 1, ""01010000010"": 1, ""01010001011"": 1, ""01011100001"": 1, ""01110011011"": 1, ""01111000111"": 1, ""01111001101"": 1, ""01111010111"": 1, ""10100110111"": 1, ""11111100011"": 1}"
159,019e10f6-40f5-74c2-a926-53ac8f3c6eda,2,59,IIYXXYZZYYZ,ZYYZZYXXYII,0.00048828124999999913,10,-0.9999999999999999,-0.6,0.3999999999999999,-0.0004882812499999991,-0.00029296874999999945,0.00019531249999999963,0.3999999999999999,0.00019531249999999963,"{""01010000101"": 1, ""01010000110"": 1, ""01010001111"": 1, ""01011100000"": 1, ""01011101010"": 1, ""10000100110"": 1, ""10001001111"": 1, ""10101011011"": 1, ""11010110110"": 1, ""11011110101"": 1}"
160,019e10f6-40f5-74c2-a926-53ac8f3c6eda,2,60,IIYXYIXIXIX,XIXIXIYXYII,-0.00048828124999999913,10,0.9999999999999999,0.4,-0.5999999999999999,-0.0004882812499999991,-0.00019531249999999966,0.0002929687499999994,0.5999999999999999,0.0002929687499999994,"{""00010011011"": 1, ""01110010100"": 1, ""01111101000"": 1, ""01111101011"": 1, ""10000011010"": 1, ""10100101011"": 1, ""10100110000"": 1, ""11010101100"": 1, ""11100101011"": 1, ""11110011011"": 1}"
161,019e10f6-40f5-74c2-a926-53ac8f3c6eda,2,61,IIYXYIXIXZI,IZXIXIYXYII,-0.00048828124999999913,10,0.9999999999999999,0.6,-0.3999999999999999,-0.0004882812499999991,-0.00029296874999999945,0.00019531249999999963,0.3999999999999999,0.00019531249999999963,"{""00100110111"": 1, ""00101000000"": 1, ""01010101110"": 1, ""01010110001"": 1, ""01011000110"": 1, ""10001000000"": 1, ""10101011011"": 1, ""11110010011"": 1, ""11111101010"": 1, ""11111101011"": 1}"
162,019e10f6-40f5-74c2-a926-53ac8f3c6eda,2,62,IIYXYIXIYXY,YXYIXIYXYII,0.00048828124999999913,10,-0.9999999999999999,0.0,0.9999999999999999,-0.0004882812499999991,0.0,0.0004882812499999991,0.9999999999999999,0.0004882812499999991,"{""00000011010"": 1, ""00001110011"": 1, ""00001110100"": 1, ""01010101000"": 1, ""01011011000"": 1, ""01100000111"": 1, ""01110000001"": 1, ""10000000101"": 1, ""10011000000"": 1, ""10100001011"": 1}"
163,019e10f6-40f5-74c2-a926-53ac8f3c6eda,2,63,IIYXYIXIYYZ,ZYYIXIYXYII,-0.00048828124999999913,10,0.9999999999999999,0.6,-0.3999999999999999,-0.0004882812499999991,-0.00029296874999999945,0.00019531249999999963,0.3999999999999999,0.00019531249999999963,"{""00000000000"": 2, ""00000000101"": 1, ""00001110011"": 1, ""10011101010"": 1, ""10100101001"": 1, ""10100110101"": 1, ""10101000110"": 1, ""11010011111"": 1, ""11010101001"": 1}"
164,019e10f6-40f5-74c2-a926-53ac8f3c6eda,2,64,IIYXYIXZIII,IIIZXIYXYII,-0.00048828124999999913,10,0.9999999999999999,0.4,-0.5999999999999999,-0.0004882812499999991,-0.00019531249999999966,0.0002929687499999994,0.5999999999999999,0.0002929687499999994,"{""00001100101"": 1, ""00101011010"": 1, ""01011000010"": 1, ""01100000011"": 1, ""10100101111"": 1, ""10100110111"": 1, ""10101011101"": 1, ""11010110111"": 1, ""11110000001"": 1, ""11110010001"": 1}"
165,019e10f6-40f5-74c2-a926-53ac8f3c6eda,2,65,IIYXYIXZIZX,XZIZXIYXYII,-0.00048828124999999913,10,0.9999999999999999,0.6,-0.3999999999999999,-0.0004882812499999991,-0.00029296874999999945,0.00019531249999999963,0.3999999999999999,0.00019531249999999963,"{""00000011011"": 1, ""00001011111"": 1, ""00001101011"": 1, ""00001101111"": 1, ""01111110100"": 1, ""10000011111"": 1, ""10001110011"": 1, ""10101000011"": 1, ""11111000011"": 1, ""11111110100"": 1}"
166,019e10f6-40f5-74c2-a926-53ac8f3c6eda,2,66,IIYXYIXZZXZ,ZXZZXIYXYII,-0.00048828124999999913,10,0.9999999999999999,0.8,-0.19999999999999984,-0.0004882812499999991,-0.0003906249999999993,9.765624999999976e-05,0.19999999999999984,9.765624999999976e-05,"{""00011000000"": 1, ""00100010101"": 1, ""00100101011"": 1, ""01011011011"": 1, ""01111110000"": 1, ""10101011110"": 1, ""11000110110"": 1, ""11010101011"": 1, ""11011000011"": 1, ""11011011101"": 1}"
167,019e10f6-40f5-74c2-a926-53ac8f3c6eda,2,67,IIYXYIXZZYY,YYZZXIYXYII,-0.00048828124999999913,10,0.9999999999999999,0.6,-0.3999999999999999,-0.0004882812499999991,-0.00029296874999999945,0.00019531249999999963,0.3999999999999999,0.00019531249999999963,"{""00011011110"": 1, ""00100101101"": 1, ""00100110101"": 1, ""10100100110"": 1, ""10100110011"": 1, ""10111011101"": 1, ""11010110000"": 1, ""11110000011"": 1, ""11111110000"": 2}"
168,019e10f6-40f5-74c2-a926-53ac8f3c6eda,2,68,IIYXYIYXXXY,YXXXYIYXYII,0.00048828124999999913,10,-0.9999999999999999,-0.4,0.5999999999999999,-0.0004882812499999991,-0.00019531249999999966,0.0002929687499999994,0.5999999999999999,0.0002929687499999994,"{""00010001110"": 1, ""00100001110"": 1, ""00100110001"": 1, ""01111101111"": 1, ""01111110001"": 1, ""10001100101"": 1, ""10100100101"": 1, ""11010100101"": 1, ""11010110011"": 1, ""11010110111"": 1}"
169,019e10f6-40f5-74c2-a926-53ac8f3c6eda,2,69,IIYXYIYXXYZ,ZYXXYIYXYII,-0.00048828124999999913,10,0.9999999999999999,0.4,-0.5999999999999999,-0.0004882812499999991,-0.00019531249999999966,0.0002929687499999994,0.5999999999999999,0.0002929687499999994,"{""00000010101"": 1, ""00001000101"": 1, ""01011010010"": 1, ""01011011110"": 1, ""01110011101"": 1, ""01110110010"": 1, ""10000000000"": 1, ""10101010110"": 1, ""11000010010"": 1, ""11011000000"": 1}"
170,019e10f6-40f5-74c2-a926-53ac8f3c6eda,2,70,IIYXYIYXYIX,XIYXYIYXYII,0.00048828124999999913,10,-0.9999999999999999,-0.2,0.7999999999999998,-0.0004882812499999991,-9.765624999999983e-05,0.00039062499999999926,0.7999999999999998,0.00039062499999999926,"{""00000001111"": 1, ""00001111011"": 1, ""00101001100"": 1, ""01011011100"": 1, ""01101101000"": 1, ""10001110011"": 1, ""10010010000"": 1, ""10100111111"": 1, ""11011010011"": 1, ""11111000000"": 1}"
171,019e10f6-40f5-74c2-a926-53ac8f3c6eda,2,71,IIYXYIYXYZI,IZYXYIYXYII,0.00048828124999999913,10,-0.9999999999999999,-0.2,0.7999999999999998,-0.0004882812499999991,-9.765624999999983e-05,0.00039062499999999926,0.7999999999999998,0.00039062499999999926,"{""00000101010"": 1, ""00001101100"": 1, ""00101111001"": 1, ""01010010000"": 1, ""01011010110"": 1, ""10000001000"": 1, ""10001100110"": 1, ""11010111000"": 1, ""11110011101"": 1, ""11111110001"": 1}"
172,019e10f6-40f5-74c2-a926-53ac8f3c6eda,2,72,IIYXYIYYIXZ,ZXIYYIYXYII,-0.00048828124999999913,10,0.9999999999999999,0.8,-0.19999999999999984,-0.0004882812499999991,-0.0003906249999999993,9.765624999999976e-05,0.19999999999999984,9.765624999999976e-05,"{""00000000011"": 1, ""00000010101"": 1, ""00000101011"": 1, ""00001110011"": 1, ""01010111101"": 1, ""01111100110"": 1, ""10101011011"": 1, ""11011000000"": 1, ""11011010110"": 1, ""11110000000"": 1}"
173,019e10f6-40f5-74c2-a926-53ac8f3c6eda,2,73,IIYXYIYYIYY,YYIYYIYXYII,-0.00048828124999999913,10,0.9999999999999999,0.8,-0.19999999999999984,-0.0004882812499999991,-0.0003906249999999993,9.765624999999976e-05,0.19999999999999984,9.765624999999976e-05,"{""00100100110"": 1, ""01110001101"": 1, ""01110010101"": 1, ""01110110000"": 1, ""01111110011"": 1, ""01111111110"": 1, ""10001100110"": 1, ""11110010101"": 1, ""11111101000"": 2}"
174,019e10f6-40f5-74c2-a926-53ac8f3c6eda,2,74,IIYXYIYYZII,IIZYYIYXYII,-0.00048828124999999913,10,0.9999999999999999,0.6,-0.3999999999999999,-0.0004882812499999991,-0.00029296874999999945,0.00019531249999999963,0.3999999999999999,0.00019531249999999963,"{""00000010100"": 1, ""00011100111"": 1, ""01110001101"": 1, ""01110011000"": 2, ""10001110011"": 1, ""10010000000"": 1, ""10100100101"": 1, ""11011010110"": 1, ""11111101000"": 1}"
175,019e10f6-40f5-74c2-a926-53ac8f3c6eda,2,75,IIYXYIYYZZX,XZZYYIYXYII,-0.00048828124999999913,10,0.9999999999999999,0.8,-0.19999999999999984,-0.0004882812499999991,-0.0003906249999999993,9.765624999999976e-05,0.19999999999999984,9.765624999999976e-05,"{""00000000011"": 1, ""00000101111"": 1, ""00001010111"": 1, ""00001110011"": 2, ""01010100111"": 1, ""01111110000"": 1, ""10100100111"": 2, ""10100110011"": 1}"
176,019e10f6-40f5-74c2-a926-53ac8f3c6eda,2,76,IIYXYZIIIII,IIIIIZYXYII,-0.00048828124999999913,10,0.9999999999999999,0.0,-0.9999999999999999,-0.0004882812499999991,-0.0,0.0004882812499999991,0.9999999999999999,0.0004882812499999991,"{""00001100011"": 1, ""01011000011"": 1, ""01011101011"": 1, ""01011111100"": 1, ""10000001001"": 1, ""10011101001"": 1, ""10100011111"": 1, ""11010011011"": 1, ""11110000101"": 1, ""11111101110"": 1}"
177,019e10f6-40f5-74c2-a926-53ac8f3c6eda,2,77,IIYXYZIIIZX,XZIIIZYXYII,-0.00048828124999999913,10,0.9999999999999999,0.6,-0.3999999999999999,-0.0004882812499999991,-0.00029296874999999945,0.00019531249999999963,0.3999999999999999,0.00019531249999999963,"{""00001101011"": 1, ""01011010011"": 1, ""01011010100"": 1, ""01011110011"": 1, ""01110010100"": 1, ""10000011111"": 1, ""10010011011"": 1, ""10100111100"": 1, ""11011000111"": 1, ""11111111111"": 1}"
178,019e10f6-40f5-74c2-a926-53ac8f3c6eda,2,78,IIYXYZIIZXZ,ZXZIIZYXYII,-0.00048828124999999913,10,0.9999999999999999,0.2,-0.7999999999999998,-0.0004882812499999991,-9.765624999999983e-05,0.00039062499999999926,0.7999999999999998,0.00039062499999999926,"{""00000010110"": 1, ""00000100101"": 1, ""00001001000"": 1, ""01110000101"": 1, ""01110001001"": 1, ""10001101000"": 1, ""10001111011"": 1, ""11011001110"": 1, ""11011111101"": 1, ""11111110011"": 1}"
179,019e10f6-40f5-74c2-a926-53ac8f3c6eda,2,79,IIYXYZIIZYY,YYZIIZYXYII,-0.00048828124999999913,10,0.9999999999999999,0.4,-0.5999999999999999,-0.0004882812499999991,-0.00019531249999999966,0.0002929687499999994,0.5999999999999999,0.0002929687499999994,"{""00100101000"": 1, ""01010111000"": 1, ""01011000000"": 1, ""01011000110"": 1, ""01110011110"": 1, ""01111100101"": 1, ""10001111001"": 1, ""10010001000"": 1, ""10011111000"": 1, ""11111110110"": 1}"
180,019e10f6-40f5-74c2-a926-53ac8f3c6eda,2,80,IIYXYZIZXIX,XIXZIZYXYII,-0.00048828124999999913,10,0.9999999999999999,0.4,-0.5999999999999999,-0.0004882812499999991,-0.00019531249999999966,0.0002929687499999994,0.5999999999999999,0.0002929687499999994,"{""00000000100"": 1, ""00001000000"": 1, ""00001100111"": 1, ""01110011000"": 1, ""01111100111"": 1, ""10000000111"": 1, ""10101000000"": 1, ""11010100000"": 1, ""11010111100"": 1, ""11110011011"": 1}"
181,019e10f6-40f5-74c2-a926-53ac8f3c6eda,2,81,IIYXYZIZXZI,IZXZIZYXYII,-0.00048828124999999913,10,0.9999999999999999,0.4,-0.5999999999999999,-0.0004882812499999991,-0.00019531249999999966,0.0002929687499999994,0.5999999999999999,0.0002929687499999994,"{""00000001101"": 1, ""00100100000"": 1, ""01110000000"": 1, ""01110000101"": 1, ""01110001011"": 1, ""01110011100"": 1, ""10100110110"": 1, ""10101101011"": 1, ""11110000101"": 1, ""11110001011"": 1}"
182,019e10f6-40f5-74c2-a926-53ac8f3c6eda,2,82,IIYXYZIZYXY,YXYZIZYXYII,0.00048828124999999913,10,-0.9999999999999999,-0.6,0.3999999999999999,-0.0004882812499999991,-0.00029296874999999945,0.00019531249999999963,0.3999999999999999,0.00019531249999999963,"{""01000010100"": 1, ""01010010001"": 1, ""01110001011"": 1, ""01110011000"": 1, ""01111101000"": 1, ""10010001011"": 1, ""11010000000"": 1, ""11011000010"": 1, ""11011001110"": 1, ""11110000001"": 1}"
183,019e10f6-40f5-74c2-a926-53ac8f3c6eda,2,83,IIYXYZIZYYZ,ZYYZIZYXYII,-0.00048828124999999913,10,0.9999999999999999,0.0,-0.9999999999999999,-0.0004882812499999991,-0.0,0.0004882812499999991,0.9999999999999999,0.0004882812499999991,"{""00000001110"": 1, ""00001110011"": 1, ""00101111100"": 1, ""01010111100"": 1, ""01011000001"": 1, ""01111011111"": 1, ""10001101010"": 1, ""10100100101"": 1, ""10100110000"": 1, ""11010100111"": 1}"
184,019e10f6-40f5-74c2-a926-53ac8f3c6eda,2,84,IIYXYZZXIXZ,ZXIXZZYXYII,-0.00048828124999999913,10,0.9999999999999999,0.0,-0.9999999999999999,-0.0004882812499999991,-0.0,0.0004882812499999991,0.9999999999999999,0.0004882812499999991,"{""01010101101"": 1, ""01011000101"": 1, ""01011010110"": 1, ""10001001110"": 1, ""10100010110"": 1, ""10100101111"": 1, ""10100111011"": 1, ""11011100000"": 1, ""11111100011"": 1, ""11111110110"": 1}"
185,019e10f6-40f5-74c2-a926-53ac8f3c6eda,2,85,IIYXYZZXIYY,YYIXZZYXYII,-0.00048828124999999913,10,0.9999999999999999,1.0,1.1102230246251565e-16,-0.0004882812499999991,-0.00048828124999999913,-5.421010862427522e-20,1.1102230246251565e-16,5.421010862427522e-20,"{""00101010101"": 1, ""01011000011"": 1, ""01111100000"": 1, ""10000010101"": 1, ""10000011011"": 1, ""10001100011"": 1, ""10101001110"": 1, ""10101010110"": 1, ""11011010101"": 1, ""11110000011"": 1}"
186,019e10f6-40f5-74c2-a926-53ac8f3c6eda,2,86,IIYXYZZXZII,IIZXZZYXYII,-0.00048828124999999913,10,0.9999999999999999,0.8,-0.19999999999999984,-0.0004882812499999991,-0.0003906249999999993,9.765624999999976e-05,0.19999999999999984,9.765624999999976e-05,"{""00000011001"": 1, ""01110010111"": 1, ""01111101010"": 1, ""10001100011"": 1, ""10001111000"": 1, ""10010101101"": 1, ""11011000010"": 1, ""11110001100"": 1, ""11111101101"": 1, ""11111110111"": 1}"
187,019e10f6-40f5-74c2-a926-53ac8f3c6eda,2,87,IIYXYZZXZZX,XZZXZZYXYII,-0.00048828124999999913,10,0.9999999999999999,0.6,-0.3999999999999999,-0.0004882812499999991,-0.00029296874999999945,0.00019531249999999963,0.3999999999999999,0.00019531249999999963,"{""00000011011"": 1, ""00001111000"": 1, ""01011110100"": 1, ""01110011011"": 1, ""10000000000"": 1, ""10000011000"": 1, ""10101001111"": 1, ""11001001100"": 1, ""11011001100"": 1, ""11110010100"": 1}"
188,019e10f6-40f5-74c2-a926-53ac8f3c6eda,2,88,IIYXYZZYXXY,YXXYZZYXYII,-0.00048828124999999913,10,0.9999999999999999,0.6,-0.3999999999999999,-0.0004882812499999991,-0.00029296874999999945,0.00019531249999999963,0.3999999999999999,0.00019531249999999963,"{""00000011110"": 1, ""00100111000"": 1, ""01010010100"": 1, ""01011000110"": 1, ""01110001001"": 1, ""10000010001"": 1, ""10001111101"": 1, ""10100100101"": 1, ""11000100010"": 1, ""11110000001"": 1}"
189,019e10f6-40f5-74c2-a926-53ac8f3c6eda,2,89,IIYXYZZYXYZ,ZYXYZZYXYII,0.00048828124999999913,10,-0.9999999999999999,-0.2,0.7999999999999998,-0.0004882812499999991,-9.765624999999983e-05,0.00039062499999999926,0.7999999999999998,0.00039062499999999926,"{""00100110110"": 1, ""00110111111"": 1, ""01010101100"": 1, ""01110111010"": 1, ""10000000110"": 1, ""10000010110"": 1, ""11010100010"": 1, ""11010100100"": 1, ""11011011001"": 1, ""11110001011"": 1}"
190,019e10f6-40f5-74c2-a926-53ac8f3c6eda,2,90,IIYXYZZYYIX,XIYYZZYXYII,-0.00048828124999999913,10,0.9999999999999999,0.2,-0.7999999999999998,-0.0004882812499999991,-9.765624999999983e-05,0.00039062499999999926,0.7999999999999998,0.00039062499999999926,"{""00000000111"": 1, ""00000010011"": 1, ""01000101011"": 1, ""01000110011"": 1, ""01110000100"": 1, ""10000001011"": 1, ""11000100100"": 1, ""11011110100"": 1, ""11110000000"": 1, ""11110001100"": 1}"
191,019e10f6-40f5-74c2-a926-53ac8f3c6eda,2,91,IIYXYZZYYZI,IZYYZZYXYII,-0.00048828124999999913,10,0.9999999999999999,0.6,-0.3999999999999999,-0.0004882812499999991,-0.00029296874999999945,0.00019531249999999963,0.3999999999999999,0.00019531249999999963,"{""00001100111"": 1, ""01110001001"": 1, ""01110010100"": 2, ""01110011111"": 1, ""01111111000"": 1, ""10000010011"": 1, ""10000100010"": 1, ""11010100011"": 1, ""11111100110"": 1}"
192,019e10f6-40f5-74c2-a926-53ac8f3c6eda,2,92,IIZIXIXIXIX,XIXIXIXIZII,-0.00048828124999999913,10,0.9999999999999999,0.6,-0.3999999999999999,-0.0004882812499999991,-0.00029296874999999945,0.00019531249999999963,0.3999999999999999,0.00019531249999999963,"{""00100101011"": 1, ""00111000111"": 1, ""01011110000"": 1, ""01100101100"": 1, ""01110101011"": 1, ""01111011011"": 1, ""10001011011"": 1, ""10101000111"": 1, ""11100110000"": 1, ""11101000011"": 1}"
193,019e10f6-40f5-74c2-a926-53ac8f3c6eda,2,93,IIZIXIXIXZI,IZXIXIXIZII,-0.00048828124999999913,10,0.9999999999999999,0.6,-0.3999999999999999,-0.0004882812499999991,-0.00029296874999999945,0.00019531249999999963,0.3999999999999999,0.00019531249999999963,"{""00011101101"": 1, ""00100101010"": 1, ""00111011011"": 1, ""01010011101"": 1, ""01101011100"": 1, ""10010010100"": 1, ""10110110001"": 1, ""11000101011"": 1, ""11011110110"": 1, ""11101011000"": 1}"
194,019e10f6-40f5-74c2-a926-53ac8f3c6eda,2,94,IIZIXIXIYXY,YXYIXIXIZII,0.00048828124999999913,10,-0.9999999999999999,-0.8,0.19999999999999984,-0.0004882812499999991,-0.0003906249999999993,9.765624999999976e-05,0.19999999999999984,9.765624999999976e-05,"{""00100101000"": 1, ""00100101011"": 1, ""00110011110"": 1, ""00110101000"": 1, ""01000000100"": 1, ""01011110001"": 1, ""01100110001"": 1, ""10001101011"": 1, ""10011110100"": 1, ""11011101000"": 1}"
195,019e10f6-40f5-74c2-a926-53ac8f3c6eda,2,95,IIZIXIXIYYZ,ZYYIXIXIZII,-0.00048828124999999913,10,0.9999999999999999,1.0,1.1102230246251565e-16,-0.0004882812499999991,-0.00048828124999999913,-5.421010862427522e-20,1.1102230246251565e-16,5.421010862427522e-20,"{""00110110000"": 1, ""00111011001"": 1, ""01001010101"": 1, ""01011110110"": 1, ""01110110011"": 1, ""10000010100"": 1, ""10011101100"": 1, ""10101111001"": 1, ""11011101001"": 1, ""11101011001"": 1}"
196,019e10f6-40f5-74c2-a926-53ac8f3c6eda,2,96,IIZIXIXZIII,IIIZXIXIZII,-0.00048828124999999913,10,0.9999999999999999,0.6,-0.3999999999999999,-0.0004882812499999991,-0.00029296874999999945,0.00019531249999999963,0.3999999999999999,0.00019531249999999963,"{""00001110111"": 1, ""00101000011"": 1, ""00101001110"": 1, ""00110110000"": 1, ""01011101000"": 1, ""11000011000"": 1, ""11000011110"": 1, ""11011110011"": 1, ""11100000001"": 1, ""11110110011"": 1}"
197,019e10f6-40f5-74c2-a926-53ac8f3c6eda,2,97,IIZIXIXZIZX,XZIZXIXIZII,-0.00048828124999999913,10,0.9999999999999999,0.2,-0.7999999999999998,-0.0004882812499999991,-9.765624999999983e-05,0.00039062499999999926,0.7999999999999998,0.00039062499999999926,"{""00000000111"": 1, ""00010011111"": 1, ""00101000110"": 1, ""01001101000"": 1, ""10010010111"": 1, ""10110000100"": 1, ""10110011000"": 1, ""10111000111"": 1, ""11001110100"": 1, ""11010011011"": 1}"
198,019e10f6-40f5-74c2-a926-53ac8f3c6eda,2,98,IIZIXIXZZXZ,ZXZZXIXIZII,-0.00048828124999999913,10,0.9999999999999999,0.8,-0.19999999999999984,-0.0004882812499999991,-0.0003906249999999993,9.765624999999976e-05,0.19999999999999984,9.765624999999976e-05,"{""00000011101"": 1, ""00000011110"": 1, ""00010000101"": 1, ""00010011000"": 1, ""00010011110"": 1, ""01000101011"": 1, ""01001110000"": 1, ""10000000101"": 1, ""10001110000"": 1, ""11000011101"": 1}"
199,019e10f6-40f5-74c2-a926-53ac8f3c6eda,2,99,IIZIXIXZZYY,YYZZXIXIZII,-0.00048828124999999913,10,0.9999999999999999,0.6,-0.3999999999999999,-0.0004882812499999991,-0.00029296874999999945,0.00019531249999999963,0.3999999999999999,0.00019531249999999963,"{""00000000000"": 1, ""00010011110"": 1, ""00110011110"": 1, ""01000011101"": 2, ""01010001011"": 1, ""11001110011"": 1, ""11010011000"": 1, ""11011110011"": 1, ""11011110101"": 1}"
200,019e10f6-51e0-7080-aed2-65e571e4a2bd,3,0,IIZIXIYXXXY,YXXXYIXIZII,0.00048828124999999913,10,-0.9999999999999999,-0.6,0.3999999999999999,-0.0004882812499999991,-0.00029296874999999945,0.00019531249999999963,0.3999999999999999,0.00019531249999999963,"{""00111001011"": 1, ""01000010000"": 1, ""01110101111"": 1, ""10101001110"": 1, ""11000011111"": 2, ""11001100110"": 1, ""11010010001"": 1, ""11011100101"": 1, ""11111110001"": 1}"
201,019e10f6-51e0-7080-aed2-65e571e4a2bd,3,1,IIZIXIYXXYZ,ZYXXYIXIZII,-0.00048828124999999913,10,0.9999999999999999,0.8,-0.19999999999999984,-0.0004882812499999991,-0.0003906249999999993,9.765624999999976e-05,0.19999999999999984,9.765624999999976e-05,"{""00010001010"": 1, ""00010010111"": 1, ""01101000000"": 1, ""10000000101"": 1, ""10001110110"": 1, ""10101011101"": 1, ""11000001001"": 1, ""11000111001"": 1, ""11100110101"": 1, ""11111000101"": 1}"
202,019e10f6-51e0-7080-aed2-65e571e4a2bd,3,2,IIZIXIYXYIX,XIYXYIXIZII,0.00048828124999999913,10,-0.9999999999999999,-0.4,0.5999999999999999,-0.0004882812499999991,-0.00019531249999999966,0.0002929687499999994,0.5999999999999999,0.0002929687499999994,"{""00010000100"": 1, ""00010001100"": 1, ""00110111111"": 1, ""01100110100"": 1, ""01101001000"": 1, ""01111100011"": 1, ""10000010111"": 1, ""10111010011"": 1, ""11110100100"": 1, ""11111011011"": 1}"
203,019e10f6-51e0-7080-aed2-65e571e4a2bd,3,3,IIZIXIYXYZI,IZYXYIXIZII,0.00048828124999999913,10,-0.9999999999999999,-0.6,0.3999999999999999,-0.0004882812499999991,-0.00029296874999999945,0.00019531249999999963,0.3999999999999999,0.00019531249999999963,"{""00000010001"": 1, ""00001101101"": 1, ""00001111111"": 1, ""00011110110"": 1, ""00111001000"": 1, ""10010010000"": 1, ""10101110110"": 1, ""10110110111"": 1, ""11000001001"": 1, ""11110100111"": 1}"
204,019e10f6-51e0-7080-aed2-65e571e4a2bd,3,4,IIZIXIYYIXZ,ZXIYYIXIZII,-0.00048828124999999913,10,0.9999999999999999,0.4,-0.5999999999999999,-0.0004882812499999991,-0.00019531249999999966,0.0002929687499999994,0.5999999999999999,0.0002929687499999994,"{""00000100110"": 1, ""00010001101"": 1, ""00101001110"": 1, ""00111011010"": 1, ""01001110000"": 1, ""01101001101"": 1, ""10010011010"": 1, ""10110011101"": 1, ""10111011011"": 1, ""11010011000"": 1}"
205,019e10f6-51e0-7080-aed2-65e571e4a2bd,3,5,IIZIXIYYIYY,YYIYYIXIZII,-0.00048828124999999913,10,0.9999999999999999,0.8,-0.19999999999999984,-0.0004882812499999991,-0.0003906249999999993,9.765624999999976e-05,0.19999999999999984,9.765624999999976e-05,"{""00111010100"": 1, ""00111010101"": 1, ""01001101000"": 1, ""01101011000"": 1, ""01111010110"": 1, ""10000001101"": 1, ""10101001101"": 1, ""10101011000"": 1, ""11000001101"": 1, ""11110000101"": 1}"
206,019e10f6-51e0-7080-aed2-65e571e4a2bd,3,6,IIZIXIYYZII,IIZYYIXIZII,-0.00048828124999999913,10,0.9999999999999999,0.6,-0.3999999999999999,-0.0004882812499999991,-0.00029296874999999945,0.00019531249999999963,0.3999999999999999,0.00019531249999999963,"{""00010000010"": 1, ""00111000000"": 1, ""01101011011"": 1, ""10011001100"": 1, ""10100111101"": 1, ""11000010101"": 1, ""11001111110"": 1, ""11010100101"": 1, ""11101011011"": 1, ""11111001110"": 1}"
207,019e10f6-51e0-7080-aed2-65e571e4a2bd,3,7,IIZIXIYYZZX,XZZYYIXIZII,-0.00048828124999999913,10,0.9999999999999999,0.8,-0.19999999999999984,-0.0004882812499999991,-0.0003906249999999993,9.765624999999976e-05,0.19999999999999984,9.765624999999976e-05,"{""00000000000"": 1, ""00011101100"": 1, ""00110110011"": 1, ""00110111111"": 1, ""10000001111"": 1, ""10101001111"": 1, ""10101011000"": 1, ""10110101011"": 1, ""11101010111"": 1, ""11111001111"": 1}"
208,019e10f6-51e0-7080-aed2-65e571e4a2bd,3,8,IIZIXZIIIII,IIIIIZXIZII,-0.00048828124999999913,10,0.9999999999999999,1.0,1.1102230246251565e-16,-0.0004882812499999991,-0.00048828124999999913,-5.421010862427522e-20,1.1102230246251565e-16,5.421010862427522e-20,"{""00010010110"": 1, ""00011101010"": 1, ""00101011011"": 1, ""00110110101"": 1, ""01100100110"": 1, ""10010001111"": 1, ""10110100100"": 1, ""11001100000"": 1, ""11011110001"": 1, ""11100101110"": 1}"
209,019e10f6-51e0-7080-aed2-65e571e4a2bd,3,9,IIZIXZIIIZX,XZIIIZXIZII,-0.00048828124999999913,10,0.9999999999999999,1.0,1.1102230246251565e-16,-0.0004882812499999991,-0.00048828124999999913,-5.421010862427522e-20,1.1102230246251565e-16,5.421010862427522e-20,"{""00001101100"": 1, ""00010000011"": 1, ""00010011011"": 1, ""01111011100"": 1, ""10100100111"": 1, ""10101000011"": 1, ""11010011111"": 1, ""11011100111"": 1, ""11011110100"": 1, ""11110110111"": 1}"
210,019e10f6-51e0-7080-aed2-65e571e4a2bd,3,10,IIZIXZIIZXZ,ZXZIIZXIZII,-0.00048828124999999913,10,0.9999999999999999,0.8,-0.19999999999999984,-0.0004882812499999991,-0.0003906249999999993,9.765624999999976e-05,0.19999999999999984,9.765624999999976e-05,"{""00001101101"": 1, ""00111010110"": 1, ""01011110101"": 1, ""01101000000"": 1, ""01101000001"": 1, ""01110100110"": 1, ""10001100110"": 1, ""10001110000"": 1, ""10100100011"": 1, ""11110101101"": 1}"
211,019e10f6-51e0-7080-aed2-65e571e4a2bd,3,11,IIZIXZIIZYY,YYZIIZXIZII,-0.00048828124999999913,10,0.9999999999999999,1.0,1.1102230246251565e-16,-0.0004882812499999991,-0.00048828124999999913,-5.421010862427522e-20,1.1102230246251565e-16,5.421010862427522e-20,"{""00100100110"": 1, ""01100101101"": 1, ""01101000101"": 1, ""01110100101"": 1, ""10101010011"": 1, ""10110101101"": 1, ""10110101110"": 1, ""11000001110"": 1, ""11010000000"": 1, ""11101010110"": 1}"
212,019e10f6-51e0-7080-aed2-65e571e4a2bd,3,12,IIZIXZIZXIX,XIXZIZXIZII,-0.00048828124999999913,10,0.9999999999999999,0.4,-0.5999999999999999,-0.0004882812499999991,-0.00019531249999999966,0.0002929687499999994,0.5999999999999999,0.0002929687499999994,"{""00000001101"": 1, ""00101110111"": 1, ""01010001011"": 1, ""01010011011"": 1, ""01100100011"": 1, ""10101010000"": 1, ""10110101100"": 1, ""11001111100"": 1, ""11111000000"": 1, ""11111000111"": 1}"
213,019e10f6-51e0-7080-aed2-65e571e4a2bd,3,13,IIZIXZIZXZI,IZXZIZXIZII,-0.00048828124999999913,10,0.9999999999999999,1.0,1.1102230246251565e-16,-0.0004882812499999991,-0.00048828124999999913,-5.421010862427522e-20,1.1102230246251565e-16,5.421010862427522e-20,"{""00111011011"": 1, ""01010001011"": 1, ""01010001101"": 1, ""01111000000"": 1, ""10011110110"": 1, ""10110100001"": 1, ""10110111100"": 1, ""11001111101"": 1, ""11010001100"": 1, ""11111001010"": 1}"
214,019e10f6-51e0-7080-aed2-65e571e4a2bd,3,14,IIZIXZIZYXY,YXYZIZXIZII,0.00048828124999999913,10,-0.9999999999999999,-0.4,0.5999999999999999,-0.0004882812499999991,-0.00019531249999999966,0.0002929687499999994,0.5999999999999999,0.0002929687499999994,"{""00000001110"": 1, ""00000111000"": 1, ""00010000100"": 1, ""00010011100"": 1, ""00110111000"": 1, ""01000101110"": 1, ""10000001011"": 1, ""10011110001"": 1, ""11100110001"": 1, ""11110100010"": 1}"
215,019e10f6-51e0-7080-aed2-65e571e4a2bd,3,15,IIZIXZIZYYZ,ZYYZIZXIZII,-0.00048828124999999913,10,0.9999999999999999,1.0,1.1102230246251565e-16,-0.0004882812499999991,-0.00048828124999999913,-5.421010862427522e-20,1.1102230246251565e-16,5.421010862427522e-20,"{""00001110110"": 1, ""00010001100"": 1, ""00011111111"": 1, ""00100110000"": 1, ""00100111001"": 1, ""10010010011"": 1, ""10111011111"": 1, ""11001100110"": 1, ""11100111001"": 1, ""11110110110"": 1}"
216,019e10f6-51e0-7080-aed2-65e571e4a2bd,3,16,IIZIXZZXIXZ,ZXIXZZXIZII,-0.00048828124999999913,10,0.9999999999999999,1.0,1.1102230246251565e-16,-0.0004882812499999991,-0.00048828124999999913,-5.421010862427522e-20,1.1102230246251565e-16,5.421010862427522e-20,"{""00001101101"": 1, ""00001111011"": 1, ""00011100011"": 1, ""00111010101"": 1, ""10010011011"": 1, ""10101011000"": 1, ""10110111000"": 1, ""11101000011"": 1, ""11110100011"": 1, ""11111011011"": 1}"
217,019e10f6-51e0-7080-aed2-65e571e4a2bd,3,17,IIZIXZZXIYY,YYIXZZXIZII,-0.00048828124999999913,10,0.9999999999999999,0.8,-0.19999999999999984,-0.0004882812499999991,-0.0003906249999999993,9.765624999999976e-05,0.19999999999999984,9.765624999999976e-05,"{""00001101110"": 1, ""00011101101"": 1, ""00011111000"": 1, ""00101011011"": 1, ""01110010101"": 1, ""10101011000"": 1, ""11010011011"": 1, ""11011100000"": 1, ""11101000000"": 1, ""11111010101"": 1}"
218,019e10f6-51e0-7080-aed2-65e571e4a2bd,3,18,IIZIXZZXZII,IIZXZZXIZII,-0.00048828124999999913,10,0.9999999999999999,0.4,-0.5999999999999999,-0.0004882812499999991,-0.00019531249999999966,0.0002929687499999994,0.5999999999999999,0.0002929687499999994,"{""00011100010"": 1, ""00100100000"": 1, ""00110100000"": 1, ""00111110100"": 1, ""01101011001"": 1, ""01110111001"": 1, ""10111100001"": 1, ""11000100000"": 1, ""11001100011"": 1, ""11011111000"": 1}"
219,019e10f6-51e0-7080-aed2-65e571e4a2bd,3,19,IIZIXZZXZZX,XZZXZZXIZII,-0.00048828124999999913,10,0.9999999999999999,0.8,-0.19999999999999984,-0.0004882812499999991,-0.0003906249999999993,9.765624999999976e-05,0.19999999999999984,9.765624999999976e-05,"{""00000010100"": 1, ""00001111000"": 1, ""00101011000"": 1, ""00110101100"": 1, ""00110101111"": 1, ""01001100000"": 1, ""10000001000"": 1, ""10010011000"": 1, ""11011100011"": 1, ""11100111011"": 1}"
220,019e10f6-51e0-7080-aed2-65e571e4a2bd,3,20,IIZIXZZYXXY,YXXYZZXIZII,-0.00048828124999999913,10,0.9999999999999999,0.6,-0.3999999999999999,-0.0004882812499999991,-0.00029296874999999945,0.00019531249999999963,0.3999999999999999,0.00019531249999999963,"{""01000010111"": 1, ""01000011101"": 1, ""01011111011"": 1, ""10001100011"": 1, ""10010010001"": 1, ""10010110001"": 1, ""11000001100"": 1, ""11011100001"": 1, ""11101011011"": 1, ""11110111011"": 1}"
221,019e10f6-51e0-7080-aed2-65e571e4a2bd,3,21,IIZIXZZYXYZ,ZYXYZZXIZII,0.00048828124999999913,10,-0.9999999999999999,-0.6,0.3999999999999999,-0.0004882812499999991,-0.00029296874999999945,0.00019531249999999963,0.3999999999999999,0.00019531249999999963,"{""00001111011"": 1, ""00010001110"": 1, ""01000010000"": 1, ""01001111001"": 1, ""10011110011"": 1, ""10110110011"": 1, ""11011101011"": 1, ""11100100100"": 1, ""11101001110"": 1, ""11110110100"": 1}"
222,019e10f6-51e0-7080-aed2-65e571e4a2bd,3,22,IIZIXZZYYIX,XIYYZZXIZII,-0.00048828124999999913,10,0.9999999999999999,0.6,-0.3999999999999999,-0.0004882812499999991,-0.00029296874999999945,0.00019531249999999963,0.3999999999999999,0.00019531249999999963,"{""00111010100"": 1, ""01000011000"": 1, ""01010000111"": 1, ""01010010011"": 1, ""01110100000"": 2, ""01111011000"": 1, ""10001111011"": 1, ""10110010011"": 1, ""11101000111"": 1}"
223,019e10f6-51e0-7080-aed2-65e571e4a2bd,3,23,IIZIXZZYYZI,IZYYZZXIZII,-0.00048828124999999913,10,0.9999999999999999,0.4,-0.5999999999999999,-0.0004882812499999991,-0.00019531249999999966,0.0002929687499999994,0.5999999999999999,0.0002929687499999994,"{""00111010001"": 1, ""00111010010"": 1, ""01010000001"": 1, ""01100111001"": 1, ""01101011111"": 1, ""10000000001"": 1, ""10000010001"": 1, ""10011110010"": 1, ""10110100001"": 1, ""11000011101"": 1}"
224,019e10f6-51e0-7080-aed2-65e571e4a2bd,3,24,IIZIYXXXXXY,YXXXXXYIZII,0.00048828124999999913,10,-0.9999999999999999,-0.4,0.5999999999999999,-0.0004882812499999991,-0.00019531249999999966,0.0002929687499999994,0.5999999999999999,0.0002929687499999994,"{""00100110100"": 1, ""00110010101"": 1, ""00111001000"": 1, ""01001101101"": 1, ""01101101010"": 1, ""10000001000"": 1, ""10001010000"": 1, ""10100010010"": 1, ""10111001000"": 1, ""11011111010"": 1}"
225,019e10f6-51e0-7080-aed2-65e571e4a2bd,3,25,IIZIYXXXXYZ,ZYXXXXYIZII,-0.00048828124999999913,10,0.9999999999999999,0.6,-0.3999999999999999,-0.0004882812499999991,-0.00029296874999999945,0.00019531249999999963,0.3999999999999999,0.00019531249999999963,"{""00001011100"": 1, ""01000001001"": 1, ""01000001111"": 1, ""01001111110"": 1, ""01110000010"": 1, ""10011001100"": 1, ""11100010011"": 1, ""11100110010"": 1, ""11110010010"": 1, ""11111011110"": 1}"
226,019e10f6-51e0-7080-aed2-65e571e4a2bd,3,26,IIZIYXXXYIX,XIYXXXYIZII,0.00048828124999999913,10,-0.9999999999999999,-0.8,0.19999999999999984,-0.0004882812499999991,-0.0003906249999999993,9.765624999999976e-05,0.19999999999999984,9.765624999999976e-05,"{""00000111111"": 1, ""00011110000"": 1, ""00100110000"": 1, ""01000110011"": 1, ""01010100000"": 1, ""01111011011"": 1, ""10010000011"": 1, ""10110111001"": 1, ""10111001100"": 1, ""11110100100"": 1}"
227,019e10f6-51e0-7080-aed2-65e571e4a2bd,3,27,IIZIYXXXYZI,IZYXXXYIZII,0.00048828124999999913,10,-0.9999999999999999,-0.8,0.19999999999999984,-0.0004882812499999991,-0.0003906249999999993,9.765624999999976e-05,0.19999999999999984,9.765624999999976e-05,"{""00000100111"": 1, ""00001000001"": 1, ""00011111110"": 1, ""00101111111"": 1, ""00110000000"": 1, ""01110011000"": 1, ""01110110000"": 1, ""10110100101"": 1, ""11101001110"": 1, ""11111011011"": 1}"
228,019e10f6-51e0-7080-aed2-65e571e4a2bd,3,28,IIZIYXXYIXZ,ZXIYXXYIZII,-0.00048828124999999913,10,0.9999999999999999,0.6,-0.3999999999999999,-0.0004882812499999991,-0.00029296874999999945,0.00019531249999999963,0.3999999999999999,0.00019531249999999963,"{""00000101000"": 1, ""00100011110"": 1, ""00111110011"": 1, ""01000110000"": 1, ""01101010101"": 1, ""10011111000"": 1, ""10101110101"": 1, ""10110011101"": 1, ""10110110000"": 1, ""11000100110"": 1}"
229,019e10f6-51e0-7080-aed2-65e571e4a2bd,3,29,IIZIYXXYIYY,YYIYXXYIZII,-0.00048828124999999913,10,0.9999999999999999,0.8,-0.19999999999999984,-0.0004882812499999991,-0.0003906249999999993,9.765624999999976e-05,0.19999999999999984,9.765624999999976e-05,"{""00001010101"": 1, ""01100111011"": 1, ""01101110011"": 1, ""01111111110"": 1, ""10100100011"": 1, ""10101000000"": 1, ""11010110000"": 1, ""11011101101"": 1, ""11100011110"": 1, ""11110010000"": 1}"
230,019e10f6-51e0-7080-aed2-65e571e4a2bd,3,30,IIZIYXXYZII,IIZYXXYIZII,-0.00048828124999999913,10,0.9999999999999999,1.0,1.1102230246251565e-16,-0.0004882812499999991,-0.00048828124999999913,-5.421010862427522e-20,1.1102230246251565e-16,5.421010862427522e-20,"{""00001111001"": 1, ""01011011110"": 1, ""01011100000"": 1, ""01100111010"": 1, ""01110010010"": 1, ""10001000111"": 1, ""10010011001"": 1, ""10011101110"": 1, ""10111101001"": 1, ""11110010011"": 1}"
231,019e10f6-51e0-7080-aed2-65e571e4a2bd,3,31,IIZIYXXYZZX,XZZYXXYIZII,-0.00048828124999999913,10,0.9999999999999999,0.6,-0.3999999999999999,-0.0004882812499999991,-0.00029296874999999945,0.00019531249999999963,0.3999999999999999,0.00019531249999999963,"{""00011011111"": 1, ""00101110000"": 1, ""00111100100"": 1, ""01100100001"": 1, ""01110100000"": 1, ""10000010000"": 1, ""10000101000"": 1, ""10010011000"": 1, ""10111010100"": 1, ""11001110100"": 1}"
232,019e10f6-51e0-7080-aed2-65e571e4a2bd,3,32,IIZIYXYIXIX,XIXIYXYIZII,0.00048828124999999913,10,-0.9999999999999999,-0.6,0.3999999999999999,-0.0004882812499999991,-0.00029296874999999945,0.00019531249999999963,0.3999999999999999,0.00019531249999999963,"{""00000100111"": 1, ""00101010011"": 1, ""01000100100"": 1, ""01001011011"": 1, ""01101100111"": 1, ""10001011011"": 1, ""10100011011"": 1, ""10111001100"": 1, ""11000001011"": 1, ""11101100111"": 1}"
233,019e10f6-51e0-7080-aed2-65e571e4a2bd,3,33,IIZIYXYIXZI,IZXIYXYIZII,0.00048828124999999913,10,-0.9999999999999999,-0.6,0.3999999999999999,-0.0004882812499999991,-0.00029296874999999945,0.00019531249999999963,0.3999999999999999,0.00019531249999999963,"{""01010111100"": 1, ""10011101011"": 1, ""10100110101"": 1, ""10110011101"": 1, ""11000010111"": 1, ""11001000000"": 1, ""11011101000"": 1, ""11100000000"": 1, ""11100011100"": 1, ""11100110000"": 1}"
234,019e10f6-51e0-7080-aed2-65e571e4a2bd,3,34,IIZIYXYIYXY,YXYIYXYIZII,-0.00048828124999999913,10,0.9999999999999999,0.2,-0.7999999999999998,-0.0004882812499999991,-9.765624999999983e-05,0.00039062499999999926,0.7999999999999998,0.00039062499999999926,"{""00001101000"": 1, ""00110010111"": 1, ""01011101101"": 1, ""10001011101"": 1, ""10011001110"": 1, ""10100000101"": 2, ""10101001011"": 1, ""11000010010"": 1, ""11000010100"": 1}"
235,019e10f6-51e0-7080-aed2-65e571e4a2bd,3,35,IIZIYXYIYYZ,ZYYIYXYIZII,0.00048828124999999913,10,-0.9999999999999999,-0.6,0.3999999999999999,-0.0004882812499999991,-0.00029296874999999945,0.00019531249999999963,0.3999999999999999,0.00019531249999999963,"{""00100110101"": 1, ""01001110011"": 1, ""01010101111"": 1, ""01100110101"": 1, ""10110000011"": 1, ""10111111001"": 1, ""11001011001"": 1, ""11010101001"": 1, ""11011110101"": 1, ""11101100101"": 1}"
236,019e10f6-51e0-7080-aed2-65e571e4a2bd,3,36,IIZIYXYZIII,IIIZYXYIZII,0.00048828124999999913,10,-0.9999999999999999,0.0,0.9999999999999999,-0.0004882812499999991,0.0,0.0004882812499999991,0.9999999999999999,0.0004882812499999991,"{""00010101110"": 1, ""00110011010"": 1, ""01000011110"": 1, ""01001101101"": 1, ""01010000101"": 1, ""01011101011"": 1, ""01111000010"": 1, ""10000011100"": 1, ""10100000001"": 1, ""10110011100"": 1}"
237,019e10f6-51e0-7080-aed2-65e571e4a2bd,3,37,IIZIYXYZIZX,XZIZYXYIZII,0.00048828124999999913,10,-0.9999999999999999,-0.6,0.3999999999999999,-0.0004882812499999991,-0.00029296874999999945,0.00019531249999999963,0.3999999999999999,0.00019531249999999963,"{""00001011000"": 1, ""01000010011"": 1, ""01011110100"": 1, ""01101111011"": 1, ""01111001111"": 1, ""10010001111"": 1, ""10011000100"": 1, ""11001001100"": 1, ""11010011100"": 1, ""11101100111"": 1}"
238,019e10f6-51e0-7080-aed2-65e571e4a2bd,3,38,IIZIYXYZZXZ,ZXZZYXYIZII,0.00048828124999999913,10,-0.9999999999999999,-0.8,0.19999999999999984,-0.0004882812499999991,-0.0003906249999999993,9.765624999999976e-05,0.19999999999999984,9.765624999999976e-05,"{""00001101101"": 1, ""00001110101"": 1, ""00101111100"": 1, ""00110110101"": 1, ""01001000101"": 1, ""01001011110"": 1, ""01100110011"": 1, ""10111001011"": 1, ""10111100000"": 1, ""11001110000"": 1}"
239,019e10f6-51e0-7080-aed2-65e571e4a2bd,3,39,IIZIYXYZZYY,YYZZYXYIZII,0.00048828124999999913,10,-0.9999999999999999,-0.4,0.5999999999999999,-0.0004882812499999991,-0.00019531249999999966,0.0002929687499999994,0.5999999999999999,0.0002929687499999994,"{""00011110000"": 1, ""00101111011"": 1, ""01000100011"": 1, ""01100000011"": 1, ""01100000101"": 1, ""10010111110"": 1, ""10011100011"": 1, ""10100001000"": 1, ""11011000011"": 1, ""11101110000"": 1}"
240,019e10f6-51e0-7080-aed2-65e571e4a2bd,3,40,IIZIYYIXIXZ,ZXIXIYYIZII,-0.00048828124999999913,10,0.9999999999999999,0.6,-0.3999999999999999,-0.0004882812499999991,-0.00029296874999999945,0.00019531249999999963,0.3999999999999999,0.00019531249999999963,"{""00001010110"": 1, ""00101000011"": 1, ""00101100011"": 1, ""00111111011"": 1, ""01111000000"": 1, ""10001011000"": 1, ""10011100000"": 1, ""10111011000"": 1, ""11001100011"": 1, ""11110011000"": 1}"
241,019e10f6-51e0-7080-aed2-65e571e4a2bd,3,41,IIZIYYIXIYY,YYIXIYYIZII,-0.00048828124999999913,10,0.9999999999999999,0.8,-0.19999999999999984,-0.0004882812499999991,-0.0003906249999999993,9.765624999999976e-05,0.19999999999999984,9.765624999999976e-05,"{""00010111011"": 1, ""00100011000"": 1, ""00110101110"": 1, ""01000110101"": 1, ""01100010110"": 1, ""10001010101"": 1, ""10001101101"": 1, ""10101001110"": 1, ""10110000000"": 1, ""11100100000"": 1}"
242,019e10f6-51e0-7080-aed2-65e571e4a2bd,3,42,IIZIYYIXZII,IIZXIYYIZII,-0.00048828124999999913,10,0.9999999999999999,0.4,-0.5999999999999999,-0.0004882812499999991,-0.00019531249999999966,0.0002929687499999994,0.5999999999999999,0.0002929687499999994,"{""00001010101"": 1, ""01011010101"": 1, ""01110010010"": 1, ""10000000000"": 1, ""10010011000"": 1, ""10011011010"": 1, ""10011100000"": 1, ""11000110011"": 1, ""11010111000"": 1, ""11101000010"": 1}"
243,019e10f6-51e0-7080-aed2-65e571e4a2bd,3,43,IIZIYYIXZZX,XZZXIYYIZII,-0.00048828124999999913,10,0.9999999999999999,0.4,-0.5999999999999999,-0.0004882812499999991,-0.00019531249999999966,0.0002929687499999994,0.5999999999999999,0.0002929687499999994,"{""00100010111"": 1, ""00110110111"": 1, ""00111000000"": 1, ""10000001111"": 1, ""10000111000"": 2, ""10110001111"": 1, ""11011111011"": 1, ""11101000011"": 1, ""11110011011"": 1}"
244,019e10f6-51e0-7080-aed2-65e571e4a2bd,3,44,IIZIYYIYXXY,YXXYIYYIZII,-0.00048828124999999913,10,0.9999999999999999,0.6,-0.3999999999999999,-0.0004882812499999991,-0.00029296874999999945,0.00019531249999999963,0.3999999999999999,0.00019531249999999963,"{""00011100011"": 1, ""01011011000"": 1, ""01100011010"": 1, ""01110010111"": 1, ""01110100000"": 1, ""10011010001"": 1, ""10110011000"": 1, ""10111110111"": 1, ""11010001110"": 1, ""11110100011"": 1}"
245,019e10f6-51e0-7080-aed2-65e571e4a2bd,3,45,IIZIYYIYXYZ,ZYXYIYYIZII,0.00048828124999999913,10,-0.9999999999999999,-0.6,0.3999999999999999,-0.0004882812499999991,-0.00029296874999999945,0.00019531249999999963,0.3999999999999999,0.00019531249999999963,"{""00111111001"": 1, ""01000000001"": 1, ""01001011111"": 1, ""01001110101"": 1, ""10000001011"": 1, ""10000001101"": 1, ""11000110011"": 1, ""11100101110"": 1, ""11100111110"": 1, ""11110110011"": 1}"
246,019e10f6-51e0-7080-aed2-65e571e4a2bd,3,46,IIZIYYIYYIX,XIYYIYYIZII,-0.00048828124999999913,10,0.9999999999999999,0.6,-0.3999999999999999,-0.0004882812499999991,-0.00029296874999999945,0.00019531249999999963,0.3999999999999999,0.00019531249999999963,"{""00111110011"": 1, ""01010111000"": 1, ""10001010011"": 1, ""10001101011"": 1, ""10110100000"": 1, ""10111101100"": 1, ""11001101011"": 1, ""11100100011"": 1, ""11101100100"": 1, ""11110011000"": 1}"
247,019e10f6-51e0-7080-aed2-65e571e4a2bd,3,47,IIZIYYIYYZI,IZYYIYYIZII,-0.00048828124999999913,10,0.9999999999999999,0.4,-0.5999999999999999,-0.0004882812499999991,-0.00019531249999999966,0.0002929687499999994,0.5999999999999999,0.0002929687499999994,"{""00110100011"": 1, ""01010011110"": 1, ""01011101100"": 1, ""01100011000"": 1, ""01111000001"": 1, ""10101000000"": 1, ""10111110100"": 1, ""10111111001"": 1, ""11000011001"": 1, ""11101111001"": 1}"
248,019e10f6-51e0-7080-aed2-65e571e4a2bd,3,48,IIZIYYZIIII,IIIIZYYIZII,-0.00048828124999999913,10,0.9999999999999999,0.6,-0.3999999999999999,-0.0004882812499999991,-0.00029296874999999945,0.00019531249999999963,0.3999999999999999,0.00019531249999999963,"{""00010010011"": 1, ""00101001110"": 1, ""00101010000"": 1, ""01100010000"": 1, ""01111001101"": 1, ""10111110111"": 1, ""11010000101"": 1, ""11100010010"": 1, ""11101001001"": 1, ""11101001011"": 1}"
249,019e10f6-51e0-7080-aed2-65e571e4a2bd,3,49,IIZIYYZIIZX,XZIIZYYIZII,-0.00048828124999999913,10,0.9999999999999999,0.4,-0.5999999999999999,-0.0004882812499999991,-0.00019531249999999966,0.0002929687499999994,0.5999999999999999,0.0002929687499999994,"{""00001010100"": 1, ""00011100011"": 1, ""10000110000"": 1, ""10000110100"": 1, ""10001010101"": 1, ""10100100000"": 1, ""10100111011"": 1, ""11000001100"": 1, ""11000011100"": 1, ""11110101111"": 1}"
250,019e10f6-51e0-7080-aed2-65e571e4a2bd,3,50,IIZIYYZIZXZ,ZXZIZYYIZII,-0.00048828124999999913,10,0.9999999999999999,0.8,-0.19999999999999984,-0.0004882812499999991,-0.0003906249999999993,9.765624999999976e-05,0.19999999999999984,9.765624999999976e-05,"{""00000110101"": 1, ""00011100000"": 1, ""00011100101"": 1, ""01010111011"": 1, ""01110100101"": 1, ""01111010101"": 1, ""10111110101"": 1, ""11001011101"": 1, ""11010000110"": 1, ""11111000110"": 1}"
251,019e10f6-51e0-7080-aed2-65e571e4a2bd,3,51,IIZIYYZIZYY,YYZIZYYIZII,-0.00048828124999999913,10,0.9999999999999999,0.6,-0.3999999999999999,-0.0004882812499999991,-0.00029296874999999945,0.00019531249999999963,0.3999999999999999,0.00019531249999999963,"{""00000001101"": 1, ""00101000000"": 1, ""00110101001"": 1, ""00111001000"": 1, ""01001101000"": 1, ""01010001110"": 1, ""01110100101"": 1, ""10011010110"": 1, ""10101010011"": 1, ""11110010110"": 1}"
252,019e10f6-51e0-7080-aed2-65e571e4a2bd,3,52,IIZIYYZZXIX,XIXZZYYIZII,-0.00048828124999999913,10,0.9999999999999999,0.6,-0.3999999999999999,-0.0004882812499999991,-0.00029296874999999945,0.00019531249999999963,0.3999999999999999,0.00019531249999999963,"{""00000000111"": 1, ""00000010000"": 1, ""00001101100"": 1, ""00110101100"": 1, ""01010000111"": 1, ""10011011011"": 1, ""10100100011"": 1, ""10110011100"": 1, ""10110101100"": 1, ""11100100000"": 1}"
253,019e10f6-51e0-7080-aed2-65e571e4a2bd,3,53,IIZIYYZZXZI,IZXZZYYIZII,-0.00048828124999999913,10,0.9999999999999999,0.4,-0.5999999999999999,-0.0004882812499999991,-0.00019531249999999966,0.0002929687499999994,0.5999999999999999,0.0002929687499999994,"{""00101000100"": 1, ""00110101100"": 1, ""01001011001"": 1, ""01010001100"": 1, ""01100100110"": 1, ""10001111010"": 1, ""10101111011"": 1, ""11001100110"": 1, ""11010000000"": 1, ""11111110001"": 1}"
254,019e10f6-51e0-7080-aed2-65e571e4a2bd,3,54,IIZIYYZZYXY,YXYZZYYIZII,0.00048828124999999913,10,-0.9999999999999999,-1.0,-1.1102230246251565e-16,-0.0004882812499999991,-0.00048828124999999913,-5.421010862427522e-20,1.1102230246251565e-16,5.421010862427522e-20,"{""00000110100"": 1, ""01000001110"": 1, ""10001010010"": 1, ""10011011011"": 1, ""10100100010"": 1, ""10101001110"": 1, ""10110101101"": 1, ""10111001000"": 1, ""11010001110"": 1, ""11111000001"": 1}"
255,019e10f6-51e0-7080-aed2-65e571e4a2bd,3,55,IIZIYYZZYYZ,ZYYZZYYIZII,-0.00048828124999999913,10,0.9999999999999999,0.0,-0.9999999999999999,-0.0004882812499999991,-0.0,0.0004882812499999991,0.9999999999999999,0.0004882812499999991,"{""00010110011"": 1, ""00011001100"": 1, ""00011101010"": 1, ""00100000101"": 1, ""00100011100"": 1, ""00100011110"": 1, ""01110100001"": 1, ""01111000001"": 1, ""10100100110"": 1, ""11011010110"": 1}"
256,019e10f6-51e0-7080-aed2-65e571e4a2bd,3,56,IZIXIIIIIII,IIIIIIIXIZI,-0.00048828124999999913,10,0.9999999999999999,1.0,1.1102230246251565e-16,-0.0004882812499999991,-0.00048828124999999913,-5.421010862427522e-20,1.1102230246251565e-16,5.421010862427522e-20,"{""00000010101"": 1, ""00100111011"": 1, ""01010010010"": 1, ""01011001111"": 1, ""01111011100"": 1, ""10000010110"": 1, ""10000011001"": 1, ""10000101000"": 1, ""10100011011"": 1, ""11111010110"": 1}"
257,019e10f6-51e0-7080-aed2-65e571e4a2bd,3,57,IZIXIIIIIZX,XZIIIIIXIZI,-0.00048828124999999913,10,0.9999999999999999,1.0,1.1102230246251565e-16,-0.0004882812499999991,-0.00048828124999999913,-5.421010862427522e-20,1.1102230246251565e-16,5.421010862427522e-20,"{""00001000100"": 1, ""00001000111"": 1, ""00001011000"": 1, ""00101100000"": 1, ""00101100111"": 1, ""01010011111"": 1, ""01111011000"": 1, ""10000101100"": 2, ""10001100100"": 1}"
258,019e10f6-51e0-7080-aed2-65e571e4a2bd,3,58,IZIXIIIIZXZ,ZXZIIIIXIZI,-0.00048828124999999913,10,0.9999999999999999,1.0,1.1102230246251565e-16,-0.0004882812499999991,-0.00048828124999999913,-5.421010862427522e-20,1.1102230246251565e-16,5.421010862427522e-20,"{""00100101110"": 1, ""00101001110"": 1, ""00101010110"": 1, ""00101011011"": 1, ""01110100101"": 1, ""01111010101"": 1, ""10000101000"": 1, ""10100101110"": 1, ""11011110101"": 1, ""11110011110"": 1}"
259,019e10f6-51e0-7080-aed2-65e571e4a2bd,3,59,IZIXIIIIZYY,YYZIIIIXIZI,-0.00048828124999999913,10,0.9999999999999999,1.0,1.1102230246251565e-16,-0.0004882812499999991,-0.00048828124999999913,-5.421010862427522e-20,1.1102230246251565e-16,5.421010862427522e-20,"{""00000000011"": 1, ""00001100011"": 1, ""00100001101"": 1, ""00100101101"": 1, ""01011000110"": 1, ""01110000011"": 1, ""11011011011"": 1, ""11110011110"": 1, ""11110110011"": 1, ""11111100110"": 1}"
260,019e10f6-51e0-7080-aed2-65e571e4a2bd,3,60,IZIXIIIZXIX,XIXZIIIXIZI,-0.00048828124999999913,10,0.9999999999999999,0.8,-0.19999999999999984,-0.0004882812499999991,-0.0003906249999999993,9.765624999999976e-05,0.19999999999999984,9.765624999999976e-05,"{""00000010111"": 1, ""00000101100"": 2, ""01010101011"": 1, ""01110010111"": 1, ""10101010111"": 1, ""11000100000"": 1, ""11010011100"": 1, ""11011010111"": 1, ""11011100111"": 1}"
261,019e10f6-51e0-7080-aed2-65e571e4a2bd,3,61,IZIXIIIZXZI,IZXZIIIXIZI,-0.00048828124999999913,10,0.9999999999999999,0.4,-0.5999999999999999,-0.0004882812499999991,-0.00019531249999999966,0.0002929687499999994,0.5999999999999999,0.0002929687499999994,"{""00100011101"": 1, ""01010011001"": 1, ""01010100001"": 1, ""01010100110"": 1, ""01011110111"": 1, ""10000001001"": 1, ""10010001010"": 1, ""10100001011"": 1, ""11010100110"": 1, ""11111011101"": 1}"
262,019e10f6-51e0-7080-aed2-65e571e4a2bd,3,62,IZIXIIIZYXY,YXYZIIIXIZI,0.00048828124999999913,10,-0.9999999999999999,-0.6,0.3999999999999999,-0.0004882812499999991,-0.00029296874999999945,0.00019531249999999963,0.3999999999999999,0.00019531249999999963,"{""00000100001"": 1, ""00000100100"": 1, ""00000110101"": 1, ""00001011000"": 1, ""00100000001"": 1, ""01011111000"": 1, ""01111000010"": 1, ""01111101100"": 1, ""10000100010"": 1, ""11011101110"": 1}"
263,019e10f6-51e0-7080-aed2-65e571e4a2bd,3,63,IZIXIIIZYYZ,ZYYZIIIXIZI,-0.00048828124999999913,10,0.9999999999999999,0.4,-0.5999999999999999,-0.0004882812499999991,-0.00019531249999999966,0.0002929687499999994,0.5999999999999999,0.0002929687499999994,"{""00100001001"": 1, ""00100110000"": 1, ""01000000110"": 1, ""01010000111"": 1, ""01010011100"": 1, ""01011001101"": 1, ""01011010000"": 1, ""10001000011"": 1, ""10001101100"": 1, ""10101100000"": 1}"
264,019e10f6-51e0-7080-aed2-65e571e4a2bd,3,64,IZIXIIZXIXZ,ZXIXZIIXIZI,-0.00048828124999999913,10,0.9999999999999999,0.8,-0.19999999999999984,-0.0004882812499999991,-0.0003906249999999993,9.765624999999976e-05,0.19999999999999984,9.765624999999976e-05,"{""00000110110"": 1, ""00001110101"": 1, ""00101100011"": 1, ""01110110110"": 1, ""10000110101"": 1, ""10001001101"": 1, ""10001100011"": 1, ""10001110110"": 1, ""10101110110"": 1, ""11010100101"": 1}"
265,019e10f6-51e0-7080-aed2-65e571e4a2bd,3,65,IZIXIIZXIYY,YYIXZIIXIZI,-0.00048828124999999913,10,0.9999999999999999,0.8,-0.19999999999999984,-0.0004882812499999991,-0.0003906249999999993,9.765624999999976e-05,0.19999999999999984,9.765624999999976e-05,"{""00000100000"": 1, ""00000110101"": 1, ""00101101101"": 1, ""00101101110"": 1, ""01010100011"": 1, ""01011110110"": 1, ""01111001110"": 1, ""11111001101"": 1, ""11111100000"": 1, ""11111101111"": 1}"
266,019e10f6-51e0-7080-aed2-65e571e4a2bd,3,66,IZIXIIZXZII,IIZXZIIXIZI,-0.00048828124999999913,10,0.9999999999999999,0.6,-0.3999999999999999,-0.0004882812499999991,-0.00029296874999999945,0.00019531249999999963,0.3999999999999999,0.00019531249999999963,"{""00001001100"": 1, ""00100010111"": 1, ""01011010000"": 1, ""01110011001"": 1, ""10000010101"": 1, ""10000101101"": 1, ""10101000010"": 1, ""10101001011"": 1, ""11011100000"": 1, ""11011110110"": 1}"
267,019e10f6-51e0-7080-aed2-65e571e4a2bd,3,67,IZIXIIZXZZX,XZZXZIIXIZI,-0.00048828124999999913,10,0.9999999999999999,1.0,1.1102230246251565e-16,-0.0004882812499999991,-0.00048828124999999913,-5.421010862427522e-20,1.1102230246251565e-16,5.421010862427522e-20,"{""00000111000"": 1, ""00000111011"": 1, ""00100000011"": 1, ""01110001100"": 1, ""01111011000"": 1, ""10101001111"": 1, ""11010011000"": 1, ""11010100011"": 1, ""11010110111"": 1, ""11111110111"": 1}"
268,019e10f6-51e0-7080-aed2-65e571e4a2bd,3,68,IZIXIIZYXXY,YXXYZIIXIZI,-0.00048828124999999913,10,0.9999999999999999,0.8,-0.19999999999999984,-0.0004882812499999991,-0.0003906249999999993,9.765624999999976e-05,0.19999999999999984,9.765624999999976e-05,"{""00000001100"": 1, ""00001101100"": 1, ""00101011101"": 1, ""01111010110"": 1, ""01111111011"": 1, ""10000011110"": 1, ""10001101100"": 1, ""10101101100"": 1, ""11110011110"": 1, ""11111100000"": 1}"
269,019e10f6-51e0-7080-aed2-65e571e4a2bd,3,69,IZIXIIZYXYZ,ZYXYZIIXIZI,0.00048828124999999913,10,-0.9999999999999999,-0.4,0.5999999999999999,-0.0004882812499999991,-0.00019531249999999966,0.0002929687499999994,0.5999999999999999,0.0002929687499999994,"{""00100010111"": 1, ""00100100010"": 1, ""00100111100"": 1, ""00101101101"": 1, ""01010011111"": 1, ""01111010101"": 1, ""01111011101"": 1, ""10100000111"": 1, ""11110011100"": 1, ""11110111110"": 1}"
270,019e10f6-51e0-7080-aed2-65e571e4a2bd,3,70,IZIXIIZYYIX,XIYYZIIXIZI,-0.00048828124999999913,10,0.9999999999999999,0.6,-0.3999999999999999,-0.0004882812499999991,-0.00029296874999999945,0.00019531249999999963,0.3999999999999999,0.00019531249999999963,"{""00000100111"": 1, ""00100101100"": 1, ""00101101011"": 1, ""01010101011"": 1, ""01011110011"": 1, ""01111010011"": 1, ""10001100111"": 1, ""10100101000"": 1, ""11000101011"": 1, ""11011001011"": 1}"
271,019e10f6-51e0-7080-aed2-65e571e4a2bd,3,71,IZIXIIZYYZI,IZYYZIIXIZI,-0.00048828124999999913,10,0.9999999999999999,1.0,1.1102230246251565e-16,-0.0004882812499999991,-0.00048828124999999913,-5.421010862427522e-20,1.1102230246251565e-16,5.421010862427522e-20,"{""00000000001"": 1, ""00000110101"": 1, ""00100000110"": 1, ""01010001010"": 1, ""01010100111"": 1, ""01011101011"": 1, ""01111011111"": 1, ""01111110011"": 1, ""11110100000"": 1, ""11110110011"": 1}"
272,019e10f6-51e0-7080-aed2-65e571e4a2bd,3,72,IZIXIZXIXIX,XIXIXZIXIZI,-0.00048828124999999913,10,0.9999999999999999,0.4,-0.5999999999999999,-0.0004882812499999991,-0.00019531249999999966,0.0002929687499999994,0.5999999999999999,0.0002929687499999994,"{""00001000111"": 1, ""00010011011"": 1, ""00011101011"": 1, ""00100011111"": 1, ""01010101100"": 1, ""01011101011"": 1, ""01111110000"": 1, ""10101000000"": 1, ""10101011011"": 1, ""11011101011"": 1}"
273,019e10f6-51e0-7080-aed2-65e571e4a2bd,3,73,IZIXIZXIXZI,IZXIXZIXIZI,-0.00048828124999999913,10,0.9999999999999999,0.4,-0.5999999999999999,-0.0004882812499999991,-0.00019531249999999966,0.0002929687499999994,0.5999999999999999,0.0002929687499999994,"{""00101110001"": 1, ""01010000000"": 1, ""01110101101"": 1, ""10000110100"": 1, ""10001000110"": 1, ""10110011100"": 1, ""11010000111"": 1, ""11101101101"": 1, ""11110101010"": 1, ""11110110000"": 1}"
274,019e10f6-51e0-7080-aed2-65e571e4a2bd,3,74,IZIXIZXIYXY,YXYIXZIXIZI,0.00048828124999999913,10,-0.9999999999999999,-0.8,0.19999999999999984,-0.0004882812499999991,-0.0003906249999999993,9.765624999999976e-05,0.19999999999999984,9.765624999999976e-05,"{""00000011110"": 1, ""00000101100"": 1, ""00001000111"": 1, ""00001110001"": 1, ""00100110100"": 1, ""01010000111"": 1, ""01010101101"": 1, ""01110110010"": 1, ""11110011000"": 1, ""11110100000"": 1}"
275,019e10f6-51e0-7080-aed2-65e571e4a2bd,3,75,IZIXIZXIYYZ,ZYYIXZIXIZI,-0.00048828124999999913,10,0.9999999999999999,0.4,-0.5999999999999999,-0.0004882812499999991,-0.00019531249999999966,0.0002929687499999994,0.5999999999999999,0.0002929687499999994,"{""00000000011"": 1, ""00000011010"": 1, ""00000101111"": 1, ""00001000010"": 1, ""00100110000"": 1, ""01010101001"": 1, ""10100001111"": 1, ""10100010110"": 1, ""10101000101"": 1, ""11110110110"": 1}"
276,019e10f6-51e0-7080-aed2-65e571e4a2bd,3,76,IZIXIZXZIII,IIIZXZIXIZI,-0.00048828124999999913,10,0.9999999999999999,0.8,-0.19999999999999984,-0.0004882812499999991,-0.0003906249999999993,9.765624999999976e-05,0.19999999999999984,9.765624999999976e-05,"{""01010101011"": 1, ""01110010111"": 1, ""01111000111"": 1, ""10000000101"": 1, ""10001110000"": 1, ""10101101001"": 1, ""11011101101"": 1, ""11110011011"": 1, ""11110101010"": 1, ""11111101000"": 1}"
277,019e10f6-51e0-7080-aed2-65e571e4a2bd,3,77,IZIXIZXZIZX,XZIZXZIXIZI,-0.00048828124999999913,10,0.9999999999999999,1.0,1.1102230246251565e-16,-0.0004882812499999991,-0.00048828124999999913,-5.421010862427522e-20,1.1102230246251565e-16,5.421010862427522e-20,"{""00000101011"": 1, ""00101101111"": 1, ""01110011011"": 1, ""10000000000"": 1, ""10000010110"": 1, ""10100000111"": 1, ""10101110011"": 1, ""11010000111"": 1, ""11010011000"": 1, ""11010011100"": 1}"
278,019e10f6-51e0-7080-aed2-65e571e4a2bd,3,78,IZIXIZXZZXZ,ZXZZXZIXIZI,-0.00048828124999999913,10,0.9999999999999999,0.6,-0.3999999999999999,-0.0004882812499999991,-0.00029296874999999945,0.00019531249999999963,0.3999999999999999,0.00019531249999999963,"{""00001011011"": 2, ""00001110010"": 1, ""01110000110"": 1, ""01110101101"": 1, ""10001101101"": 1, ""10101011110"": 1, ""10101101000"": 1, ""10110000011"": 1, ""11110101000"": 1}"
279,019e10f6-51e0-7080-aed2-65e571e4a2bd,3,79,IZIXIZXZZYY,YYZZXZIXIZI,-0.00048828124999999913,10,0.9999999999999999,1.0,1.1102230246251565e-16,-0.0004882812499999991,-0.00048828124999999913,-5.421010862427522e-20,1.1102230246251565e-16,5.421010862427522e-20,"{""00100110110"": 1, ""00101000110"": 1, ""01010101000"": 1, ""01010110110"": 1, ""10100101110"": 1, ""11011011110"": 1, ""11011101011"": 1, ""11111011110"": 1, ""11111101011"": 1, ""11111101110"": 1}"
280,019e10f6-51e0-7080-aed2-65e571e4a2bd,3,80,IZIXIZYXXXY,YXXXYZIXIZI,0.00048828124999999913,10,-0.9999999999999999,-0.2,0.7999999999999998,-0.0004882812499999991,-9.765624999999983e-05,0.00039062499999999926,0.7999999999999998,0.00039062499999999926,"{""00001001011"": 1, ""00100100001"": 1, ""00100111011"": 1, ""00110001000"": 1, ""01111010011"": 1, ""01111101000"": 1, ""10000000111"": 1, ""10000111000"": 1, ""10101010000"": 1, ""10110101100"": 1}"
281,019e10f6-51e0-7080-aed2-65e571e4a2bd,3,81,IZIXIZYXXYZ,ZYXXYZIXIZI,-0.00048828124999999913,10,0.9999999999999999,0.8,-0.19999999999999984,-0.0004882812499999991,-0.0003906249999999993,9.765624999999976e-05,0.19999999999999984,9.765624999999976e-05,"{""00000011101"": 1, ""00001000110"": 1, ""00001100100"": 1, ""00100001001"": 1, ""00101100100"": 1, ""01010111010"": 1, ""01110011011"": 1, ""01110110110"": 1, ""01111000101"": 1, ""11010110001"": 1}"
282,019e10f6-51e0-7080-aed2-65e571e4a2bd,3,82,IZIXIZYXYIX,XIYXYZIXIZI,0.00048828124999999913,10,-0.9999999999999999,-0.6,0.3999999999999999,-0.0004882812499999991,-0.00029296874999999945,0.00019531249999999963,0.3999999999999999,0.00019531249999999963,"{""01011000000"": 1, ""01011110011"": 1, ""01110100111"": 1, ""01111011011"": 1, ""01111100011"": 1, ""10001100111"": 1, ""11010011011"": 1, ""11010110100"": 2, ""11011100111"": 1}"
283,019e10f6-51e0-7080-aed2-65e571e4a2bd,3,83,IZIXIZYXYZI,IZYXYZIXIZI,0.00048828124999999913,10,-0.9999999999999999,-0.4,0.5999999999999999,-0.0004882812499999991,-0.00019531249999999966,0.0002929687499999994,0.5999999999999999,0.0002929687499999994,"{""00000100110"": 1, ""01010001110"": 1, ""01011101100"": 1, ""01111111010"": 1, ""10000001010"": 1, ""10001100111"": 1, ""10100000111"": 1, ""10100010000"": 1, ""10101101100"": 1, ""10101111000"": 1}"
284,019e10f6-51e0-7080-aed2-65e571e4a2bd,3,84,IZIXIZYYIXZ,ZXIYYZIXIZI,-0.00048828124999999913,10,0.9999999999999999,0.8,-0.19999999999999984,-0.0004882812499999991,-0.0003906249999999993,9.765624999999976e-05,0.19999999999999984,9.765624999999976e-05,"{""00000100101"": 1, ""00001000000"": 1, ""00101010101"": 1, ""01000110011"": 1, ""10000001101"": 1, ""10000111110"": 1, ""11010000011"": 1, ""11110010101"": 2, ""11111111110"": 1}"
285,019e10f6-51e0-7080-aed2-65e571e4a2bd,3,85,IZIXIZYYIYY,YYIYYZIXIZI,-0.00048828124999999913,10,0.9999999999999999,0.6,-0.3999999999999999,-0.0004882812499999991,-0.00029296874999999945,0.00019531249999999963,0.3999999999999999,0.00019531249999999963,"{""00000010110"": 1, ""00001011010"": 1, ""00011101000"": 1, ""01011010101"": 1, ""01110010110"": 1, ""01111101000"": 1, ""10001010101"": 1, ""11111000011"": 1, ""11111010110"": 1, ""11111100101"": 1}"
286,019e10f6-51e0-7080-aed2-65e571e4a2bd,3,86,IZIXIZYYZII,IIZYYZIXIZI,-0.00048828124999999913,10,0.9999999999999999,0.4,-0.5999999999999999,-0.0004882812499999991,-0.00019531249999999966,0.0002929687499999994,0.5999999999999999,0.0002929687499999994,"{""00100010011"": 1, ""00100100111"": 1, ""01010000111"": 1, ""01101010000"": 1, ""01110001100"": 1, ""10000010111"": 1, ""10000111100"": 1, ""10101000001"": 1, ""10101000010"": 1, ""10101101100"": 1}"
287,019e10f6-51e0-7080-aed2-65e571e4a2bd,3,87,IZIXIZYYZZX,XZZYYZIXIZI,-0.00048828124999999913,10,0.9999999999999999,0.6,-0.3999999999999999,-0.0004882812499999991,-0.00029296874999999945,0.00019531249999999963,0.3999999999999999,0.00019531249999999963,"{""00001011011"": 1, ""00101111111"": 1, ""01010000011"": 1, ""01011101001"": 1, ""01110011000"": 1, ""01111010111"": 1, ""10001100011"": 1, ""10100001100"": 1, ""10101011000"": 1, ""11011010111"": 1}"
288,019e10f6-51e0-7080-aed2-65e571e4a2bd,3,88,IZIXZXIXIXZ,ZXIXIXZXIZI,-0.00048828124999999913,10,0.9999999999999999,0.4,-0.5999999999999999,-0.0004882812499999991,-0.00019531249999999966,0.0002929687499999994,0.5999999999999999,0.0002929687499999994,"{""00000111000"": 1, ""00001010101"": 1, ""00001011000"": 1, ""00010000011"": 1, ""01011010101"": 1, ""01011101101"": 1, ""01111101101"": 1, ""10101100000"": 1, ""11010000110"": 1, ""11011101111"": 1}"
289,019e10f6-51e0-7080-aed2-65e571e4a2bd,3,89,IZIXZXIXIYY,YYIXIXZXIZI,-0.00048828124999999913,10,0.9999999999999999,0.6,-0.3999999999999999,-0.0004882812499999991,-0.00029296874999999945,0.00019531249999999963,0.3999999999999999,0.00019531249999999963,"{""00000111011"": 1, ""00001001101"": 1, ""01010000011"": 1, ""01110000110"": 1, ""10100001110"": 1, ""11010000000"": 1, ""11011011000"": 1, ""11011101101"": 1, ""11110000000"": 1, ""11110001101"": 1}"
290,019e10f6-51e0-7080-aed2-65e571e4a2bd,3,90,IZIXZXIXZII,IIZXIXZXIZI,-0.00048828124999999913,10,0.9999999999999999,0.4,-0.5999999999999999,-0.0004882812499999991,-0.00019531249999999966,0.0002929687499999994,0.5999999999999999,0.0002929687499999994,"{""00010001111"": 1, ""00100001100"": 1, ""00101010100"": 1, ""00111100011"": 1, ""01010001111"": 1, ""01011000000"": 1, ""01111011000"": 1, ""10101010101"": 1, ""11010110101"": 1, ""11011101100"": 1}"
291,019e10f6-51e0-7080-aed2-65e571e4a2bd,3,91,IZIXZXIXZZX,XZZXIXZXIZI,-0.00048828124999999913,10,0.9999999999999999,0.8,-0.19999999999999984,-0.0004882812499999991,-0.0003906249999999993,9.765624999999976e-05,0.19999999999999984,9.765624999999976e-05,"{""00100000000"": 1, ""00100001100"": 1, ""00100001111"": 1, ""00100110111"": 1, ""01010110101"": 1, ""01110111000"": 1, ""10101010111"": 1, ""11010000000"": 1, ""11010110100"": 1, ""11111011000"": 1}"
292,019e10f6-51e0-7080-aed2-65e571e4a2bd,3,92,IZIXZXIYXXY,YXXYIXZXIZI,-0.00048828124999999913,10,0.9999999999999999,0.4,-0.5999999999999999,-0.0004882812499999991,-0.00019531249999999966,0.0002929687499999994,0.5999999999999999,0.0002929687499999994,"{""00100001011"": 1, ""00101011110"": 1, ""10100111010"": 1, ""10101010010"": 1, ""10101010111"": 1, ""10101100001"": 1, ""11011100011"": 1, ""11110110010"": 1, ""11110111110"": 1, ""11111101010"": 1}"
293,019e10f6-51e0-7080-aed2-65e571e4a2bd,3,93,IZIXZXIYXYZ,ZYXYIXZXIZI,0.00048828124999999913,10,-0.9999999999999999,-1.0,-1.1102230246251565e-16,-0.0004882812499999991,-0.00048828124999999913,-5.421010862427522e-20,1.1102230246251565e-16,5.421010862427522e-20,"{""00100000100"": 1, ""01010000001"": 1, ""01010001110"": 1, ""01010111001"": 1, ""01011010101"": 1, ""01111010000"": 1, ""01111101011"": 1, ""10001100001"": 1, ""10101010110"": 1, ""11010111111"": 1}"
294,019e10f6-51e0-7080-aed2-65e571e4a2bd,3,94,IZIXZXIYYIX,XIYYIXZXIZI,-0.00048828124999999913,10,0.9999999999999999,1.0,1.1102230246251565e-16,-0.0004882812499999991,-0.00048828124999999913,-5.421010862427522e-20,1.1102230246251565e-16,5.421010862427522e-20,"{""00000001011"": 1, ""00100001011"": 1, ""01011011111"": 1, ""01011101011"": 1, ""01110000000"": 1, ""01110001100"": 1, ""01111000011"": 1, ""10001010100"": 1, ""10100000000"": 1, ""11011011000"": 1}"
295,019e10f6-51e0-7080-aed2-65e571e4a2bd,3,95,IZIXZXIYYZI,IZYYIXZXIZI,-0.00048828124999999913,10,0.9999999999999999,0.8,-0.19999999999999984,-0.0004882812499999991,-0.0003906249999999993,9.765624999999976e-05,0.19999999999999984,9.765624999999976e-05,"{""00000000000"": 1, ""00101100111"": 1, ""01010111111"": 1, ""01011101011"": 1, ""01110000011"": 1, ""10001011000"": 1, ""10100000001"": 1, ""10100001010"": 1, ""10100001101"": 1, ""11111010101"": 1}"
296,019e10f6-51e0-7080-aed2-65e571e4a2bd,3,96,IZIXZXZIIII,IIIIZXZXIZI,-0.00048828124999999913,10,0.9999999999999999,1.0,1.1102230246251565e-16,-0.0004882812499999991,-0.00048828124999999913,-5.421010862427522e-20,1.1102230246251565e-16,5.421010862427522e-20,"{""00001100111"": 1, ""00001101011"": 1, ""00100111010"": 1, ""00100111111"": 1, ""01011100100"": 1, ""01110111101"": 1, ""01111100100"": 1, ""11010000100"": 1, ""11010001100"": 1, ""11011011110"": 1}"
297,019e10f6-51e0-7080-aed2-65e571e4a2bd,3,97,IZIXZXZIIZX,XZIIZXZXIZI,-0.00048828124999999913,10,0.9999999999999999,0.4,-0.5999999999999999,-0.0004882812499999991,-0.00019531249999999966,0.0002929687499999994,0.5999999999999999,0.0002929687499999994,"{""00000001001"": 1, ""00001011011"": 1, ""00100000111"": 1, ""00101010111"": 1, ""00110110111"": 1, ""01110110000"": 1, ""10101010000"": 1, ""10101101100"": 1, ""11100000100"": 1, ""11110001011"": 1}"
298,019e10f6-51e0-7080-aed2-65e571e4a2bd,3,98,IZIXZXZIZXZ,ZXZIZXZXIZI,-0.00048828124999999913,10,0.9999999999999999,0.8,-0.19999999999999984,-0.0004882812499999991,-0.0003906249999999993,9.765624999999976e-05,0.19999999999999984,9.765624999999976e-05,"{""00000000101"": 1, ""00000001110"": 2, ""00100000011"": 1, ""01010111100"": 1, ""01010111110"": 1, ""10100111101"": 1, ""10101011000"": 1, ""10101101011"": 1, ""11110001011"": 1}"
299,019e10f6-51e0-7080-aed2-65e571e4a2bd,3,99,IZIXZXZIZYY,YYZIZXZXIZI,-0.00048828124999999913,10,0.9999999999999999,0.8,-0.19999999999999984,-0.0004882812499999991,-0.0003906249999999993,9.765624999999976e-05,0.19999999999999984,9.765624999999976e-05,"{""00000001110"": 1, ""00101101011"": 1, ""01001010101"": 1, ""01010000101"": 1, ""01110001110"": 1, ""01111101110"": 1, ""10000000101"": 1, ""10001011000"": 1, ""10100000011"": 1, ""11111100000"": 1}"
300,019e10f6-63f8-74f3-a0d8-e8f0100e6d36,4,0,IZIXZXZZXIX,XIXZZXZXIZI,-0.00048828124999999913,10,0.9999999999999999,0.6,-0.3999999999999999,-0.0004882812499999991,-0.00029296874999999945,0.00019531249999999963,0.3999999999999999,0.00019531249999999963,"{""00100110000"": 1, ""00110100000"": 1, ""01010000011"": 1, ""01010000111"": 1, ""01110011000"": 1, ""10001101011"": 1, ""10100001100"": 1, ""11011011001"": 1, ""11110000011"": 1, ""11111101011"": 1}"
301,019e10f6-63f8-74f3-a0d8-e8f0100e6d36,4,1,IZIXZXZZXZI,IZXZZXZXIZI,-0.00048828124999999913,10,0.9999999999999999,0.2,-0.7999999999999998,-0.0004882812499999991,-9.765624999999983e-05,0.00039062499999999926,0.7999999999999998,0.00039062499999999926,"{""00000000000"": 1, ""00001100001"": 2, ""00100101010"": 1, ""00101010000"": 1, ""01010000111"": 1, ""01011011111"": 1, ""11010010000"": 1, ""11011100001"": 1, ""11110010110"": 1}"
302,019e10f6-63f8-74f3-a0d8-e8f0100e6d36,4,2,IZIXZXZZYXY,YXYZZXZXIZI,0.00048828124999999913,10,-0.9999999999999999,-0.6,0.3999999999999999,-0.0004882812499999991,-0.00029296874999999945,0.00019531249999999963,0.3999999999999999,0.00019531249999999963,"{""00100110111"": 1, ""00101101110"": 1, ""01011011110"": 1, ""01110101011"": 1, ""01111011110"": 1, ""10000010100"": 1, ""10001010010"": 1, ""10001100001"": 1, ""10100001110"": 1, ""11010111000"": 1}"
303,019e10f6-63f8-74f3-a0d8-e8f0100e6d36,4,3,IZIXZXZZYYZ,ZYYZZXZXIZI,-0.00048828124999999913,10,0.9999999999999999,0.4,-0.5999999999999999,-0.0004882812499999991,-0.00019531249999999966,0.0002929687499999994,0.5999999999999999,0.0002929687499999994,"{""00100001100"": 1, ""01010001001"": 1, ""01011101010"": 1, ""01110000010"": 1, ""01111010101"": 1, ""10001011111"": 1, ""10001100101"": 1, ""10001101110"": 1, ""10100110010"": 1, ""11000111011"": 1}"
304,019e10f6-63f8-74f3-a0d8-e8f0100e6d36,4,4,IZIXZYXXXXY,YXXXXYZXIZI,-0.00048828124999999913,10,0.9999999999999999,0.6,-0.3999999999999999,-0.0004882812499999991,-0.00029296874999999945,0.00019531249999999963,0.3999999999999999,0.00019531249999999963,"{""00001110111"": 1, ""00101010101"": 1, ""01010100011"": 1, ""01110100001"": 1, ""01111000101"": 1, ""10001000111"": 1, ""10101101111"": 1, ""10101110111"": 1, ""11011110010"": 1, ""11111011010"": 1}"
305,019e10f6-63f8-74f3-a0d8-e8f0100e6d36,4,5,IZIXZYXXXYZ,ZYXXXYZXIZI,0.00048828124999999913,10,-0.9999999999999999,-0.6,0.3999999999999999,-0.0004882812499999991,-0.00029296874999999945,0.00019531249999999963,0.3999999999999999,0.00019531249999999963,"{""00000010011"": 1, ""00001100110"": 1, ""00001100111"": 1, ""00101111111"": 1, ""10100100110"": 1, ""10101010010"": 1, ""11011000101"": 1, ""11110001000"": 1, ""11110001100"": 1, ""11111001111"": 1}"
306,019e10f6-63f8-74f3-a0d8-e8f0100e6d36,4,6,IZIXZYXXYIX,XIYXXYZXIZI,-0.00048828124999999913,10,0.9999999999999999,0.6,-0.3999999999999999,-0.0004882812499999991,-0.00029296874999999945,0.00019531249999999963,0.3999999999999999,0.00019531249999999963,"{""00000101000"": 1, ""00001010111"": 1, ""00101001000"": 1, ""00101011111"": 1, ""10000100100"": 1, ""11011101011"": 1, ""11011110011"": 1, ""11110000000"": 1, ""11110110011"": 1, ""11111101100"": 1}"
307,019e10f6-63f8-74f3-a0d8-e8f0100e6d36,4,7,IZIXZYXXYZI,IZYXXYZXIZI,-0.00048828124999999913,10,0.9999999999999999,0.8,-0.19999999999999984,-0.0004882812499999991,-0.0003906249999999993,9.765624999999976e-05,0.19999999999999984,9.765624999999976e-05,"{""00001010110"": 1, ""00001110101"": 1, ""01011000010"": 1, ""01011111111"": 1, ""01110001100"": 1, ""01111011100"": 1, ""10100111011"": 1, ""11010001000"": 1, ""11110001100"": 1, ""11110110001"": 1}"
308,019e10f6-63f8-74f3-a0d8-e8f0100e6d36,4,8,IZIXZYXYIXZ,ZXIYXYZXIZI,0.00048828124999999913,10,-0.9999999999999999,-0.6,0.3999999999999999,-0.0004882812499999991,-0.00029296874999999945,0.00019531249999999963,0.3999999999999999,0.00019531249999999963,"{""00000000101"": 1, ""00001001101"": 1, ""00101000110"": 1, ""01010001011"": 1, ""01011100101"": 1, ""10000010000"": 1, ""10001000000"": 1, ""10011001101"": 1, ""10100111000"": 1, ""10110011011"": 1}"
309,019e10f6-63f8-74f3-a0d8-e8f0100e6d36,4,9,IZIXZYXYIYY,YYIYXYZXIZI,0.00048828124999999913,10,-0.9999999999999999,-0.2,0.7999999999999998,-0.0004882812499999991,-9.765624999999983e-05,0.00039062499999999926,0.7999999999999998,0.00039062499999999926,"{""01010000101"": 1, ""01010100000"": 1, ""01100000110"": 1, ""01110110011"": 1, ""10000111101"": 1, ""10001100100"": 1, ""10100001011"": 2, ""11011101011"": 1, ""11110110101"": 1}"
310,019e10f6-63f8-74f3-a0d8-e8f0100e6d36,4,10,IZIXZYXYZII,IIZYXYZXIZI,0.00048828124999999913,10,-0.9999999999999999,-0.8,0.19999999999999984,-0.0004882812499999991,-0.0003906249999999993,9.765624999999976e-05,0.19999999999999984,9.765624999999976e-05,"{""00000011101"": 1, ""00000100000"": 1, ""00100010011"": 1, ""00101111001"": 1, ""01001000100"": 1, ""01010011101"": 1, ""10000001010"": 1, ""10001101000"": 1, ""10100010001"": 1, ""11111111110"": 1}"
311,019e10f6-63f8-74f3-a0d8-e8f0100e6d36,4,11,IZIXZYXYZZX,XZZYXYZXIZI,0.00048828124999999913,10,-0.9999999999999999,-0.8,0.19999999999999984,-0.0004882812499999991,-0.0003906249999999993,9.765624999999976e-05,0.19999999999999984,9.765624999999976e-05,"{""01010001011"": 1, ""01010010000"": 1, ""01010111111"": 1, ""01011101000"": 1, ""01011101011"": 1, ""01110000100"": 1, ""01110001011"": 1, ""01110110100"": 1, ""10000000111"": 1, ""11110110100"": 1}"
312,019e10f6-63f8-74f3-a0d8-e8f0100e6d36,4,12,IZIXZYYIXIX,XIXIYYZXIZI,-0.00048828124999999913,10,0.9999999999999999,0.8,-0.19999999999999984,-0.0004882812499999991,-0.0003906249999999993,9.765624999999976e-05,0.19999999999999984,9.765624999999976e-05,"{""00000100000"": 1, ""00001111011"": 1, ""00101100111"": 1, ""01010011011"": 1, ""01011111100"": 1, ""01110000000"": 1, ""01111100111"": 1, ""10000110111"": 1, ""11010101100"": 1, ""11110000111"": 1}"
313,019e10f6-63f8-74f3-a0d8-e8f0100e6d36,4,13,IZIXZYYIXZI,IZXIYYZXIZI,-0.00048828124999999913,10,0.9999999999999999,0.6,-0.3999999999999999,-0.0004882812499999991,-0.00029296874999999945,0.00019531249999999963,0.3999999999999999,0.00019531249999999963,"{""00000000000"": 1, ""00100100111"": 1, ""00101100110"": 1, ""01010000000"": 1, ""01010101010"": 1, ""01011001010"": 1, ""01111000111"": 1, ""01111100000"": 1, ""01111111100"": 1, ""11111010000"": 1}"
314,019e10f6-63f8-74f3-a0d8-e8f0100e6d36,4,14,IZIXZYYIYXY,YXYIYYZXIZI,0.00048828124999999913,10,-0.9999999999999999,-0.8,0.19999999999999984,-0.0004882812499999991,-0.0003906249999999993,9.765624999999976e-05,0.19999999999999984,9.765624999999976e-05,"{""00001100111"": 1, ""00100011110"": 1, ""00101100111"": 1, ""00101111110"": 1, ""01110011101"": 1, ""01111010001"": 1, ""10001001110"": 1, ""11011010111"": 1, ""11011111110"": 1, ""11110100001"": 1}"
315,019e10f6-63f8-74f3-a0d8-e8f0100e6d36,4,15,IZIXZYYIYYZ,ZYYIYYZXIZI,-0.00048828124999999913,10,0.9999999999999999,0.4,-0.5999999999999999,-0.0004882812499999991,-0.00019531249999999966,0.0002929687499999994,0.5999999999999999,0.0002929687499999994,"{""00100110011"": 1, ""01010000011"": 1, ""01011100101"": 1, ""01111010011"": 1, ""01111010111"": 1, ""10010110000"": 1, ""10100000111"": 1, ""10100101001"": 1, ""11010000000"": 1, ""11010110011"": 1}"
316,019e10f6-63f8-74f3-a0d8-e8f0100e6d36,4,16,IZIXZYYZIII,IIIZYYZXIZI,-0.00048828124999999913,10,0.9999999999999999,1.0,1.1102230246251565e-16,-0.0004882812499999991,-0.00048828124999999913,-5.421010862427522e-20,1.1102230246251565e-16,5.421010862427522e-20,"{""00000011011"": 1, ""00000110101"": 1, ""00101100100"": 1, ""01011111000"": 1, ""01110000110"": 1, ""01111100110"": 1, ""10000011000"": 1, ""10100110010"": 1, ""11010011110"": 1, ""11011100111"": 1}"
317,019e10f6-63f8-74f3-a0d8-e8f0100e6d36,4,17,IZIXZYYZIZX,XZIZYYZXIZI,-0.00048828124999999913,10,0.9999999999999999,0.8,-0.19999999999999984,-0.0004882812499999991,-0.0003906249999999993,9.765624999999976e-05,0.19999999999999984,9.765624999999976e-05,"{""01000110011"": 1, ""01010011100"": 1, ""01111001000"": 1, ""10001010111"": 1, ""10100101011"": 1, ""11010011100"": 1, ""11010101111"": 1, ""11010110100"": 1, ""11111001111"": 1, ""11111111100"": 1}"
318,019e10f6-63f8-74f3-a0d8-e8f0100e6d36,4,18,IZIXZYYZZXZ,ZXZZYYZXIZI,-0.00048828124999999913,10,0.9999999999999999,0.4,-0.5999999999999999,-0.0004882812499999991,-0.00019531249999999966,0.0002929687499999994,0.5999999999999999,0.0002929687499999994,"{""00101111000"": 1, ""01010000000"": 1, ""01010110011"": 1, ""01011001111"": 1, ""01110011011"": 1, ""10100101101"": 1, ""10101100101"": 1, ""11000101101"": 1, ""11110100110"": 1, ""11111111110"": 1}"
319,019e10f6-63f8-74f3-a0d8-e8f0100e6d36,4,19,IZIXZYYZZYY,YYZZYYZXIZI,-0.00048828124999999913,10,0.9999999999999999,0.4,-0.5999999999999999,-0.0004882812499999991,-0.00019531249999999966,0.0002929687499999994,0.5999999999999999,0.0002929687499999994,"{""00000110011"": 1, ""00100110110"": 2, ""01001111101"": 1, ""10000010110"": 1, ""10100011010"": 1, ""10100011101"": 1, ""10100101110"": 1, ""11010011011"": 1, ""11111111000"": 1}"
320,019e10f6-63f8-74f3-a0d8-e8f0100e6d36,4,20,IZXIIXIXIXZ,ZXIXIXIIXZI,-0.00048828124999999913,10,0.9999999999999999,0.8,-0.19999999999999984,-0.0004882812499999991,-0.0003906249999999993,9.765624999999976e-05,0.19999999999999984,9.765624999999976e-05,"{""00000110101"": 1, ""00111010101"": 1, ""01011100000"": 1, ""01011110011"": 1, ""01100001110"": 1, ""01110000000"": 1, ""10010001111"": 1, ""10101101110"": 1, ""10111101110"": 1, ""11110110110"": 1}"
321,019e10f6-63f8-74f3-a0d8-e8f0100e6d36,4,21,IZXIIXIXIYY,YYIXIXIIXZI,-0.00048828124999999913,10,0.9999999999999999,0.8,-0.19999999999999984,-0.0004882812499999991,-0.0003906249999999993,9.765624999999976e-05,0.19999999999999984,9.765624999999976e-05,"{""00111100010"": 1, ""01100000011"": 1, ""01100001101"": 1, ""01100110101"": 1, ""01100110110"": 1, ""10010001101"": 1, ""10111010101"": 1, ""11011010101"": 1, ""11011100000"": 1, ""11110110110"": 1}"
322,019e10f6-63f8-74f3-a0d8-e8f0100e6d36,4,22,IZXIIXIXZII,IIZXIXIIXZI,-0.00048828124999999913,10,0.9999999999999999,0.8,-0.19999999999999984,-0.0004882812499999991,-0.0003906249999999993,9.765624999999976e-05,0.19999999999999984,9.765624999999976e-05,"{""00000000010"": 1, ""00111010110"": 1, ""01001101101"": 1, ""01010000000"": 1, ""01100111001"": 1, ""10000000001"": 1, ""10010110111"": 1, ""10010111001"": 1, ""10101010100"": 1, ""11100111000"": 1}"
323,019e10f6-63f8-74f3-a0d8-e8f0100e6d36,4,23,IZXIIXIXZZX,XZZXIXIIXZI,-0.00048828124999999913,10,0.9999999999999999,0.6,-0.3999999999999999,-0.0004882812499999991,-0.00029296874999999945,0.00019531249999999963,0.3999999999999999,0.00019531249999999963,"{""00101011000"": 1, ""00101100100"": 1, ""00111100011"": 1, ""01001011010"": 1, ""01001100011"": 1, ""01011101111"": 1, ""01100110100"": 1, ""10111010100"": 1, ""11100001100"": 1, ""11100110100"": 1}"
324,019e10f6-63f8-74f3-a0d8-e8f0100e6d36,4,24,IZXIIXIYXXY,YXXYIXIIXZI,-0.00048828124999999913,10,0.9999999999999999,1.0,1.1102230246251565e-16,-0.0004882812499999991,-0.00048828124999999913,-5.421010862427522e-20,1.1102230246251565e-16,5.421010862427522e-20,"{""00010110010"": 1, ""00101011110"": 1, ""01011011110"": 1, ""01011100000"": 1, ""01011100011"": 1, ""01100001001"": 1, ""01100111011"": 1, ""10010110100"": 1, ""11011011110"": 1, ""11100001100"": 1}"
325,019e10f6-63f8-74f3-a0d8-e8f0100e6d36,4,25,IZXIIXIYXYZ,ZYXYIXIIXZI,0.00048828124999999913,10,-0.9999999999999999,-0.6,0.3999999999999999,-0.0004882812499999991,-0.00029296874999999945,0.00019531249999999963,0.3999999999999999,0.00019531249999999963,"{""00010001010"": 1, ""00101010111"": 1, ""00101101011"": 1, ""01001011010"": 1, ""01100000010"": 1, ""10010110000"": 1, ""10101100001"": 1, ""10111100100"": 1, ""10111101110"": 1, ""11110110011"": 1}"
326,019e10f6-63f8-74f3-a0d8-e8f0100e6d36,4,26,IZXIIXIYYIX,XIYYIXIIXZI,-0.00048828124999999913,10,0.9999999999999999,0.4,-0.5999999999999999,-0.0004882812499999991,-0.00019531249999999966,0.0002929687499999994,0.5999999999999999,0.0002929687499999994,"{""00010110001"": 1, ""00111101100"": 1, ""01001001011"": 1, ""01011011100"": 1, ""01100000111"": 1, ""10101010100"": 1, ""11001011111"": 1, ""11001101011"": 1, ""11100111111"": 1, ""11110010100"": 1}"
327,019e10f6-63f8-74f3-a0d8-e8f0100e6d36,4,27,IZXIIXIYYZI,IZYYIXIIXZI,-0.00048828124999999913,10,0.9999999999999999,0.8,-0.19999999999999984,-0.0004882812499999991,-0.0003906249999999993,9.765624999999976e-05,0.19999999999999984,9.765624999999976e-05,"{""00101100110"": 1, ""00111010111"": 1, ""00111011110"": 1, ""01110000111"": 1, ""10000001011"": 1, ""10101011110"": 1, ""10101100110"": 1, ""11001010010"": 1, ""11001101101"": 1, ""11110110011"": 1}"
328,019e10f6-63f8-74f3-a0d8-e8f0100e6d36,4,28,IZXIIXZIIII,IIIIZXIIXZI,-0.00048828124999999913,10,0.9999999999999999,0.6,-0.3999999999999999,-0.0004882812499999991,-0.00029296874999999945,0.00019531249999999963,0.3999999999999999,0.00019531249999999963,"{""01001010011"": 1, ""01011100100"": 1, ""01110001110"": 1, ""01110100101"": 1, ""10000000101"": 1, ""10011011101"": 1, ""10101011101"": 1, ""10101101110"": 1, ""10111101010"": 2}"
329,019e10f6-63f8-74f3-a0d8-e8f0100e6d36,4,29,IZXIIXZIIZX,XZIIZXIIXZI,-0.00048828124999999913,10,0.9999999999999999,1.0,1.1102230246251565e-16,-0.0004882812499999991,-0.00048828124999999913,-5.421010862427522e-20,1.1102230246251565e-16,5.421010862427522e-20,"{""01001100100"": 1, ""01011100100"": 1, ""10101011000"": 1, ""10101101000"": 1, ""11011010011"": 1, ""11011010100"": 1, ""11011100000"": 1, ""11100110000"": 2, ""11110000000"": 1}"
330,019e10f6-63f8-74f3-a0d8-e8f0100e6d36,4,30,IZXIIXZIZXZ,ZXZIZXIIXZI,-0.00048828124999999913,10,0.9999999999999999,0.8,-0.19999999999999984,-0.0004882812499999991,-0.0003906249999999993,9.765624999999976e-05,0.19999999999999984,9.765624999999976e-05,"{""01100110101"": 1, ""01110000101"": 1, ""01110111011"": 1, ""10010000010"": 1, ""10111010101"": 1, ""10111010110"": 1, ""10111100000"": 1, ""11001101101"": 1, ""11011100000"": 1, ""11100111000"": 1}"
331,019e10f6-63f8-74f3-a0d8-e8f0100e6d36,4,31,IZXIIXZIZYY,YYZIZXIIXZI,-0.00048828124999999913,10,0.9999999999999999,0.6,-0.3999999999999999,-0.0004882812499999991,-0.00029296874999999945,0.00019531249999999963,0.3999999999999999,0.00019531249999999963,"{""00000000110"": 1, ""00000110110"": 1, ""00000111000"": 1, ""00010111011"": 1, ""00111010011"": 1, ""01000101010"": 1, ""01110000011"": 1, ""01110011000"": 1, ""01110111011"": 1, ""10010111011"": 1}"
332,019e10f6-63f8-74f3-a0d8-e8f0100e6d36,4,32,IZXIIXZZXIX,XIXZZXIIXZI,-0.00048828124999999913,10,0.9999999999999999,0.2,-0.7999999999999998,-0.0004882812499999991,-9.765624999999983e-05,0.00039062499999999926,0.7999999999999998,0.00039062499999999926,"{""00111010011"": 1, ""01001010111"": 1, ""01001110111"": 1, ""01011010110"": 1, ""01100111100"": 1, ""10010001100"": 1, ""10010111100"": 1, ""10111011100"": 1, ""11011100111"": 1, ""11101101011"": 1}"
333,019e10f6-63f8-74f3-a0d8-e8f0100e6d36,4,33,IZXIIXZZXZI,IZXZZXIIXZI,-0.00048828124999999913,10,0.9999999999999999,1.0,1.1102230246251565e-16,-0.0004882812499999991,-0.00048828124999999913,-5.421010862427522e-20,1.1102230246251565e-16,5.421010862427522e-20,"{""00000000111"": 1, ""00101010110"": 1, ""00101101010"": 1, ""00111010000"": 1, ""01110111011"": 1, ""10000110110"": 1, ""10101011010"": 1, ""10111010001"": 1, ""10111010111"": 1, ""11100001010"": 1}"
334,019e10f6-63f8-74f3-a0d8-e8f0100e6d36,4,34,IZXIIXZZYXY,YXYZZXIIXZI,0.00048828124999999913,10,-0.9999999999999999,-0.8,0.19999999999999984,-0.0004882812499999991,-0.0003906249999999993,9.765624999999976e-05,0.19999999999999984,9.765624999999976e-05,"{""00010001011"": 1, ""00111011101"": 1, ""00111100100"": 1, ""01001010100"": 1, ""01100000111"": 1, ""11001011011"": 1, ""11001100001"": 1, ""11011011001"": 1, ""11110110001"": 1, ""11110111101"": 1}"
335,019e10f6-63f8-74f3-a0d8-e8f0100e6d36,4,35,IZXIIXZZYYZ,ZYYZZXIIXZI,-0.00048828124999999913,10,0.9999999999999999,0.8,-0.19999999999999984,-0.0004882812499999991,-0.0003906249999999993,9.765624999999976e-05,0.19999999999999984,9.765624999999976e-05,"{""00111101100"": 1, ""01001101010"": 1, ""01001101101"": 1, ""01011101001"": 1, ""01100110000"": 1, ""01100110101"": 1, ""10000000110"": 1, ""10000001111"": 1, ""10101010011"": 1, ""10111101111"": 1}"
336,019e10f6-63f8-74f3-a0d8-e8f0100e6d36,4,36,IZXIIYXXXXY,YXXXXYIIXZI,-0.00048828124999999913,10,0.9999999999999999,0.6,-0.3999999999999999,-0.0004882812499999991,-0.00029296874999999945,0.00019531249999999963,0.3999999999999999,0.00019531249999999963,"{""00000010111"": 1, ""00010000100"": 1, ""00101101100"": 1, ""01011001100"": 1, ""01100011110"": 1, ""10010010111"": 1, ""10101111000"": 1, ""10111001101"": 1, ""10111111101"": 1, ""11110011110"": 1}"
337,019e10f6-63f8-74f3-a0d8-e8f0100e6d36,4,37,IZXIIYXXXYZ,ZYXXXYIIXZI,0.00048828124999999913,10,-0.9999999999999999,-0.8,0.19999999999999984,-0.0004882812499999991,-0.0003906249999999993,9.765624999999976e-05,0.19999999999999984,9.765624999999976e-05,"{""01011011000"": 1, ""01100001011"": 1, ""01100010000"": 1, ""01100101100"": 1, ""10000011100"": 1, ""10010001011"": 1, ""10010010110"": 1, ""10010101010"": 1, ""10100010011"": 1, ""11100110010"": 1}"
338,019e10f6-63f8-74f3-a0d8-e8f0100e6d36,4,38,IZXIIYXXYIX,XIYXXYIIXZI,-0.00048828124999999913,10,0.9999999999999999,1.0,1.1102230246251565e-16,-0.0004882812499999991,-0.00048828124999999913,-5.421010862427522e-20,1.1102230246251565e-16,5.421010862427522e-20,"{""00101000100"": 1, ""00101101100"": 1, ""01001111000"": 1, ""01001111111"": 1, ""01011001000"": 1, ""01110000111"": 1, ""10000010011"": 1, ""10101011011"": 1, ""10111001111"": 1, ""11110111011"": 1}"
339,019e10f6-63f8-74f3-a0d8-e8f0100e6d36,4,39,IZXIIYXXYZI,IZYXXYIIXZI,-0.00048828124999999913,10,0.9999999999999999,0.8,-0.19999999999999984,-0.0004882812499999991,-0.0003906249999999993,9.765624999999976e-05,0.19999999999999984,9.765624999999976e-05,"{""00000011001"": 1, ""00101000010"": 1, ""00101001000"": 1, ""01110100111"": 1, ""10101101100"": 1, ""10111101010"": 1, ""11001101010"": 1, ""11011001111"": 1, ""11110000111"": 1, ""11110001011"": 1}"
340,019e10f6-63f8-74f3-a0d8-e8f0100e6d36,4,40,IZXIIYXYIXZ,ZXIYXYIIXZI,0.00048828124999999913,10,-0.9999999999999999,-0.6,0.3999999999999999,-0.0004882812499999991,-0.00029296874999999945,0.00019531249999999963,0.3999999999999999,0.00019531249999999963,"{""00000111011"": 1, ""00101000101"": 1, ""01001000011"": 1, ""01001110000"": 1, ""01110100000"": 1, ""10000110110"": 1, ""10010010000"": 1, ""10010111011"": 1, ""11001101110"": 1, ""11110100011"": 1}"
341,019e10f6-63f8-74f3-a0d8-e8f0100e6d36,4,41,IZXIIYXYIYY,YYIYXYIIXZI,0.00048828124999999913,10,-0.9999999999999999,-0.8,0.19999999999999984,-0.0004882812499999991,-0.0003906249999999993,9.765624999999976e-05,0.19999999999999984,9.765624999999976e-05,"{""00000111011"": 1, ""00010000110"": 1, ""01001001101"": 1, ""01001011011"": 1, ""01001101011"": 1, ""10000000110"": 1, ""10000101110"": 1, ""11001011011"": 1, ""11011110011"": 1, ""11100011100"": 1}"
342,019e10f6-63f8-74f3-a0d8-e8f0100e6d36,4,42,IZXIIYXYZII,IIZYXYIIXZI,0.00048828124999999913,10,-0.9999999999999999,-0.8,0.19999999999999984,-0.0004882812499999991,-0.0003906249999999993,9.765624999999976e-05,0.19999999999999984,9.765624999999976e-05,"{""00001011100"": 1, ""00101001100"": 1, ""00111100101"": 1, ""01110000100"": 1, ""10000001011"": 1, ""10010111011"": 1, ""10101000010"": 1, ""11001010101"": 1, ""11100000001"": 1, ""11110010010"": 1}"
343,019e10f6-63f8-74f3-a0d8-e8f0100e6d36,4,43,IZXIIYXYZZX,XZZYXYIIXZI,0.00048828124999999913,10,-0.9999999999999999,-0.8,0.19999999999999984,-0.0004882812499999991,-0.0003906249999999993,9.765624999999976e-05,0.19999999999999984,9.765624999999976e-05,"{""00010010000"": 1, ""00111000111"": 1, ""00111100111"": 1, ""00111111100"": 1, ""00111111111"": 1, ""10010110100"": 1, ""11000100111"": 1, ""11001111100"": 1, ""11011100111"": 1, ""11011110011"": 1}"
344,019e10f6-63f8-74f3-a0d8-e8f0100e6d36,4,44,IZXIIYYIXIX,XIXIYYIIXZI,-0.00048828124999999913,10,0.9999999999999999,0.6,-0.3999999999999999,-0.0004882812499999991,-0.00029296874999999945,0.00019531249999999963,0.3999999999999999,0.00019531249999999963,"{""01011010000"": 1, ""01100011011"": 1, ""01110000111"": 1, ""10000110111"": 1, ""10010110000"": 1, ""11001100111"": 1, ""11001111000"": 1, ""11001111111"": 1, ""11100011011"": 1, ""11110101100"": 1}"
345,019e10f6-63f8-74f3-a0d8-e8f0100e6d36,4,45,IZXIIYYIXZI,IZXIYYIIXZI,-0.00048828124999999913,10,0.9999999999999999,0.6,-0.3999999999999999,-0.0004882812499999991,-0.00029296874999999945,0.00019531249999999963,0.3999999999999999,0.00019531249999999963,"{""00010110001"": 1, ""01001010000"": 1, ""01110000000"": 1, ""10000111010"": 1, ""10010101100"": 1, ""10010111101"": 1, ""10101001101"": 1, ""10111001011"": 1, ""11011010110"": 1, ""11011111010"": 1}"
346,019e10f6-63f8-74f3-a0d8-e8f0100e6d36,4,46,IZXIIYYIYXY,YXYIYYIIXZI,0.00048828124999999913,10,-0.9999999999999999,-0.6,0.3999999999999999,-0.0004882812499999991,-0.00029296874999999945,0.00019531249999999963,0.3999999999999999,0.00019531249999999963,"{""00010110101"": 1, ""00010110111"": 1, ""01001100100"": 1, ""01011111000"": 1, ""10101100001"": 1, ""11000011000"": 1, ""11011110000"": 1, ""11011111011"": 1, ""11100011110"": 1, ""11110000111"": 1}"
347,019e10f6-63f8-74f3-a0d8-e8f0100e6d36,4,47,IZXIIYYIYYZ,ZYYIYYIIXZI,-0.00048828124999999913,10,0.9999999999999999,0.6,-0.3999999999999999,-0.0004882812499999991,-0.00029296874999999945,0.00019531249999999963,0.3999999999999999,0.00019531249999999963,"{""01001101010"": 1, ""01001111001"": 1, ""01110101010"": 1, ""01110110000"": 1, ""10010101110"": 1, ""11000001100"": 1, ""11001010101"": 1, ""11100011010"": 1, ""11100101111"": 1, ""11100110011"": 1}"
348,019e10f6-63f8-74f3-a0d8-e8f0100e6d36,4,48,IZXIIYYZIII,IIIZYYIIXZI,-0.00048828124999999913,10,0.9999999999999999,1.0,1.1102230246251565e-16,-0.0004882812499999991,-0.00048828124999999913,-5.421010862427522e-20,1.1102230246251565e-16,5.421010862427522e-20,"{""00111001011"": 1, ""00111010001"": 1, ""10010000100"": 1, ""10101010001"": 1, ""10111100010"": 1, ""11001001010"": 1, ""11001010000"": 1, ""11011100101"": 1, ""11011111111"": 1, ""11100110110"": 1}"
349,019e10f6-63f8-74f3-a0d8-e8f0100e6d36,4,49,IZXIIYYZIZX,XZIZYYIIXZI,-0.00048828124999999913,10,0.9999999999999999,0.8,-0.19999999999999984,-0.0004882812499999991,-0.0003906249999999993,9.765624999999976e-05,0.19999999999999984,9.765624999999976e-05,"{""00000101100"": 1, ""00101100100"": 1, ""01100000011"": 1, ""10000000111"": 1, ""10010011110"": 1, ""10111100111"": 2, ""11001001011"": 1, ""11100011011"": 1, ""11110000011"": 1}"
350,019e10f6-63f8-74f3-a0d8-e8f0100e6d36,4,50,IZXIIYYZZXZ,ZXZZYYIIXZI,-0.00048828124999999913,10,0.9999999999999999,0.8,-0.19999999999999984,-0.0004882812499999991,-0.0003906249999999993,9.765624999999976e-05,0.19999999999999984,9.765624999999976e-05,"{""00101001011"": 1, ""01011010101"": 1, ""01100011101"": 1, ""01100110101"": 2, ""01111100011"": 1, ""10000000110"": 1, ""10111010011"": 1, ""11100011000"": 1, ""11110000011"": 1}"
351,019e10f6-63f8-74f3-a0d8-e8f0100e6d36,4,51,IZXIIYYZZYY,YYZZYYIIXZI,-0.00048828124999999913,10,0.9999999999999999,0.8,-0.19999999999999984,-0.0004882812499999991,-0.0003906249999999993,9.765624999999976e-05,0.19999999999999984,9.765624999999976e-05,"{""01110000110"": 1, ""01110110000"": 1, ""10000101001"": 1, ""10010000011"": 2, ""10101111101"": 1, ""11001010101"": 1, ""11001100101"": 1, ""11011001000"": 2}"
352,019e10f6-63f8-74f3-a0d8-e8f0100e6d36,4,52,IZXIZIIIIII,IIIIIIZIXZI,-0.00048828124999999913,10,0.9999999999999999,1.0,1.1102230246251565e-16,-0.0004882812499999991,-0.00048828124999999913,-5.421010862427522e-20,1.1102230246251565e-16,5.421010862427522e-20,"{""00101110001"": 1, ""00101110011"": 1, ""01011011111"": 1, ""01110100010"": 1, ""10000100000"": 1, ""10101100101"": 1, ""10111101100"": 1, ""10111110101"": 1, ""11011011111"": 1, ""11011110100"": 1}"
353,019e10f6-63f8-74f3-a0d8-e8f0100e6d36,4,53,IZXIZIIIIZX,XZIIIIZIXZI,-0.00048828124999999913,10,0.9999999999999999,0.6,-0.3999999999999999,-0.0004882812499999991,-0.00029296874999999945,0.00019531249999999963,0.3999999999999999,0.00019531249999999963,"{""00010011000"": 1, ""00111100001"": 1, ""01100000000"": 1, ""01100111100"": 1, ""01110001111"": 1, ""10101001111"": 1, ""10101011011"": 1, ""10110100011"": 1, ""11011100000"": 1, ""11100100011"": 1}"
354,019e10f6-63f8-74f3-a0d8-e8f0100e6d36,4,54,IZXIZIIIZXZ,ZXZIIIZIXZI,-0.00048828124999999913,10,0.9999999999999999,0.8,-0.19999999999999984,-0.0004882812499999991,-0.0003906249999999993,9.765624999999976e-05,0.19999999999999984,9.765624999999976e-05,"{""00010011010"": 1, ""00101001110"": 1, ""00111111000"": 1, ""01110110000"": 1, ""10000111110"": 1, ""11001010011"": 1, ""11001111000"": 1, ""11011110110"": 1, ""11110010101"": 1, ""11110100000"": 1}"
355,019e10f6-63f8-74f3-a0d8-e8f0100e6d36,4,55,IZXIZIIIZYY,YYZIIIZIXZI,-0.00048828124999999913,10,0.9999999999999999,1.0,1.1102230246251565e-16,-0.0004882812499999991,-0.00048828124999999913,-5.421010862427522e-20,1.1102230246251565e-16,5.421010862427522e-20,"{""00000001011"": 1, ""00010101101"": 1, ""00101000011"": 1, ""01001010101"": 1, ""01011100101"": 1, ""01100011011"": 1, ""01110000000"": 1, ""01110101011"": 1, ""10000101011"": 1, ""10101011110"": 1}"
356,019e10f6-63f8-74f3-a0d8-e8f0100e6d36,4,56,IZXIZIIZXIX,XIXZIIZIXZI,-0.00048828124999999913,10,0.9999999999999999,0.6,-0.3999999999999999,-0.0004882812499999991,-0.00029296874999999945,0.00019531249999999963,0.3999999999999999,0.00019531249999999963,"{""00101101100"": 2, ""01001001100"": 1, ""01001010000"": 1, ""01011101011"": 1, ""01011110111"": 1, ""10110110111"": 1, ""10111010011"": 1, ""11001010000"": 1, ""11011110000"": 1}"
357,019e10f6-63f8-74f3-a0d8-e8f0100e6d36,4,57,IZXIZIIZXZI,IZXZIIZIXZI,-0.00048828124999999913,10,0.9999999999999999,1.0,1.1102230246251565e-16,-0.0004882812499999991,-0.00048828124999999913,-5.421010862427522e-20,1.1102230246251565e-16,5.421010862427522e-20,"{""00000111010"": 1, ""00010000001"": 1, ""01001111010"": 1, ""01100110000"": 1, ""10000100111"": 1, ""10010100001"": 1, ""10111001101"": 1, ""10111010111"": 1, ""11001011101"": 1, ""11100100001"": 1}"
358,019e10f6-63f8-74f3-a0d8-e8f0100e6d36,4,58,IZXIZIIZYXY,YXYZIIZIXZI,0.00048828124999999913,10,-0.9999999999999999,-0.4,0.5999999999999999,-0.0004882812499999991,-0.00019531249999999966,0.0002929687499999994,0.5999999999999999,0.0002929687499999994,"{""00010001110"": 1, ""00010101110"": 1, ""01000001110"": 1, ""01110010100"": 1, ""01110011110"": 1, ""10010001110"": 1, ""10010110000"": 1, ""10101100111"": 1, ""10110110100"": 1, ""11011110010"": 1}"
359,019e10f6-63f8-74f3-a0d8-e8f0100e6d36,4,59,IZXIZIIZYYZ,ZYYZIIZIXZI,-0.00048828124999999913,10,0.9999999999999999,0.8,-0.19999999999999984,-0.0004882812499999991,-0.0003906249999999993,9.765624999999976e-05,0.19999999999999984,9.765624999999976e-05,"{""01001000000"": 1, ""01011111010"": 1, ""01100100000"": 1, ""01110011000"": 1, ""01110101010"": 1, ""10010010000"": 1, ""10101000000"": 1, ""10101011001"": 1, ""10111011100"": 1, ""11001110110"": 1}"
360,019e10f6-63f8-74f3-a0d8-e8f0100e6d36,4,60,IZXIZIZXIXZ,ZXIXZIZIXZI,-0.00048828124999999913,10,0.9999999999999999,0.8,-0.19999999999999984,-0.0004882812499999991,-0.0003906249999999993,9.765624999999976e-05,0.19999999999999984,9.765624999999976e-05,"{""00000010110"": 1, ""00010110110"": 1, ""00101001011"": 1, ""01011111011"": 1, ""01110101101"": 1, ""10000000011"": 1, ""10000100011"": 1, ""10010101110"": 1, ""10101011000"": 1, ""11110110101"": 1}"
361,019e10f6-63f8-74f3-a0d8-e8f0100e6d36,4,61,IZXIZIZXIYY,YYIXZIZIXZI,-0.00048828124999999913,10,0.9999999999999999,1.0,1.1102230246251565e-16,-0.0004882812499999991,-0.00048828124999999913,-5.421010862427522e-20,1.1102230246251565e-16,5.421010862427522e-20,"{""00010011011"": 1, ""00010101101"": 1, ""00111100011"": 1, ""01011001101"": 1, ""01011101110"": 1, ""01011110101"": 1, ""10000101101"": 1, ""10010100011"": 1, ""10101001110"": 1, ""11001101110"": 1}"
362,019e10f6-63f8-74f3-a0d8-e8f0100e6d36,4,62,IZXIZIZXZII,IIZXZIZIXZI,-0.00048828124999999913,10,0.9999999999999999,1.0,1.1102230246251565e-16,-0.0004882812499999991,-0.00048828124999999913,-5.421010862427522e-20,1.1102230246251565e-16,5.421010862427522e-20,"{""00000010111"": 1, ""00111000001"": 1, ""01001110101"": 1, ""01011001101"": 1, ""01100000000"": 1, ""01100010100"": 1, ""01100101110"": 1, ""10010001110"": 1, ""10101100010"": 1, ""11011011000"": 1}"
363,019e10f6-63f8-74f3-a0d8-e8f0100e6d36,4,63,IZXIZIZXZZX,XZZXZIZIXZI,-0.00048828124999999913,10,0.9999999999999999,0.4,-0.5999999999999999,-0.0004882812499999991,-0.00019531249999999966,0.0002929687499999994,0.5999999999999999,0.0002929687499999994,"{""00010010000"": 1, ""00101101111"": 1, ""00110001111"": 1, ""00111101000"": 1, ""01100010111"": 1, ""01100011000"": 1, ""01100100000"": 1, ""01110001100"": 1, ""10010110111"": 1, ""11110110100"": 1}"
364,019e10f6-63f8-74f3-a0d8-e8f0100e6d36,4,64,IZXIZIZYXXY,YXXYZIZIXZI,-0.00048828124999999913,10,0.9999999999999999,0.4,-0.5999999999999999,-0.0004882812499999991,-0.00019531249999999966,0.0002929687499999994,0.5999999999999999,0.0002929687499999994,"{""00010011100"": 1, ""00101111011"": 1, ""01001000000"": 1, ""01001101010"": 1, ""01001101111"": 1, ""01001111010"": 1, ""11001000011"": 1, ""11011010100"": 1, ""11100110101"": 1, ""11110000101"": 1}"
365,019e10f6-63f8-74f3-a0d8-e8f0100e6d36,4,65,IZXIZIZYXYZ,ZYXYZIZIXZI,0.00048828124999999913,10,-0.9999999999999999,-1.0,-1.1102230246251565e-16,-0.0004882812499999991,-0.00048828124999999913,-5.421010862427522e-20,1.1102230246251565e-16,5.421010862427522e-20,"{""00101001101"": 1, ""01001000111"": 1, ""01001111010"": 1, ""01011011100"": 1, ""10010011001"": 1, ""10010111001"": 1, ""11001001110"": 1, ""11001010110"": 1, ""11100000100"": 1, ""11100110110"": 1}"
366,019e10f6-63f8-74f3-a0d8-e8f0100e6d36,4,66,IZXIZIZYYIX,XIYYZIZIXZI,-0.00048828124999999913,10,0.9999999999999999,0.8,-0.19999999999999984,-0.0004882812499999991,-0.0003906249999999993,9.765624999999976e-05,0.19999999999999984,9.765624999999976e-05,"{""00010011000"": 1, ""00010101100"": 1, ""00101100111"": 1, ""00111101011"": 1, ""01110100000"": 1, ""11011011111"": 1, ""11011100000"": 1, ""11110001000"": 1, ""11110001011"": 1, ""11110011111"": 1}"
367,019e10f6-63f8-74f3-a0d8-e8f0100e6d36,4,67,IZXIZIZYYZI,IZYYZIZIXZI,-0.00048828124999999913,10,0.9999999999999999,0.6,-0.3999999999999999,-0.0004882812499999991,-0.00029296874999999945,0.00019531249999999963,0.3999999999999999,0.00019531249999999963,"{""00011100011"": 1, ""00101011001"": 1, ""00101011110"": 1, ""10111011111"": 1, ""11011001100"": 1, ""11011011010"": 1, ""11011101110"": 1, ""11100000001"": 1, ""11110001010"": 1, ""11110010010"": 1}"
368,019e10f6-63f8-74f3-a0d8-e8f0100e6d36,4,68,IZXIZZXIXIX,XIXIXZZIXZI,-0.00048828124999999913,10,0.9999999999999999,0.8,-0.19999999999999984,-0.0004882812499999991,-0.0003906249999999993,9.765624999999976e-05,0.19999999999999984,9.765624999999976e-05,"{""00101011011"": 1, ""01100101100"": 1, ""10000000000"": 1, ""10000110000"": 1, ""10101011011"": 1, ""10101110000"": 1, ""10111011000"": 1, ""10111101011"": 1, ""11100101100"": 1, ""11100110111"": 1}"
369,019e10f6-63f8-74f3-a0d8-e8f0100e6d36,4,69,IZXIZZXIXZI,IZXIXZZIXZI,-0.00048828124999999913,10,0.9999999999999999,0.4,-0.5999999999999999,-0.0004882812499999991,-0.00019531249999999966,0.0002929687499999994,0.5999999999999999,0.0002929687499999994,"{""00000000001"": 1, ""00000011101"": 1, ""00010111011"": 1, ""00101101010"": 1, ""01001000001"": 1, ""01100001011"": 1, ""01110110000"": 1, ""10010101010"": 1, ""11011101000"": 1, ""11100011010"": 1}"
370,019e10f6-63f8-74f3-a0d8-e8f0100e6d36,4,70,IZXIZZXIYXY,YXYIXZZIXZI,0.00048828124999999913,10,-0.9999999999999999,-0.2,0.7999999999999998,-0.0004882812499999991,-9.765624999999983e-05,0.00039062499999999926,0.7999999999999998,0.00039062499999999926,"{""00110000001"": 1, ""01011101011"": 1, ""01110101101"": 1, ""01110110110"": 1, ""10010000010"": 1, ""10010011101"": 1, ""10101100010"": 1, ""11001101010"": 1, ""11100000111"": 1, ""11110000100"": 1}"
371,019e10f6-63f8-74f3-a0d8-e8f0100e6d36,4,71,IZXIZZXIYYZ,ZYYIXZZIXZI,-0.00048828124999999913,10,0.9999999999999999,0.6,-0.3999999999999999,-0.0004882812499999991,-0.00029296874999999945,0.00019531249999999963,0.3999999999999999,0.00019531249999999963,"{""00111110101"": 1, ""01011110000"": 1, ""01100000101"": 1, ""01110000101"": 1, ""01110101000"": 1, ""10000110110"": 2, ""10101011111"": 1, ""10101100000"": 1, ""11110011100"": 1}"
372,019e10f6-63f8-74f3-a0d8-e8f0100e6d36,4,72,IZXIZZXZIII,IIIZXZZIXZI,-0.00048828124999999913,10,0.9999999999999999,0.8,-0.19999999999999984,-0.0004882812499999991,-0.0003906249999999993,9.765624999999976e-05,0.19999999999999984,9.765624999999976e-05,"{""00010110100"": 1, ""00101110110"": 1, ""01001101111"": 1, ""01011110000"": 1, ""01100011110"": 1, ""01100110111"": 1, ""10000100011"": 1, ""11001011000"": 1, ""11011101011"": 1, ""11110000110"": 1}"
373,019e10f6-63f8-74f3-a0d8-e8f0100e6d36,4,73,IZXIZZXZIZX,XZIZXZZIXZI,-0.00048828124999999913,10,0.9999999999999999,0.8,-0.19999999999999984,-0.0004882812499999991,-0.0003906249999999993,9.765624999999976e-05,0.19999999999999984,9.765624999999976e-05,"{""00101011100"": 1, ""01011101100"": 1, ""01100101111"": 1, ""01100110100"": 1, ""01110101000"": 1, ""10010000011"": 1, ""10010101011"": 1, ""10111011011"": 1, ""10111101110"": 1, ""11001011000"": 1}"
374,019e10f6-63f8-74f3-a0d8-e8f0100e6d36,4,74,IZXIZZXZZXZ,ZXZZXZZIXZI,-0.00048828124999999913,10,0.9999999999999999,0.8,-0.19999999999999984,-0.0004882812499999991,-0.0003906249999999993,9.765624999999976e-05,0.19999999999999984,9.765624999999976e-05,"{""00010101011"": 1, ""01001011011"": 1, ""01011101110"": 1, ""10000011110"": 1, ""10010000000"": 1, ""10010011000"": 1, ""10101101101"": 1, ""11001110111"": 1, ""11100000110"": 1, ""11100011000"": 1}"
375,019e10f6-63f8-74f3-a0d8-e8f0100e6d36,4,75,IZXIZZXZZYY,YYZZXZZIXZI,-0.00048828124999999913,10,0.9999999999999999,0.2,-0.7999999999999998,-0.0004882812499999991,-9.765624999999983e-05,0.00039062499999999926,0.7999999999999998,0.00039062499999999926,"{""00010000011"": 1, ""00100011011"": 1, ""00101011101"": 1, ""00101110101"": 1, ""00111010000"": 1, ""01011001101"": 1, ""10000011001"": 1, ""10010000000"": 1, ""10010011110"": 1, ""11011101011"": 1}"
376,019e10f6-63f8-74f3-a0d8-e8f0100e6d36,4,76,IZXIZZYXXXY,YXXXYZZIXZI,0.00048828124999999913,10,-0.9999999999999999,-0.4,0.5999999999999999,-0.0004882812499999991,-0.00019531249999999966,0.0002929687499999994,0.5999999999999999,0.0002929687499999994,"{""00000001100"": 1, ""00000101001"": 1, ""00000101110"": 1, ""00010111011"": 1, ""01001101001"": 1, ""01011100110"": 1, ""01110000100"": 1, ""01110011000"": 1, ""01110100110"": 1, ""11100110001"": 1}"
377,019e10f6-63f8-74f3-a0d8-e8f0100e6d36,4,77,IZXIZZYXXYZ,ZYXXYZZIXZI,-0.00048828124999999913,10,0.9999999999999999,1.0,1.1102230246251565e-16,-0.0004882812499999991,-0.00048828124999999913,-5.421010862427522e-20,1.1102230246251565e-16,5.421010862427522e-20,"{""00000011101"": 1, ""00000111010"": 1, ""00111001111"": 1, ""00111011101"": 1, ""00111101101"": 1, ""01100010001"": 1, ""10010001111"": 1, ""10010110101"": 1, ""11011100010"": 1, ""11110111001"": 1}"
378,019e10f6-63f8-74f3-a0d8-e8f0100e6d36,4,78,IZXIZZYXYIX,XIYXYZZIXZI,0.00048828124999999913,10,-0.9999999999999999,-0.4,0.5999999999999999,-0.0004882812499999991,-0.00019531249999999966,0.0002929687499999994,0.5999999999999999,0.0002929687499999994,"{""00010010111"": 1, ""01001101011"": 1, ""01001101100"": 1, ""01100001111"": 1, ""10000001011"": 1, ""11001110000"": 1, ""11011111000"": 1, ""11100000000"": 1, ""11100101011"": 1, ""11110101011"": 1}"
379,019e10f6-63f8-74f3-a0d8-e8f0100e6d36,4,79,IZXIZZYXYZI,IZYXYZZIXZI,0.00048828124999999913,10,-0.9999999999999999,-0.6,0.3999999999999999,-0.0004882812499999991,-0.00029296874999999945,0.00019531249999999963,0.3999999999999999,0.00019531249999999963,"{""00000000011"": 1, ""00000011100"": 1, ""00111000101"": 1, ""00111100001"": 1, ""01001011010"": 1, ""01001101011"": 1, ""01011010001"": 1, ""01100100011"": 1, ""01110110010"": 1, ""10010110001"": 1}"
380,019e10f6-63f8-74f3-a0d8-e8f0100e6d36,4,80,IZXIZZYYIXZ,ZXIYYZZIXZI,-0.00048828124999999913,10,0.9999999999999999,0.4,-0.5999999999999999,-0.0004882812499999991,-0.00019531249999999966,0.0002929687499999994,0.5999999999999999,0.0002929687499999994,"{""00101110000"": 1, ""01011000110"": 1, ""01100011000"": 1, ""01100011110"": 1, ""10000100101"": 1, ""10010000000"": 1, ""10010000011"": 1, ""10010001101"": 1, ""11011000000"": 1, ""11110010011"": 1}"
381,019e10f6-63f8-74f3-a0d8-e8f0100e6d36,4,81,IZXIZZYYIYY,YYIYYZZIXZI,-0.00048828124999999913,10,0.9999999999999999,0.8,-0.19999999999999984,-0.0004882812499999991,-0.0003906249999999993,9.765624999999976e-05,0.19999999999999984,9.765624999999976e-05,"{""00010111101"": 1, ""01100110011"": 1, ""10000011011"": 1, ""10010010011"": 1, ""10010010101"": 1, ""10101101011"": 1, ""10111011000"": 1, ""11001111101"": 1, ""11011111101"": 1, ""11110011011"": 1}"
382,019e10f6-63f8-74f3-a0d8-e8f0100e6d36,4,82,IZXIZZYYZII,IIZYYZZIXZI,-0.00048828124999999913,10,0.9999999999999999,0.4,-0.5999999999999999,-0.0004882812499999991,-0.00019531249999999966,0.0002929687499999994,0.5999999999999999,0.0002929687499999994,"{""00001011010"": 1, ""00010010101"": 1, ""00010100100"": 1, ""00100100100"": 1, ""00111001101"": 1, ""01100101100"": 1, ""11001010111"": 1, ""11011011000"": 1, ""11100111101"": 1, ""11110011001"": 1}"
383,019e10f6-63f8-74f3-a0d8-e8f0100e6d36,4,83,IZXIZZYYZZX,XZZYYZZIXZI,-0.00048828124999999913,10,0.9999999999999999,1.0,1.1102230246251565e-16,-0.0004882812499999991,-0.00048828124999999913,-5.421010862427522e-20,1.1102230246251565e-16,5.421010862427522e-20,"{""00101110011"": 1, ""00111111111"": 1, ""01001101000"": 1, ""01001111100"": 1, ""01100001111"": 1, ""01100111111"": 1, ""01110010100"": 1, ""11100010111"": 1, ""11110000011"": 1, ""11110100111"": 1}"
384,019e10f6-63f8-74f3-a0d8-e8f0100e6d36,4,84,IZYIXXXXXXY,YXXXXXXIYZI,-0.00048828124999999913,10,0.9999999999999999,0.6,-0.3999999999999999,-0.0004882812499999991,-0.00029296874999999945,0.00019531249999999963,0.3999999999999999,0.00019531249999999963,"{""00000000100"": 1, ""00011010111"": 1, ""00100101001"": 1, ""01100010001"": 1, ""10000110000"": 1, ""10100111110"": 1, ""11011010001"": 1, ""11011111001"": 1, ""11100101110"": 1, ""11110101101"": 1}"
385,019e10f6-63f8-74f3-a0d8-e8f0100e6d36,4,85,IZYIXXXXXYZ,ZYXXXXXIYZI,0.00048828124999999913,10,-0.9999999999999999,-0.8,0.19999999999999984,-0.0004882812499999991,-0.0003906249999999993,9.765624999999976e-05,0.19999999999999984,9.765624999999976e-05,"{""00000100011"": 1, ""00010101001"": 1, ""00100011000"": 1, ""00101110001"": 1, ""01110100100"": 1, ""10000111110"": 1, ""10111000001"": 1, ""11100000010"": 1, ""11100110111"": 1, ""11111011011"": 1}"
386,019e10f6-63f8-74f3-a0d8-e8f0100e6d36,4,86,IZYIXXXXYIX,XIYXXXXIYZI,-0.00048828124999999913,10,0.9999999999999999,0.4,-0.5999999999999999,-0.0004882812499999991,-0.00019531249999999966,0.0002929687499999994,0.5999999999999999,0.0002929687499999994,"{""00001001100"": 1, ""00111111011"": 1, ""01001110000"": 1, ""01100000100"": 1, ""10100001111"": 1, ""10101000111"": 1, ""10111000000"": 1, ""11001101111"": 1, ""11100010100"": 1, ""11110101100"": 1}"
387,019e10f6-63f8-74f3-a0d8-e8f0100e6d36,4,87,IZYIXXXXYZI,IZYXXXXIYZI,-0.00048828124999999913,10,0.9999999999999999,1.0,1.1102230246251565e-16,-0.0004882812499999991,-0.00048828124999999913,-5.421010862427522e-20,1.1102230246251565e-16,5.421010862427522e-20,"{""00000111101"": 1, ""00100010110"": 1, ""00100100001"": 1, ""00100111000"": 1, ""10010100100"": 1, ""10101101111"": 1, ""11000100001"": 1, ""11000101010"": 1, ""11010101011"": 1, ""11101110010"": 1}"
388,019e10f6-63f8-74f3-a0d8-e8f0100e6d36,4,88,IZYIXXXYIXZ,ZXIYXXXIYZI,0.00048828124999999913,10,-0.9999999999999999,-0.6,0.3999999999999999,-0.0004882812499999991,-0.00029296874999999945,0.00019531249999999963,0.3999999999999999,0.00019531249999999963,"{""00100110000"": 1, ""01110001011"": 1, ""10000001011"": 1, ""10011111110"": 1, ""10100000011"": 1, ""10101111011"": 1, ""10110001101"": 1, ""10111001101"": 1, ""11000010110"": 1, ""11100110011"": 1}"
389,019e10f6-63f8-74f3-a0d8-e8f0100e6d36,4,89,IZYIXXXYIYY,YYIYXXXIYZI,0.00048828124999999913,10,-0.9999999999999999,-0.2,0.7999999999999998,-0.0004882812499999991,-9.765624999999983e-05,0.00039062499999999926,0.7999999999999998,0.00039062499999999926,"{""00001000011"": 1, ""00011001000"": 1, ""00011110000"": 1, ""00111100011"": 1, ""01101001000"": 1, ""01110101101"": 1, ""11000011111"": 1, ""11100011101"": 1, ""11101000101"": 1, ""11101001011"": 1}"
390,019e10f6-63f8-74f3-a0d8-e8f0100e6d36,4,90,IZYIXXXYZII,IIZYXXXIYZI,0.00048828124999999913,10,-0.9999999999999999,-1.0,-1.1102230246251565e-16,-0.0004882812499999991,-0.00048828124999999913,-5.421010862427522e-20,1.1102230246251565e-16,5.421010862427522e-20,"{""00001011011"": 1, ""00010100010"": 1, ""00100011000"": 1, ""00100110011"": 1, ""01001100001"": 1, ""01011010010"": 1, ""01100100001"": 1, ""01100110101"": 1, ""10100100110"": 1, ""10100111101"": 1}"
391,019e10f6-63f8-74f3-a0d8-e8f0100e6d36,4,91,IZYIXXXYZZX,XZZYXXXIYZI,0.00048828124999999913,10,-0.9999999999999999,-1.0,-1.1102230246251565e-16,-0.0004882812499999991,-0.00048828124999999913,-5.421010862427522e-20,1.1102230246251565e-16,5.421010862427522e-20,"{""00011111100"": 1, ""00101100000"": 1, ""01000010111"": 2, ""01010110000"": 1, ""01100010000"": 1, ""10100100100"": 1, ""10101101100"": 1, ""11101010100"": 1, ""11110010011"": 1}"
392,019e10f6-63f8-74f3-a0d8-e8f0100e6d36,4,92,IZYIXXYIXIX,XIXIYXXIYZI,-0.00048828124999999913,10,0.9999999999999999,0.6,-0.3999999999999999,-0.0004882812499999991,-0.00029296874999999945,0.00019531249999999963,0.3999999999999999,0.00019531249999999963,"{""00000011100"": 1, ""00100011100"": 1, ""01000100111"": 1, ""01011000000"": 1, ""01111010000"": 1, ""01111010111"": 1, ""10000011100"": 1, ""11000010111"": 1, ""11010001100"": 1, ""11101110000"": 1}"
393,019e10f6-63f8-74f3-a0d8-e8f0100e6d36,4,93,IZYIXXYIXZI,IZXIYXXIYZI,-0.00048828124999999913,10,0.9999999999999999,0.8,-0.19999999999999984,-0.0004882812499999991,-0.0003906249999999993,9.765624999999976e-05,0.19999999999999984,9.765624999999976e-05,"{""00010000110"": 1, ""00010000111"": 1, ""01001000111"": 1, ""01100000110"": 1, ""10101001010"": 1, ""10101011101"": 1, ""10101101010"": 1, ""11010010001"": 1, ""11101100110"": 1, ""11110110000"": 1}"
394,019e10f6-63f8-74f3-a0d8-e8f0100e6d36,4,94,IZYIXXYIYXY,YXYIYXXIYZI,0.00048828124999999913,10,-0.9999999999999999,-0.6,0.3999999999999999,-0.0004882812499999991,-0.00029296874999999945,0.00019531249999999963,0.3999999999999999,0.00019531249999999963,"{""00010000100"": 1, ""01010100111"": 1, ""01010110011"": 1, ""01101011101"": 1, ""01101111101"": 1, ""10011111000"": 1, ""10100001000"": 1, ""10101011100"": 1, ""11000100100"": 1, ""11011110100"": 1}"
395,019e10f6-63f8-74f3-a0d8-e8f0100e6d36,4,95,IZYIXXYIYYZ,ZYYIYXXIYZI,-0.00048828124999999913,10,0.9999999999999999,0.0,-0.9999999999999999,-0.0004882812499999991,-0.0,0.0004882812499999991,0.9999999999999999,0.0004882812499999991,"{""00001011001"": 1, ""00100011000"": 1, ""01111100100"": 1, ""10000110011"": 1, ""10010000011"": 1, ""10011001001"": 1, ""11010011001"": 1, ""11010011111"": 1, ""11010100011"": 1, ""11011110100"": 1}"
396,019e10f6-63f8-74f3-a0d8-e8f0100e6d36,4,96,IZYIXXYZIII,IIIZYXXIYZI,-0.00048828124999999913,10,0.9999999999999999,0.6,-0.3999999999999999,-0.0004882812499999991,-0.00029296874999999945,0.00019531249999999963,0.3999999999999999,0.00019531249999999963,"{""00001100110"": 1, ""00011111100"": 1, ""00110111001"": 1, ""01111111110"": 1, ""10100000101"": 1, ""10100011101"": 1, ""10101000000"": 1, ""10110010101"": 1, ""10111000100"": 1, ""11010001010"": 1}"
397,019e10f6-63f8-74f3-a0d8-e8f0100e6d36,4,97,IZYIXXYZIZX,XZIZYXXIYZI,-0.00048828124999999913,10,0.9999999999999999,0.6,-0.3999999999999999,-0.0004882812499999991,-0.00029296874999999945,0.00019531249999999963,0.3999999999999999,0.00019531249999999963,"{""00110111000"": 1, ""00111000100"": 1, ""01000010000"": 1, ""01010110100"": 1, ""01100011100"": 1, ""10011111100"": 1, ""10101010100"": 1, ""11000111111"": 1, ""11011110111"": 1, ""11110110000"": 1}"
398,019e10f6-63f8-74f3-a0d8-e8f0100e6d36,4,98,IZYIXXYZZXZ,ZXZZYXXIYZI,-0.00048828124999999913,10,0.9999999999999999,0.6,-0.3999999999999999,-0.0004882812499999991,-0.00029296874999999945,0.00019531249999999963,0.3999999999999999,0.00019531249999999963,"{""00000000000"": 1, ""00111000000"": 1, ""01000111000"": 1, ""10011010000"": 1, ""10111111101"": 1, ""11001011000"": 1, ""11010010110"": 1, ""11100011101"": 1, ""11100111101"": 1, ""11111001000"": 1}"
399,019e10f6-63f8-74f3-a0d8-e8f0100e6d36,4,99,IZYIXXYZZYY,YYZZYXXIYZI,-0.00048828124999999913,10,0.9999999999999999,0.4,-0.5999999999999999,-0.0004882812499999991,-0.00019531249999999966,0.0002929687499999994,0.5999999999999999,0.0002929687499999994,"{""00001001101"": 1, ""00011001011"": 1, ""00101000101"": 1, ""00101101011"": 1, ""01101111000"": 1, ""10010001101"": 1, ""10101111000"": 1, ""11001101110"": 1, ""11011000010"": 1, ""11101100011"": 1}"
400,019e10f6-75e5-7860-a7f9-3b89dcb83b54,5,0,IZYIXYIXIXZ,ZXIXIYXIYZI,0.00048828124999999913,10,-0.9999999999999999,-0.6,0.3999999999999999,-0.0004882812499999991,-0.00029296874999999945,0.00019531249999999963,0.3999999999999999,0.00019531249999999963,"{""00000011000"": 1, ""00101100010"": 1, ""01001101000"": 1, ""01101110110"": 1, ""10000011011"": 1, ""10101011000"": 1, ""11001011000"": 1, ""11001101101"": 1, ""11101111011"": 1, ""11110101110"": 1}"
401,019e10f6-75e5-7860-a7f9-3b89dcb83b54,5,1,IZYIXYIXIYY,YYIXIYXIYZI,0.00048828124999999913,10,-0.9999999999999999,-1.0,-1.1102230246251565e-16,-0.0004882812499999991,-0.00048828124999999913,-5.421010862427522e-20,1.1102230246251565e-16,5.421010862427522e-20,"{""00000011000"": 1, ""00101100011"": 1, ""00111101110"": 1, ""01011100011"": 1, ""10000100011"": 1, ""10000101010"": 1, ""10100001101"": 1, ""11100010110"": 1, ""11101111011"": 1, ""11110011000"": 1}"
402,019e10f6-75e5-7860-a7f9-3b89dcb83b54,5,2,IZYIXYIXZII,IIZXIYXIYZI,0.00048828124999999913,10,-0.9999999999999999,-1.0,-1.1102230246251565e-16,-0.0004882812499999991,-0.00048828124999999913,-5.421010862427522e-20,1.1102230246251565e-16,5.421010862427522e-20,"{""00000010101"": 1, ""00000011001"": 1, ""01010000010"": 1, ""01101000000"": 1, ""01101001100"": 1, ""10000101101"": 1, ""11010000010"": 1, ""11011011010"": 1, ""11101110100"": 1, ""11111110110"": 1}"
403,019e10f6-75e5-7860-a7f9-3b89dcb83b54,5,3,IZYIXYIXZZX,XZZXIYXIYZI,0.00048828124999999913,10,-0.9999999999999999,-1.0,-1.1102230246251565e-16,-0.0004882812499999991,-0.00048828124999999913,-5.421010862427522e-20,1.1102230246251565e-16,5.421010862427522e-20,"{""00001001100"": 1, ""00010010111"": 1, ""00010100000"": 1, ""00011000000"": 1, ""00101101100"": 1, ""00111010100"": 1, ""00111101100"": 1, ""01110100011"": 1, ""10100000011"": 1, ""11001100000"": 1}"
404,019e10f6-75e5-7860-a7f9-3b89dcb83b54,5,4,IZYIXYIYXXY,YXXYIYXIYZI,0.00048828124999999913,10,-0.9999999999999999,-0.8,0.19999999999999984,-0.0004882812499999991,-0.0003906249999999993,9.765624999999976e-05,0.19999999999999984,9.765624999999976e-05,"{""00101101010"": 1, ""00111010100"": 1, ""01001001100"": 1, ""01101001111"": 2, ""01110010001"": 1, ""10000010111"": 1, ""10001001010"": 1, ""11101111011"": 1, ""11111001010"": 1}"
405,019e10f6-75e5-7860-a7f9-3b89dcb83b54,5,5,IZYIXYIYXYZ,ZYXYIYXIYZI,-0.00048828124999999913,10,0.9999999999999999,0.2,-0.7999999999999998,-0.0004882812499999991,-9.765624999999983e-05,0.00039062499999999926,0.7999999999999998,0.00039062499999999926,"{""00001000110"": 1, ""00011000111"": 1, ""00100001000"": 1, ""00110100001"": 1, ""01011010111"": 1, ""01110101101"": 1, ""10000010110"": 1, ""10001000111"": 1, ""10100011001"": 1, ""11100010000"": 1}"
406,019e10f6-75e5-7860-a7f9-3b89dcb83b54,5,6,IZYIXYIYYIX,XIYYIYXIYZI,0.00048828124999999913,10,-0.9999999999999999,-0.2,0.7999999999999998,-0.0004882812499999991,-9.765624999999983e-05,0.00039062499999999926,0.7999999999999998,0.00039062499999999926,"{""00001001111"": 1, ""00100001000"": 1, ""01101000000"": 1, ""10001110000"": 1, ""10101001111"": 1, ""10111011111"": 1, ""11000010010"": 1, ""11001101000"": 1, ""11111000000"": 1, ""11111110001"": 1}"
407,019e10f6-75e5-7860-a7f9-3b89dcb83b54,5,7,IZYIXYIYYZI,IZYYIYXIYZI,0.00048828124999999913,10,-0.9999999999999999,-0.8,0.19999999999999984,-0.0004882812499999991,-0.0003906249999999993,9.765624999999976e-05,0.19999999999999984,9.765624999999976e-05,"{""00010100000"": 1, ""00010101011"": 1, ""00111011111"": 1, ""00111101011"": 1, ""01100111100"": 1, ""01110100110"": 1, ""10100010010"": 1, ""11010110101"": 1, ""11011101101"": 1, ""11100010101"": 1}"
408,019e10f6-75e5-7860-a7f9-3b89dcb83b54,5,8,IZYIXYZIIII,IIIIZYXIYZI,0.00048828124999999913,10,-0.9999999999999999,-0.8,0.19999999999999984,-0.0004882812499999991,-0.0003906249999999993,9.765624999999976e-05,0.19999999999999984,9.765624999999976e-05,"{""00000011000"": 1, ""00001110001"": 1, ""00011001011"": 1, ""01000011000"": 1, ""01011010010"": 1, ""10000100101"": 1, ""10100110000"": 1, ""10110000010"": 1, ""11001100001"": 1, ""11001101000"": 1}"
409,019e10f6-75e5-7860-a7f9-3b89dcb83b54,5,9,IZYIXYZIIZX,XZIIZYXIYZI,0.00048828124999999913,10,-0.9999999999999999,-0.6,0.3999999999999999,-0.0004882812499999991,-0.00029296874999999945,0.00019531249999999963,0.3999999999999999,0.00019531249999999963,"{""00000010111"": 1, ""00000101000"": 1, ""00001111011"": 1, ""00100110101"": 1, ""01011011111"": 1, ""01101000100"": 1, ""10100001101"": 1, ""10101010111"": 1, ""11011101000"": 1, ""11100010100"": 1}"
410,019e10f6-75e5-7860-a7f9-3b89dcb83b54,5,10,IZYIXYZIZXZ,ZXZIZYXIYZI,0.00048828124999999913,10,-0.9999999999999999,-1.0,-1.1102230246251565e-16,-0.0004882812499999991,-0.00048828124999999913,-5.421010862427522e-20,1.1102230246251565e-16,5.421010862427522e-20,"{""00000010000"": 1, ""00001111011"": 1, ""00010101101"": 1, ""00011110101"": 1, ""00011111110"": 1, ""01000000110"": 1, ""01001011101"": 1, ""10000010011"": 1, ""10001001101"": 1, ""11011011110"": 1}"
411,019e10f6-75e5-7860-a7f9-3b89dcb83b54,5,11,IZYIXYZIZYY,YYZIZYXIYZI,0.00048828124999999913,10,-0.9999999999999999,-0.8,0.19999999999999984,-0.0004882812499999991,-0.0003906249999999993,9.765624999999976e-05,0.19999999999999984,9.765624999999976e-05,"{""00001001110"": 1, ""00010101101"": 1, ""00011001011"": 1, ""01000111011"": 1, ""01011110000"": 1, ""10011001000"": 1, ""10110111101"": 1, ""11010111011"": 1, ""11011011110"": 1, ""11100010101"": 1}"
412,019e10f6-75e5-7860-a7f9-3b89dcb83b54,5,12,IZYIXYZZXIX,XIXZZYXIYZI,0.00048828124999999913,10,-0.9999999999999999,-0.8,0.19999999999999984,-0.0004882812499999991,-0.0003906249999999993,9.765624999999976e-05,0.19999999999999984,9.765624999999976e-05,"{""00010101100"": 1, ""00011000111"": 1, ""01000001100"": 1, ""01001100000"": 1, ""01010110100"": 1, ""10010011011"": 1, ""10011110000"": 1, ""11000110000"": 1, ""11010001100"": 1, ""11100011100"": 1}"
413,019e10f6-75e5-7860-a7f9-3b89dcb83b54,5,13,IZYIXYZZXZI,IZXZZYXIYZI,0.00048828124999999913,10,-0.9999999999999999,-0.6,0.3999999999999999,-0.0004882812499999991,-0.00029296874999999945,0.00019531249999999963,0.3999999999999999,0.00019531249999999963,"{""00100010001"": 1, ""00101100110"": 1, ""00110001100"": 1, ""00111101100"": 1, ""10101100000"": 1, ""11000001010"": 1, ""11001101010"": 1, ""11010011100"": 1, ""11100010001"": 1, ""11100011011"": 1}"
414,019e10f6-75e5-7860-a7f9-3b89dcb83b54,5,14,IZYIXYZZYXY,YXYZZYXIYZI,-0.00048828124999999913,10,0.9999999999999999,0.4,-0.5999999999999999,-0.0004882812499999991,-0.00019531249999999966,0.0002929687499999994,0.5999999999999999,0.0002929687499999994,"{""00101101101"": 1, ""00101111000"": 1, ""00110000010"": 1, ""00110110101"": 1, ""10011111000"": 1, ""10111101000"": 1, ""11000011101"": 1, ""11001101011"": 1, ""11101001110"": 1, ""11111001000"": 1}"
415,019e10f6-75e5-7860-a7f9-3b89dcb83b54,5,15,IZYIXYZZYYZ,ZYYZZYXIYZI,0.00048828124999999913,10,-0.9999999999999999,-0.8,0.19999999999999984,-0.0004882812499999991,-0.0003906249999999993,9.765624999999976e-05,0.19999999999999984,9.765624999999976e-05,"{""00100001010"": 1, ""00111010101"": 1, ""00111100001"": 1, ""01011011111"": 1, ""01011100101"": 1, ""01110100101"": 1, ""10101100011"": 1, ""10110110101"": 1, ""11111000000"": 1, ""11111110110"": 1}"
416,019e10f6-75e5-7860-a7f9-3b89dcb83b54,5,16,IZYIYIXIXIX,XIXIXIYIYZI,-0.00048828124999999913,10,0.9999999999999999,0.6,-0.3999999999999999,-0.0004882812499999991,-0.00029296874999999945,0.00019531249999999963,0.3999999999999999,0.00019531249999999963,"{""00000101011"": 1, ""00111000111"": 1, ""00111011100"": 1, ""10000110000"": 1, ""10010000000"": 1, ""10010000111"": 1, ""11001011100"": 1, ""11010110111"": 1, ""11101101011"": 1, ""11110000111"": 1}"
417,019e10f6-75e5-7860-a7f9-3b89dcb83b54,5,17,IZYIYIXIXZI,IZXIXIYIYZI,-0.00048828124999999913,10,0.9999999999999999,0.4,-0.5999999999999999,-0.0004882812499999991,-0.00019531249999999966,0.0002929687499999994,0.5999999999999999,0.0002929687499999994,"{""00001000111"": 1, ""00111011011"": 1, ""01001000111"": 1, ""01010101000"": 1, ""01100000001"": 1, ""10000000110"": 1, ""10101011011"": 1, ""11001011100"": 1, ""11010101111"": 1, ""11010110001"": 1}"
418,019e10f6-75e5-7860-a7f9-3b89dcb83b54,5,18,IZYIYIXIYXY,YXYIXIYIYZI,0.00048828124999999913,10,-0.9999999999999999,-0.4,0.5999999999999999,-0.0004882812499999991,-0.00019531249999999966,0.0002929687499999994,0.5999999999999999,0.0002929687499999994,"{""00011101101"": 1, ""00101010110"": 1, ""00111110111"": 1, ""01101110100"": 1, ""10100011110"": 1, ""10110101000"": 1, ""10111011110"": 1, ""11001011101"": 1, ""11010101000"": 1, ""11101000010"": 1}"
419,019e10f6-75e5-7860-a7f9-3b89dcb83b54,5,19,IZYIYIXIYYZ,ZYYIXIYIYZI,-0.00048828124999999913,10,0.9999999999999999,0.2,-0.7999999999999998,-0.0004882812499999991,-9.765624999999983e-05,0.00039062499999999926,0.7999999999999998,0.00039062499999999926,"{""01000110101"": 1, ""01010110000"": 1, ""10001110000"": 1, ""10101101100"": 1, ""10111000011"": 1, ""10111101001"": 1, ""11000101000"": 1, ""11001000110"": 1, ""11001010001"": 1, ""11001101001"": 1}"
420,019e10f6-75e5-7860-a7f9-3b89dcb83b54,5,20,IZYIYIXZIII,IIIZXIYIYZI,-0.00048828124999999913,10,0.9999999999999999,1.0,1.1102230246251565e-16,-0.0004882812499999991,-0.00048828124999999913,-5.421010862427522e-20,1.1102230246251565e-16,5.421010862427522e-20,"{""00010000000"": 1, ""00100101101"": 1, ""01001011100"": 1, ""01100011101"": 1, ""01111101010"": 1, ""10011110111"": 1, ""11001000111"": 1, ""11010001010"": 1, ""11010101010"": 1, ""11110011010"": 1}"
421,019e10f6-75e5-7860-a7f9-3b89dcb83b54,5,21,IZYIYIXZIZX,XZIZXIYIYZI,-0.00048828124999999913,10,0.9999999999999999,0.6,-0.3999999999999999,-0.0004882812499999991,-0.00029296874999999945,0.00019531249999999963,0.3999999999999999,0.00019531249999999963,"{""00001110011"": 1, ""00010011011"": 1, ""00011101000"": 1, ""00111011111"": 1, ""01000110111"": 1, ""01101111111"": 1, ""10010101111"": 1, ""10100110111"": 1, ""11001000000"": 1, ""11011011000"": 1}"
422,019e10f6-75e5-7860-a7f9-3b89dcb83b54,5,22,IZYIYIXZZXZ,ZXZZXIYIYZI,-0.00048828124999999913,10,0.9999999999999999,0.4,-0.5999999999999999,-0.0004882812499999991,-0.00019531249999999966,0.0002929687499999994,0.5999999999999999,0.0002929687499999994,"{""00011110101"": 1, ""00110110000"": 1, ""01000100101"": 1, ""01010101000"": 1, ""01101011000"": 1, ""01110110000"": 1, ""10000011101"": 1, ""10110110101"": 1, ""11011011101"": 1, ""11111110101"": 1}"
423,019e10f6-75e5-7860-a7f9-3b89dcb83b54,5,23,IZYIYIXZZYY,YYZZXIYIYZI,-0.00048828124999999913,10,0.9999999999999999,0.6,-0.3999999999999999,-0.0004882812499999991,-0.00029296874999999945,0.00019531249999999963,0.3999999999999999,0.00019531249999999963,"{""00110101010"": 1, ""01010101011"": 1, ""01110010000"": 1, ""10000000110"": 1, ""10011101000"": 1, ""10101011011"": 1, ""10111011110"": 1, ""11000110101"": 1, ""11001000110"": 1, ""11100000000"": 1}"
424,019e10f6-75e5-7860-a7f9-3b89dcb83b54,5,24,IZYIYIYXXXY,YXXXYIYIYZI,0.00048828124999999913,10,-0.9999999999999999,-0.8,0.19999999999999984,-0.0004882812499999991,-0.0003906249999999993,9.765624999999976e-05,0.19999999999999984,9.765624999999976e-05,"{""00000000100"": 1, ""01001011001"": 1, ""01010010010"": 1, ""01010100101"": 1, ""01110000000"": 1, ""10000011100"": 1, ""10010001000"": 1, ""11010110111"": 1, ""11100010110"": 1, ""11111110001"": 1}"
425,019e10f6-75e5-7860-a7f9-3b89dcb83b54,5,25,IZYIYIYXXYZ,ZYXXYIYIYZI,-0.00048828124999999913,10,0.9999999999999999,0.4,-0.5999999999999999,-0.0004882812499999991,-0.00019531249999999966,0.0002929687499999994,0.5999999999999999,0.0002929687499999994,"{""00000111010"": 1, ""00100101000"": 1, ""00110101110"": 1, ""01100000000"": 1, ""01100111010"": 1, ""01110001100"": 1, ""10010000101"": 1, ""10111010111"": 1, ""10111011011"": 1, ""11110000111"": 1}"
426,019e10f6-75e5-7860-a7f9-3b89dcb83b54,5,26,IZYIYIYXYIX,XIYXYIYIYZI,0.00048828124999999913,10,-0.9999999999999999,-0.4,0.5999999999999999,-0.0004882812499999991,-0.00019531249999999966,0.0002929687499999994,0.5999999999999999,0.0002929687499999994,"{""01000011100"": 1, ""01000101011"": 1, ""01010100100"": 1, ""10000011101"": 1, ""10011100000"": 1, ""10101011011"": 1, ""10110110100"": 1, ""11000111111"": 1, ""11101011000"": 1, ""11101101011"": 1}"
427,019e10f6-75e5-7860-a7f9-3b89dcb83b54,5,27,IZYIYIYXYZI,IZYXYIYIYZI,0.00048828124999999913,10,-0.9999999999999999,-0.2,0.7999999999999998,-0.0004882812499999991,-9.765624999999983e-05,0.00039062499999999926,0.7999999999999998,0.00039062499999999926,"{""00000001000"": 1, ""00001111110"": 1, ""00010011100"": 1, ""00110000100"": 1, ""00111000001"": 1, ""10000111001"": 1, ""10111011100"": 1, ""11010101011"": 1, ""11100101011"": 1, ""11101101101"": 1}"
428,019e10f6-75e5-7860-a7f9-3b89dcb83b54,5,28,IZYIYIYYIXZ,ZXIYYIYIYZI,-0.00048828124999999913,10,0.9999999999999999,0.4,-0.5999999999999999,-0.0004882812499999991,-0.00019531249999999966,0.0002929687499999994,0.5999999999999999,0.0002929687499999994,"{""00101011011"": 1, ""01000111101"": 1, ""01001001101"": 1, ""01010000000"": 1, ""01011011000"": 1, ""10000001101"": 1, ""10000011000"": 1, ""10011110000"": 1, ""10100100011"": 1, ""10111111101"": 1}"
429,019e10f6-75e5-7860-a7f9-3b89dcb83b54,5,29,IZYIYIYYIYY,YYIYYIYIYZI,-0.00048828124999999913,10,0.9999999999999999,1.0,1.1102230246251565e-16,-0.0004882812499999991,-0.00048828124999999913,-5.421010862427522e-20,1.1102230246251565e-16,5.421010862427522e-20,"{""00011111110"": 1, ""00100100110"": 1, ""01000101011"": 1, ""01001000000"": 1, ""01110010101"": 1, ""10000000011"": 1, ""10000010110"": 1, ""10100111101"": 1, ""10100111110"": 1, ""11010100101"": 1}"
430,019e10f6-75e5-7860-a7f9-3b89dcb83b54,5,30,IZYIYIYYZII,IIZYYIYIYZI,-0.00048828124999999913,10,0.9999999999999999,0.6,-0.3999999999999999,-0.0004882812499999991,-0.00029296874999999945,0.00019531249999999963,0.3999999999999999,0.00019531249999999963,"{""00110011010"": 1, ""01010111101"": 1, ""01111100110"": 1, ""10011100110"": 1, ""10100011101"": 1, ""10101010010"": 1, ""10110101000"": 1, ""11011001110"": 1, ""11111100111"": 1, ""11111111111"": 1}"
431,019e10f6-75e5-7860-a7f9-3b89dcb83b54,5,31,IZYIYIYYZZX,XZZYYIYIYZI,-0.00048828124999999913,10,0.9999999999999999,0.4,-0.5999999999999999,-0.0004882812499999991,-0.00019531249999999966,0.0002929687499999994,0.5999999999999999,0.0002929687499999994,"{""00000100100"": 1, ""01101100111"": 1, ""01101101011"": 1, ""01111100100"": 1, ""10010000011"": 1, ""10110111111"": 1, ""11001000011"": 1, ""11011001100"": 1, ""11101000011"": 1, ""11110101011"": 1}"
432,019e10f6-75e5-7860-a7f9-3b89dcb83b54,5,32,IZYIYZIIIII,IIIIIZYIYZI,-0.00048828124999999913,10,0.9999999999999999,0.8,-0.19999999999999984,-0.0004882812499999991,-0.0003906249999999993,9.765624999999976e-05,0.19999999999999984,9.765624999999976e-05,"{""00000010110"": 1, ""01001001010"": 1, ""01100001001"": 1, ""01100011110"": 1, ""10011100001"": 1, ""10100110100"": 1, ""10110101101"": 1, ""11011111110"": 1, ""11101100100"": 1, ""11101110100"": 1}"
433,019e10f6-75e5-7860-a7f9-3b89dcb83b54,5,33,IZYIYZIIIZX,XZIIIZYIYZI,-0.00048828124999999913,10,0.9999999999999999,0.4,-0.5999999999999999,-0.0004882812499999991,-0.00019531249999999966,0.0002929687499999994,0.5999999999999999,0.0002929687499999994,"{""01000100100"": 1, ""01001011000"": 1, ""01100000011"": 1, ""01101100011"": 1, ""10000011110"": 1, ""10100100111"": 1, ""10110111100"": 1, ""11000101011"": 1, ""11011110011"": 1, ""11011111000"": 1}"
434,019e10f6-75e5-7860-a7f9-3b89dcb83b54,5,34,IZYIYZIIZXZ,ZXZIIZYIYZI,-0.00048828124999999913,10,0.9999999999999999,0.0,-0.9999999999999999,-0.0004882812499999991,-0.0,0.0004882812499999991,0.9999999999999999,0.0004882812499999991,"{""00101000101"": 1, ""00111010011"": 1, ""01000010110"": 1, ""01011010101"": 1, ""01101011101"": 1, ""01111101000"": 1, ""10011110010"": 1, ""10111010100"": 1, ""11010110011"": 1, ""11101100010"": 1}"
435,019e10f6-75e5-7860-a7f9-3b89dcb83b54,5,35,IZYIYZIIZYY,YYZIIZYIYZI,-0.00048828124999999913,10,0.9999999999999999,0.6,-0.3999999999999999,-0.0004882812499999991,-0.00029296874999999945,0.00019531249999999963,0.3999999999999999,0.00019531249999999963,"{""01010110101"": 1, ""01110010110"": 1, ""10011100110"": 1, ""10011101011"": 1, ""10101001000"": 1, ""11000100011"": 1, ""11000101110"": 1, ""11010011101"": 1, ""11011100011"": 1, ""11111100101"": 1}"
436,019e10f6-75e5-7860-a7f9-3b89dcb83b54,5,36,IZYIYZIZXIX,XIXZIZYIYZI,-0.00048828124999999913,10,0.9999999999999999,0.6,-0.3999999999999999,-0.0004882812499999991,-0.00029296874999999945,0.00019531249999999963,0.3999999999999999,0.00019531249999999963,"{""00110010000"": 1, ""00110100000"": 1, ""00111011100"": 2, ""01000001111"": 1, ""01101001011"": 1, ""10100110111"": 1, ""10100111001"": 1, ""11100010000"": 1, ""11101111011"": 1}"
437,019e10f6-75e5-7860-a7f9-3b89dcb83b54,5,37,IZYIYZIZXZI,IZXZIZYIYZI,-0.00048828124999999913,10,0.9999999999999999,0.8,-0.19999999999999984,-0.0004882812499999991,-0.0003906249999999993,9.765624999999976e-05,0.19999999999999984,9.765624999999976e-05,"{""00000000000"": 1, ""00011000111"": 1, ""00101001010"": 1, ""00110111100"": 1, ""01100000001"": 1, ""10010010000"": 1, ""10011100000"": 1, ""10110110110"": 1, ""11000110111"": 1, ""11000111100"": 1}"
438,019e10f6-75e5-7860-a7f9-3b89dcb83b54,5,38,IZYIYZIZYXY,YXYZIZYIYZI,0.00048828124999999913,10,-0.9999999999999999,0.0,0.9999999999999999,-0.0004882812499999991,0.0,0.0004882812499999991,0.9999999999999999,0.0004882812499999991,"{""00000100111"": 1, ""00110110010"": 1, ""00111000010"": 1, ""01110100111"": 1, ""01111100100"": 1, ""10000010001"": 1, ""10011010010"": 1, ""10111000111"": 1, ""10111010110"": 1, ""11100110100"": 1}"
439,019e10f6-75e5-7860-a7f9-3b89dcb83b54,5,39,IZYIYZIZYYZ,ZYYZIZYIYZI,-0.00048828124999999913,10,0.9999999999999999,1.0,1.1102230246251565e-16,-0.0004882812499999991,-0.00048828124999999913,-5.421010862427522e-20,1.1102230246251565e-16,5.421010862427522e-20,"{""01101101010"": 1, ""10000001111"": 1, ""10001101001"": 1, ""10011110101"": 1, ""10011110110"": 1, ""10100101001"": 1, ""10110110101"": 1, ""11000100011"": 1, ""11010100000"": 1, ""11101111111"": 1}"
440,019e10f6-75e5-7860-a7f9-3b89dcb83b54,5,40,IZYIYZZXIXZ,ZXIXZZYIYZI,-0.00048828124999999913,10,0.9999999999999999,0.4,-0.5999999999999999,-0.0004882812499999991,-0.00019531249999999966,0.0002929687499999994,0.5999999999999999,0.0002929687499999994,"{""00100110000"": 1, ""00110100011"": 1, ""00110111000"": 1, ""10000000011"": 1, ""10000010101"": 1, ""10110000000"": 1, ""11000000011"": 1, ""11001010110"": 1, ""11010101110"": 1, ""11100010110"": 1}"
441,019e10f6-75e5-7860-a7f9-3b89dcb83b54,5,41,IZYIYZZXIYY,YYIXZZYIYZI,-0.00048828124999999913,10,0.9999999999999999,1.0,1.1102230246251565e-16,-0.0004882812499999991,-0.00048828124999999913,-5.421010862427522e-20,1.1102230246251565e-16,5.421010862427522e-20,"{""00010010110"": 1, ""00011100011"": 1, ""00101000000"": 1, ""01000110110"": 1, ""01100011011"": 1, ""01110001110"": 1, ""01110011000"": 1, ""10100101110"": 1, ""11001010101"": 1, ""11010111011"": 1}"
442,019e10f6-75e5-7860-a7f9-3b89dcb83b54,5,42,IZYIYZZXZII,IIZXZZYIYZI,-0.00048828124999999913,10,0.9999999999999999,0.4,-0.5999999999999999,-0.0004882812499999991,-0.00019531249999999966,0.0002929687499999994,0.5999999999999999,0.0002929687499999994,"{""00101000001"": 1, ""00110110100"": 1, ""01010010110"": 1, ""01010101111"": 1, ""01100001101"": 1, ""01101100000"": 1, ""01101101101"": 1, ""10001110110"": 1, ""10100001100"": 1, ""10110001101"": 1}"
443,019e10f6-75e5-7860-a7f9-3b89dcb83b54,5,43,IZYIYZZXZZX,XZZXZZYIYZI,-0.00048828124999999913,10,0.9999999999999999,0.2,-0.7999999999999998,-0.0004882812499999991,-9.765624999999983e-05,0.00039062499999999926,0.7999999999999998,0.00039062499999999926,"{""00010001111"": 1, ""01000111000"": 1, ""01001000000"": 1, ""01010101111"": 1, ""01100001111"": 1, ""01101111011"": 1, ""10101101100"": 1, ""11010010100"": 1, ""11110111000"": 1, ""11111010111"": 1}"
444,019e10f6-75e5-7860-a7f9-3b89dcb83b54,5,44,IZYIYZZYXXY,YXXYZZYIYZI,-0.00048828124999999913,10,0.9999999999999999,0.6,-0.3999999999999999,-0.0004882812499999991,-0.00029296874999999945,0.00019531249999999963,0.3999999999999999,0.00019531249999999963,"{""00001100110"": 1, ""00010001001"": 1, ""00101011100"": 1, ""01011011110"": 1, ""01111100011"": 1, ""01111111000"": 1, ""10001111101"": 1, ""10011110111"": 1, ""10110101101"": 1, ""11100011101"": 1}"
445,019e10f6-75e5-7860-a7f9-3b89dcb83b54,5,45,IZYIYZZYXYZ,ZYXYZZYIYZI,0.00048828124999999913,10,-0.9999999999999999,-0.4,0.5999999999999999,-0.0004882812499999991,-0.00019531249999999966,0.0002929687499999994,0.5999999999999999,0.0002929687499999994,"{""01001010010"": 1, ""01110111111"": 1, ""10010001110"": 1, ""10011100100"": 1, ""11001010000"": 1, ""11010111001"": 1, ""11101001110"": 1, ""11110001000"": 1, ""11110010000"": 1, ""11111110110"": 1}"
446,019e10f6-75e5-7860-a7f9-3b89dcb83b54,5,46,IZYIYZZYYIX,XIYYZZYIYZI,-0.00048828124999999913,10,0.9999999999999999,0.2,-0.7999999999999998,-0.0004882812499999991,-9.765624999999983e-05,0.00039062499999999926,0.7999999999999998,0.00039062499999999926,"{""00011100111"": 1, ""00101101100"": 1, ""00111000111"": 1, ""01110010011"": 1, ""10000111111"": 1, ""10100101100"": 1, ""10101011111"": 2, ""11010001100"": 1, ""11110010000"": 1}"
447,019e10f6-75e5-7860-a7f9-3b89dcb83b54,5,47,IZYIYZZYYZI,IZYYZZYIYZI,-0.00048828124999999913,10,0.9999999999999999,0.2,-0.7999999999999998,-0.0004882812499999991,-9.765624999999983e-05,0.00039062499999999926,0.7999999999999998,0.00039062499999999926,"{""00001000101"": 1, ""00110010100"": 1, ""00111001010"": 1, ""01001000101"": 1, ""01111111111"": 1, ""10100110110"": 1, ""10101000000"": 1, ""11000101110"": 1, ""11011000000"": 1, ""11011010100"": 1}"
448,019e10f6-75e5-7860-a7f9-3b89dcb83b54,5,48,IZZXXIXIXIX,XIXIXIXXZZI,-0.00048828124999999913,10,0.9999999999999999,0.2,-0.7999999999999998,-0.0004882812499999991,-9.765624999999983e-05,0.00039062499999999926,0.7999999999999998,0.00039062499999999926,"{""00101000011"": 1, ""00110110111"": 1, ""01010011100"": 1, ""10001100111"": 1, ""10100011011"": 1, ""10101011100"": 1, ""11010011011"": 1, ""11011101011"": 1, ""11110101011"": 1, ""11111000000"": 1}"
449,019e10f6-75e5-7860-a7f9-3b89dcb83b54,5,49,IZZXXIXIXZI,IZXIXIXXZZI,-0.00048828124999999913,10,0.9999999999999999,0.6,-0.3999999999999999,-0.0004882812499999991,-0.00029296874999999945,0.00019531249999999963,0.3999999999999999,0.00019531249999999963,"{""00001000111"": 1, ""00101001101"": 1, ""00101011011"": 1, ""01111000110"": 1, ""10100011000"": 1, ""10101011010"": 1, ""11010000001"": 1, ""11011101010"": 1, ""11011101101"": 1, ""11110001010"": 1}"
450,019e10f6-75e5-7860-a7f9-3b89dcb83b54,5,50,IZZXXIXIYXY,YXYIXIXXZZI,0.00048828124999999913,10,-0.9999999999999999,-0.6,0.3999999999999999,-0.0004882812499999991,-0.00029296874999999945,0.00019531249999999963,0.3999999999999999,0.00019531249999999963,"{""00001101011"": 1, ""00100101011"": 1, ""01010011110"": 2, ""10000000011"": 1, ""10001101011"": 1, ""10100101100"": 1, ""10100110010"": 1, ""11111011000"": 1, ""11111011110"": 1}"
451,019e10f6-75e5-7860-a7f9-3b89dcb83b54,5,51,IZZXXIXIYYZ,ZYYIXIXXZZI,-0.00048828124999999913,10,0.9999999999999999,0.6,-0.3999999999999999,-0.0004882812499999991,-0.00029296874999999945,0.00019531249999999963,0.3999999999999999,0.00019531249999999963,"{""00000000000"": 1, ""00000011100"": 1, ""00100110101"": 2, ""01011101001"": 1, ""10100110011"": 1, ""10101011010"": 1, ""10110101010"": 1, ""11000000101"": 1, ""11010000011"": 1}"
452,019e10f6-75e5-7860-a7f9-3b89dcb83b54,5,52,IZZXXIXZIII,IIIZXIXXZZI,-0.00048828124999999913,10,0.9999999999999999,1.0,1.1102230246251565e-16,-0.0004882812499999991,-0.00048828124999999913,-5.421010862427522e-20,1.1102230246251565e-16,5.421010862427522e-20,"{""00001101111"": 1, ""00101011101"": 1, ""01010000111"": 1, ""01011001010"": 1, ""01011101110"": 1, ""01111000101"": 1, ""10100110100"": 1, ""11010000010"": 1, ""11011101011"": 1, ""11110101100"": 1}"
453,019e10f6-75e5-7860-a7f9-3b89dcb83b54,5,53,IZZXXIXZIZX,XZIZXIXXZZI,-0.00048828124999999913,10,0.9999999999999999,0.4,-0.5999999999999999,-0.0004882812499999991,-0.00019531249999999966,0.0002929687499999994,0.5999999999999999,0.0002929687499999994,"{""00001101011"": 2, ""01010111100"": 1, ""10011101000"": 1, ""10100001111"": 1, ""10100010111"": 1, ""10100101100"": 1, ""10101010011"": 1, ""10110110000"": 1, ""11011101000"": 1}"
454,019e10f6-75e5-7860-a7f9-3b89dcb83b54,5,54,IZZXXIXZZXZ,ZXZZXIXXZZI,-0.00048828124999999913,10,0.9999999999999999,0.4,-0.5999999999999999,-0.0004882812499999991,-0.00019531249999999966,0.0002929687499999994,0.5999999999999999,0.0002929687499999994,"{""00000011011"": 1, ""00001101101"": 1, ""00100011011"": 1, ""00110101011"": 1, ""01011110000"": 1, ""10100110110"": 1, ""11010010000"": 1, ""11011110101"": 1, ""11111000110"": 2}"
455,019e10f6-75e5-7860-a7f9-3b89dcb83b54,5,55,IZZXXIXZZYY,YYZZXIXXZZI,-0.00048828124999999913,10,0.9999999999999999,0.4,-0.5999999999999999,-0.0004882812499999991,-0.00019531249999999966,0.0002929687499999994,0.5999999999999999,0.0002929687499999994,"{""00000000000"": 1, ""00001100110"": 1, ""00100101111"": 1, ""00101011101"": 1, ""01011011011"": 1, ""01110101000"": 1, ""10001101000"": 1, ""10001101110"": 1, ""10101000000"": 2}"
456,019e10f6-75e5-7860-a7f9-3b89dcb83b54,5,56,IZZXXIYXXXY,YXXXYIXXZZI,0.00048828124999999913,10,-0.9999999999999999,-1.0,-1.1102230246251565e-16,-0.0004882812499999991,-0.00048828124999999913,-5.421010862427522e-20,1.1102230246251565e-16,5.421010862427522e-20,"{""00001100110"": 1, ""00100101111"": 1, ""01000010001"": 1, ""01010011111"": 1, ""01110100101"": 1, ""10000110000"": 1, ""10100010100"": 1, ""11011111011"": 1, ""11110101100"": 1, ""11110111110"": 1}"
457,019e10f6-75e5-7860-a7f9-3b89dcb83b54,5,57,IZZXXIYXXYZ,ZYXXYIXXZZI,-0.00048828124999999913,10,0.9999999999999999,-0.2,-1.2,-0.0004882812499999991,9.765624999999983e-05,0.0005859374999999989,1.2,0.0005859374999999989,"{""00000011101"": 1, ""00100100000"": 1, ""00100111100"": 1, ""00101010110"": 1, ""00111011011"": 1, ""01110111100"": 1, ""01111000001"": 1, ""10000010011"": 1, ""10101001110"": 1, ""10101010111"": 1}"
458,019e10f6-75e5-7860-a7f9-3b89dcb83b54,5,58,IZZXXIYXYIX,XIYXYIXXZZI,0.00048828124999999913,10,-0.9999999999999999,-0.6,0.3999999999999999,-0.0004882812499999991,-0.00029296874999999945,0.00019531249999999963,0.3999999999999999,0.00019531249999999963,"{""00001110011"": 1, ""01011100000"": 1, ""01011110100"": 1, ""01110101100"": 1, ""01110110011"": 1, ""10000000100"": 1, ""10001110000"": 1, ""10001111111"": 1, ""11010011100"": 1, ""11010101011"": 1}"
459,019e10f6-75e5-7860-a7f9-3b89dcb83b54,5,59,IZZXXIYXYZI,IZYXYIXXZZI,0.00048828124999999913,10,-0.9999999999999999,-0.4,0.5999999999999999,-0.0004882812499999991,-0.00019531249999999966,0.0002929687499999994,0.5999999999999999,0.0002929687499999994,"{""00101011011"": 1, ""01010000001"": 1, ""01011111110"": 1, ""01011111111"": 1, ""10000011100"": 1, ""10100101010"": 1, ""11011110000"": 1, ""11100100000"": 1, ""11110101101"": 1, ""11110110100"": 1}"
460,019e10f6-75e5-7860-a7f9-3b89dcb83b54,5,60,IZZXXIYYIXZ,ZXIYYIXXZZI,-0.00048828124999999913,10,0.9999999999999999,0.4,-0.5999999999999999,-0.0004882812499999991,-0.00019531249999999966,0.0002929687499999994,0.5999999999999999,0.0002929687499999994,"{""00001111101"": 1, ""00101011011"": 1, ""00110000011"": 1, ""01011110011"": 1, ""01111101011"": 1, ""10000011000"": 1, ""11010010101"": 1, ""11010010110"": 1, ""11010101011"": 1, ""11011001110"": 1}"
461,019e10f6-75e5-7860-a7f9-3b89dcb83b54,5,61,IZZXXIYYIYY,YYIYYIXXZZI,-0.00048828124999999913,10,0.9999999999999999,0.6,-0.3999999999999999,-0.0004882812499999991,-0.00029296874999999945,0.00019531249999999963,0.3999999999999999,0.00019531249999999963,"{""00100100110"": 1, ""00100111101"": 1, ""00101001110"": 1, ""00111000000"": 1, ""01010010101"": 1, ""01110100110"": 1, ""01110111101"": 1, ""10101000011"": 1, ""10101001100"": 1, ""11011110000"": 1}"
462,019e10f6-75e5-7860-a7f9-3b89dcb83b54,5,62,IZZXXIYYZII,IIZYYIXXZZI,-0.00048828124999999913,10,0.9999999999999999,0.6,-0.3999999999999999,-0.0004882812499999991,-0.00029296874999999945,0.00019531249999999963,0.3999999999999999,0.00019531249999999963,"{""00000001101"": 1, ""00001111110"": 1, ""00101010101"": 1, ""01110110010"": 1, ""10000011001"": 1, ""10001111100"": 2, ""11010011110"": 1, ""11110101011"": 1, ""11110111001"": 1}"
463,019e10f6-75e5-7860-a7f9-3b89dcb83b54,5,63,IZZXXIYYZZX,XZZYYIXXZZI,-0.00048828124999999913,10,0.9999999999999999,0.8,-0.19999999999999984,-0.0004882812499999991,-0.0003906249999999993,9.765624999999976e-05,0.19999999999999984,9.765624999999976e-05,"{""00100111100"": 1, ""01010010111"": 1, ""01010011011"": 1, ""01110101000"": 1, ""10100100100"": 1, ""10101001111"": 1, ""10101011100"": 1, ""11011101011"": 1, ""11111000000"": 1, ""11111001100"": 1}"
464,019e10f6-75e5-7860-a7f9-3b89dcb83b54,5,64,IZZXXZIIIII,IIIIIZXXZZI,-0.00048828124999999913,10,0.9999999999999999,0.6,-0.3999999999999999,-0.0004882812499999991,-0.00029296874999999945,0.00019531249999999963,0.3999999999999999,0.00019531249999999963,"{""00101011011"": 1, ""01010000100"": 1, ""01010011101"": 1, ""01101010011"": 1, ""10001101100"": 1, ""10100011001"": 1, ""10101010000"": 1, ""11011101100"": 1, ""11011111000"": 1, ""11110111001"": 1}"
465,019e10f6-75e5-7860-a7f9-3b89dcb83b54,5,65,IZZXXZIIIZX,XZIIIZXXZZI,-0.00048828124999999913,10,0.9999999999999999,0.6,-0.3999999999999999,-0.0004882812499999991,-0.00029296874999999945,0.00019531249999999963,0.3999999999999999,0.00019531249999999963,"{""00100100111"": 1, ""01001101011"": 1, ""01010011011"": 1, ""01110101000"": 1, ""10000011100"": 1, ""10001100011"": 1, ""10100101011"": 1, ""10100101100"": 1, ""10100111111"": 1, ""11100100011"": 1}"
466,019e10f6-75e5-7860-a7f9-3b89dcb83b54,5,66,IZZXXZIIZXZ,ZXZIIZXXZZI,-0.00048828124999999913,10,0.9999999999999999,0.8,-0.19999999999999984,-0.0004882812499999991,-0.0003906249999999993,9.765624999999976e-05,0.19999999999999984,9.765624999999976e-05,"{""01011111000"": 2, ""01110110101"": 1, ""10001000101"": 1, ""10001110101"": 2, ""10001110110"": 1, ""10100111011"": 1, ""10101000110"": 1, ""11011101011"": 1}"
467,019e10f6-75e5-7860-a7f9-3b89dcb83b54,5,67,IZZXXZIIZYY,YYZIIZXXZZI,-0.00048828124999999913,10,0.9999999999999999,0.4,-0.5999999999999999,-0.0004882812499999991,-0.00019531249999999966,0.0002929687499999994,0.5999999999999999,0.0002929687499999994,"{""00000000000"": 1, ""00001101000"": 1, ""00001101110"": 1, ""00100100011"": 1, ""01010101000"": 1, ""01011111101"": 1, ""01110111010"": 1, ""01111011000"": 1, ""10001011110"": 1, ""11111000101"": 1}"
468,019e10f6-75e5-7860-a7f9-3b89dcb83b54,5,68,IZZXXZIZXIX,XIXZIZXXZZI,-0.00048828124999999913,10,0.9999999999999999,0.4,-0.5999999999999999,-0.0004882812499999991,-0.00019531249999999966,0.0002929687499999994,0.5999999999999999,0.0002929687499999994,"{""00000011011"": 1, ""00100110000"": 1, ""01010001100"": 1, ""01011100000"": 1, ""01110110000"": 1, ""01111001100"": 1, ""10100101011"": 1, ""11001110000"": 1, ""11011011011"": 1, ""11011100011"": 1}"
469,019e10f6-75e5-7860-a7f9-3b89dcb83b54,5,69,IZZXXZIZXZI,IZXZIZXXZZI,-0.00048828124999999913,10,0.9999999999999999,0.0,-0.9999999999999999,-0.0004882812499999991,-0.0,0.0004882812499999991,0.9999999999999999,0.0004882812499999991,"{""00001010110"": 1, ""00001111000"": 1, ""01010111011"": 1, ""01011110001"": 1, ""01011111100"": 1, ""10000000001"": 1, ""10010011010"": 1, ""10100111011"": 1, ""11000000001"": 1, ""11010000110"": 1}"
470,019e10f6-75e5-7860-a7f9-3b89dcb83b54,5,70,IZZXXZIZYXY,YXYZIZXXZZI,0.00048828124999999913,10,-0.9999999999999999,-0.6,0.3999999999999999,-0.0004882812499999991,-0.00029296874999999945,0.00019531249999999963,0.3999999999999999,0.00019531249999999963,"{""00001000010"": 1, ""00001100001"": 1, ""00100101110"": 1, ""00100110111"": 1, ""00101001011"": 1, ""01010001110"": 1, ""10000110010"": 1, ""10100110111"": 1, ""11110101000"": 1, ""11111010010"": 1}"
471,019e10f6-75e5-7860-a7f9-3b89dcb83b54,5,71,IZZXXZIZYYZ,ZYYZIZXXZZI,-0.00048828124999999913,10,0.9999999999999999,0.4,-0.5999999999999999,-0.0004882812499999991,-0.00019531249999999966,0.0002929687499999994,0.5999999999999999,0.0002929687499999994,"{""00000000111"": 1, ""00000111100"": 1, ""00001100101"": 1, ""00100100101"": 1, ""00101001001"": 1, ""00101010101"": 1, ""00101100100"": 1, ""01011110011"": 1, ""10100111110"": 1, ""11110110101"": 1}"
472,019e10f6-75e5-7860-a7f9-3b89dcb83b54,5,72,IZZXXZZXIXZ,ZXIXZZXXZZI,-0.00048828124999999913,10,0.9999999999999999,0.6,-0.3999999999999999,-0.0004882812499999991,-0.00029296874999999945,0.00019531249999999963,0.3999999999999999,0.00019531249999999963,"{""00100111000"": 2, ""00101000000"": 1, ""01011100000"": 1, ""01110100110"": 1, ""01111010110"": 1, ""10000011011"": 1, ""11010010101"": 1, ""11011100011"": 1, ""11111101101"": 1}"
473,019e10f6-75e5-7860-a7f9-3b89dcb83b54,5,73,IZZXXZZXIYY,YYIXZZXXZZI,-0.00048828124999999913,10,0.9999999999999999,0.8,-0.19999999999999984,-0.0004882812499999991,-0.0003906249999999993,9.765624999999976e-05,0.19999999999999984,9.765624999999976e-05,"{""00000000000"": 1, ""00100110110"": 1, ""01011110101"": 1, ""10001101110"": 1, ""10001110101"": 1, ""10100101110"": 1, ""10101010101"": 1, ""11010000000"": 1, ""11010011011"": 1, ""11111001011"": 1}"
474,019e10f6-75e5-7860-a7f9-3b89dcb83b54,5,74,IZZXXZZXZII,IIZXZZXXZZI,-0.00048828124999999913,10,0.9999999999999999,0.6,-0.3999999999999999,-0.0004882812499999991,-0.00029296874999999945,0.00019531249999999963,0.3999999999999999,0.00019531249999999963,"{""00001100011"": 1, ""00001101100"": 1, ""00100101111"": 1, ""00101011010"": 1, ""01010011001"": 1, ""10001101001"": 1, ""10001101111"": 1, ""10110111001"": 1, ""11010010101"": 1, ""11011111000"": 1}"
475,019e10f6-75e5-7860-a7f9-3b89dcb83b54,5,75,IZZXXZZXZZX,XZZXZZXXZZI,-0.00048828124999999913,10,0.9999999999999999,0.6,-0.3999999999999999,-0.0004882812499999991,-0.00029296874999999945,0.00019531249999999963,0.3999999999999999,0.00019531249999999963,"{""00000001100"": 1, ""00001110100"": 1, ""01011111000"": 1, ""01110101111"": 1, ""10100001111"": 1, ""10100011000"": 1, ""10101000011"": 1, ""10101001111"": 1, ""11010000011"": 1, ""11010011000"": 1}"
476,019e10f6-75e5-7860-a7f9-3b89dcb83b54,5,76,IZZXXZZYXXY,YXXYZZXXZZI,-0.00048828124999999913,10,0.9999999999999999,0.4,-0.5999999999999999,-0.0004882812499999991,-0.00019531249999999966,0.0002929687499999994,0.5999999999999999,0.0002929687499999994,"{""00000000011"": 1, ""01110101010"": 1, ""01111010010"": 1, ""01111010110"": 1, ""01111100000"": 1, ""01111101100"": 1, ""10100100101"": 1, ""10101000110"": 1, ""10111110100"": 1, ""11110111110"": 1}"
477,019e10f6-75e5-7860-a7f9-3b89dcb83b54,5,77,IZZXXZZYXYZ,ZYXYZZXXZZI,0.00048828124999999913,10,-0.9999999999999999,-0.4,0.5999999999999999,-0.0004882812499999991,-0.00019531249999999966,0.0002929687499999994,0.5999999999999999,0.0002929687499999994,"{""00000000001"": 1, ""00001100001"": 1, ""00100100111"": 1, ""00101010011"": 1, ""01010010101"": 1, ""01011110000"": 1, ""10001000111"": 1, ""11011110100"": 1, ""11110110011"": 1, ""11111100001"": 1}"
478,019e10f6-75e5-7860-a7f9-3b89dcb83b54,5,78,IZZXXZZYYIX,XIYYZZXXZZI,-0.00048828124999999913,10,0.9999999999999999,0.4,-0.5999999999999999,-0.0004882812499999991,-0.00019531249999999966,0.0002929687499999994,0.5999999999999999,0.0002929687499999994,"{""01010010011"": 1, ""01010010100"": 1, ""01110011000"": 1, ""10000010011"": 1, ""10100000000"": 1, ""10100110011"": 1, ""10101010011"": 1, ""11010001000"": 1, ""11010010100"": 1, ""11110111000"": 1}"
479,019e10f6-75e5-7860-a7f9-3b89dcb83b54,5,79,IZZXXZZYYZI,IZYYZZXXZZI,-0.00048828124999999913,10,0.9999999999999999,0.6,-0.3999999999999999,-0.0004882812499999991,-0.00029296874999999945,0.00019531249999999963,0.3999999999999999,0.00019531249999999963,"{""00101000110"": 1, ""01010010010"": 1, ""01010010011"": 1, ""01011001110"": 1, ""01011110011"": 1, ""01110110101"": 2, ""01110111101"": 1, ""10000110100"": 1, ""11110101101"": 1}"
480,019e10f6-75e5-7860-a7f9-3b89dcb83b54,5,80,IZZXYXXXXXY,YXXXXXYXZZI,0.00048828124999999913,10,-0.9999999999999999,-0.2,0.7999999999999998,-0.0004882812499999991,-9.765624999999983e-05,0.00039062499999999926,0.7999999999999998,0.00039062499999999926,"{""00100000011"": 1, ""00101000000"": 1, ""01011001000"": 1, ""01011101011"": 1, ""01111010000"": 1, ""10000111010"": 1, ""10001001000"": 1, ""11010011010"": 1, ""11010100101"": 1, ""11011011110"": 1}"
481,019e10f6-75e5-7860-a7f9-3b89dcb83b54,5,81,IZZXYXXXXYZ,ZYXXXXYXZZI,-0.00048828124999999913,10,0.9999999999999999,0.0,-0.9999999999999999,-0.0004882812499999991,-0.0,0.0004882812499999991,0.9999999999999999,0.0004882812499999991,"{""00000101100"": 1, ""00100100000"": 1, ""00100111001"": 1, ""01011010110"": 1, ""01110110111"": 1, ""10100111000"": 1, ""11001100101"": 1, ""11010101100"": 1, ""11110010100"": 1, ""11110110100"": 1}"
482,019e10f6-75e5-7860-a7f9-3b89dcb83b54,5,82,IZZXYXXXYIX,XIYXXXYXZZI,0.00048828124999999913,10,-0.9999999999999999,-0.4,0.5999999999999999,-0.0004882812499999991,-0.00019531249999999966,0.0002929687499999994,0.5999999999999999,0.0002929687499999994,"{""00000010011"": 1, ""00001100000"": 1, ""00100001100"": 1, ""01010001000"": 1, ""10000110000"": 1, ""10001101000"": 1, ""11010100111"": 1, ""11110000000"": 1, ""11110101111"": 1, ""11111100111"": 1}"
483,019e10f6-75e5-7860-a7f9-3b89dcb83b54,5,83,IZZXYXXXYZI,IZYXXXYXZZI,0.00048828124999999913,10,-0.9999999999999999,-0.8,0.19999999999999984,-0.0004882812499999991,-0.0003906249999999993,9.765624999999976e-05,0.19999999999999984,9.765624999999976e-05,"{""00000100000"": 1, ""01001000101"": 1, ""01010000100"": 1, ""01011001000"": 1, ""01110001010"": 1, ""01110101111"": 1, ""01111110100"": 1, ""11011001011"": 1, ""11110110000"": 1, ""11111111110"": 1}"
484,019e10f6-75e5-7860-a7f9-3b89dcb83b54,5,84,IZZXYXXYIXZ,ZXIYXXYXZZI,-0.00048828124999999913,10,0.9999999999999999,0.4,-0.5999999999999999,-0.0004882812499999991,-0.00019531249999999966,0.0002929687499999994,0.5999999999999999,0.0002929687499999994,"{""00000101000"": 1, ""00001000101"": 1, ""00001000110"": 1, ""00001001011"": 1, ""00001100011"": 1, ""00100101101"": 1, ""01110100101"": 1, ""10001000010"": 1, ""10011010000"": 1, ""11110101000"": 1}"
485,019e10f6-75e5-7860-a7f9-3b89dcb83b54,5,85,IZZXYXXYIYY,YYIYXXYXZZI,-0.00048828124999999913,10,0.9999999999999999,0.8,-0.19999999999999984,-0.0004882812499999991,-0.0003906249999999993,9.765624999999976e-05,0.19999999999999984,9.765624999999976e-05,"{""00000010110"": 1, ""00000100101"": 1, ""00101101011"": 1, ""01110000110"": 1, ""01110110110"": 1, ""01110111000"": 1, ""01111000011"": 1, ""01111100101"": 1, ""10001010110"": 1, ""11010110011"": 1}"
486,019e10f6-75e5-7860-a7f9-3b89dcb83b54,5,86,IZZXYXXYZII,IIZYXXYXZZI,-0.00048828124999999913,10,0.9999999999999999,0.4,-0.5999999999999999,-0.0004882812499999991,-0.00019531249999999966,0.0002929687499999994,0.5999999999999999,0.0002929687499999994,"{""00001110100"": 1, ""00111000000"": 1, ""01010100111"": 1, ""01010110010"": 1, ""01110111011"": 1, ""10001001100"": 1, ""11101010001"": 1, ""11110110100"": 1, ""11110111001"": 1, ""11111001001"": 1}"
487,019e10f6-75e5-7860-a7f9-3b89dcb83b54,5,87,IZZXYXXYZZX,XZZYXXYXZZI,-0.00048828124999999913,10,0.9999999999999999,1.0,1.1102230246251565e-16,-0.0004882812499999991,-0.00048828124999999913,-5.421010862427522e-20,1.1102230246251565e-16,5.421010862427522e-20,"{""00000010111"": 1, ""00000011000"": 1, ""00100000100"": 1, ""00100001000"": 1, ""00100001011"": 1, ""00100100000"": 1, ""01110111000"": 1, ""10000100111"": 1, ""10100011100"": 1, ""11011110100"": 1}"
488,019e10f6-75e5-7860-a7f9-3b89dcb83b54,5,88,IZZXYXYIXIX,XIXIYXYXZZI,0.00048828124999999913,10,-0.9999999999999999,-1.0,-1.1102230246251565e-16,-0.0004882812499999991,-0.00048828124999999913,-5.421010862427522e-20,1.1102230246251565e-16,5.421010862427522e-20,"{""00000001011"": 2, ""00001011011"": 1, ""00100000000"": 2, ""00100011011"": 1, ""10100011100"": 1, ""11011000111"": 1, ""11110000000"": 1, ""11110000111"": 1}"
489,019e10f6-75e5-7860-a7f9-3b89dcb83b54,5,89,IZZXYXYIXZI,IZXIYXYXZZI,0.00048828124999999913,10,-0.9999999999999999,-0.4,0.5999999999999999,-0.0004882812499999991,-0.00019531249999999966,0.0002929687499999994,0.5999999999999999,0.0002929687499999994,"{""00000001100"": 1, ""00000100110"": 1, ""00100000000"": 1, ""01010000111"": 1, ""01011000000"": 1, ""01101111011"": 1, ""01111100000"": 1, ""10000011100"": 1, ""10100000110"": 1, ""11010111011"": 1}"
490,019e10f6-75e5-7860-a7f9-3b89dcb83b54,5,90,IZZXYXYIYXY,YXYIYXYXZZI,-0.00048828124999999913,10,0.9999999999999999,0.4,-0.5999999999999999,-0.0004882812499999991,-0.00019531249999999966,0.0002929687499999994,0.5999999999999999,0.0002929687499999994,"{""00100101011"": 1, ""00101111110"": 1, ""01010001101"": 1, ""01010011001"": 1, ""01010100111"": 1, ""10001010001"": 1, ""10001110100"": 1, ""10100001011"": 1, ""10100010100"": 1, ""11110101011"": 1}"
491,019e10f6-75e5-7860-a7f9-3b89dcb83b54,5,91,IZZXYXYIYYZ,ZYYIYXYXZZI,0.00048828124999999913,10,-0.9999999999999999,-0.6,0.3999999999999999,-0.0004882812499999991,-0.00029296874999999945,0.00019531249999999963,0.3999999999999999,0.00019531249999999963,"{""00000011100"": 1, ""00101111111"": 1, ""01111001001"": 1, ""01111001111"": 1, ""10001101010"": 1, ""10101111010"": 1, ""10110101111"": 1, ""11011101111"": 1, ""11110000101"": 1, ""11110101100"": 1}"
492,019e10f6-75e5-7860-a7f9-3b89dcb83b54,5,92,IZZXYXYZIII,IIIZYXYXZZI,0.00048828124999999913,10,-0.9999999999999999,-0.2,0.7999999999999998,-0.0004882812499999991,-9.765624999999983e-05,0.00039062499999999926,0.7999999999999998,0.00039062499999999926,"{""00000000110"": 1, ""00000011010"": 1, ""00001010101"": 1, ""00001101110"": 1, ""01110011000"": 1, ""10000100110"": 1, ""11010100111"": 1, ""11011001111"": 1, ""11011101011"": 1, ""11110110110"": 1}"
493,019e10f6-75e5-7860-a7f9-3b89dcb83b54,5,93,IZZXYXYZIZX,XZIZYXYXZZI,0.00048828124999999913,10,-0.9999999999999999,-0.6,0.3999999999999999,-0.0004882812499999991,-0.00029296874999999945,0.00019531249999999963,0.3999999999999999,0.00019531249999999963,"{""00001000100"": 1, ""00001000111"": 1, ""00101001100"": 1, ""00101111100"": 1, ""00110000000"": 1, ""01011000111"": 1, ""01110000110"": 1, ""10000001111"": 1, ""11011110111"": 1, ""11111100111"": 1}"
494,019e10f6-75e5-7860-a7f9-3b89dcb83b54,5,94,IZZXYXYZZXZ,ZXZZYXYXZZI,0.00048828124999999913,10,-0.9999999999999999,-0.6,0.3999999999999999,-0.0004882812499999991,-0.00029296874999999945,0.00019531249999999963,0.3999999999999999,0.00019531249999999963,"{""00000001000"": 1, ""01110000000"": 1, ""01111000000"": 1, ""01111111110"": 1, ""10000001011"": 1, ""10000100001"": 1, ""10000101001"": 1, ""11011110101"": 1, ""11111001011"": 1, ""11111100110"": 1}"
495,019e10f6-75e5-7860-a7f9-3b89dcb83b54,5,95,IZZXYXYZZYY,YYZZYXYXZZI,0.00048828124999999913,10,-0.9999999999999999,-0.8,0.19999999999999984,-0.0004882812499999991,-0.0003906249999999993,9.765624999999976e-05,0.19999999999999984,9.765624999999976e-05,"{""00000111011"": 1, ""00001101101"": 1, ""00100110000"": 1, ""00101010011"": 1, ""01010001110"": 1, ""10101100011"": 1, ""11010111110"": 1, ""11110000011"": 1, ""11110110000"": 1, ""11110110100"": 1}"
496,019e10f6-75e5-7860-a7f9-3b89dcb83b54,5,96,IZZXYYIXIXZ,ZXIXIYYXZZI,-0.00048828124999999913,10,0.9999999999999999,0.8,-0.19999999999999984,-0.0004882812499999991,-0.0003906249999999993,9.765624999999976e-05,0.19999999999999984,9.765624999999976e-05,"{""00000001101"": 1, ""00001110110"": 1, ""00100010110"": 1, ""01010110110"": 1, ""10100100000"": 1, ""10101001101"": 1, ""11011100011"": 1, ""11110010110"": 1, ""11110011000"": 1, ""11111110110"": 1}"
497,019e10f6-75e5-7860-a7f9-3b89dcb83b54,5,97,IZZXYYIXIYY,YYIXIYYXZZI,-0.00048828124999999913,10,0.9999999999999999,0.8,-0.19999999999999984,-0.0004882812499999991,-0.0003906249999999993,9.765624999999976e-05,0.19999999999999984,9.765624999999976e-05,"{""00000110101"": 1, ""00000111011"": 1, ""00100101110"": 1, ""00101001100"": 1, ""01011011011"": 1, ""10000111000"": 1, ""10100100000"": 1, ""10100100011"": 1, ""10101001110"": 1, ""11010110110"": 1}"
498,019e10f6-75e5-7860-a7f9-3b89dcb83b54,5,98,IZZXYYIXZII,IIZXIYYXZZI,-0.00048828124999999913,10,0.9999999999999999,0.8,-0.19999999999999984,-0.0004882812499999991,-0.0003906249999999993,9.765624999999976e-05,0.19999999999999984,9.765624999999976e-05,"{""00000111010"": 1, ""00100011011"": 1, ""00100101101"": 1, ""00101101111"": 1, ""01011010101"": 1, ""01110100000"": 1, ""10000111001"": 1, ""10001011011"": 1, ""10100011010"": 1, ""11010000010"": 1}"
499,019e10f6-75e5-7860-a7f9-3b89dcb83b54,5,99,IZZXYYIXZZX,XZZXIYYXZZI,-0.00048828124999999913,10,0.9999999999999999,0.8,-0.19999999999999984,-0.0004882812499999991,-0.0003906249999999993,9.765624999999976e-05,0.19999999999999984,9.765624999999976e-05,"{""00001010100"": 1, ""00001101100"": 1, ""01101000011"": 1, ""01110101100"": 1, ""01111110100"": 1, ""10000111011"": 1, ""10001010100"": 1, ""10001100011"": 1, ""10100011000"": 1, ""10101001100"": 1}"
500,019e10f6-85a1-7360-b384-f69242f09131,6,0,IZZXYYIYXXY,YXXYIYYXZZI,-0.00048828124999999913,10,0.9999999999999999,0.6,-0.3999999999999999,-0.0004882812499999991,-0.00029296874999999945,0.00019531249999999963,0.3999999999999999,0.00019531249999999963,"{""00000111010"": 1, ""00001101100"": 1, ""01010111011"": 1, ""01110111011"": 1, ""01111001001"": 1, ""10000110111"": 1, ""10001100101"": 1, ""11010110010"": 1, ""11110111111"": 1, ""11111111011"": 1}"
501,019e10f6-85a1-7360-b384-f69242f09131,6,1,IZZXYYIYXYZ,ZYXYIYYXZZI,0.00048828124999999913,10,-0.9999999999999999,-0.2,0.7999999999999998,-0.0004882812499999991,-9.765624999999983e-05,0.00039062499999999926,0.7999999999999998,0.00039062499999999926,"{""00000111000"": 1, ""00100010010"": 1, ""00100010101"": 1, ""00100010110"": 1, ""00101110101"": 1, ""01010100111"": 1, ""01011101000"": 1, ""01011101011"": 1, ""10110100111"": 1, ""11111111001"": 1}"
502,019e10f6-85a1-7360-b384-f69242f09131,6,2,IZZXYYIYYIX,XIYYIYYXZZI,-0.00048828124999999913,10,0.9999999999999999,0.6,-0.3999999999999999,-0.0004882812499999991,-0.00029296874999999945,0.00019531249999999963,0.3999999999999999,0.00019531249999999963,"{""00000111000"": 1, ""00100011000"": 1, ""01011010011"": 1, ""01110101100"": 1, ""10011101100"": 1, ""11010001011"": 1, ""11010010101"": 1, ""11010110111"": 1, ""11011101100"": 1, ""11111000111"": 1}"
503,019e10f6-85a1-7360-b384-f69242f09131,6,3,IZZXYYIYYZI,IZYYIYYXZZI,-0.00048828124999999913,10,0.9999999999999999,0.6,-0.3999999999999999,-0.0004882812499999991,-0.00029296874999999945,0.00019531249999999963,0.3999999999999999,0.00019531249999999963,"{""00000000001"": 1, ""00000000111"": 1, ""00100010001"": 1, ""01111001100"": 1, ""01111111110"": 1, ""10000111111"": 1, ""10001100000"": 1, ""11010110101"": 1, ""11100010100"": 1, ""11110010101"": 1}"
504,019e10f6-85a1-7360-b384-f69242f09131,6,4,IZZXYYZIIII,IIIIZYYXZZI,-0.00048828124999999913,10,0.9999999999999999,0.6,-0.3999999999999999,-0.0004882812499999991,-0.00029296874999999945,0.00019531249999999963,0.3999999999999999,0.00019531249999999963,"{""00100010101"": 1, ""00100101100"": 1, ""01110100010"": 1, ""01110100011"": 1, ""01111111101"": 1, ""10101011000"": 1, ""10101100010"": 1, ""10101111010"": 1, ""11011010100"": 1, ""11111111100"": 1}"
505,019e10f6-85a1-7360-b384-f69242f09131,6,5,IZZXYYZIIZX,XZIIZYYXZZI,-0.00048828124999999913,10,0.9999999999999999,0.6,-0.3999999999999999,-0.0004882812499999991,-0.00029296874999999945,0.00019531249999999963,0.3999999999999999,0.00019531249999999963,"{""00001101100"": 1, ""00100011000"": 1, ""00101001111"": 1, ""00111111011"": 1, ""10000001011"": 1, ""10000111000"": 1, ""10100100100"": 1, ""10111111000"": 1, ""11010000100"": 1, ""11110100000"": 1}"
506,019e10f6-85a1-7360-b384-f69242f09131,6,6,IZZXYYZIZXZ,ZXZIZYYXZZI,-0.00048828124999999913,10,0.9999999999999999,0.6,-0.3999999999999999,-0.0004882812499999991,-0.00029296874999999945,0.00019531249999999963,0.3999999999999999,0.00019531249999999963,"{""00000000011"": 1, ""00100011000"": 1, ""00101001110"": 1, ""01011101000"": 1, ""01011101110"": 1, ""01110011110"": 1, ""01111010110"": 1, ""10000000101"": 1, ""10001111110"": 1, ""11111001101"": 1}"
507,019e10f6-85a1-7360-b384-f69242f09131,6,7,IZZXYYZIZYY,YYZIZYYXZZI,-0.00048828124999999913,10,0.9999999999999999,0.8,-0.19999999999999984,-0.0004882812499999991,-0.0003906249999999993,9.765624999999976e-05,0.19999999999999984,9.765624999999976e-05,"{""00100100011"": 1, ""01011100000"": 1, ""01110010000"": 1, ""11010110101"": 1, ""11010110110"": 1, ""11011100110"": 1, ""11011101110"": 1, ""11110000101"": 1, ""11111001000"": 1, ""11111110011"": 1}"
508,019e10f6-85a1-7360-b384-f69242f09131,6,8,IZZXYYZZXIX,XIXZZYYXZZI,-0.00048828124999999913,10,0.9999999999999999,0.4,-0.5999999999999999,-0.0004882812499999991,-0.00019531249999999966,0.0002929687499999994,0.5999999999999999,0.0002929687499999994,"{""00000111011"": 1, ""00100000111"": 1, ""00101000111"": 1, ""01010011100"": 1, ""01011100111"": 1, ""01110101100"": 1, ""10000100000"": 1, ""10001101011"": 1, ""10101110000"": 1, ""11110010111"": 1}"
509,019e10f6-85a1-7360-b384-f69242f09131,6,9,IZZXYYZZXZI,IZXZZYYXZZI,-0.00048828124999999913,10,0.9999999999999999,0.4,-0.5999999999999999,-0.0004882812499999991,-0.00019531249999999966,0.0002929687499999994,0.5999999999999999,0.0002929687499999994,"{""00000001100"": 1, ""00001100111"": 1, ""00100100110"": 1, ""01001111011"": 1, ""01111000100"": 1, ""10000001101"": 1, ""10001101111"": 1, ""10100010110"": 1, ""11010000110"": 1, ""11111000100"": 1}"
510,019e10f6-85a1-7360-b384-f69242f09131,6,10,IZZXYYZZYXY,YXYZZYYXZZI,0.00048828124999999913,10,-0.9999999999999999,-0.4,0.5999999999999999,-0.0004882812499999991,-0.00019531249999999966,0.0002929687499999994,0.5999999999999999,0.0002929687499999994,"{""00000001100"": 1, ""00000110111"": 1, ""00101001011"": 1, ""00110101101"": 1, ""01011100010"": 1, ""01111000111"": 1, ""01111110010"": 1, ""11010100100"": 1, ""11010110111"": 1, ""11011100100"": 1}"
511,019e10f6-85a1-7360-b384-f69242f09131,6,11,IZZXYYZZYYZ,ZYYZZYYXZZI,-0.00048828124999999913,10,0.9999999999999999,0.6,-0.3999999999999999,-0.0004882812499999991,-0.00029296874999999945,0.00019531249999999963,0.3999999999999999,0.00019531249999999963,"{""00001100000"": 1, ""00101110101"": 1, ""01010001001"": 1, ""10000011001"": 1, ""10000111001"": 1, ""10000111100"": 1, ""10100010111"": 1, ""11010000101"": 1, ""11010110110"": 1, ""11011101010"": 1}"
512,019e10f6-85a1-7360-b384-f69242f09131,6,12,XIIXIIIIIII,IIIIIIIXIIX,-0.00048828124999999913,10,0.9999999999999999,0.8,-0.19999999999999984,-0.0004882812499999991,-0.0003906249999999993,9.765624999999976e-05,0.19999999999999984,9.765624999999976e-05,"{""00000010111"": 1, ""00001011110"": 1, ""00001111010"": 1, ""00101010101"": 1, ""00101101010"": 1, ""01010000111"": 1, ""11011110001"": 1, ""11011111011"": 1, ""11110011011"": 1, ""11111001011"": 1}"
513,019e10f6-85a1-7360-b384-f69242f09131,6,13,XIIXIIIIIZX,XZIIIIIXIIX,-0.00048828124999999913,10,0.9999999999999999,0.8,-0.19999999999999984,-0.0004882812499999991,-0.0003906249999999993,9.765624999999976e-05,0.19999999999999984,9.765624999999976e-05,"{""00000001111"": 1, ""00101011000"": 1, ""00101101000"": 1, ""00111100011"": 1, ""11010001100"": 1, ""11010100011"": 1, ""11011111000"": 1, ""11110011011"": 1, ""11111010000"": 1, ""11111100100"": 1}"
514,019e10f6-85a1-7360-b384-f69242f09131,6,14,XIIXIIIIZXZ,ZXZIIIIXIIX,-0.00048828124999999913,10,0.9999999999999999,1.0,1.1102230246251565e-16,-0.0004882812499999991,-0.00048828124999999913,-5.421010862427522e-20,1.1102230246251565e-16,5.421010862427522e-20,"{""00000011110"": 1, ""00100011000"": 1, ""00101100000"": 1, ""11010000000"": 1, ""11010010000"": 1, ""11011111011"": 1, ""11110100110"": 1, ""11110110110"": 1, ""11111010101"": 1, ""11111101011"": 1}"
515,019e10f6-85a1-7360-b384-f69242f09131,6,15,XIIXIIIIZYY,YYZIIIIXIIX,-0.00048828124999999913,10,0.9999999999999999,1.0,1.1102230246251565e-16,-0.0004882812499999991,-0.00048828124999999913,-5.421010862427522e-20,1.1102230246251565e-16,5.421010862427522e-20,"{""00000010011"": 1, ""00000011101"": 1, ""00001000101"": 1, ""00100100011"": 1, ""00101011000"": 1, ""00101111101"": 1, ""11010011000"": 1, ""11011101101"": 1, ""11110000011"": 1, ""11111001000"": 1}"
516,019e10f6-85a1-7360-b384-f69242f09131,6,16,XIIXIIIZXIX,XIXZIIIXIIX,-0.00048828124999999913,10,0.9999999999999999,0.6,-0.3999999999999999,-0.0004882812499999991,-0.00029296874999999945,0.00019531249999999963,0.3999999999999999,0.00019531249999999963,"{""00000011011"": 1, ""00000110111"": 1, ""00001000000"": 1, ""00001111011"": 1, ""00100111011"": 1, ""00101100000"": 1, ""01110111011"": 1, ""11010000111"": 1, ""11010101100"": 1, ""11111011000"": 1}"
517,019e10f6-85a1-7360-b384-f69242f09131,6,17,XIIXIIIZXZI,IZXZIIIXIIX,-0.00048828124999999913,10,0.9999999999999999,1.0,1.1102230246251565e-16,-0.0004882812499999991,-0.00048828124999999913,-5.421010862427522e-20,1.1102230246251565e-16,5.421010862427522e-20,"{""00000100111"": 1, ""00100000110"": 1, ""00100011101"": 1, ""00100100111"": 2, ""00101111010"": 1, ""00101111011"": 1, ""11011111010"": 1, ""11011111011"": 1, ""11110110000"": 1}"
518,019e10f6-85a1-7360-b384-f69242f09131,6,18,XIIXIIIZYXY,YXYZIIIXIIX,0.00048828124999999913,10,-0.9999999999999999,-0.6,0.3999999999999999,-0.0004882812499999991,-0.00029296874999999945,0.00019531249999999963,0.3999999999999999,0.00019531249999999963,"{""00100000011"": 1, ""00101000100"": 1, ""00101010001"": 1, ""00101101101"": 1, ""11010111011"": 1, ""11011111110"": 1, ""11110010100"": 1, ""11110110100"": 1, ""11111011000"": 1, ""11111100000"": 1}"
519,019e10f6-85a1-7360-b384-f69242f09131,6,19,XIIXIIIZYYZ,ZYYZIIIXIIX,-0.00048828124999999913,10,0.9999999999999999,0.8,-0.19999999999999984,-0.0004882812499999991,-0.0003906249999999993,9.765624999999976e-05,0.19999999999999984,9.765624999999976e-05,"{""00000100000"": 1, ""00001010000"": 1, ""11010001000"": 1, ""11010100000"": 1, ""11010101100"": 1, ""11011011111"": 1, ""11011111100"": 1, ""11110001010"": 1, ""11110100110"": 1, ""11110101100"": 1}"
520,019e10f6-85a1-7360-b384-f69242f09131,6,20,XIIXIIZXIXZ,ZXIXZIIXIIX,-0.00048828124999999913,10,0.9999999999999999,0.4,-0.5999999999999999,-0.0004882812499999991,-0.00019531249999999966,0.0002929687499999994,0.5999999999999999,0.0002929687499999994,"{""00000001110"": 1, ""00001000000"": 1, ""00100100011"": 1, ""00110010101"": 1, ""10001101101"": 1, ""11010010110"": 1, ""11010101100"": 1, ""11011110110"": 1, ""11110011000"": 1, ""11111111000"": 1}"
521,019e10f6-85a1-7360-b384-f69242f09131,6,21,XIIXIIZXIYY,YYIXZIIXIIX,-0.00048828124999999913,10,0.9999999999999999,0.8,-0.19999999999999984,-0.0004882812499999991,-0.0003906249999999993,9.765624999999976e-05,0.19999999999999984,9.765624999999976e-05,"{""00001001001"": 1, ""00101101110"": 1, ""00101111011"": 1, ""11010000011"": 1, ""11011010110"": 1, ""11011101110"": 1, ""11100010110"": 1, ""11110011011"": 1, ""11110110110"": 1, ""11111101110"": 1}"
522,019e10f6-85a1-7360-b384-f69242f09131,6,22,XIIXIIZXZII,IIZXZIIXIIX,-0.00048828124999999913,10,0.9999999999999999,0.6,-0.3999999999999999,-0.0004882812499999991,-0.00029296874999999945,0.00019531249999999963,0.3999999999999999,0.00019531249999999963,"{""00000001101"": 1, ""00001110010"": 1, ""00100000000"": 1, ""00101111000"": 1, ""01011010100"": 1, ""11011001100"": 1, ""11011100010"": 1, ""11111101101"": 1, ""11111101110"": 1, ""11111110110"": 1}"
523,019e10f6-85a1-7360-b384-f69242f09131,6,23,XIIXIIZXZZX,XZZXZIIXIIX,-0.00048828124999999913,10,0.9999999999999999,0.8,-0.19999999999999984,-0.0004882812499999991,-0.0003906249999999993,9.765624999999976e-05,0.19999999999999984,9.765624999999976e-05,"{""00001110100"": 1, ""00001111000"": 1, ""00101001111"": 1, ""00101010001"": 1, ""00101100000"": 1, ""00110101100"": 1, ""11110000000"": 1, ""11111001100"": 2, ""11111101111"": 1}"
524,019e10f6-85a1-7360-b384-f69242f09131,6,24,XIIXIIZYXXY,YXXYZIIXIIX,-0.00048828124999999913,10,0.9999999999999999,1.0,1.1102230246251565e-16,-0.0004882812499999991,-0.00048828124999999913,-5.421010862427522e-20,1.1102230246251565e-16,5.421010862427522e-20,"{""00000011011"": 1, ""00000100011"": 1, ""00001000011"": 1, ""00001111000"": 1, ""00101010010"": 1, ""11010001100"": 1, ""11011011000"": 1, ""11011011110"": 1, ""11111001111"": 1, ""11111010111"": 1}"
525,019e10f6-85a1-7360-b384-f69242f09131,6,25,XIIXIIZYXYZ,ZYXYZIIXIIX,0.00048828124999999913,10,-0.9999999999999999,-0.4,0.5999999999999999,-0.0004882812499999991,-0.00019531249999999966,0.0002929687499999994,0.5999999999999999,0.0002929687499999994,"{""00000011001"": 1, ""00001000010"": 1, ""00001100100"": 1, ""00001111010"": 1, ""00100100000"": 1, ""00100100111"": 1, ""00100111000"": 1, ""11010000100"": 1, ""11100001000"": 1, ""11110011111"": 1}"
526,019e10f6-85a1-7360-b384-f69242f09131,6,26,XIIXIIZYYIX,XIYYZIIXIIX,-0.00048828124999999913,10,0.9999999999999999,0.8,-0.19999999999999984,-0.0004882812499999991,-0.0003906249999999993,9.765624999999976e-05,0.19999999999999984,9.765624999999976e-05,"{""00000000111"": 1, ""00100001011"": 1, ""00100011000"": 1, ""00101000111"": 1, ""00101011111"": 1, ""00101100000"": 1, ""11011001011"": 1, ""11100101100"": 1, ""11111100000"": 1, ""11111111111"": 1}"
527,019e10f6-85a1-7360-b384-f69242f09131,6,27,XIIXIIZYYZI,IZYYZIIXIIX,-0.00048828124999999913,10,0.9999999999999999,0.8,-0.19999999999999984,-0.0004882812499999991,-0.0003906249999999993,9.765624999999976e-05,0.19999999999999984,9.765624999999976e-05,"{""00000111000"": 1, ""00001100111"": 1, ""00010101010"": 1, ""00100110101"": 1, ""00101011001"": 1, ""00101101011"": 1, ""11010010101"": 1, ""11010011000"": 1, ""11010110010"": 1, ""11110110101"": 1}"
528,019e10f6-85a1-7360-b384-f69242f09131,6,28,XIIXIZXIXIX,XIXIXZIXIIX,-0.00048828124999999913,10,0.9999999999999999,0.8,-0.19999999999999984,-0.0004882812499999991,-0.0003906249999999993,9.765624999999976e-05,0.19999999999999984,9.765624999999976e-05,"{""00000000000"": 1, ""00001000000"": 1, ""00001110111"": 1, ""00101011011"": 1, ""00101011100"": 1, ""11010111011"": 1, ""11110000111"": 1, ""11110101100"": 1, ""11111101011"": 1, ""11111101100"": 1}"
529,019e10f6-85a1-7360-b384-f69242f09131,6,29,XIIXIZXIXZI,IZXIXZIXIIX,-0.00048828124999999913,10,0.9999999999999999,0.4,-0.5999999999999999,-0.0004882812499999991,-0.00019531249999999966,0.0002929687499999994,0.5999999999999999,0.0002929687499999994,"{""00000011010"": 1, ""00000110000"": 1, ""00001101011"": 1, ""00100011011"": 1, ""00100101101"": 1, ""00100110000"": 1, ""00100110100"": 1, ""00101101111"": 1, ""11110101110"": 1, ""11111101100"": 1}"
530,019e10f6-85a1-7360-b384-f69242f09131,6,30,XIIXIZXIYXY,YXYIXZIXIIX,0.00048828124999999913,10,-0.9999999999999999,-0.8,0.19999999999999984,-0.0004882812499999991,-0.0003906249999999993,9.765624999999976e-05,0.19999999999999984,9.765624999999976e-05,"{""00000000100"": 1, ""00001011011"": 1, ""00001101011"": 1, ""00100011000"": 1, ""00101101110"": 1, ""00101110001"": 1, ""11010001110"": 1, ""11010101101"": 1, ""11010110001"": 1, ""11110101110"": 1}"
531,019e10f6-85a1-7360-b384-f69242f09131,6,31,XIIXIZXIYYZ,ZYYIXZIXIIX,-0.00048828124999999913,10,0.9999999999999999,0.6,-0.3999999999999999,-0.0004882812499999991,-0.00029296874999999945,0.00019531249999999963,0.3999999999999999,0.00019531249999999963,"{""00000000000"": 1, ""00000000110"": 1, ""00000101111"": 1, ""00101110010"": 1, ""10000000101"": 1, ""11010110011"": 2, ""11011011010"": 1, ""11100001010"": 1, ""11110101100"": 1}"
532,019e10f6-85a1-7360-b384-f69242f09131,6,32,XIIXIZXZIII,IIIZXZIXIIX,-0.00048828124999999913,10,0.9999999999999999,0.4,-0.5999999999999999,-0.0004882812499999991,-0.00019531249999999966,0.0002929687499999994,0.5999999999999999,0.0002929687499999994,"{""00001000111"": 1, ""00001101101"": 1, ""00100100000"": 1, ""00100100101"": 1, ""00100110101"": 1, ""11010000011"": 1, ""11010101010"": 1, ""11011111011"": 1, ""11110101000"": 1, ""11111110011"": 1}"
533,019e10f6-85a1-7360-b384-f69242f09131,6,33,XIIXIZXZIZX,XZIZXZIXIIX,-0.00048828124999999913,10,0.9999999999999999,1.0,1.1102230246251565e-16,-0.0004882812499999991,-0.00048828124999999913,-5.421010862427522e-20,1.1102230246251565e-16,5.421010862427522e-20,"{""00000110011"": 1, ""00000110111"": 1, ""00100000011"": 1, ""00101000011"": 1, ""11010000000"": 2, ""11011000111"": 1, ""11011110111"": 1, ""11111000111"": 1, ""11111011111"": 1}"
534,019e10f6-85a1-7360-b384-f69242f09131,6,34,XIIXIZXZZXZ,ZXZZXZIXIIX,-0.00048828124999999913,10,0.9999999999999999,0.8,-0.19999999999999984,-0.0004882812499999991,-0.0003906249999999993,9.765624999999976e-05,0.19999999999999984,9.765624999999976e-05,"{""00000100000"": 1, ""00010001110"": 1, ""00100101101"": 1, ""00100110011"": 1, ""00101000101"": 1, ""11110000101"": 1, ""11110011000"": 1, ""11111000011"": 1, ""11111011000"": 1, ""11111101110"": 1}"
535,019e10f6-85a1-7360-b384-f69242f09131,6,35,XIIXIZXZZYY,YYZZXZIXIIX,-0.00048828124999999913,10,0.9999999999999999,0.4,-0.5999999999999999,-0.0004882812499999991,-0.00019531249999999966,0.0002929687499999994,0.5999999999999999,0.0002929687499999994,"{""00000100101"": 1, ""00100000110"": 1, ""00101110100"": 1, ""11001000101"": 1, ""11010011101"": 1, ""11010101101"": 1, ""11010110101"": 1, ""11011000101"": 1, ""11101010000"": 1, ""11110011000"": 1}"
536,019e10f6-85a1-7360-b384-f69242f09131,6,36,XIIXIZYXXXY,YXXXYZIXIIX,0.00048828124999999913,10,-0.9999999999999999,-0.8,0.19999999999999984,-0.0004882812499999991,-0.0003906249999999993,9.765624999999976e-05,0.19999999999999984,9.765624999999976e-05,"{""00000111110"": 1, ""00001110010"": 1, ""00100111011"": 1, ""11001011100"": 1, ""11010000100"": 1, ""11011111011"": 1, ""11110100110"": 1, ""11111011001"": 1, ""11111100000"": 1, ""11111100110"": 1}"
537,019e10f6-85a1-7360-b384-f69242f09131,6,37,XIIXIZYXXYZ,ZYXXYZIXIIX,-0.00048828124999999913,10,0.9999999999999999,0.6,-0.3999999999999999,-0.0004882812499999991,-0.00029296874999999945,0.00019531249999999963,0.3999999999999999,0.00019531249999999963,"{""00000110110"": 1, ""00001000011"": 1, ""00100001010"": 1, ""00101010001"": 1, ""00101101101"": 1, ""00110001100"": 1, ""11010101110"": 1, ""11011100100"": 1, ""11011110101"": 1, ""11110001101"": 1}"
538,019e10f6-85a1-7360-b384-f69242f09131,6,38,XIIXIZYXYIX,XIYXYZIXIIX,0.00048828124999999913,10,-0.9999999999999999,-0.4,0.5999999999999999,-0.0004882812499999991,-0.00019531249999999966,0.0002929687499999994,0.5999999999999999,0.0002929687499999994,"{""00000111111"": 1, ""00010011011"": 1, ""00101010111"": 1, ""11010001111"": 1, ""11010111000"": 1, ""11100011011"": 1, ""11110000011"": 1, ""11111010001"": 1, ""11111110011"": 1, ""11111111111"": 1}"
539,019e10f6-85a1-7360-b384-f69242f09131,6,39,XIIXIZYXYZI,IZYXYZIXIIX,0.00048828124999999913,10,-0.9999999999999999,-0.4,0.5999999999999999,-0.0004882812499999991,-0.00019531249999999966,0.0002929687499999994,0.5999999999999999,0.0002929687499999994,"{""00000000010"": 1, ""00000010001"": 1, ""00000011000"": 1, ""00001011100"": 1, ""11010001000"": 1, ""11011010011"": 1, ""11110010000"": 1, ""11110010010"": 1, ""11110101101"": 1, ""11111011011"": 1}"
540,019e10f6-85a1-7360-b384-f69242f09131,6,40,XIIXIZYYIXZ,ZXIYYZIXIIX,-0.00048828124999999913,10,0.9999999999999999,0.6,-0.3999999999999999,-0.0004882812499999991,-0.00029296874999999945,0.00019531249999999963,0.3999999999999999,0.00019531249999999963,"{""00000001110"": 1, ""00000110011"": 1, ""00001011011"": 1, ""00100010101"": 1, ""00101110000"": 1, ""10001010110"": 1, ""11010001101"": 1, ""11010011011"": 1, ""11110000000"": 1, ""11110000101"": 1}"
541,019e10f6-85a1-7360-b384-f69242f09131,6,41,XIIXIZYYIYY,YYIYYZIXIIX,-0.00048828124999999913,10,0.9999999999999999,1.0,1.1102230246251565e-16,-0.0004882812499999991,-0.00048828124999999913,-5.421010862427522e-20,1.1102230246251565e-16,5.421010862427522e-20,"{""00000000000"": 1, ""00000001110"": 1, ""00000110011"": 1, ""00001001101"": 1, ""00101110011"": 1, ""00101111101"": 1, ""11010110011"": 1, ""11011000011"": 1, ""11011101011"": 1, ""11110011000"": 1}"
542,019e10f6-85a1-7360-b384-f69242f09131,6,42,XIIXIZYYZII,IIZYYZIXIIX,-0.00048828124999999913,10,0.9999999999999999,0.6,-0.3999999999999999,-0.0004882812499999991,-0.00029296874999999945,0.00019531249999999963,0.3999999999999999,0.00019531249999999963,"{""00000001100"": 1, ""00000010101"": 1, ""00001100100"": 1, ""00001110011"": 1, ""00010010110"": 1, ""00100000010"": 1, ""00100011000"": 1, ""11010000111"": 1, ""11010101001"": 1, ""11111110010"": 1}"
543,019e10f6-85a1-7360-b384-f69242f09131,6,43,XIIXIZYYZZX,XZZYYZIXIIX,-0.00048828124999999913,10,0.9999999999999999,0.6,-0.3999999999999999,-0.0004882812499999991,-0.00029296874999999945,0.00019531249999999963,0.3999999999999999,0.00019531249999999963,"{""00000011000"": 1, ""00001110011"": 1, ""00001111101"": 1, ""00101011000"": 1, ""00101101011"": 1, ""11000100111"": 1, ""11010000000"": 1, ""11010100100"": 1, ""11011011011"": 1, ""11110010100"": 1}"
544,019e10f6-85a1-7360-b384-f69242f09131,6,44,XIIXZXIXIXZ,ZXIXIXZXIIX,-0.00048828124999999913,10,0.9999999999999999,0.8,-0.19999999999999984,-0.0004882812499999991,-0.0003906249999999993,9.765624999999976e-05,0.19999999999999984,9.765624999999976e-05,"{""00001010101"": 1, ""00001100000"": 1, ""00101010110"": 1, ""00101011000"": 1, ""01110000011"": 1, ""11011010101"": 1, ""11011100000"": 1, ""11011101110"": 1, ""11110110101"": 1, ""11111101101"": 1}"
545,019e10f6-85a1-7360-b384-f69242f09131,6,45,XIIXZXIXIYY,YYIXIXZXIIX,-0.00048828124999999913,10,0.9999999999999999,0.8,-0.19999999999999984,-0.0004882812499999991,-0.0003906249999999993,9.765624999999976e-05,0.19999999999999984,9.765624999999976e-05,"{""00000001110"": 1, ""00001100000"": 1, ""00001100011"": 1, ""00100001101"": 1, ""00100001110"": 1, ""00100110110"": 1, ""00101100000"": 1, ""11010000000"": 1, ""11111011101"": 1, ""11111101110"": 1}"
546,019e10f6-85a1-7360-b384-f69242f09131,6,46,XIIXZXIXZII,IIZXIXZXIIX,-0.00048828124999999913,10,0.9999999999999999,0.4,-0.5999999999999999,-0.0004882812499999991,-0.00019531249999999966,0.0002929687499999994,0.5999999999999999,0.0002929687499999994,"{""00001100000"": 1, ""00100110101"": 1, ""01111100001"": 1, ""11001011000"": 1, ""11010000000"": 1, ""11010110100"": 1, ""11011101110"": 1, ""11110001100"": 1, ""11110111010"": 1, ""11111001101"": 1}"
547,019e10f6-85a1-7360-b384-f69242f09131,6,47,XIIXZXIXZZX,XZZXIXZXIIX,-0.00048828124999999913,10,0.9999999999999999,1.0,1.1102230246251565e-16,-0.0004882812499999991,-0.00048828124999999913,-5.421010862427522e-20,1.1102230246251565e-16,5.421010862427522e-20,"{""00000001111"": 1, ""00001100000"": 1, ""00100001111"": 1, ""00100110111"": 1, ""11010000000"": 1, ""11010001111"": 2, ""11010111011"": 1, ""11110110100"": 1, ""11110111011"": 1}"
548,019e10f6-85a1-7360-b384-f69242f09131,6,48,XIIXZXIYXXY,YXXYIXZXIIX,-0.00048828124999999913,10,0.9999999999999999,0.4,-0.5999999999999999,-0.0004882812499999991,-0.00019531249999999966,0.0002929687499999994,0.5999999999999999,0.0002929687499999994,"{""00000001111"": 1, ""00001010000"": 1, ""00001101010"": 1, ""00001101111"": 1, ""00100111101"": 1, ""00101100110"": 2, ""00110110010"": 1, ""11010111010"": 1, ""11110111011"": 1}"
549,019e10f6-85a1-7360-b384-f69242f09131,6,49,XIIXZXIYXYZ,ZYXYIXZXIIX,0.00048828124999999913,10,-0.9999999999999999,-0.2,0.7999999999999998,-0.0004882812499999991,-9.765624999999983e-05,0.00039062499999999926,0.7999999999999998,0.00039062499999999926,"{""00001011101"": 1, ""00001100111"": 1, ""00001101101"": 1, ""00100110101"": 1, ""00101100111"": 1, ""00101101110"": 1, ""00110001000"": 1, ""00110011000"": 1, ""11011100111"": 1, ""11110010101"": 1}"
550,019e10f6-85a1-7360-b384-f69242f09131,6,50,XIIXZXIYYIX,XIYYIXZXIIX,-0.00048828124999999913,10,0.9999999999999999,0.8,-0.19999999999999984,-0.0004882812499999991,-0.0003906249999999993,9.765624999999976e-05,0.19999999999999984,9.765624999999976e-05,"{""00001011111"": 1, ""00100111111"": 1, ""00101011000"": 1, ""00101100111"": 1, ""00101101011"": 1, ""00101101100"": 1, ""11010111000"": 2, ""11010111111"": 1, ""11011001011"": 1}"
551,019e10f6-85a1-7360-b384-f69242f09131,6,51,XIIXZXIYYZI,IZYYIXZXIIX,-0.00048828124999999913,10,0.9999999999999999,0.6,-0.3999999999999999,-0.0004882812499999991,-0.00029296874999999945,0.00019531249999999963,0.3999999999999999,0.00019531249999999963,"{""00001101010"": 1, ""00100110011"": 1, ""00101011001"": 1, ""00101011100"": 1, ""00101100000"": 1, ""00101100111"": 1, ""00101101010"": 1, ""11001101011"": 1, ""11010000001"": 1, ""11011101010"": 1}"
552,019e10f6-85a1-7360-b384-f69242f09131,6,52,XIIXZXZIIII,IIIIZXZXIIX,-0.00048828124999999913,10,0.9999999999999999,1.0,1.1102230246251565e-16,-0.0004882812499999991,-0.00048828124999999913,-5.421010862427522e-20,1.1102230246251565e-16,5.421010862427522e-20,"{""00000000011"": 1, ""00100001110"": 1, ""00100110010"": 1, ""00100111000"": 1, ""00101011001"": 1, ""11011101000"": 1, ""11011101001"": 1, ""11110110011"": 1, ""11111010011"": 1, ""11111011011"": 1}"
553,019e10f6-85a1-7360-b384-f69242f09131,6,53,XIIXZXZIIZX,XZIIZXZXIIX,-0.00048828124999999913,10,0.9999999999999999,0.4,-0.5999999999999999,-0.0004882812499999991,-0.00019531249999999966,0.0002929687499999994,0.5999999999999999,0.0002929687499999994,"{""00000001000"": 1, ""00001010111"": 1, ""00101010101"": 1, ""00101111100"": 1, ""11011100000"": 1, ""11011100011"": 1, ""11011100111"": 1, ""11011101011"": 1, ""11101010100"": 1, ""11110110000"": 1}"
554,019e10f6-85a1-7360-b384-f69242f09131,6,54,XIIXZXZIZXZ,ZXZIZXZXIIX,-0.00048828124999999913,10,0.9999999999999999,0.6,-0.3999999999999999,-0.0004882812499999991,-0.00029296874999999945,0.00019531249999999963,0.3999999999999999,0.00019531249999999963,"{""00000000011"": 1, ""00000000110"": 1, ""00000111101"": 1, ""00001010011"": 1, ""00011011000"": 1, ""11011110000"": 1, ""11011111100"": 1, ""11110110000"": 1, ""11111011011"": 1, ""11111101000"": 1}"
555,019e10f6-85a1-7360-b384-f69242f09131,6,55,XIIXZXZIZYY,YYZIZXZXIIX,-0.00048828124999999913,10,0.9999999999999999,1.0,1.1102230246251565e-16,-0.0004882812499999991,-0.00048828124999999913,-5.421010862427522e-20,1.1102230246251565e-16,5.421010862427522e-20,"{""00000001110"": 1, ""00001010110"": 1, ""00001011000"": 1, ""00100001110"": 1, ""00100110110"": 1, ""11010001101"": 1, ""11011011110"": 1, ""11111011000"": 1, ""11111100011"": 1, ""11111101110"": 1}"
556,019e10f6-85a1-7360-b384-f69242f09131,6,56,XIIXZXZZXIX,XIXZZXZXIIX,-0.00048828124999999913,10,0.9999999999999999,0.6,-0.3999999999999999,-0.0004882812499999991,-0.00029296874999999945,0.00019531249999999963,0.3999999999999999,0.00019531249999999963,"{""00001101100"": 1, ""00101010000"": 1, ""00101100000"": 1, ""10101101100"": 1, ""11010111100"": 1, ""11011010000"": 1, ""11011010011"": 1, ""11011101011"": 1, ""11110111011"": 1, ""11111011011"": 1}"
557,019e10f6-85a1-7360-b384-f69242f09131,6,57,XIIXZXZZXZI,IZXZZXZXIIX,-0.00048828124999999913,10,0.9999999999999999,1.0,1.1102230246251565e-16,-0.0004882812499999991,-0.00048828124999999913,-5.421010862427522e-20,1.1102230246251565e-16,5.421010862427522e-20,"{""00000110001"": 1, ""00001010110"": 1, ""00001010111"": 1, ""00100000001"": 1, ""11010000000"": 1, ""11010110110"": 1, ""11011100110"": 1, ""11110001010"": 1, ""11110111011"": 1, ""11111100001"": 1}"
558,019e10f6-85a1-7360-b384-f69242f09131,6,58,XIIXZXZZYXY,YXYZZXZXIIX,0.00048828124999999913,10,-0.9999999999999999,-1.0,-1.1102230246251565e-16,-0.0004882812499999991,-0.00048828124999999913,-5.421010862427522e-20,1.1102230246251565e-16,5.421010862427522e-20,"{""00001010001"": 1, ""00001100010"": 1, ""00100111110"": 1, ""00101010100"": 1, ""11010000001"": 1, ""11011010111"": 1, ""11011011101"": 1, ""11110110001"": 1, ""11110111110"": 1, ""11111010100"": 1}"
559,019e10f6-85a1-7360-b384-f69242f09131,6,59,XIIXZXZZYYZ,ZYYZZXZXIIX,-0.00048828124999999913,10,0.9999999999999999,0.6,-0.3999999999999999,-0.0004882812499999991,-0.00029296874999999945,0.00019531249999999963,0.3999999999999999,0.00019531249999999963,"{""00001100110"": 1, ""00001101100"": 1, ""00100110011"": 1, ""00101101111"": 1, ""01010001010"": 1, ""11010000000"": 1, ""11011011001"": 1, ""11011101001"": 1, ""11110000111"": 1, ""11111010110"": 1}"
560,019e10f6-85a1-7360-b384-f69242f09131,6,60,XIIXZYXXXXY,YXXXXYZXIIX,-0.00048828124999999913,10,0.9999999999999999,0.0,-0.9999999999999999,-0.0004882812499999991,-0.0,0.0004882812499999991,0.9999999999999999,0.0004882812499999991,"{""00000010101"": 1, ""00100101110"": 1, ""00100110111"": 1, ""00101111101"": 1, ""11010111010"": 1, ""11011100001"": 1, ""11011100011"": 1, ""11110001101"": 1, ""11110111100"": 1, ""11111001010"": 1}"
561,019e10f6-85a1-7360-b384-f69242f09131,6,61,XIIXZYXXXYZ,ZYXXXYZXIIX,0.00048828124999999913,10,-0.9999999999999999,-0.4,0.5999999999999999,-0.0004882812499999991,-0.00019531249999999966,0.0002929687499999994,0.5999999999999999,0.0002929687499999994,"{""00000001100"": 1, ""00000011100"": 1, ""00001001100"": 1, ""00001011110"": 1, ""00100101010"": 1, ""00101100100"": 1, ""11010110101"": 1, ""11110010000"": 1, ""11110010110"": 1, ""11110111100"": 1}"
562,019e10f6-85a1-7360-b384-f69242f09131,6,62,XIIXZYXXYIX,XIYXXYZXIIX,-0.00048828124999999913,10,0.9999999999999999,0.8,-0.19999999999999984,-0.0004882812499999991,-0.0003906249999999993,9.765624999999976e-05,0.19999999999999984,9.765624999999976e-05,"{""00100010000"": 1, ""00101011100"": 1, ""00101101011"": 1, ""11010000111"": 1, ""11010111011"": 1, ""11011010111"": 1, ""11011110100"": 1, ""11110100011"": 1, ""11111100111"": 1, ""11111101100"": 1}"
563,019e10f6-85a1-7360-b384-f69242f09131,6,63,XIIXZYXXYZI,IZYXXYZXIIX,-0.00048828124999999913,10,0.9999999999999999,0.8,-0.19999999999999984,-0.0004882812499999991,-0.0003906249999999993,9.765624999999976e-05,0.19999999999999984,9.765624999999976e-05,"{""00000011100"": 1, ""00001001001"": 1, ""00011011000"": 1, ""00100001011"": 1, ""11010011001"": 1, ""11010011110"": 1, ""11010101000"": 1, ""11011000101"": 1, ""11011101010"": 1, ""11111001001"": 1}"
564,019e10f6-85a1-7360-b384-f69242f09131,6,64,XIIXZYXYIXZ,ZXIYXYZXIIX,0.00048828124999999913,10,-0.9999999999999999,-0.6,0.3999999999999999,-0.0004882812499999991,-0.00029296874999999945,0.00019531249999999963,0.3999999999999999,0.00019531249999999963,"{""00000010011"": 1, ""00000011000"": 1, ""00000100011"": 1, ""00000111000"": 1, ""00000111101"": 1, ""00001000011"": 1, ""00001010101"": 1, ""00100100000"": 1, ""11110000110"": 1, ""11110011101"": 1}"
565,019e10f6-85a1-7360-b384-f69242f09131,6,65,XIIXZYXYIYY,YYIYXYZXIIX,0.00048828124999999913,10,-0.9999999999999999,-0.8,0.19999999999999984,-0.0004882812499999991,-0.0003906249999999993,9.765624999999976e-05,0.19999999999999984,9.765624999999976e-05,"{""00000111011"": 2, ""00001001101"": 1, ""00001011011"": 1, ""00100100011"": 1, ""00100101000"": 1, ""11010001011"": 1, ""11010111000"": 1, ""11011100110"": 1, ""11110101101"": 1}"
566,019e10f6-85a1-7360-b384-f69242f09131,6,66,XIIXZYXYZII,IIZYXYZXIIX,0.00048828124999999913,10,-0.9999999999999999,-0.6,0.3999999999999999,-0.0004882812499999991,-0.00029296874999999945,0.00019531249999999963,0.3999999999999999,0.00019531249999999963,"{""00000010000"": 1, ""00000110110"": 1, ""00001001101"": 1, ""00001011001"": 1, ""00101100101"": 1, ""01110011100"": 1, ""11010001001"": 1, ""11010001100"": 1, ""11101000111"": 1, ""11111001110"": 1}"
567,019e10f6-85a1-7360-b384-f69242f09131,6,67,XIIXZYXYZZX,XZZYXYZXIIX,0.00048828124999999913,10,-0.9999999999999999,-0.4,0.5999999999999999,-0.0004882812499999991,-0.00019531249999999966,0.0002929687499999994,0.5999999999999999,0.0002929687499999994,"{""00000000000"": 1, ""00000000111"": 1, ""00000100100"": 1, ""00001101000"": 1, ""00101000000"": 1, ""00101010100"": 1, ""00101010110"": 1, ""00101110011"": 1, ""00101111111"": 1, ""11010101100"": 1}"
568,019e10f6-85a1-7360-b384-f69242f09131,6,68,XIIXZYYIXIX,XIXIYYZXIIX,-0.00048828124999999913,10,0.9999999999999999,0.4,-0.5999999999999999,-0.0004882812499999991,-0.00019531249999999966,0.0002929687499999994,0.5999999999999999,0.0002929687499999994,"{""00001010000"": 1, ""00001100101"": 1, ""00001111101"": 1, ""00101110000"": 1, ""11010000000"": 1, ""11010011000"": 1, ""11010011011"": 1, ""11011011101"": 1, ""11011111011"": 1, ""11110101011"": 1}"
569,019e10f6-85a1-7360-b384-f69242f09131,6,69,XIIXZYYIXZI,IZXIYYZXIIX,-0.00048828124999999913,10,0.9999999999999999,0.4,-0.5999999999999999,-0.0004882812499999991,-0.00019531249999999966,0.0002929687499999994,0.5999999999999999,0.0002929687499999994,"{""00000111101"": 1, ""00001010111"": 1, ""00101111100"": 1, ""00101111101"": 1, ""01011001011"": 1, ""11010011101"": 1, ""11011010000"": 1, ""11011111101"": 1, ""11111001101"": 1, ""11111111111"": 1}"
570,019e10f6-85a1-7360-b384-f69242f09131,6,70,XIIXZYYIYXY,YXYIYYZXIIX,0.00048828124999999913,10,-0.9999999999999999,-0.6,0.3999999999999999,-0.0004882812499999991,-0.00029296874999999945,0.00019531249999999963,0.3999999999999999,0.00019531249999999963,"{""00000001000"": 1, ""00000010001"": 1, ""00000110111"": 1, ""00100000001"": 1, ""11010000001"": 1, ""11010000111"": 1, ""11010011110"": 1, ""11110110100"": 1, ""11110111100"": 1, ""11111001000"": 1}"
571,019e10f6-85a1-7360-b384-f69242f09131,6,71,XIIXZYYIYYZ,ZYYIYYZXIIX,-0.00048828124999999913,10,0.9999999999999999,0.2,-0.7999999999999998,-0.0004882812499999991,-9.765624999999983e-05,0.00039062499999999926,0.7999999999999998,0.00039062499999999926,"{""00001010011"": 1, ""00101111001"": 1, ""11010110101"": 1, ""11010110111"": 1, ""11011011010"": 1, ""11011111001"": 1, ""11100101001"": 1, ""11110100000"": 1, ""11110110110"": 1, ""11111111100"": 1}"
572,019e10f6-85a1-7360-b384-f69242f09131,6,72,XIIXZYYZIII,IIIZYYZXIIX,-0.00048828124999999913,10,0.9999999999999999,0.4,-0.5999999999999999,-0.0004882812499999991,-0.00019531249999999966,0.0002929687499999994,0.5999999999999999,0.0002929687499999994,"{""00000011010"": 2, ""00001100000"": 1, ""00001101011"": 1, ""00101000101"": 1, ""11010011100"": 1, ""11110111011"": 1, ""11111001110"": 1, ""11111111001"": 1, ""11111111101"": 1}"
573,019e10f6-85a1-7360-b384-f69242f09131,6,73,XIIXZYYZIZX,XZIZYYZXIIX,-0.00048828124999999913,10,0.9999999999999999,0.8,-0.19999999999999984,-0.0004882812499999991,-0.0003906249999999993,9.765624999999976e-05,0.19999999999999984,9.765624999999976e-05,"{""00000010011"": 1, ""00000011111"": 1, ""00000110100"": 1, ""00000110111"": 1, ""00101100111"": 1, ""11010101100"": 1, ""11010101111"": 1, ""11010110111"": 1, ""11110000000"": 1, ""11110101100"": 1}"
574,019e10f6-85a1-7360-b384-f69242f09131,6,74,XIIXZYYZZXZ,ZXZZYYZXIIX,-0.00048828124999999913,10,0.9999999999999999,0.8,-0.19999999999999984,-0.0004882812499999991,-0.0003906249999999993,9.765624999999976e-05,0.19999999999999984,9.765624999999976e-05,"{""00000000011"": 1, ""00000101000"": 1, ""00000110011"": 1, ""00001010110"": 1, ""00100000011"": 1, ""00100000110"": 1, ""00101111101"": 1, ""11010000000"": 1, ""11010011101"": 1, ""11111011110"": 1}"
575,019e10f6-85a1-7360-b384-f69242f09131,6,75,XIIXZYYZZYY,YYZZYYZXIIX,-0.00048828124999999913,10,0.9999999999999999,0.8,-0.19999999999999984,-0.0004882812499999991,-0.0003906249999999993,9.765624999999976e-05,0.19999999999999984,9.765624999999976e-05,"{""00000011011"": 1, ""00000111011"": 1, ""00001001110"": 1, ""00101011111"": 1, ""11010000011"": 1, ""11011001101"": 1, ""11110000000"": 1, ""11110101101"": 3}"
576,019e10f6-85a1-7360-b384-f69242f09131,6,76,XIXIIXIXIXZ,ZXIXIXIIXIX,-0.00048828124999999913,10,0.9999999999999999,0.8,-0.19999999999999984,-0.0004882812499999991,-0.0003906249999999993,9.765624999999976e-05,0.19999999999999984,9.765624999999976e-05,"{""00000000011"": 1, ""00000011011"": 1, ""00011001110"": 1, ""00111100000"": 1, ""11001010101"": 1, ""11001011000"": 1, ""11011101101"": 1, ""11110001101"": 2, ""11110111000"": 1}"
577,019e10f6-85a1-7360-b384-f69242f09131,6,77,XIXIIXIXIYY,YYIXIXIIXIX,-0.00048828124999999913,10,0.9999999999999999,0.8,-0.19999999999999984,-0.0004882812499999991,-0.0003906249999999993,9.765624999999976e-05,0.19999999999999984,9.765624999999976e-05,"{""00000000011"": 1, ""00010110101"": 1, ""00101010110"": 1, ""00101100000"": 1, ""00111100011"": 1, ""00111101101"": 1, ""01001100000"": 1, ""11100110101"": 1, ""11100111000"": 1, ""11110000011"": 1}"
578,019e10f6-85a1-7360-b384-f69242f09131,6,78,XIXIIXIXZII,IIZXIXIIXIX,-0.00048828124999999913,10,0.9999999999999999,1.0,1.1102230246251565e-16,-0.0004882812499999991,-0.00048828124999999913,-5.421010862427522e-20,1.1102230246251565e-16,5.421010862427522e-20,"{""00000110110"": 1, ""00010001110"": 1, ""00101100000"": 1, ""00101100001"": 1, ""00111101101"": 1, ""10000100010"": 1, ""11001001000"": 1, ""11011101100"": 1, ""11100001100"": 1, ""11110001111"": 1}"
579,019e10f6-85a1-7360-b384-f69242f09131,6,79,XIXIIXIXZZX,XZZXIXIIXIX,-0.00048828124999999913,10,0.9999999999999999,0.6,-0.3999999999999999,-0.0004882812499999991,-0.00029296874999999945,0.00019531249999999963,0.3999999999999999,0.00019531249999999963,"{""00000001100"": 1, ""00100111000"": 1, ""00101101110"": 1, ""00111010111"": 1, ""11001011000"": 1, ""11001101111"": 1, ""11011010100"": 1, ""11011010111"": 1, ""11011100000"": 1, ""11011100011"": 1}"
580,019e10f6-85a1-7360-b384-f69242f09131,6,80,XIXIIXIYXXY,YXXYIXIIXIX,-0.00048828124999999913,10,0.9999999999999999,0.6,-0.3999999999999999,-0.0004882812499999991,-0.00029296874999999945,0.00019531249999999963,0.3999999999999999,0.00019531249999999963,"{""00000110000"": 1, ""00000110100"": 1, ""00010111010"": 1, ""00111000001"": 1, ""00111010001"": 1, ""00111101010"": 1, ""11001010100"": 1, ""11001100000"": 1, ""11011101010"": 1, ""11011101100"": 1}"
581,019e10f6-85a1-7360-b384-f69242f09131,6,81,XIXIIXIYXYZ,ZYXYIXIIXIX,0.00048828124999999913,10,-0.9999999999999999,-0.4,0.5999999999999999,-0.0004882812499999991,-0.00019531249999999966,0.0002929687499999994,0.5999999999999999,0.0002929687499999994,"{""00000111010"": 1, ""00000111101"": 1, ""00010001011"": 1, ""00111001011"": 1, ""11000011001"": 1, ""11001100001"": 1, ""11001100100"": 1, ""11100000111"": 1, ""11110000000"": 1, ""11110110110"": 1}"
582,019e10f6-85a1-7360-b384-f69242f09131,6,82,XIXIIXIYYIX,XIYYIXIIXIX,-0.00048828124999999913,10,0.9999999999999999,0.4,-0.5999999999999999,-0.0004882812499999991,-0.00019531249999999966,0.0002929687499999994,0.5999999999999999,0.0002929687499999994,"{""00000001100"": 1, ""00010001011"": 1, ""00010111000"": 1, ""00101010000"": 1, ""00111011100"": 1, ""11001011001"": 1, ""11011010100"": 1, ""11011101100"": 1, ""11100110011"": 1, ""11100111111"": 1}"
583,019e10f6-85a1-7360-b384-f69242f09131,6,83,XIXIIXIYYZI,IZYYIXIIXIX,-0.00048828124999999913,10,0.9999999999999999,-0.2,-1.2,-0.0004882812499999991,9.765624999999983e-05,0.0005859374999999989,1.2,0.0005859374999999989,"{""00000110011"": 1, ""00000110111"": 1, ""00101010100"": 1, ""00101011100"": 1, ""00111010000"": 1, ""00111010110"": 1, ""11001101011"": 1, ""11010110101"": 1, ""11011010101"": 1, ""11100110000"": 1}"
584,019e10f6-85a1-7360-b384-f69242f09131,6,84,XIXIIXZIIII,IIIIZXIIXIX,-0.00048828124999999913,10,0.9999999999999999,1.0,1.1102230246251565e-16,-0.0004882812499999991,-0.00048828124999999913,-5.421010862427522e-20,1.1102230246251565e-16,5.421010862427522e-20,"{""00000000010"": 1, ""00000001010"": 1, ""00000111001"": 1, ""00010111110"": 1, ""00100100011"": 1, ""00111010101"": 1, ""00111101101"": 1, ""11100001100"": 1, ""11110001001"": 1, ""11110001100"": 1}"
585,019e10f6-85a1-7360-b384-f69242f09131,6,85,XIXIIXZIIZX,XZIIZXIIXIX,-0.00048828124999999913,10,0.9999999999999999,1.0,1.1102230246251565e-16,-0.0004882812499999991,-0.00048828124999999913,-5.421010862427522e-20,1.1102230246251565e-16,5.421010862427522e-20,"{""00010001100"": 1, ""00010111111"": 1, ""00100010100"": 1, ""00111101000"": 1, ""11001101011"": 1, ""11011100100"": 1, ""11011101000"": 1, ""11100000000"": 2, ""11110111111"": 1}"
586,019e10f6-85a1-7360-b384-f69242f09131,6,86,XIXIIXZIZXZ,ZXZIZXIIXIX,-0.00048828124999999913,10,0.9999999999999999,0.8,-0.19999999999999984,-0.0004882812499999991,-0.0003906249999999993,9.765624999999976e-05,0.19999999999999984,9.765624999999976e-05,"{""00000001000"": 1, ""00010000000"": 1, ""00010000110"": 1, ""00010001000"": 1, ""00111010000"": 1, ""00111010101"": 1, ""11011100110"": 1, ""11110000011"": 1, ""11110111101"": 1, ""11110111111"": 1}"
587,019e10f6-85a1-7360-b384-f69242f09131,6,87,XIXIIXZIZYY,YYZIZXIIXIX,-0.00048828124999999913,10,0.9999999999999999,0.8,-0.19999999999999984,-0.0004882812499999991,-0.0003906249999999993,9.765624999999976e-05,0.19999999999999984,9.765624999999976e-05,"{""00010000101"": 1, ""00010001001"": 1, ""00111010000"": 1, ""00111011000"": 1, ""00111101011"": 1, ""11001010011"": 1, ""11001010110"": 1, ""11011100110"": 1, ""11110001011"": 1, ""11110111000"": 1}"
588,019e10f6-85a1-7360-b384-f69242f09131,6,88,XIXIIXZZXIX,XIXZZXIIXIX,-0.00048828124999999913,10,0.9999999999999999,0.4,-0.5999999999999999,-0.0004882812499999991,-0.00019531249999999966,0.0002929687499999994,0.5999999999999999,0.0002929687499999994,"{""00000111100"": 1, ""00000111111"": 1, ""00010111011"": 1, ""11000110111"": 1, ""11001011011"": 1, ""11001100000"": 1, ""11011100000"": 1, ""11100110000"": 1, ""11110101100"": 1, ""11110111011"": 1}"
589,019e10f6-85a1-7360-b384-f69242f09131,6,89,XIXIIXZZXZI,IZXZZXIIXIX,-0.00048828124999999913,10,0.9999999999999999,0.6,-0.3999999999999999,-0.0004882812499999991,-0.00029296874999999945,0.00019531249999999963,0.3999999999999999,0.00019531249999999963,"{""00000000110"": 1, ""00010111011"": 1, ""00101001010"": 1, ""00101101010"": 1, ""00111010000"": 1, ""00111010110"": 1, ""10000001010"": 1, ""11001010001"": 1, ""11011101010"": 1, ""11110001100"": 1}"
590,019e10f6-85a1-7360-b384-f69242f09131,6,90,XIXIIXZZYXY,YXYZZXIIXIX,0.00048828124999999913,10,-0.9999999999999999,-0.4,0.5999999999999999,-0.0004882812499999991,-0.00019531249999999966,0.0002929687499999994,0.5999999999999999,0.0002929687499999994,"{""00010001000"": 1, ""00010001110"": 1, ""00100110010"": 1, ""10101101000"": 1, ""11010001001"": 1, ""11011101101"": 1, ""11100001100"": 1, ""11100001110"": 1, ""11100110001"": 1, ""11110000111"": 1}"
591,019e10f6-85a1-7360-b384-f69242f09131,6,91,XIXIIXZZYYZ,ZYYZZXIIXIX,-0.00048828124999999913,10,0.9999999999999999,1.0,1.1102230246251565e-16,-0.0004882812499999991,-0.00048828124999999913,-5.421010862427522e-20,1.1102230246251565e-16,5.421010862427522e-20,"{""00000000000"": 1, ""00000001010"": 1, ""00000001100"": 1, ""00010110110"": 1, ""00010111010"": 1, ""00101101001"": 1, ""11011011100"": 1, ""11100000101"": 1, ""11110000000"": 1, ""11110110000"": 1}"
592,019e10f6-85a1-7360-b384-f69242f09131,6,92,XIXIIYXXXXY,YXXXXYIIXIX,-0.00048828124999999913,10,0.9999999999999999,0.6,-0.3999999999999999,-0.0004882812499999991,-0.00029296874999999945,0.00019531249999999963,0.3999999999999999,0.00019531249999999963,"{""00010010100"": 1, ""00010100101"": 1, ""00101011111"": 1, ""00101110100"": 1, ""00111011111"": 1, ""01001111100"": 1, ""11011010001"": 1, ""11100011101"": 1, ""11100100001"": 1, ""11110101110"": 1}"
593,019e10f6-85a1-7360-b384-f69242f09131,6,93,XIXIIYXXXYZ,ZYXXXYIIXIX,0.00048828124999999913,10,-0.9999999999999999,-0.6,0.3999999999999999,-0.0004882812499999991,-0.00029296874999999945,0.00019531249999999963,0.3999999999999999,0.00019531249999999963,"{""00000101100"": 1, ""00010010010"": 1, ""00010010101"": 1, ""00010101010"": 2, ""00101001111"": 1, ""00111000101"": 1, ""10100111100"": 1, ""10110000100"": 1, ""11100100011"": 1}"
594,019e10f6-85a1-7360-b384-f69242f09131,6,94,XIXIIYXXYIX,XIYXXYIIXIX,-0.00048828124999999913,10,0.9999999999999999,0.0,-0.9999999999999999,-0.0004882812499999991,-0.0,0.0004882812499999991,0.9999999999999999,0.0004882812499999991,"{""00000000000"": 1, ""00000010111"": 1, ""00000100111"": 1, ""00010000000"": 1, ""00010100000"": 1, ""00101000100"": 1, ""00111010100"": 1, ""00111110100"": 1, ""00111111111"": 1, ""11100110011"": 1}"
595,019e10f6-85a1-7360-b384-f69242f09131,6,95,XIXIIYXXYZI,IZYXXYIIXIX,-0.00048828124999999913,10,0.9999999999999999,0.6,-0.3999999999999999,-0.0004882812499999991,-0.00029296874999999945,0.00019531249999999963,0.3999999999999999,0.00019531249999999963,"{""00000010100"": 1, ""00000111110"": 1, ""00010000110"": 1, ""00101101101"": 1, ""00111110100"": 1, ""11011000110"": 1, ""11011100111"": 1, ""11110000000"": 1, ""11110001101"": 1, ""11110101111"": 1}"
596,019e10f6-85a1-7360-b384-f69242f09131,6,96,XIXIIYXYIXZ,ZXIYXYIIXIX,0.00048828124999999913,10,-0.9999999999999999,-0.6,0.3999999999999999,-0.0004882812499999991,-0.00029296874999999945,0.00019531249999999963,0.3999999999999999,0.00019531249999999963,"{""00000011110"": 1, ""00000100011"": 1, ""00010001000"": 1, ""00010110101"": 1, ""00111111101"": 1, ""11001001110"": 1, ""11011010011"": 1, ""11011011011"": 1, ""11100001011"": 1, ""11111001101"": 1}"
597,019e10f6-85a1-7360-b384-f69242f09131,6,97,XIXIIYXYIYY,YYIYXYIIXIX,0.00048828124999999913,10,-0.9999999999999999,-0.2,0.7999999999999998,-0.0004882812499999991,-9.765624999999983e-05,0.00039062499999999926,0.7999999999999998,0.00039062499999999926,"{""00101010110"": 2, ""00101100110"": 1, ""00111101001"": 1, ""00111110011"": 1, ""10111100101"": 1, ""11011001101"": 1, ""11011100111"": 1, ""11011111100"": 1, ""11110011101"": 1}"
598,019e10f6-85a1-7360-b384-f69242f09131,6,98,XIXIIYXYZII,IIZYXYIIXIX,0.00048828124999999913,10,-0.9999999999999999,-0.8,0.19999999999999984,-0.0004882812499999991,-0.0003906249999999993,9.765624999999976e-05,0.19999999999999984,9.765624999999976e-05,"{""00000000101"": 1, ""00000000110"": 1, ""00000111010"": 1, ""00101101001"": 1, ""00101110010"": 1, ""00111101101"": 1, ""11001000000"": 1, ""11100100001"": 2, ""11110101110"": 1}"
599,019e10f6-85a1-7360-b384-f69242f09131,6,99,XIXIIYXYZZX,XZZYXYIIXIX,0.00048828124999999913,10,-0.9999999999999999,-0.8,0.19999999999999984,-0.0004882812499999991,-0.0003906249999999993,9.765624999999976e-05,0.19999999999999984,9.765624999999976e-05,"{""00000011111"": 1, ""00110000000"": 1, ""00111100101"": 1, ""00111101000"": 1, ""00111111100"": 1, ""00111111111"": 1, ""11011010100"": 1, ""11100111000"": 1, ""11110000111"": 1, ""11110100011"": 1}"
600,019e10f6-9a24-7841-b178-fb0f91d18217,7,0,XIXIIYYIXIX,XIXIYYIIXIX,-0.00048828124999999913,10,0.9999999999999999,0.0,-0.9999999999999999,-0.0004882812499999991,-0.0,0.0004882812499999991,0.9999999999999999,0.0004882812499999991,"{""00000011101"": 1, ""00000110001"": 2, ""00101100111"": 1, ""00111010111"": 1, ""01110000111"": 1, ""11000100100"": 1, ""11011111011"": 1, ""11100110000"": 1, ""11110011011"": 1}"
601,019e10f6-9a24-7841-b178-fb0f91d18217,7,1,XIXIIYYIXZI,IZXIYYIIXIX,-0.00048828124999999913,10,0.9999999999999999,0.4,-0.5999999999999999,-0.0004882812499999991,-0.00019531249999999966,0.0002929687499999994,0.5999999999999999,0.0002929687499999994,"{""00000011101"": 2, ""00010110001"": 1, ""00111100111"": 1, ""11001100000"": 1, ""11001110000"": 1, ""11011110110"": 1, ""11100000111"": 1, ""11100101101"": 1, ""11110101110"": 1}"
602,019e10f6-9a24-7841-b178-fb0f91d18217,7,2,XIXIIYYIYXY,YXYIYYIIXIX,0.00048828124999999913,10,-0.9999999999999999,-0.8,0.19999999999999984,-0.0004882812499999991,-0.0003906249999999993,9.765624999999976e-05,0.19999999999999984,9.765624999999976e-05,"{""00000011101"": 1, ""00000101110"": 1, ""00010101110"": 1, ""00110101011"": 1, ""00111010100"": 1, ""11011010010"": 1, ""11100011011"": 1, ""11100110100"": 1, ""11110011011"": 1, ""11110101000"": 1}"
603,019e10f6-9a24-7841-b178-fb0f91d18217,7,3,XIXIIYYIYYZ,ZYYIYYIIXIX,-0.00048828124999999913,10,0.9999999999999999,0.4,-0.5999999999999999,-0.0004882812499999991,-0.00019531249999999966,0.0002929687499999994,0.5999999999999999,0.0002929687499999994,"{""00000101001"": 1, ""00000110110"": 1, ""00010111001"": 1, ""00101001010"": 1, ""00101101111"": 1, ""00111001001"": 1, ""00111111111"": 1, ""10101100010"": 1, ""11100101010"": 1, ""11110110111"": 1}"
604,019e10f6-9a24-7841-b178-fb0f91d18217,7,4,XIXIIYYZIII,IIIZYYIIXIX,-0.00048828124999999913,10,0.9999999999999999,0.6,-0.3999999999999999,-0.0004882812499999991,-0.00029296874999999945,0.00019531249999999963,0.3999999999999999,0.00019531249999999963,"{""00000001101"": 1, ""00101010100"": 1, ""11011010010"": 1, ""11011100000"": 1, ""11011100010"": 1, ""11011111101"": 1, ""11100011101"": 1, ""11100100110"": 1, ""11110000101"": 1, ""11110011100"": 1}"
605,019e10f6-9a24-7841-b178-fb0f91d18217,7,5,XIXIIYYZIZX,XZIZYYIIXIX,-0.00048828124999999913,10,0.9999999999999999,0.4,-0.5999999999999999,-0.0004882812499999991,-0.00019531249999999966,0.0002929687499999994,0.5999999999999999,0.0002929687499999994,"{""00010110100"": 2, ""00101100011"": 1, ""00101111111"": 1, ""00111000000"": 1, ""00111001000"": 1, ""00111001111"": 1, ""10000011100"": 1, ""10001001000"": 1, ""11101100100"": 1}"
606,019e10f6-9a24-7841-b178-fb0f91d18217,7,6,XIXIIYYZZXZ,ZXZZYYIIXIX,-0.00048828124999999913,10,0.9999999999999999,0.4,-0.5999999999999999,-0.0004882812499999991,-0.00019531249999999966,0.0002929687499999994,0.5999999999999999,0.0002929687499999994,"{""00000000000"": 1, ""00000110011"": 1, ""00100110101"": 1, ""00111000110"": 1, ""00111001101"": 1, ""00111111101"": 1, ""11001000011"": 1, ""11001010011"": 1, ""11100110011"": 1, ""11110110110"": 1}"
607,019e10f6-9a24-7841-b178-fb0f91d18217,7,7,XIXIIYYZZYY,YYZZYYIIXIX,-0.00048828124999999913,10,0.9999999999999999,0.8,-0.19999999999999984,-0.0004882812499999991,-0.0003906249999999993,9.765624999999976e-05,0.19999999999999984,9.765624999999976e-05,"{""00000000000"": 1, ""00010110101"": 1, ""00101001110"": 1, ""00101111110"": 1, ""11001110000"": 1, ""11011001000"": 1, ""11011111011"": 1, ""11100101101"": 1, ""11110000101"": 1, ""11110101011"": 1}"
608,019e10f6-9a24-7841-b178-fb0f91d18217,7,8,XIXIZIIIIII,IIIIIIZIXIX,-0.00048828124999999913,10,0.9999999999999999,1.0,1.1102230246251565e-16,-0.0004882812499999991,-0.00048828124999999913,-5.421010862427522e-20,1.1102230246251565e-16,5.421010862427522e-20,"{""00010110100"": 1, ""00101000110"": 1, ""00111001110"": 1, ""00111110001"": 1, ""11001000100"": 1, ""11001110110"": 1, ""11011110111"": 1, ""11100111010"": 2, ""11110101110"": 1}"
609,019e10f6-9a24-7841-b178-fb0f91d18217,7,9,XIXIZIIIIZX,XZIIIIZIXIX,-0.00048828124999999913,10,0.9999999999999999,0.4,-0.5999999999999999,-0.0004882812499999991,-0.00019531249999999966,0.0002929687499999994,0.5999999999999999,0.0002929687499999994,"{""00000101100"": 1, ""00010011010"": 1, ""00100100100"": 1, ""00111111111"": 1, ""11001010100"": 1, ""11001100100"": 1, ""11001110011"": 1, ""11011110011"": 1, ""11100000011"": 1, ""11100110101"": 1}"
610,019e10f6-9a24-7841-b178-fb0f91d18217,7,10,XIXIZIIIZXZ,ZXZIIIZIXIX,-0.00048828124999999913,10,0.9999999999999999,0.8,-0.19999999999999984,-0.0004882812499999991,-0.0003906249999999993,9.765624999999976e-05,0.19999999999999984,9.765624999999976e-05,"{""00000111000"": 1, ""00000111011"": 1, ""00101010110"": 1, ""00111001011"": 1, ""01001011011"": 1, ""11001010110"": 1, ""11011110000"": 1, ""11100000110"": 1, ""11110101000"": 1, ""11110111011"": 1}"
611,019e10f6-9a24-7841-b178-fb0f91d18217,7,11,XIXIZIIIZYY,YYZIIIZIXIX,-0.00048828124999999913,10,0.9999999999999999,0.8,-0.19999999999999984,-0.0004882812499999991,-0.0003906249999999993,9.765624999999976e-05,0.19999999999999984,9.765624999999976e-05,"{""00000001101"": 1, ""00000010011"": 1, ""00000010101"": 1, ""00010100101"": 1, ""00010101011"": 1, ""00100101000"": 1, ""00111110000"": 1, ""11001000110"": 1, ""11011000011"": 1, ""11100110101"": 1}"
612,019e10f6-9a24-7841-b178-fb0f91d18217,7,12,XIXIZIIZXIX,XIXZIIZIXIX,-0.00048828124999999913,10,0.9999999999999999,0.4,-0.5999999999999999,-0.0004882812499999991,-0.00019531249999999966,0.0002929687499999994,0.5999999999999999,0.0002929687499999994,"{""00000010011"": 1, ""00000101100"": 1, ""00010001011"": 1, ""00010001111"": 1, ""00101010000"": 1, ""00101110111"": 1, ""10110011100"": 1, ""11100001010"": 1, ""11110011100"": 1, ""11110101011"": 1}"
613,019e10f6-9a24-7841-b178-fb0f91d18217,7,13,XIXIZIIZXZI,IZXZIIZIXIX,-0.00048828124999999913,10,0.9999999999999999,0.8,-0.19999999999999984,-0.0004882812499999991,-0.0003906249999999993,9.765624999999976e-05,0.19999999999999984,9.765624999999976e-05,"{""00000000001"": 1, ""00000100000"": 1, ""00111000110"": 1, ""11011001101"": 1, ""11011011010"": 1, ""11011101011"": 1, ""11100011010"": 1, ""11110100111"": 1, ""11110111010"": 1, ""11111100110"": 1}"
614,019e10f6-9a24-7841-b178-fb0f91d18217,7,14,XIXIZIIZYXY,YXYZIIZIXIX,0.00048828124999999913,10,-0.9999999999999999,-0.6,0.3999999999999999,-0.0004882812499999991,-0.00029296874999999945,0.00019531249999999963,0.3999999999999999,0.00019531249999999963,"{""00010001011"": 1, ""00010101011"": 1, ""00010110111"": 1, ""00101110000"": 1, ""00111000010"": 1, ""11001010001"": 1, ""11001101110"": 1, ""11011100111"": 1, ""11100000010"": 1, ""11111001101"": 1}"
615,019e10f6-9a24-7841-b178-fb0f91d18217,7,15,XIXIZIIZYYZ,ZYYZIIZIXIX,-0.00048828124999999913,10,0.9999999999999999,0.8,-0.19999999999999984,-0.0004882812499999991,-0.0003906249999999993,9.765624999999976e-05,0.19999999999999984,9.765624999999976e-05,"{""00000110000"": 1, ""00010010110"": 1, ""00101101010"": 1, ""01001001111"": 1, ""11001001111"": 1, ""11001010011"": 2, ""11100000101"": 1, ""11100110000"": 1, ""11110100000"": 1}"
616,019e10f6-9a24-7841-b178-fb0f91d18217,7,16,XIXIZIZXIXZ,ZXIXZIZIXIX,-0.00048828124999999913,10,0.9999999999999999,1.0,1.1102230246251565e-16,-0.0004882812499999991,-0.00048828124999999913,-5.421010862427522e-20,1.1102230246251565e-16,5.421010862427522e-20,"{""00000011011"": 1, ""10001011000"": 1, ""11001001110"": 1, ""11001011011"": 1, ""11100010101"": 1, ""11100101101"": 1, ""11100110101"": 1, ""11110010110"": 1, ""11110100000"": 1, ""11110101110"": 1}"
617,019e10f6-9a24-7841-b178-fb0f91d18217,7,17,XIXIZIZXIYY,YYIXZIZIXIX,-0.00048828124999999913,10,0.9999999999999999,0.8,-0.19999999999999984,-0.0004882812499999991,-0.0003906249999999993,9.765624999999976e-05,0.19999999999999984,9.765624999999976e-05,"{""00000011011"": 1, ""00010011011"": 1, ""00011011001"": 1, ""00101000000"": 1, ""00101000011"": 1, ""00111111000"": 1, ""11001011000"": 1, ""11011111101"": 1, ""11100011011"": 1, ""11110010101"": 1}"
618,019e10f6-9a24-7841-b178-fb0f91d18217,7,18,XIXIZIZXZII,IIZXZIZIXIX,-0.00048828124999999913,10,0.9999999999999999,0.4,-0.5999999999999999,-0.0004882812499999991,-0.00019531249999999966,0.0002929687499999994,0.5999999999999999,0.0002929687499999994,"{""00010111001"": 1, ""00010111011"": 1, ""00101011101"": 1, ""11000111011"": 1, ""11001000000"": 1, ""11100000011"": 1, ""11100010110"": 1, ""11100110111"": 1, ""11100111011"": 1, ""11110101011"": 1}"
619,019e10f6-9a24-7841-b178-fb0f91d18217,7,19,XIXIZIZXZZX,XZZXZIZIXIX,-0.00048828124999999913,10,0.9999999999999999,1.0,1.1102230246251565e-16,-0.0004882812499999991,-0.00048828124999999913,-5.421010862427522e-20,1.1102230246251565e-16,5.421010862427522e-20,"{""00000001100"": 1, ""11001001100"": 2, ""11011011000"": 1, ""11100000011"": 1, ""11100101100"": 2, ""11110001111"": 1, ""11110101100"": 1, ""11110111000"": 1}"
620,019e10f6-9a24-7841-b178-fb0f91d18217,7,20,XIXIZIZYXXY,YXXYZIZIXIX,-0.00048828124999999913,10,0.9999999999999999,0.4,-0.5999999999999999,-0.0004882812499999991,-0.00019531249999999966,0.0002929687499999994,0.5999999999999999,0.0002929687499999994,"{""00000010000"": 1, ""00000111110"": 1, ""00010001100"": 1, ""00010001101"": 1, ""00111001010"": 1, ""10101111000"": 1, ""11001001111"": 1, ""11001111000"": 1, ""11011011000"": 1, ""11110101001"": 1}"
621,019e10f6-9a24-7841-b178-fb0f91d18217,7,21,XIXIZIZYXYZ,ZYXYZIZIXIX,0.00048828124999999913,10,-0.9999999999999999,-0.6,0.3999999999999999,-0.0004882812499999991,-0.00029296874999999945,0.00019531249999999963,0.3999999999999999,0.00019531249999999963,"{""00000001000"": 1, ""00010001011"": 1, ""00010011001"": 1, ""00010110111"": 1, ""00010111101"": 1, ""00101100100"": 1, ""11001000100"": 1, ""11011010101"": 1, ""11100000010"": 1, ""11110001000"": 1}"
622,019e10f6-9a24-7841-b178-fb0f91d18217,7,22,XIXIZIZYYIX,XIYYZIZIXIX,-0.00048828124999999913,10,0.9999999999999999,0.6,-0.3999999999999999,-0.0004882812499999991,-0.00029296874999999945,0.00019531249999999963,0.3999999999999999,0.00019531249999999963,"{""00010101011"": 1, ""00101100110"": 1, ""00111101100"": 1, ""00111110011"": 1, ""11011111111"": 1, ""11100110100"": 1, ""11100111111"": 1, ""11110010011"": 1, ""11110011111"": 1, ""11110111100"": 1}"
623,019e10f6-9a24-7841-b178-fb0f91d18217,7,23,XIXIZIZYYZI,IZYYZIZIXIX,-0.00048828124999999913,10,0.9999999999999999,0.8,-0.19999999999999984,-0.0004882812499999991,-0.0003906249999999993,9.765624999999976e-05,0.19999999999999984,9.765624999999976e-05,"{""00000001100"": 1, ""00000010100"": 1, ""00111110011"": 1, ""10010101000"": 1, ""11001011001"": 1, ""11001011111"": 1, ""11011011000"": 1, ""11100100001"": 1, ""11110001100"": 1, ""11110010000"": 1}"
624,019e10f6-9a24-7841-b178-fb0f91d18217,7,24,XIXIZZXIXIX,XIXIXZZIXIX,-0.00048828124999999913,10,0.9999999999999999,0.8,-0.19999999999999984,-0.0004882812499999991,-0.0003906249999999993,9.765624999999976e-05,0.19999999999999984,9.765624999999976e-05,"{""00000011100"": 2, ""00111101011"": 1, ""00111110000"": 1, ""11001000000"": 1, ""11001000111"": 1, ""11011000000"": 1, ""11100001100"": 1, ""11110101011"": 1, ""11110110000"": 1}"
625,019e10f6-9a24-7841-b178-fb0f91d18217,7,25,XIXIZZXIXZI,IZXIXZZIXIX,-0.00048828124999999913,10,0.9999999999999999,1.0,1.1102230246251565e-16,-0.0004882812499999991,-0.00048828124999999913,-5.421010862427522e-20,1.1102230246251565e-16,5.421010862427522e-20,"{""00000000000"": 1, ""00010011010"": 1, ""00010101101"": 1, ""00101101011"": 1, ""11001000001"": 1, ""11011000110"": 1, ""11011110110"": 1, ""11100000110"": 1, ""11110000001"": 1, ""11110011010"": 1}"
626,019e10f6-9a24-7841-b178-fb0f91d18217,7,26,XIXIZZXIYXY,YXYIXZZIXIX,0.00048828124999999913,10,-0.9999999999999999,-0.8,0.19999999999999984,-0.0004882812499999991,-0.0003906249999999993,9.765624999999976e-05,0.19999999999999984,9.765624999999976e-05,"{""00000000100"": 1, ""00000101111"": 1, ""00000110001"": 1, ""00010110001"": 1, ""00111110001"": 1, ""11001000010"": 1, ""11011000001"": 1, ""11011110001"": 1, ""11100110111"": 1, ""11110101101"": 1}"
627,019e10f6-9a24-7841-b178-fb0f91d18217,7,27,XIXIZZXIYYZ,ZYYIXZZIXIX,-0.00048828124999999913,10,0.9999999999999999,1.0,1.1102230246251565e-16,-0.0004882812499999991,-0.00048828124999999913,-5.421010862427522e-20,1.1102230246251565e-16,5.421010862427522e-20,"{""00000000000"": 1, ""00000101001"": 1, ""00010011010"": 1, ""00101110000"": 1, ""00111101111"": 1, ""11001101100"": 1, ""11011000101"": 1, ""11100000011"": 1, ""11110000101"": 1, ""11110101100"": 1}"
628,019e10f6-9a24-7841-b178-fb0f91d18217,7,28,XIXIZZXZIII,IIIZXZZIXIX,-0.00048828124999999913,10,0.9999999999999999,0.6,-0.3999999999999999,-0.0004882812499999991,-0.00029296874999999945,0.00019531249999999963,0.3999999999999999,0.00019531249999999963,"{""00000000100"": 1, ""00010110000"": 1, ""00010110111"": 1, ""00101000001"": 1, ""00101110101"": 1, ""00101110110"": 1, ""11001010011"": 1, ""11011011001"": 1, ""11100001100"": 1, ""11110011101"": 1}"
629,019e10f6-9a24-7841-b178-fb0f91d18217,7,29,XIXIZZXZIZX,XZIZXZZIXIX,-0.00048828124999999913,10,0.9999999999999999,0.6,-0.3999999999999999,-0.0004882812499999991,-0.00029296874999999945,0.00019531249999999963,0.3999999999999999,0.00019531249999999963,"{""00000000111"": 1, ""00000101000"": 1, ""00010011011"": 1, ""00010011100"": 1, ""00101100000"": 1, ""11011011011"": 1, ""11011101000"": 1, ""11100011111"": 1, ""11100100000"": 1, ""11110110000"": 1}"
630,019e10f6-9a24-7841-b178-fb0f91d18217,7,30,XIXIZZXZZXZ,ZXZZXZZIXIX,-0.00048828124999999913,10,0.9999999999999999,0.4,-0.5999999999999999,-0.0004882812499999991,-0.00019531249999999966,0.0002929687499999994,0.5999999999999999,0.0002929687499999994,"{""00010101011"": 1, ""00101000100"": 1, ""00101000110"": 1, ""00101101000"": 1, ""00101110101"": 1, ""00111000110"": 1, ""00111111011"": 1, ""11001000110"": 1, ""11011011101"": 1, ""11111101110"": 1}"
631,019e10f6-9a24-7841-b178-fb0f91d18217,7,31,XIXIZZXZZYY,YYZZXZZIXIX,-0.00048828124999999913,10,0.9999999999999999,0.2,-0.7999999999999998,-0.0004882812499999991,-9.765624999999983e-05,0.00039062499999999926,0.7999999999999998,0.00039062499999999926,"{""00000000000"": 1, ""00000011000"": 1, ""00000101000"": 1, ""00001110110"": 1, ""00111011001"": 1, ""00111101010"": 1, ""11001110101"": 1, ""11110000000"": 1, ""11110100011"": 1, ""11110110011"": 1}"
632,019e10f6-9a24-7841-b178-fb0f91d18217,7,32,XIXIZZYXXXY,YXXXYZZIXIX,0.00048828124999999913,10,-0.9999999999999999,-0.4,0.5999999999999999,-0.0004882812499999991,-0.00019531249999999966,0.0002929687499999994,0.5999999999999999,0.0002929687499999994,"{""00000010001"": 1, ""00010110111"": 1, ""00100100111"": 1, ""00111100010"": 1, ""11001000011"": 1, ""11001000100"": 1, ""11011010101"": 1, ""11100011100"": 1, ""11110010000"": 1, ""11110101001"": 1}"
633,019e10f6-9a24-7841-b178-fb0f91d18217,7,33,XIXIZZYXXYZ,ZYXXYZZIXIX,-0.00048828124999999913,10,0.9999999999999999,0.6,-0.3999999999999999,-0.0004882812499999991,-0.00029296874999999945,0.00019531249999999963,0.3999999999999999,0.00019531249999999963,"{""00010001101"": 1, ""00010011110"": 1, ""00101100001"": 1, ""01100000000"": 1, ""11001001001"": 1, ""11001001111"": 1, ""11001111100"": 1, ""11110101110"": 1, ""11110110110"": 1, ""11110111001"": 1}"
634,019e10f6-9a24-7841-b178-fb0f91d18217,7,34,XIXIZZYXYIX,XIYXYZZIXIX,0.00048828124999999913,10,-0.9999999999999999,-1.0,-1.1102230246251565e-16,-0.0004882812499999991,-0.00048828124999999913,-5.421010862427522e-20,1.1102230246251565e-16,5.421010862427522e-20,"{""00000000100"": 1, ""00000010111"": 1, ""00000100111"": 1, ""00010010111"": 1, ""00101000100"": 1, ""00101101100"": 1, ""00111001000"": 1, ""11011010111"": 1, ""11110011011"": 1, ""11110101011"": 1}"
635,019e10f6-9a24-7841-b178-fb0f91d18217,7,35,XIXIZZYXYZI,IZYXYZZIXIX,0.00048828124999999913,10,-0.9999999999999999,-0.4,0.5999999999999999,-0.0004882812499999991,-0.00019531249999999966,0.0002929687499999994,0.5999999999999999,0.0002929687499999994,"{""00000001000"": 1, ""00000101010"": 1, ""00000110110"": 1, ""00010010000"": 1, ""00101000001"": 1, ""00101010111"": 1, ""00111111110"": 1, ""11001110010"": 1, ""11100000111"": 1, ""11110010001"": 1}"
636,019e10f6-9a24-7841-b178-fb0f91d18217,7,36,XIXIZZYYIXZ,ZXIYYZZIXIX,-0.00048828124999999913,10,0.9999999999999999,0.6,-0.3999999999999999,-0.0004882812499999991,-0.00029296874999999945,0.00019531249999999963,0.3999999999999999,0.00019531249999999963,"{""00000100110"": 1, ""00010010110"": 1, ""00111000011"": 1, ""00111100110"": 1, ""00111110001"": 1, ""00111111110"": 1, ""11000010101"": 1, ""11011100101"": 1, ""11100001010"": 1, ""11110111110"": 1}"
637,019e10f6-9a24-7841-b178-fb0f91d18217,7,37,XIXIZZYYIYY,YYIYYZZIXIX,-0.00048828124999999913,10,0.9999999999999999,1.0,1.1102230246251565e-16,-0.0004882812499999991,-0.00048828124999999913,-5.421010862427522e-20,1.1102230246251565e-16,5.421010862427522e-20,"{""00000111101"": 1, ""00010001101"": 1, ""00010011011"": 1, ""00010100001"": 1, ""00111011000"": 1, ""00111110000"": 1, ""11001000000"": 1, ""11001101000"": 1, ""11100010101"": 1, ""11100100001"": 1}"
638,019e10f6-9a24-7841-b178-fb0f91d18217,7,38,XIXIZZYYZII,IIZYYZZIXIX,-0.00048828124999999913,10,0.9999999999999999,0.8,-0.19999999999999984,-0.0004882812499999991,-0.0003906249999999993,9.765624999999976e-05,0.19999999999999984,9.765624999999976e-05,"{""00000100100"": 1, ""00010100110"": 1, ""00101010011"": 1, ""00101010100"": 1, ""00111010100"": 1, ""11001110011"": 1, ""11011101001"": 1, ""11110010101"": 1, ""11110101001"": 1, ""11110110001"": 1}"
639,019e10f6-9a24-7841-b178-fb0f91d18217,7,39,XIXIZZYYZZX,XZZYYZZIXIX,-0.00048828124999999913,10,0.9999999999999999,0.6,-0.3999999999999999,-0.0004882812499999991,-0.00029296874999999945,0.00019531249999999963,0.3999999999999999,0.00019531249999999963,"{""00000100100"": 1, ""00010010100"": 1, ""00101000010"": 1, ""00101010100"": 1, ""00101100000"": 1, ""00111010100"": 1, ""00111101000"": 1, ""11001000011"": 1, ""11001111111"": 1, ""11110011011"": 1}"
640,019e10f6-9a24-7841-b178-fb0f91d18217,7,40,XIYIXXXXXXY,YXXXXXXIYIX,-0.00048828124999999913,10,0.9999999999999999,0.6,-0.3999999999999999,-0.0004882812499999991,-0.00029296874999999945,0.00019531249999999963,0.3999999999999999,0.00019531249999999963,"{""00000110110"": 1, ""00011011001"": 1, ""00101010011"": 1, ""00111001001"": 1, ""00111110101"": 1, ""11010001111"": 1, ""11011111100"": 1, ""11100001100"": 1, ""11100111111"": 1, ""11110111111"": 1}"
641,019e10f6-9a24-7841-b178-fb0f91d18217,7,41,XIYIXXXXXYZ,ZYXXXXXIYIX,0.00048828124999999913,10,-0.9999999999999999,0.0,0.9999999999999999,-0.0004882812499999991,0.0,0.0004882812499999991,0.9999999999999999,0.0004882812499999991,"{""00000011111"": 1, ""00001000011"": 1, ""00001011111"": 1, ""00011000100"": 1, ""00110011100"": 1, ""00111000011"": 1, ""11000010010"": 1, ""11101111101"": 1, ""11110000100"": 1, ""11111101110"": 1}"
642,019e10f6-9a24-7841-b178-fb0f91d18217,7,42,XIYIXXXXYIX,XIYXXXXIYIX,-0.00048828124999999913,10,0.9999999999999999,0.6,-0.3999999999999999,-0.0004882812499999991,-0.00029296874999999945,0.00019531249999999963,0.3999999999999999,0.00019531249999999963,"{""00000100100"": 1, ""00001100111"": 1, ""00001111000"": 2, ""00110001000"": 1, ""00110110011"": 1, ""00111111000"": 1, ""11001111000"": 1, ""11100001011"": 1, ""11110101111"": 1}"
643,019e10f6-9a24-7841-b178-fb0f91d18217,7,43,XIYIXXXXYZI,IZYXXXXIYIX,-0.00048828124999999913,10,0.9999999999999999,0.4,-0.5999999999999999,-0.0004882812499999991,-0.00019531249999999966,0.0002929687499999994,0.5999999999999999,0.0002929687499999994,"{""00000111100"": 1, ""00010000111"": 1, ""00010100100"": 1, ""00010101010"": 1, ""00110110100"": 1, ""11000010110"": 1, ""11000011010"": 1, ""11100000100"": 1, ""11110110010"": 1, ""11111101011"": 1}"
644,019e10f6-9a24-7841-b178-fb0f91d18217,7,44,XIYIXXXYIXZ,ZXIYXXXIYIX,0.00048828124999999913,10,-0.9999999999999999,-0.4,0.5999999999999999,-0.0004882812499999991,-0.00019531249999999966,0.0002929687499999994,0.5999999999999999,0.0002929687499999994,"{""00000001011"": 1, ""00011110000"": 1, ""00110001011"": 1, ""00110110000"": 1, ""00111100000"": 1, ""11001011110"": 1, ""11011110000"": 1, ""11100001000"": 1, ""11100110101"": 1, ""11101010000"": 1}"
645,019e10f6-9a24-7841-b178-fb0f91d18217,7,45,XIYIXXXYIYY,YYIYXXXIYIX,0.00048828124999999913,10,-0.9999999999999999,-0.6,0.3999999999999999,-0.0004882812499999991,-0.00029296874999999945,0.00019531249999999963,0.3999999999999999,0.00019531249999999963,"{""00010001111"": 1, ""00101101101"": 1, ""01001100000"": 1, ""11011001110"": 1, ""11011011110"": 1, ""11011111000"": 1, ""11011111011"": 1, ""11100000110"": 1, ""11110010011"": 1, ""11111111101"": 1}"
646,019e10f6-9a24-7841-b178-fb0f91d18217,7,46,XIYIXXXYZII,IIZYXXXIYIX,0.00048828124999999913,10,-0.9999999999999999,-0.4,0.5999999999999999,-0.0004882812499999991,-0.00019531249999999966,0.0002929687499999994,0.5999999999999999,0.0002929687499999994,"{""00000111001"": 1, ""00001001110"": 1, ""00100000010"": 1, ""00100111101"": 1, ""10000100001"": 1, ""10010111000"": 1, ""10011010101"": 1, ""11011100000"": 1, ""11100100010"": 1, ""11101010101"": 1}"
647,019e10f6-9a24-7841-b178-fb0f91d18217,7,47,XIYIXXXYZZX,XZZYXXXIYIX,0.00048828124999999913,10,-0.9999999999999999,0.0,0.9999999999999999,-0.0004882812499999991,0.0,0.0004882812499999991,0.9999999999999999,0.0004882812499999991,"{""00100001000"": 1, ""00110100111"": 1, ""00110111111"": 1, ""00111101000"": 1, ""10010100000"": 1, ""10111110000"": 1, ""11001000011"": 1, ""11010011000"": 1, ""11010011100"": 1, ""11101101000"": 1}"
648,019e10f6-9a24-7841-b178-fb0f91d18217,7,48,XIYIXXYIXIX,XIXIYXXIYIX,-0.00048828124999999913,10,0.9999999999999999,0.8,-0.19999999999999984,-0.0004882812499999991,-0.0003906249999999993,9.765624999999976e-05,0.19999999999999984,9.765624999999976e-05,"{""00011100000"": 1, ""00110010000"": 1, ""00111100000"": 1, ""10111101111"": 1, ""11001000000"": 1, ""11001000111"": 1, ""11010100111"": 1, ""11100011011"": 1, ""11110011100"": 1, ""11111001100"": 1}"
649,019e10f6-9a24-7841-b178-fb0f91d18217,7,49,XIYIXXYIXZI,IZXIYXXIYIX,-0.00048828124999999913,10,0.9999999999999999,0.8,-0.19999999999999984,-0.0004882812499999991,-0.0003906249999999993,9.765624999999976e-05,0.19999999999999984,9.765624999999976e-05,"{""00000000000"": 1, ""00010000001"": 1, ""00110011000"": 1, ""00111011010"": 1, ""10111101100"": 1, ""11001101100"": 1, ""11011101100"": 1, ""11110101101"": 1, ""11111010111"": 1, ""11111100000"": 1}"
650,019e10f6-9a24-7841-b178-fb0f91d18217,7,50,XIYIXXYIYXY,YXYIYXXIYIX,0.00048828124999999913,10,-0.9999999999999999,-0.6,0.3999999999999999,-0.0004882812499999991,-0.00029296874999999945,0.00019531249999999963,0.3999999999999999,0.00019531249999999963,"{""00000000001"": 1, ""00000011110"": 1, ""00011111000"": 1, ""00100111101"": 1, ""01100011110"": 1, ""11000111011"": 1, ""11010100100"": 1, ""11110101001"": 1, ""11110101101"": 1, ""11110110010"": 1}"
651,019e10f6-9a24-7841-b178-fb0f91d18217,7,51,XIYIXXYIYYZ,ZYYIYXXIYIX,-0.00048828124999999913,10,0.9999999999999999,0.6,-0.3999999999999999,-0.0004882812499999991,-0.00029296874999999945,0.00019531249999999963,0.3999999999999999,0.00019531249999999963,"{""00000000000"": 1, ""00001000011"": 1, ""00001010010"": 1, ""00101010010"": 1, ""00111000101"": 1, ""00111010100"": 1, ""11001011001"": 1, ""11010001010"": 1, ""11101111100"": 1, ""11110101100"": 1}"
652,019e10f6-9a24-7841-b178-fb0f91d18217,7,52,XIYIXXYZIII,IIIZYXXIYIX,-0.00048828124999999913,10,0.9999999999999999,0.6,-0.3999999999999999,-0.0004882812499999991,-0.00029296874999999945,0.00019531249999999963,0.3999999999999999,0.00019531249999999963,"{""00000000000"": 1, ""00000101011"": 1, ""00000101111"": 1, ""00001011010"": 1, ""00001100011"": 1, ""00011001110"": 1, ""00011011110"": 1, ""11001011010"": 1, ""11001110011"": 1, ""11010001100"": 1}"
653,019e10f6-9a24-7841-b178-fb0f91d18217,7,53,XIYIXXYZIZX,XZIZYXXIYIX,-0.00048828124999999913,10,0.9999999999999999,0.4,-0.5999999999999999,-0.0004882812499999991,-0.00019531249999999966,0.0002929687499999994,0.5999999999999999,0.0002929687499999994,"{""00000101011"": 1, ""00000110000"": 1, ""00011111011"": 1, ""00100000100"": 1, ""00100111010"": 1, ""00101010111"": 1, ""01101110111"": 1, ""11000111100"": 1, ""11001000011"": 1, ""11001011111"": 1}"
654,019e10f6-9a24-7841-b178-fb0f91d18217,7,54,XIYIXXYZZXZ,ZXZZYXXIYIX,-0.00048828124999999913,10,0.9999999999999999,0.0,-0.9999999999999999,-0.0004882812499999991,-0.0,0.0004882812499999991,0.9999999999999999,0.0004882812499999991,"{""00000000000"": 1, ""00000100011"": 1, ""00001001100"": 1, ""00001011101"": 1, ""00111011000"": 1, ""00111011001"": 1, ""00111110101"": 1, ""11011011110"": 1, ""11100000101"": 1, ""11101011000"": 1}"
655,019e10f6-9a24-7841-b178-fb0f91d18217,7,55,XIYIXXYZZYY,YYZZYXXIYIX,-0.00048828124999999913,10,0.9999999999999999,0.6,-0.3999999999999999,-0.0004882812499999991,-0.00029296874999999945,0.00019531249999999963,0.3999999999999999,0.00019531249999999963,"{""00000110110"": 1, ""00010110011"": 1, ""11010100110"": 1, ""11010110011"": 1, ""11011000000"": 1, ""11011011101"": 1, ""11110000011"": 1, ""11110000110"": 1, ""11110001101"": 1, ""11110110110"": 1}"
656,019e10f6-9a24-7841-b178-fb0f91d18217,7,56,XIYIXYIXIXZ,ZXIXIYXIYIX,0.00048828124999999913,10,-0.9999999999999999,-0.6,0.3999999999999999,-0.0004882812499999991,-0.00029296874999999945,0.00019531249999999963,0.3999999999999999,0.00019531249999999963,"{""00000000000"": 1, ""00000011000"": 1, ""00100001101"": 1, ""00100111011"": 1, ""01011011110"": 1, ""11001100011"": 1, ""11010001101"": 1, ""11011010101"": 1, ""11110000010"": 1, ""11111101110"": 1}"
657,019e10f6-9a24-7841-b178-fb0f91d18217,7,57,XIYIXYIXIYY,YYIXIYXIYIX,0.00048828124999999913,10,-0.9999999999999999,-0.6,0.3999999999999999,-0.0004882812499999991,-0.00029296874999999945,0.00019531249999999963,0.3999999999999999,0.00019531249999999963,"{""00011001110"": 1, ""00100110101"": 1, ""00101000000"": 1, ""00110000011"": 1, ""11000110110"": 3, ""11001010110"": 1, ""11010111000"": 1, ""11110000011"": 1}"
658,019e10f6-9a24-7841-b178-fb0f91d18217,7,58,XIYIXYIXZII,IIZXIYXIYIX,0.00048828124999999913,10,-0.9999999999999999,-1.0,-1.1102230246251565e-16,-0.0004882812499999991,-0.00048828124999999913,-5.421010862427522e-20,1.1102230246251565e-16,5.421010862427522e-20,"{""00001000000"": 1, ""00010101111"": 1, ""00011001111"": 1, ""00100111001"": 1, ""00111100000"": 1, ""11001011010"": 1, ""11001101110"": 1, ""11100100001"": 1, ""11110101110"": 1, ""11111000011"": 1}"
659,019e10f6-9a24-7841-b178-fb0f91d18217,7,59,XIYIXYIXZZX,XZZXIYXIYIX,0.00048828124999999913,10,-0.9999999999999999,-0.8,0.19999999999999984,-0.0004882812499999991,-0.0003906249999999993,9.765624999999976e-05,0.19999999999999984,9.765624999999976e-05,"{""00001010111"": 1, ""00111011011"": 1, ""11001010100"": 1, ""11010001111"": 1, ""11010110100"": 1, ""11100100000"": 1, ""11100100011"": 1, ""11100101100"": 1, ""11110101100"": 1, ""11111111011"": 1}"
660,019e10f6-9a24-7841-b178-fb0f91d18217,7,60,XIYIXYIYXXY,YXXYIYXIYIX,0.00048828124999999913,10,-0.9999999999999999,-0.2,0.7999999999999998,-0.0004882812499999991,-9.765624999999983e-05,0.00039062499999999926,0.7999999999999998,0.00039062499999999926,"{""00011001010"": 1, ""00011111001"": 1, ""00100100010"": 1, ""11000110111"": 1, ""11010110010"": 1, ""11011000000"": 1, ""11011011110"": 1, ""11110101111"": 1, ""11111001101"": 1, ""11111101100"": 1}"
661,019e10f6-9a24-7841-b178-fb0f91d18217,7,61,XIYIXYIYXYZ,ZYXYIYXIYIX,-0.00048828124999999913,10,0.9999999999999999,0.4,-0.5999999999999999,-0.0004882812499999991,-0.00019531249999999966,0.0002929687499999994,0.5999999999999999,0.0002929687499999994,"{""00010100110"": 1, ""00010111001"": 1, ""00100000100"": 1, ""00100001001"": 1, ""11000110101"": 1, ""11001011111"": 1, ""11010111001"": 1, ""11011100001"": 1, ""11101001011"": 1, ""11111000100"": 1}"
662,019e10f6-9a24-7841-b178-fb0f91d18217,7,62,XIYIXYIYYIX,XIYYIYXIYIX,0.00048828124999999913,10,-0.9999999999999999,-0.4,0.5999999999999999,-0.0004882812499999991,-0.00019531249999999966,0.0002929687499999994,0.5999999999999999,0.0002929687499999994,"{""00000011111"": 1, ""00101010100"": 1, ""00111111111"": 1, ""01110101100"": 1, ""11001100000"": 1, ""11010000011"": 1, ""11010111000"": 1, ""11011010011"": 1, ""11011010100"": 1, ""11100100111"": 1}"
663,019e10f6-9a24-7841-b178-fb0f91d18217,7,63,XIYIXYIYYZI,IZYYIYXIYIX,0.00048828124999999913,10,-0.9999999999999999,-0.8,0.19999999999999984,-0.0004882812499999991,-0.0003906249999999993,9.765624999999976e-05,0.19999999999999984,9.765624999999976e-05,"{""00000010100"": 1, ""00001111000"": 1, ""00011111000"": 1, ""00100001011"": 1, ""00100110101"": 1, ""00110100001"": 1, ""00110111000"": 1, ""11001010100"": 1, ""11101000000"": 1, ""11101111000"": 1}"
664,019e10f6-9a24-7841-b178-fb0f91d18217,7,64,XIYIXYZIIII,IIIIZYXIYIX,0.00048828124999999913,10,-0.9999999999999999,-0.6,0.3999999999999999,-0.0004882812499999991,-0.00029296874999999945,0.00019531249999999963,0.3999999999999999,0.00019531249999999963,"{""00010100100"": 1, ""00100000111"": 1, ""00100010000"": 1, ""00111010101"": 1, ""00111011011"": 1, ""00111101001"": 1, ""00111101010"": 1, ""11001100100"": 1, ""11101111100"": 1, ""11111101010"": 1}"
665,019e10f6-9a24-7841-b178-fb0f91d18217,7,65,XIYIXYZIIZX,XZIIZYXIYIX,0.00048828124999999913,10,-0.9999999999999999,-0.8,0.19999999999999984,-0.0004882812499999991,-0.0003906249999999993,9.765624999999976e-05,0.19999999999999984,9.765624999999976e-05,"{""00001111100"": 1, ""00100001100"": 1, ""00101101011"": 2, ""00110001100"": 1, ""11010110100"": 1, ""11011011100"": 1, ""11100010000"": 1, ""11100110000"": 1, ""11110000110"": 1}"
666,019e10f6-9a24-7841-b178-fb0f91d18217,7,66,XIYIXYZIZXZ,ZXZIZYXIYIX,0.00048828124999999913,10,-0.9999999999999999,-0.4,0.5999999999999999,-0.0004882812499999991,-0.00019531249999999966,0.0002929687499999994,0.5999999999999999,0.0002929687499999994,"{""00011001101"": 1, ""00101011011"": 1, ""00110011101"": 1, ""11000010101"": 1, ""11010000101"": 1, ""11100010101"": 1, ""11100110011"": 1, ""11101110101"": 1, ""11111001011"": 1, ""11111110110"": 1}"
667,019e10f6-9a24-7841-b178-fb0f91d18217,7,67,XIYIXYZIZYY,YYZIZYXIYIX,0.00048828124999999913,10,-0.9999999999999999,-0.6,0.3999999999999999,-0.0004882812499999991,-0.00029296874999999945,0.00019531249999999963,0.3999999999999999,0.00019531249999999963,"{""00100001000"": 1, ""00100010011"": 1, ""00100110101"": 1, ""00111010101"": 1, ""11000111011"": 1, ""11001011110"": 1, ""11010000000"": 1, ""11010001011"": 1, ""11011010100"": 1, ""11011101000"": 1}"
668,019e10f6-9a24-7841-b178-fb0f91d18217,7,68,XIYIXYZZXIX,XIXZZYXIYIX,0.00048828124999999913,10,-0.9999999999999999,-0.6,0.3999999999999999,-0.0004882812499999991,-0.00029296874999999945,0.00019531249999999963,0.3999999999999999,0.00019531249999999963,"{""00001001011"": 1, ""00001110001"": 1, ""00001111100"": 1, ""00010010111"": 1, ""00011000111"": 1, ""00011101011"": 1, ""00111101100"": 1, ""10011000110"": 1, ""11000001100"": 1, ""11001010000"": 1}"
669,019e10f6-9a24-7841-b178-fb0f91d18217,7,69,XIYIXYZZXZI,IZXZZYXIYIX,0.00048828124999999913,10,-0.9999999999999999,-0.6,0.3999999999999999,-0.0004882812499999991,-0.00029296874999999945,0.00019531249999999963,0.3999999999999999,0.00019531249999999963,"{""00000011111"": 1, ""00000100001"": 1, ""00000101010"": 1, ""00001110000"": 1, ""00010101011"": 1, ""00010101100"": 1, ""00111010000"": 1, ""11001101011"": 1, ""11011100000"": 1, ""11100011001"": 1}"
670,019e10f6-9a24-7841-b178-fb0f91d18217,7,70,XIYIXYZZYXY,YXYZZYXIYIX,-0.00048828124999999913,10,0.9999999999999999,0.0,-0.9999999999999999,-0.0004882812499999991,-0.0,0.0004882812499999991,0.9999999999999999,0.0004882812499999991,"{""00000011110"": 1, ""00000111000"": 1, ""00001000100"": 1, ""00010011001"": 1, ""00011010111"": 1, ""00101100001"": 1, ""00110011001"": 1, ""00110100111"": 1, ""10101101110"": 1, ""11011101101"": 1}"
671,019e10f6-9a24-7841-b178-fb0f91d18217,7,71,XIYIXYZZYYZ,ZYYZZYXIYIX,0.00048828124999999913,10,-0.9999999999999999,-0.6,0.3999999999999999,-0.0004882812499999991,-0.00029296874999999945,0.00019531249999999963,0.3999999999999999,0.00019531249999999963,"{""00000100000"": 1, ""00010101100"": 1, ""00011001001"": 1, ""00101100110"": 1, ""00110111111"": 1, ""11001110000"": 1, ""11011001010"": 1, ""11100100110"": 1, ""11110010000"": 1, ""11111111010"": 1}"
672,019e10f6-9a24-7841-b178-fb0f91d18217,7,72,XIYIYIXIXIX,XIXIXIYIYIX,-0.00048828124999999913,10,0.9999999999999999,0.4,-0.5999999999999999,-0.0004882812499999991,-0.00019531249999999966,0.0002929687499999994,0.5999999999999999,0.0002929687499999994,"{""00000110000"": 1, ""00100110000"": 1, ""00101100011"": 1, ""11000001111"": 1, ""11010101100"": 2, ""11011011011"": 1, ""11101110000"": 2, ""11110000000"": 1}"
673,019e10f6-9a24-7841-b178-fb0f91d18217,7,73,XIYIYIXIXZI,IZXIXIYIYIX,-0.00048828124999999913,10,0.9999999999999999,0.4,-0.5999999999999999,-0.0004882812499999991,-0.00019531249999999966,0.0002929687499999994,0.5999999999999999,0.0002929687499999994,"{""00000000110"": 1, ""00001011100"": 1, ""00001110110"": 1, ""00011110110"": 1, ""00100101111"": 1, ""00111000001"": 1, ""00111011011"": 1, ""11001011011"": 1, ""11001011101"": 1, ""11100101011"": 1}"
674,019e10f6-9a24-7841-b178-fb0f91d18217,7,74,XIYIYIXIYXY,YXYIXIYIYIX,0.00048828124999999913,10,-0.9999999999999999,-0.6,0.3999999999999999,-0.0004882812499999991,-0.00029296874999999945,0.00019531249999999963,0.3999999999999999,0.00019531249999999963,"{""00010011101"": 1, ""00100111100"": 1, ""00101011010"": 1, ""00101011110"": 1, ""00111010001"": 1, ""11000110111"": 1, ""11001000111"": 2, ""11100011011"": 1, ""11101110111"": 1}"
675,019e10f6-9a24-7841-b178-fb0f91d18217,7,75,XIYIYIXIYYZ,ZYYIXIYIYIX,-0.00048828124999999913,10,0.9999999999999999,0.4,-0.5999999999999999,-0.0004882812499999991,-0.00019531249999999966,0.0002929687499999994,0.5999999999999999,0.0002929687499999994,"{""00000000000"": 1, ""00101011100"": 1, ""00101101001"": 1, ""00110101010"": 1, ""00110110101"": 1, ""00111011010"": 1, ""00111110000"": 1, ""11010110011"": 1, ""11110000000"": 1, ""11110000001"": 1}"
676,019e10f6-9a24-7841-b178-fb0f91d18217,7,76,XIYIYIXZIII,IIIZXIYIYIX,-0.00048828124999999913,10,0.9999999999999999,0.4,-0.5999999999999999,-0.0004882812499999991,-0.00019531249999999966,0.0002929687499999994,0.5999999999999999,0.0002929687499999994,"{""00000000010"": 1, ""00001110011"": 1, ""00011000100"": 1, ""00111000110"": 1, ""01000101001"": 1, ""01111101010"": 1, ""11000101011"": 1, ""11001011110"": 1, ""11111101111"": 1, ""11111110101"": 1}"
677,019e10f6-9a24-7841-b178-fb0f91d18217,7,77,XIYIYIXZIZX,XZIZXIYIYIX,-0.00048828124999999913,10,0.9999999999999999,0.0,-0.9999999999999999,-0.0004882812499999991,-0.0,0.0004882812499999991,0.9999999999999999,0.0004882812499999991,"{""00000000111"": 1, ""00001000100"": 1, ""00001011000"": 1, ""00001101111"": 1, ""00010011100"": 1, ""00100000111"": 1, ""00110000100"": 1, ""11000011111"": 1, ""11110000111"": 1, ""11111101100"": 1}"
678,019e10f6-9a24-7841-b178-fb0f91d18217,7,78,XIYIYIXZZXZ,ZXZZXIYIYIX,-0.00048828124999999913,10,0.9999999999999999,0.6,-0.3999999999999999,-0.0004882812499999991,-0.00029296874999999945,0.00019531249999999963,0.3999999999999999,0.00019531249999999963,"{""00011110011"": 1, ""00011110101"": 1, ""00100110000"": 1, ""00110101000"": 1, ""00111011101"": 1, ""11001000001"": 1, ""11100000110"": 1, ""11101101110"": 1, ""11110000011"": 1, ""11110110110"": 1}"
679,019e10f6-9a24-7841-b178-fb0f91d18217,7,79,XIYIYIXZZYY,YYZZXIYIYIX,-0.00048828124999999913,10,0.9999999999999999,0.4,-0.5999999999999999,-0.0004882812499999991,-0.00019531249999999966,0.0002929687499999994,0.5999999999999999,0.0002929687499999994,"{""00001101110"": 1, ""00100110011"": 1, ""00110110101"": 1, ""00111010110"": 1, ""01100011101"": 1, ""10111011110"": 1, ""11000101101"": 1, ""11010110000"": 1, ""11100000011"": 1, ""11101110110"": 1}"
680,019e10f6-9a24-7841-b178-fb0f91d18217,7,80,XIYIYIYXXXY,YXXXYIYIYIX,0.00048828124999999913,10,-0.9999999999999999,-0.4,0.5999999999999999,-0.0004882812499999991,-0.00019531249999999966,0.0002929687499999994,0.5999999999999999,0.0002929687499999994,"{""00000001101"": 1, ""00001110101"": 1, ""00001111101"": 1, ""00010001011"": 1, ""00010011100"": 1, ""00011101111"": 1, ""00100101111"": 1, ""00111001000"": 1, ""11110111000"": 1, ""11111010000"": 1}"
681,019e10f6-9a24-7841-b178-fb0f91d18217,7,81,XIYIYIYXXYZ,ZYXXYIYIYIX,-0.00048828124999999913,10,0.9999999999999999,-0.2,-1.2,-0.0004882812499999991,9.765624999999983e-05,0.0005859374999999989,1.2,0.0005859374999999989,"{""00010011000"": 1, ""00011110111"": 1, ""00100100010"": 1, ""00100100011"": 1, ""10111000101"": 1, ""11000110010"": 1, ""11001001010"": 1, ""11010001111"": 1, ""11010011011"": 1, ""11111111100"": 1}"
682,019e10f6-9a24-7841-b178-fb0f91d18217,7,82,XIYIYIYXYIX,XIYXYIYIYIX,0.00048828124999999913,10,-0.9999999999999999,-0.2,0.7999999999999998,-0.0004882812499999991,-9.765624999999983e-05,0.00039062499999999926,0.7999999999999998,0.00039062499999999926,"{""00010000000"": 1, ""00111000011"": 1, ""01110011011"": 1, ""11000101001"": 1, ""11000101100"": 1, ""11010100100"": 1, ""11011011011"": 1, ""11100001100"": 1, ""11110010000"": 1, ""11111110100"": 1}"
683,019e10f6-9a24-7841-b178-fb0f91d18217,7,83,XIYIYIYXYZI,IZYXYIYIYIX,0.00048828124999999913,10,-0.9999999999999999,-0.6,0.3999999999999999,-0.0004882812499999991,-0.00029296874999999945,0.00019531249999999963,0.3999999999999999,0.00019531249999999963,"{""00011010110"": 1, ""00100110011"": 1, ""00101010111"": 1, ""00110100001"": 1, ""00110111011"": 1, ""11000111000"": 1, ""11010101010"": 1, ""11011000010"": 1, ""11011000011"": 1, ""11100001110"": 1}"
684,019e10f6-9a24-7841-b178-fb0f91d18217,7,84,XIYIYIYYIXZ,ZXIYYIYIYIX,-0.00048828124999999913,10,0.9999999999999999,0.4,-0.5999999999999999,-0.0004882812499999991,-0.00019531249999999966,0.0002929687499999994,0.5999999999999999,0.0002929687499999994,"{""00000010110"": 1, ""00001001000"": 1, ""00010001110"": 1, ""00010010101"": 1, ""00111101000"": 1, ""01100011011"": 1, ""11000101000"": 1, ""11000110000"": 1, ""11011000101"": 1, ""11100011000"": 1}"
685,019e10f6-9a24-7841-b178-fb0f91d18217,7,85,XIYIYIYYIYY,YYIYYIYIYIX,-0.00048828124999999913,10,0.9999999999999999,0.6,-0.3999999999999999,-0.0004882812499999991,-0.00029296874999999945,0.00019531249999999963,0.3999999999999999,0.00019531249999999963,"{""00100100110"": 1, ""00101100110"": 1, ""00101111101"": 1, ""00110110000"": 1, ""00111011000"": 1, ""11000100101"": 1, ""11001011011"": 1, ""11010100110"": 1, ""11011011011"": 1, ""11101110000"": 1}"
686,019e10f6-9a24-7841-b178-fb0f91d18217,7,86,XIYIYIYYZII,IIZYYIYIYIX,-0.00048828124999999913,10,0.9999999999999999,1.0,1.1102230246251565e-16,-0.0004882812499999991,-0.00048828124999999913,-5.421010862427522e-20,1.1102230246251565e-16,5.421010862427522e-20,"{""00000011001"": 1, ""00010011001"": 1, ""00010011010"": 1, ""11000100100"": 1, ""11010111110"": 1, ""11110000010"": 1, ""11110001110"": 1, ""11110010111"": 1, ""11111110011"": 1, ""11111111101"": 1}"
687,019e10f6-9a24-7841-b178-fb0f91d18217,7,87,XIYIYIYYZZX,XZZYYIYIYIX,-0.00048828124999999913,10,0.9999999999999999,0.4,-0.5999999999999999,-0.0004882812499999991,-0.00019531249999999966,0.0002929687499999994,0.5999999999999999,0.0002929687499999994,"{""00001111100"": 1, ""00100101111"": 1, ""00100110000"": 1, ""00101000011"": 1, ""00110101011"": 1, ""00111001100"": 1, ""00111100111"": 1, ""11001010111"": 1, ""11010011000"": 1, ""11101110000"": 1}"
688,019e10f6-9a24-7841-b178-fb0f91d18217,7,88,XIYIYZIIIII,IIIIIZYIYIX,-0.00048828124999999913,10,0.9999999999999999,0.6,-0.3999999999999999,-0.0004882812499999991,-0.00029296874999999945,0.00019531249999999963,0.3999999999999999,0.00019531249999999963,"{""00011010111"": 1, ""00100110100"": 1, ""11000101110"": 1, ""11001000010"": 1, ""11010100100"": 1, ""11011001001"": 1, ""11011011111"": 1, ""11011111000"": 1, ""11100011000"": 1, ""11101100111"": 1}"
689,019e10f6-9a24-7841-b178-fb0f91d18217,7,89,XIYIYZIIIZX,XZIIIZYIYIX,-0.00048828124999999913,10,0.9999999999999999,0.6,-0.3999999999999999,-0.0004882812499999991,-0.00029296874999999945,0.00019531249999999963,0.3999999999999999,0.00019531249999999963,"{""00001100111"": 1, ""00001111000"": 1, ""00010000011"": 1, ""01010111100"": 1, ""11000110011"": 1, ""11000111111"": 1, ""11010101111"": 1, ""11101011100"": 1, ""11111100100"": 1, ""11111110011"": 1}"
690,019e10f6-9a24-7841-b178-fb0f91d18217,7,90,XIYIYZIIZXZ,ZXZIIZYIYIX,-0.00048828124999999913,10,0.9999999999999999,1.0,1.1102230246251565e-16,-0.0004882812499999991,-0.00048828124999999913,-5.421010862427522e-20,1.1102230246251565e-16,5.421010862427522e-20,"{""00000001011"": 1, ""00100111110"": 1, ""00110101000"": 1, ""00110110110"": 1, ""00111001101"": 1, ""11001011000"": 1, ""11001011101"": 1, ""11101100101"": 1, ""11111100011"": 1, ""11111110000"": 1}"
691,019e10f6-9a24-7841-b178-fb0f91d18217,7,91,XIYIYZIIZYY,YYZIIZYIYIX,-0.00048828124999999913,10,0.9999999999999999,0.8,-0.19999999999999984,-0.0004882812499999991,-0.0003906249999999993,9.765624999999976e-05,0.19999999999999984,9.765624999999976e-05,"{""00010001101"": 1, ""00010011011"": 1, ""00011101101"": 1, ""00110001110"": 1, ""00110100000"": 1, ""00110110011"": 1, ""11000110000"": 1, ""11010101011"": 1, ""11101110011"": 1, ""11111101101"": 1}"
692,019e10f6-9a24-7841-b178-fb0f91d18217,7,92,XIYIYZIZXIX,XIXZIZYIYIX,-0.00048828124999999913,10,0.9999999999999999,0.6,-0.3999999999999999,-0.0004882812499999991,-0.00029296874999999945,0.00019531249999999963,0.3999999999999999,0.00019531249999999963,"{""00011000000"": 1, ""00011110111"": 1, ""00101010111"": 1, ""00110100000"": 1, ""00110111100"": 1, ""11000101100"": 1, ""11001000000"": 1, ""11101101100"": 1, ""11101111011"": 1, ""11110001101"": 1}"
693,019e10f6-9a24-7841-b178-fb0f91d18217,7,93,XIYIYZIZXZI,IZXZIZYIYIX,-0.00048828124999999913,10,0.9999999999999999,0.4,-0.5999999999999999,-0.0004882812499999991,-0.00019531249999999966,0.0002929687499999994,0.5999999999999999,0.0002929687499999994,"{""00010010001"": 1, ""00011101100"": 1, ""00101001001"": 1, ""00110100110"": 1, ""00110111010"": 1, ""10000110111"": 1, ""11000010111"": 1, ""11000111101"": 1, ""11011000010"": 1, ""11110000110"": 1}"
694,019e10f6-9a24-7841-b178-fb0f91d18217,7,94,XIYIYZIZYXY,YXYZIZYIYIX,0.00048828124999999913,10,-0.9999999999999999,-0.6,0.3999999999999999,-0.0004882812499999991,-0.00029296874999999945,0.00019531249999999963,0.3999999999999999,0.00019531249999999963,"{""00110100010"": 1, ""00111010001"": 1, ""10001010100"": 1, ""11000101110"": 1, ""11011000010"": 1, ""11011001100"": 1, ""11100001011"": 1, ""11101001101"": 1, ""11110011101"": 1, ""11111111110"": 1}"
695,019e10f6-9a24-7841-b178-fb0f91d18217,7,95,XIYIYZIZYYZ,ZYYZIZYIYIX,-0.00048828124999999913,10,0.9999999999999999,0.2,-0.7999999999999998,-0.0004882812499999991,-9.765624999999983e-05,0.00039062499999999926,0.7999999999999998,0.00039062499999999926,"{""00001110101"": 1, ""00010000010"": 1, ""00010011001"": 1, ""00100100010"": 1, ""00111010110"": 1, ""00111110110"": 1, ""10001101110"": 1, ""11001010000"": 1, ""11011000011"": 1, ""11111111000"": 1}"
696,019e10f6-9a24-7841-b178-fb0f91d18217,7,96,XIYIYZZXIXZ,ZXIXZZYIYIX,-0.00048828124999999913,10,0.9999999999999999,0.8,-0.19999999999999984,-0.0004882812499999991,-0.0003906249999999993,9.765624999999976e-05,0.19999999999999984,9.765624999999976e-05,"{""00000011000"": 1, ""00010011011"": 1, ""00011100000"": 1, ""00100110110"": 1, ""00110101110"": 1, ""11001011011"": 1, ""11010001101"": 1, ""11011010101"": 1, ""11011010110"": 1, ""11110001110"": 1}"
697,019e10f6-9a24-7841-b178-fb0f91d18217,7,97,XIYIYZZXIYY,YYIXZZYIYIX,-0.00048828124999999913,10,0.9999999999999999,0.6,-0.3999999999999999,-0.0004882812499999991,-0.00029296874999999945,0.00019531249999999963,0.3999999999999999,0.00019531249999999963,"{""00001100011"": 1, ""00001101101"": 1, ""00100111000"": 1, ""00111001110"": 1, ""00111010000"": 1, ""10010100000"": 1, ""11000101110"": 1, ""11001100000"": 1, ""11010111011"": 1, ""11011001101"": 1}"
698,019e10f6-9a24-7841-b178-fb0f91d18217,7,98,XIYIYZZXZII,IIZXZZYIYIX,-0.00048828124999999913,10,0.9999999999999999,0.4,-0.5999999999999999,-0.0004882812499999991,-0.00019531249999999966,0.0002929687499999994,0.5999999999999999,0.0002929687499999994,"{""00110101101"": 1, ""00111100010"": 1, ""01011001101"": 1, ""11010100001"": 1, ""11011000010"": 1, ""11011011010"": 1, ""11100011010"": 1, ""11101100011"": 1, ""11110100011"": 1, ""11111100011"": 1}"
699,019e10f6-9a24-7841-b178-fb0f91d18217,7,99,XIYIYZZXZZX,XZZXZZYIYIX,-0.00048828124999999913,10,0.9999999999999999,0.8,-0.19999999999999984,-0.0004882812499999991,-0.0003906249999999993,9.765624999999976e-05,0.19999999999999984,9.765624999999976e-05,"{""00001101111"": 1, ""00101000000"": 1, ""00101001100"": 1, ""00110100000"": 1, ""00111001100"": 1, ""00111011011"": 1, ""11000010100"": 1, ""11000100000"": 1, ""11000110111"": 1, ""11110011000"": 1}"
700,019e10f6-ad01-7191-9c63-83b2601a917d,8,0,XIYIYZZYXXY,YXXYZZYIYIX,-0.00048828124999999913,10,0.9999999999999999,0.4,-0.5999999999999999,-0.0004882812499999991,-0.00019531249999999966,0.0002929687499999994,0.5999999999999999,0.0002929687499999994,"{""00000001010"": 1, ""00001100101"": 1, ""00101011000"": 1, ""11000010100"": 1, ""11000011100"": 1, ""11001000001"": 1, ""11001000101"": 1, ""11011010000"": 1, ""11101100101"": 1, ""11101111110"": 1}"
701,019e10f6-ad01-7191-9c63-83b2601a917d,8,1,XIYIYZZYXYZ,ZYXYZZYIYIX,0.00048828124999999913,10,-0.9999999999999999,-0.6,0.3999999999999999,-0.0004882812499999991,-0.00029296874999999945,0.00019531249999999963,0.3999999999999999,0.00019531249999999963,"{""00101011111"": 1, ""00111011111"": 1, ""11010100010"": 1, ""11011000100"": 1, ""11011001111"": 1, ""11011010000"": 1, ""11011010110"": 1, ""11101101111"": 1, ""11110011001"": 1, ""11111101110"": 1}"
702,019e10f6-ad01-7191-9c63-83b2601a917d,8,2,XIYIYZZYYIX,XIYYZZYIYIX,-0.00048828124999999913,10,0.9999999999999999,0.6,-0.3999999999999999,-0.0004882812499999991,-0.00029296874999999945,0.00019531249999999963,0.3999999999999999,0.00019531249999999963,"{""00000011111"": 1, ""00111010011"": 1, ""01110000000"": 1, ""11001000000"": 1, ""11001000100"": 1, ""11001011000"": 1, ""11011010011"": 1, ""11101111111"": 1, ""11111110011"": 2}"
703,019e10f6-ad01-7191-9c63-83b2601a917d,8,3,XIYIYZZYYZI,IZYYZZYIYIX,-0.00048828124999999913,10,0.9999999999999999,0.4,-0.5999999999999999,-0.0004882812499999991,-0.00019531249999999966,0.0002929687499999994,0.5999999999999999,0.0002929687499999994,"{""00000011000"": 1, ""00000100111"": 1, ""00010000001"": 1, ""00010111000"": 1, ""00110100110"": 1, ""11001000001"": 1, ""11001001101"": 1, ""11010111001"": 1, ""11011100111"": 1, ""11101101101"": 1}"
704,019e10f6-ad01-7191-9c63-83b2601a917d,8,4,XIZXXIXIXIX,XIXIXIXXZIX,-0.00048828124999999913,10,0.9999999999999999,0.2,-0.7999999999999998,-0.0004882812499999991,-9.765624999999983e-05,0.00039062499999999926,0.7999999999999998,0.00039062499999999926,"{""00000011100"": 1, ""00001101011"": 1, ""00001101100"": 1, ""00100100111"": 1, ""00100101011"": 1, ""00100110011"": 1, ""00100110111"": 1, ""00101010000"": 1, ""01011110111"": 1, ""11111000000"": 1}"
705,019e10f6-ad01-7191-9c63-83b2601a917d,8,5,XIZXXIXIXZI,IZXIXIXXZIX,-0.00048828124999999913,10,0.9999999999999999,-0.2,-1.2,-0.0004882812499999991,9.765624999999983e-05,0.0005859374999999989,1.2,0.0005859374999999989,"{""00000000100"": 1, ""00100011100"": 1, ""00100101011"": 1, ""00100101101"": 1, ""00100110000"": 1, ""00100111011"": 1, ""00101101010"": 1, ""01111000000"": 1, ""11010000110"": 1, ""11110011101"": 1}"
706,019e10f6-ad01-7191-9c63-83b2601a917d,8,6,XIZXXIXIYXY,YXYIXIXXZIX,0.00048828124999999913,10,-0.9999999999999999,0.0,0.9999999999999999,-0.0004882812499999991,0.0,0.0004882812499999991,0.9999999999999999,0.0004882812499999991,"{""00000011100"": 1, ""00011110100"": 1, ""00100101101"": 1, ""00101000111"": 1, ""00101011011"": 1, ""11011101000"": 1, ""11011101100"": 1, ""11110011101"": 1, ""11111011000"": 1, ""11111110010"": 1}"
707,019e10f6-ad01-7191-9c63-83b2601a917d,8,7,XIZXXIXIYYZ,ZYYIXIXXZIX,-0.00048828124999999913,10,0.9999999999999999,0.0,-0.9999999999999999,-0.0004882812499999991,-0.0,0.0004882812499999991,0.9999999999999999,0.0004882812499999991,"{""00000110101"": 1, ""00001000101"": 1, ""00100101100"": 2, ""10010011001"": 1, ""11010010101"": 1, ""11011000000"": 1, ""11110001010"": 1, ""11111000000"": 1, ""11111000100"": 1}"
708,019e10f6-ad01-7191-9c63-83b2601a917d,8,8,XIZXXIXZIII,IIIZXIXXZIX,-0.00048828124999999913,10,0.9999999999999999,0.6,-0.3999999999999999,-0.0004882812499999991,-0.00029296874999999945,0.00019531249999999963,0.3999999999999999,0.00019531249999999963,"{""00000011010"": 1, ""00001010001"": 1, ""00001101011"": 1, ""00100110101"": 1, ""00100110111"": 1, ""00101000100"": 1, ""10001101110"": 1, ""11000101111"": 1, ""11011110110"": 1, ""11100110100"": 1}"
709,019e10f6-ad01-7191-9c63-83b2601a917d,8,9,XIZXXIXZIZX,XZIZXIXXZIX,-0.00048828124999999913,10,0.9999999999999999,0.4,-0.5999999999999999,-0.0004882812499999991,-0.00019531249999999966,0.0002929687499999994,0.5999999999999999,0.0002929687499999994,"{""00000000010"": 1, ""00100100100"": 1, ""00101000000"": 1, ""00101000100"": 1, ""00101101011"": 1, ""11010000011"": 1, ""11010011111"": 1, ""11011101000"": 1, ""11011110000"": 1, ""11111000000"": 1}"
710,019e10f6-ad01-7191-9c63-83b2601a917d,8,10,XIZXXIXZZXZ,ZXZZXIXXZIX,-0.00048828124999999913,10,0.9999999999999999,0.2,-0.7999999999999998,-0.0004882812499999991,-9.765624999999983e-05,0.00039062499999999926,0.7999999999999998,0.00039062499999999926,"{""00100101010"": 1, ""00100101101"": 1, ""00100110011"": 1, ""00101010011"": 1, ""11010011000"": 1, ""11011101101"": 2, ""11111000011"": 1, ""11111001110"": 1, ""11111101110"": 1}"
711,019e10f6-ad01-7191-9c63-83b2601a917d,8,11,XIZXXIXZZYY,YYZZXIXXZIX,-0.00048828124999999913,10,0.9999999999999999,-0.2,-1.2,-0.0004882812499999991,9.765624999999983e-05,0.0005859374999999989,1.2,0.0005859374999999989,"{""00000010101"": 1, ""00100000000"": 1, ""00100101000"": 1, ""00100101110"": 1, ""01011110011"": 1, ""11010001000"": 2, ""11110110011"": 1, ""11111001110"": 1, ""11111011101"": 1}"
712,019e10f6-ad01-7191-9c63-83b2601a917d,8,12,XIZXXIYXXXY,YXXXYIXXZIX,0.00048828124999999913,10,-0.9999999999999999,-0.4,0.5999999999999999,-0.0004882812499999991,-0.00019531249999999966,0.0002929687499999994,0.5999999999999999,0.0002929687499999994,"{""00000000111"": 1, ""00101011111"": 1, ""11011101010"": 1, ""11110001001"": 1, ""11110100000"": 1, ""11111001101"": 1, ""11111001111"": 1, ""11111011010"": 1, ""11111101111"": 1, ""11111110001"": 1}"
713,019e10f6-ad01-7191-9c63-83b2601a917d,8,13,XIZXXIYXXYZ,ZYXXYIXXZIX,-0.00048828124999999913,10,0.9999999999999999,0.4,-0.5999999999999999,-0.0004882812499999991,-0.00019531249999999966,0.0002929687499999994,0.5999999999999999,0.0002929687499999994,"{""00000000101"": 1, ""00000001010"": 1, ""00000001100"": 1, ""00000011010"": 1, ""00000101101"": 1, ""00101000000"": 1, ""11000000101"": 1, ""11010010100"": 1, ""11011110000"": 1, ""11110101000"": 1}"
714,019e10f6-ad01-7191-9c63-83b2601a917d,8,14,XIZXXIYXYIX,XIYXYIXXZIX,0.00048828124999999913,10,-0.9999999999999999,-0.6,0.3999999999999999,-0.0004882812499999991,-0.00029296874999999945,0.00019531249999999963,0.3999999999999999,0.00019531249999999963,"{""00001010100"": 1, ""00001101100"": 1, ""00001111000"": 1, ""00100011011"": 1, ""11010011000"": 1, ""11110100111"": 1, ""11110110100"": 1, ""11111000001"": 1, ""11111010000"": 1, ""11111011100"": 1}"
715,019e10f6-ad01-7191-9c63-83b2601a917d,8,15,XIZXXIYXYZI,IZYXYIXXZIX,0.00048828124999999913,10,-0.9999999999999999,-0.8,0.19999999999999984,-0.0004882812499999991,-0.0003906249999999993,9.765624999999976e-05,0.19999999999999984,9.765624999999976e-05,"{""00000010110"": 1, ""00000010111"": 1, ""00001101010"": 1, ""00100100001"": 1, ""00100111110"": 1, ""00101001111"": 1, ""01111000011"": 1, ""11011111000"": 1, ""11110110101"": 1, ""11111000101"": 1}"
716,019e10f6-ad01-7191-9c63-83b2601a917d,8,16,XIZXXIYYIXZ,ZXIYYIXXZIX,-0.00048828124999999913,10,0.9999999999999999,0.8,-0.19999999999999984,-0.0004882812499999991,-0.0003906249999999993,9.765624999999976e-05,0.19999999999999984,9.765624999999976e-05,"{""00000000011"": 1, ""00100100101"": 1, ""00100110011"": 1, ""00101000000"": 1, ""00101001001"": 1, ""00101001110"": 1, ""11011101011"": 1, ""11011111110"": 1, ""11110011000"": 1, ""11110101011"": 1}"
717,019e10f6-ad01-7191-9c63-83b2601a917d,8,17,XIZXXIYYIYY,YYIYYIXXZIX,-0.00048828124999999913,10,0.9999999999999999,0.4,-0.5999999999999999,-0.0004882812499999991,-0.00019531249999999966,0.0002929687499999994,0.5999999999999999,0.0002929687499999994,"{""00001001110"": 1, ""00001111110"": 2, ""00100101011"": 1, ""00100111101"": 1, ""10010111110"": 1, ""10100100101"": 1, ""11010000000"": 1, ""11011101011"": 1, ""11011110000"": 1}"
718,019e10f6-ad01-7191-9c63-83b2601a917d,8,18,XIZXXIYYZII,IIZYYIXXZIX,-0.00048828124999999913,10,0.9999999999999999,0.6,-0.3999999999999999,-0.0004882812499999991,-0.00029296874999999945,0.00019531249999999963,0.3999999999999999,0.00019531249999999963,"{""00000000011"": 1, ""00000010111"": 1, ""00101001010"": 1, ""00101010100"": 1, ""11010000001"": 1, ""11010011011"": 1, ""11011110000"": 1, ""11101011011"": 1, ""11110101011"": 1, ""11110111110"": 1}"
719,019e10f6-ad01-7191-9c63-83b2601a917d,8,19,XIZXXIYYZZX,XZZYYIXXZIX,-0.00048828124999999913,10,0.9999999999999999,0.6,-0.3999999999999999,-0.0004882812499999991,-0.00029296874999999945,0.00019531249999999963,0.3999999999999999,0.00019531249999999963,"{""00000110011"": 1, ""00100101000"": 1, ""00100111111"": 1, ""00101011011"": 1, ""01011111100"": 1, ""10111011000"": 1, ""11011111100"": 1, ""11110111100"": 1, ""11110111111"": 1, ""11111000000"": 1}"
720,019e10f6-ad01-7191-9c63-83b2601a917d,8,20,XIZXXZIIIII,IIIIIZXXZIX,-0.00048828124999999913,10,0.9999999999999999,0.4,-0.5999999999999999,-0.0004882812499999991,-0.00019531249999999966,0.0002929687499999994,0.5999999999999999,0.0002929687499999994,"{""00000010000"": 1, ""00001110000"": 1, ""00001110011"": 1, ""00010011111"": 1, ""00101011000"": 1, ""00101011011"": 1, ""10001100110"": 1, ""11010100111"": 1, ""11011110100"": 1, ""11011110111"": 1}"
721,019e10f6-ad01-7191-9c63-83b2601a917d,8,21,XIZXXZIIIZX,XZIIIZXXZIX,-0.00048828124999999913,10,0.9999999999999999,0.6,-0.3999999999999999,-0.0004882812499999991,-0.00029296874999999945,0.00019531249999999963,0.3999999999999999,0.00019531249999999963,"{""00000000000"": 1, ""00000010111"": 1, ""00001100111"": 1, ""00001110000"": 1, ""00001110111"": 1, ""00101000100"": 2, ""00101010111"": 1, ""11011010000"": 1, ""11111111100"": 1}"
722,019e10f6-ad01-7191-9c63-83b2601a917d,8,22,XIZXXZIIZXZ,ZXZIIZXXZIX,-0.00048828124999999913,10,0.9999999999999999,0.2,-0.7999999999999998,-0.0004882812499999991,-9.765624999999983e-05,0.00039062499999999926,0.7999999999999998,0.00039062499999999926,"{""00001110000"": 1, ""00001111100"": 1, ""00100001011"": 1, ""00100100101"": 1, ""00101001101"": 1, ""11010110110"": 1, ""11011001000"": 1, ""11110101000"": 1, ""11111001000"": 1, ""11111011101"": 1}"
723,019e10f6-ad01-7191-9c63-83b2601a917d,8,23,XIZXXZIIZYY,YYZIIZXXZIX,-0.00048828124999999913,10,0.9999999999999999,0.2,-0.7999999999999998,-0.0004882812499999991,-9.765624999999983e-05,0.00039062499999999926,0.7999999999999998,0.00039062499999999926,"{""00100001011"": 1, ""01010000101"": 1, ""11100101011"": 1, ""11110000011"": 1, ""11110101000"": 1, ""11110101011"": 1, ""11110101101"": 1, ""11111001000"": 1, ""11111010011"": 1, ""11111010110"": 1}"
724,019e10f6-ad01-7191-9c63-83b2601a917d,8,24,XIZXXZIZXIX,XIXZIZXXZIX,-0.00048828124999999913,10,0.9999999999999999,0.2,-0.7999999999999998,-0.0004882812499999991,-9.765624999999983e-05,0.00039062499999999926,0.7999999999999998,0.00039062499999999926,"{""00000011011"": 1, ""00001010111"": 1, ""00100111011"": 1, ""10100010111"": 1, ""10100110010"": 1, ""11010010111"": 1, ""11010100000"": 1, ""11011001100"": 1, ""11011101100"": 1, ""11110110000"": 1}"
725,019e10f6-ad01-7191-9c63-83b2601a917d,8,25,XIZXXZIZXZI,IZXZIZXXZIX,-0.00048828124999999913,10,0.9999999999999999,0.2,-0.7999999999999998,-0.0004882812499999991,-9.765624999999983e-05,0.00039062499999999926,0.7999999999999998,0.00039062499999999926,"{""00100101100"": 1, ""00101000000"": 1, ""00101010000"": 1, ""11010010000"": 1, ""11011101000"": 1, ""11110000110"": 1, ""11110110010"": 1, ""11111010111"": 1, ""11111011101"": 1, ""11111101010"": 1}"
726,019e10f6-ad01-7191-9c63-83b2601a917d,8,26,XIZXXZIZYXY,YXYZIZXXZIX,0.00048828124999999913,10,-0.9999999999999999,-0.4,0.5999999999999999,-0.0004882812499999991,-0.00019531249999999966,0.0002929687499999994,0.5999999999999999,0.0002929687499999994,"{""00000000000"": 1, ""00001100000"": 1, ""00011000100"": 1, ""00101011000"": 1, ""11010001011"": 1, ""11010011000"": 1, ""11010100010"": 1, ""11110101011"": 1, ""11110110010"": 1, ""11111000001"": 1}"
727,019e10f6-ad01-7191-9c63-83b2601a917d,8,27,XIZXXZIZYYZ,ZYYZIZXXZIX,-0.00048828124999999913,10,0.9999999999999999,0.8,-0.19999999999999984,-0.0004882812499999991,-0.0003906249999999993,9.765624999999976e-05,0.19999999999999984,9.765624999999976e-05,"{""00000000101"": 1, ""00000001111"": 1, ""00001101111"": 1, ""00001111111"": 1, ""00100101011"": 1, ""11010000000"": 1, ""11010000110"": 1, ""11010001001"": 1, ""11110100000"": 2}"
728,019e10f6-ad01-7191-9c63-83b2601a917d,8,28,XIZXXZZXIXZ,ZXIXZZXXZIX,-0.00048828124999999913,10,0.9999999999999999,0.8,-0.19999999999999984,-0.0004882812499999991,-0.0003906249999999993,9.765624999999976e-05,0.19999999999999984,9.765624999999976e-05,"{""00000001101"": 1, ""00001011000"": 1, ""00100100000"": 1, ""00100101101"": 1, ""00101010101"": 1, ""00101011000"": 1, ""11010010110"": 1, ""11011100011"": 1, ""11110101101"": 1, ""11110101110"": 1}"
729,019e10f6-ad01-7191-9c63-83b2601a917d,8,29,XIZXXZZXIYY,YYIXZZXXZIX,-0.00048828124999999913,10,0.9999999999999999,0.8,-0.19999999999999984,-0.0004882812499999991,-0.0003906249999999993,9.765624999999976e-05,0.19999999999999984,9.765624999999976e-05,"{""00001100000"": 1, ""00001100011"": 1, ""00001110101"": 1, ""00100100011"": 1, ""00100110110"": 1, ""00100111000"": 1, ""00100111110"": 1, ""00101010101"": 1, ""11110110101"": 1, ""11111011011"": 1}"
730,019e10f6-ad01-7191-9c63-83b2601a917d,8,30,XIZXXZZXZII,IIZXZZXXZIX,-0.00048828124999999913,10,0.9999999999999999,0.4,-0.5999999999999999,-0.0004882812499999991,-0.00019531249999999966,0.0002929687499999994,0.5999999999999999,0.0002929687499999994,"{""00001100011"": 1, ""00001101111"": 1, ""00100100000"": 1, ""00101000001"": 1, ""01011111000"": 1, ""11011110100"": 1, ""11110000011"": 1, ""11110011000"": 1, ""11110110111"": 1, ""11111010100"": 1}"
731,019e10f6-ad01-7191-9c63-83b2601a917d,8,31,XIZXXZZXZZX,XZZXZZXXZIX,-0.00048828124999999913,10,0.9999999999999999,0.4,-0.5999999999999999,-0.0004882812499999991,-0.00019531249999999966,0.0002929687499999994,0.5999999999999999,0.0002929687499999994,"{""00000011000"": 1, ""00001101111"": 2, ""00100011011"": 1, ""00100101111"": 1, ""00110100011"": 1, ""11010010111"": 1, ""11011110111"": 1, ""11110000000"": 1, ""11111000011"": 1}"
732,019e10f6-ad01-7191-9c63-83b2601a917d,8,32,XIZXXZZYXXY,YXXYZZXXZIX,-0.00048828124999999913,10,0.9999999999999999,0.8,-0.19999999999999984,-0.0004882812499999991,-0.0003906249999999993,9.765624999999976e-05,0.19999999999999984,9.765624999999976e-05,"{""00000010111"": 1, ""00100111001"": 1, ""00101010111"": 1, ""00110110101"": 1, ""11010001010"": 1, ""11011100110"": 1, ""11011111000"": 1, ""11110100110"": 1, ""11110101111"": 1, ""11110111000"": 1}"
733,019e10f6-ad01-7191-9c63-83b2601a917d,8,33,XIZXXZZYXYZ,ZYXYZZXXZIX,0.00048828124999999913,10,-0.9999999999999999,0.0,0.9999999999999999,-0.0004882812499999991,0.0,0.0004882812499999991,0.9999999999999999,0.0004882812499999991,"{""00000010000"": 1, ""00000110110"": 1, ""00001101100"": 1, ""00100000100"": 1, ""00101001100"": 1, ""01110100001"": 1, ""11010000001"": 1, ""11011101000"": 1, ""11011110011"": 1, ""11110101000"": 1}"
734,019e10f6-ad01-7191-9c63-83b2601a917d,8,34,XIZXXZZYYIX,XIYYZZXXZIX,-0.00048828124999999913,10,0.9999999999999999,0.2,-0.7999999999999998,-0.0004882812499999991,-9.765624999999983e-05,0.00039062499999999926,0.7999999999999998,0.00039062499999999926,"{""00000011000"": 1, ""00001101011"": 1, ""00100000000"": 1, ""00100000111"": 1, ""00100101001"": 1, ""00100111000"": 1, ""10000000111"": 1, ""11010000000"": 1, ""11010101100"": 1, ""11111000111"": 1}"
735,019e10f6-ad01-7191-9c63-83b2601a917d,8,35,XIZXXZZYYZI,IZYYZZXXZIX,-0.00048828124999999913,10,0.9999999999999999,0.8,-0.19999999999999984,-0.0004882812499999991,-0.0003906249999999993,9.765624999999976e-05,0.19999999999999984,9.765624999999976e-05,"{""00000001100"": 1, ""00001101100"": 1, ""00100111001"": 1, ""00100111100"": 1, ""00100111111"": 1, ""11010001100"": 1, ""11010100010"": 1, ""11110100110"": 1, ""11110101011"": 2}"
736,019e10f6-ad01-7191-9c63-83b2601a917d,8,36,XIZXYXXXXXY,YXXXXXYXZIX,0.00048828124999999913,10,-0.9999999999999999,-0.8,0.19999999999999984,-0.0004882812499999991,-0.0003906249999999993,9.765624999999976e-05,0.19999999999999984,9.765624999999976e-05,"{""00000101100"": 1, ""00000111000"": 1, ""00001001000"": 1, ""00001111010"": 1, ""00100100111"": 1, ""11010111110"": 1, ""11110000011"": 1, ""11110000110"": 1, ""11110111111"": 1, ""11111110111"": 1}"
737,019e10f6-ad01-7191-9c63-83b2601a917d,8,37,XIZXYXXXXYZ,ZYXXXXYXZIX,-0.00048828124999999913,10,0.9999999999999999,0.4,-0.5999999999999999,-0.0004882812499999991,-0.00019531249999999966,0.0002929687499999994,0.5999999999999999,0.0002929687499999994,"{""00001011010"": 1, ""00001011111"": 1, ""00100000111"": 1, ""00101101000"": 1, ""00110110001"": 1, ""11010000011"": 1, ""11010100110"": 1, ""11011000100"": 1, ""11011010100"": 1, ""11011110100"": 1}"
738,019e10f6-ad01-7191-9c63-83b2601a917d,8,38,XIZXYXXXYIX,XIYXXXYXZIX,0.00048828124999999913,10,-0.9999999999999999,0.0,0.9999999999999999,-0.0004882812499999991,0.0,0.0004882812499999991,0.9999999999999999,0.0004882812499999991,"{""00000000000"": 2, ""00000010000"": 1, ""00000110011"": 1, ""00001011011"": 1, ""00010010100"": 1, ""00010100111"": 1, ""11010010111"": 1, ""11011000000"": 1, ""11011111000"": 1}"
739,019e10f6-ad01-7191-9c63-83b2601a917d,8,39,XIZXYXXXYZI,IZYXXXYXZIX,0.00048828124999999913,10,-0.9999999999999999,-0.4,0.5999999999999999,-0.0004882812499999991,-0.00019531249999999966,0.0002929687499999994,0.5999999999999999,0.0002929687499999994,"{""00001111100"": 1, ""00100110110"": 1, ""00101001110"": 1, ""01010010110"": 1, ""10000101010"": 1, ""11011001101"": 1, ""11011010101"": 1, ""11110010000"": 1, ""11110111100"": 1, ""11111101101"": 1}"
740,019e10f6-ad01-7191-9c63-83b2601a917d,8,40,XIZXYXXYIXZ,ZXIYXXYXZIX,-0.00048828124999999913,10,0.9999999999999999,0.2,-0.7999999999999998,-0.0004882812499999991,-9.765624999999983e-05,0.00039062499999999926,0.7999999999999998,0.00039062499999999926,"{""00000110011"": 1, ""00001010101"": 1, ""00001100011"": 1, ""00100000110"": 1, ""00100100101"": 1, ""00101011011"": 1, ""11000011000"": 1, ""11010001110"": 1, ""11011101110"": 1, ""11101100101"": 1}"
741,019e10f6-ad01-7191-9c63-83b2601a917d,8,41,XIZXYXXYIYY,YYIYXXYXZIX,-0.00048828124999999913,10,0.9999999999999999,0.4,-0.5999999999999999,-0.0004882812499999991,-0.00019531249999999966,0.0002929687499999994,0.5999999999999999,0.0002929687499999994,"{""00000111110"": 1, ""00001101000"": 1, ""00001110101"": 1, ""00101010110"": 1, ""00101011101"": 1, ""11010101000"": 1, ""11011001101"": 1, ""11011101101"": 1, ""11110001011"": 1, ""11110100011"": 1}"
742,019e10f6-ad01-7191-9c63-83b2601a917d,8,42,XIZXYXXYZII,IIZYXXYXZIX,-0.00048828124999999913,10,0.9999999999999999,1.0,1.1102230246251565e-16,-0.0004882812499999991,-0.00048828124999999913,-5.421010862427522e-20,1.1102230246251565e-16,5.421010862427522e-20,"{""00000101011"": 1, ""00000111101"": 1, ""00001000111"": 1, ""00100011100"": 1, ""00100100010"": 1, ""00101000011"": 1, ""00101110010"": 1, ""11010100101"": 1, ""11010101011"": 1, ""11111101011"": 1}"
743,019e10f6-ad01-7191-9c63-83b2601a917d,8,43,XIZXYXXYZZX,XZZYXXYXZIX,-0.00048828124999999913,10,0.9999999999999999,0.6,-0.3999999999999999,-0.0004882812499999991,-0.00029296874999999945,0.00019531249999999963,0.3999999999999999,0.00019531249999999963,"{""00000111100"": 1, ""00001101111"": 1, ""00101000000"": 1, ""00101000011"": 1, ""00101001000"": 1, ""01010101111"": 1, ""11010000011"": 1, ""11010010111"": 1, ""11111000111"": 1, ""11111110000"": 1}"
744,019e10f6-ad01-7191-9c63-83b2601a917d,8,44,XIZXYXYIXIX,XIXIYXYXZIX,0.00048828124999999913,10,-0.9999999999999999,-0.4,0.5999999999999999,-0.0004882812499999991,-0.00019531249999999966,0.0002929687499999994,0.5999999999999999,0.0002929687499999994,"{""00001001111"": 1, ""00100100000"": 1, ""00100101011"": 1, ""00100101100"": 1, ""00101011011"": 1, ""10011001011"": 1, ""11011000000"": 1, ""11011101100"": 1, ""11110110111"": 1, ""11111111100"": 1}"
745,019e10f6-ad01-7191-9c63-83b2601a917d,8,45,XIZXYXYIXZI,IZXIYXYXZIX,0.00048828124999999913,10,-0.9999999999999999,-0.4,0.5999999999999999,-0.0004882812499999991,-0.00019531249999999966,0.0002929687499999994,0.5999999999999999,0.0002929687499999994,"{""00000001011"": 1, ""00000011011"": 1, ""00001000101"": 1, ""00001001111"": 1, ""00001110000"": 1, ""00100110001"": 1, ""11000100111"": 1, ""11010111101"": 1, ""11011101101"": 1, ""11110000000"": 1}"
746,019e10f6-ad01-7191-9c63-83b2601a917d,8,46,XIZXYXYIYXY,YXYIYXYXZIX,-0.00048828124999999913,10,0.9999999999999999,0.4,-0.5999999999999999,-0.0004882812499999991,-0.00019531249999999966,0.0002929687499999994,0.5999999999999999,0.0002929687499999994,"{""00000010000"": 1, ""00000011110"": 1, ""00000111101"": 1, ""00100001100"": 1, ""00101010000"": 1, ""00101010010"": 1, ""00101011100"": 1, ""11010111011"": 1, ""11011110001"": 1, ""11110001111"": 1}"
747,019e10f6-ad01-7191-9c63-83b2601a917d,8,47,XIZXYXYIYYZ,ZYYIYXYXZIX,0.00048828124999999913,10,-0.9999999999999999,-0.2,0.7999999999999998,-0.0004882812499999991,-9.765624999999983e-05,0.00039062499999999926,0.7999999999999998,0.00039062499999999926,"{""00000010101"": 1, ""00000010111"": 1, ""00000111001"": 1, ""00001011000"": 1, ""00100011111"": 1, ""00101100101"": 1, ""10101111100"": 1, ""11010110010"": 1, ""11011000101"": 1, ""11110010101"": 1}"
748,019e10f6-ad01-7191-9c63-83b2601a917d,8,48,XIZXYXYZIII,IIIZYXYXZIX,0.00048828124999999913,10,-0.9999999999999999,-0.4,0.5999999999999999,-0.0004882812499999991,-0.00019531249999999966,0.0002929687499999994,0.5999999999999999,0.0002929687499999994,"{""00000111001"": 1, ""00100000001"": 1, ""00100111000"": 1, ""00101100101"": 1, ""11011010110"": 1, ""11011110000"": 1, ""11111010000"": 1, ""11111100111"": 1, ""11111110001"": 1, ""11111111100"": 1}"
749,019e10f6-ad01-7191-9c63-83b2601a917d,8,49,XIZXYXYZIZX,XZIZYXYXZIX,0.00048828124999999913,10,-0.9999999999999999,-0.2,0.7999999999999998,-0.0004882812499999991,-9.765624999999983e-05,0.00039062499999999926,0.7999999999999998,0.00039062499999999926,"{""00001010011"": 1, ""00001110011"": 1, ""00100001100"": 1, ""00100110100"": 1, ""00101001100"": 1, ""10101010111"": 1, ""11011010000"": 1, ""11011101000"": 1, ""11011110000"": 1, ""11110101111"": 1}"
750,019e10f6-ad01-7191-9c63-83b2601a917d,8,50,XIZXYXYZZXZ,ZXZZYXYXZIX,0.00048828124999999913,10,-0.9999999999999999,-0.2,0.7999999999999998,-0.0004882812499999991,-9.765624999999983e-05,0.00039062499999999926,0.7999999999999998,0.00039062499999999926,"{""00000000101"": 1, ""00000100101"": 1, ""00100110110"": 1, ""00101001110"": 1, ""00101010101"": 1, ""10011011111"": 1, ""11010011110"": 1, ""11011011110"": 1, ""11110000110"": 1, ""11111011000"": 1}"
751,019e10f6-ad01-7191-9c63-83b2601a917d,8,51,XIZXYXYZZYY,YYZZYXYXZIX,0.00048828124999999913,10,-0.9999999999999999,-0.4,0.5999999999999999,-0.0004882812499999991,-0.00019531249999999966,0.0002929687499999994,0.5999999999999999,0.0002929687499999994,"{""00000110000"": 1, ""00001000000"": 1, ""00100101011"": 1, ""11010101011"": 1, ""11010111110"": 1, ""11011011100"": 1, ""11110010111"": 1, ""11110101011"": 1, ""11110101101"": 1, ""11111100000"": 1}"
752,019e10f6-ad01-7191-9c63-83b2601a917d,8,52,XIZXYYIXIXZ,ZXIXIYYXZIX,-0.00048828124999999913,10,0.9999999999999999,0.6,-0.3999999999999999,-0.0004882812499999991,-0.00029296874999999945,0.00019531249999999963,0.3999999999999999,0.00019531249999999963,"{""00101110110"": 1, ""00111000110"": 1, ""01011100011"": 1, ""11010001101"": 1, ""11010111010"": 1, ""11011011000"": 1, ""11011101101"": 1, ""11011101110"": 1, ""11110100000"": 1, ""11111111011"": 1}"
753,019e10f6-ad01-7191-9c63-83b2601a917d,8,53,XIZXYYIXIYY,YYIXIYYXZIX,-0.00048828124999999913,10,0.9999999999999999,0.6,-0.3999999999999999,-0.0004882812499999991,-0.00029296874999999945,0.00019531249999999963,0.3999999999999999,0.00019531249999999963,"{""00000001101"": 1, ""00000100000"": 1, ""00000111011"": 1, ""00001010110"": 1, ""00100010101"": 1, ""00100010110"": 1, ""11010011000"": 1, ""11011100000"": 1, ""11100000011"": 1, ""11111000011"": 1}"
754,019e10f6-ad01-7191-9c63-83b2601a917d,8,54,XIZXYYIXZII,IIZXIYYXZIX,-0.00048828124999999913,10,0.9999999999999999,0.8,-0.19999999999999984,-0.0004882812499999991,-0.0003906249999999993,9.765624999999976e-05,0.19999999999999984,9.765624999999976e-05,"{""00000001101"": 1, ""00001010111"": 1, ""00100001100"": 1, ""00100010100"": 1, ""00101000000"": 1, ""00101000001"": 1, ""00101001101"": 1, ""11011101100"": 1, ""11011101111"": 1, ""11110101110"": 1}"
755,019e10f6-ad01-7191-9c63-83b2601a917d,8,55,XIZXYYIXZZX,XZZXIYYXZIX,-0.00048828124999999913,10,0.9999999999999999,0.8,-0.19999999999999984,-0.0004882812499999991,-0.0003906249999999993,9.765624999999976e-05,0.19999999999999984,9.765624999999976e-05,"{""00001011000"": 1, ""00100011000"": 2, ""10101011000"": 1, ""11010001100"": 1, ""11010001111"": 1, ""11010111000"": 1, ""11011111011"": 1, ""11110100011"": 2}"
756,019e10f6-ad01-7191-9c63-83b2601a917d,8,56,XIZXYYIYXXY,YXXYIYYXZIX,-0.00048828124999999913,10,0.9999999999999999,0.8,-0.19999999999999984,-0.0004882812499999991,-0.0003906249999999993,9.765624999999976e-05,0.19999999999999984,9.765624999999976e-05,"{""00000101000"": 1, ""00000110111"": 1, ""00100100011"": 1, ""00101000011"": 1, ""10011010001"": 1, ""11011010000"": 1, ""11011011110"": 1, ""11111110100"": 2, ""11111111000"": 1}"
757,019e10f6-ad01-7191-9c63-83b2601a917d,8,57,XIZXYYIYXYZ,ZYXYIYYXZIX,0.00048828124999999913,10,-0.9999999999999999,-0.8,0.19999999999999984,-0.0004882812499999991,-0.0003906249999999993,9.765624999999976e-05,0.19999999999999984,9.765624999999976e-05,"{""00001010101"": 1, ""00001011001"": 1, ""00001011111"": 1, ""00100011100"": 1, ""00101000010"": 1, ""00101101001"": 1, ""11010110100"": 1, ""11011100001"": 1, ""11110010101"": 1, ""11111000111"": 1}"
758,019e10f6-ad01-7191-9c63-83b2601a917d,8,58,XIZXYYIYYIX,XIYYIYYXZIX,-0.00048828124999999913,10,0.9999999999999999,0.4,-0.5999999999999999,-0.0004882812499999991,-0.00019531249999999966,0.0002929687499999994,0.5999999999999999,0.0002929687499999994,"{""00001110100"": 1, ""00100010100"": 1, ""00100011000"": 1, ""00101111000"": 1, ""11010000111"": 1, ""11010111000"": 1, ""11010111011"": 1, ""11011100111"": 1, ""11101110100"": 1, ""11111110011"": 1}"
759,019e10f6-ad01-7191-9c63-83b2601a917d,8,59,XIZXYYIYYZI,IZYYIYYXZIX,-0.00048828124999999913,10,0.9999999999999999,0.6,-0.3999999999999999,-0.0004882812499999991,-0.00029296874999999945,0.00019531249999999963,0.3999999999999999,0.00019531249999999963,"{""00000000001"": 1, ""00000111000"": 1, ""00001101010"": 1, ""00001101100"": 1, ""00101110010"": 1, ""11010001101"": 1, ""11010011110"": 1, ""11011011110"": 1, ""11111010101"": 1, ""11111110100"": 1}"
760,019e10f6-ad01-7191-9c63-83b2601a917d,8,60,XIZXYYZIIII,IIIIZYYXZIX,-0.00048828124999999913,10,0.9999999999999999,0.2,-0.7999999999999998,-0.0004882812499999991,-9.765624999999983e-05,0.00039062499999999926,0.7999999999999998,0.00039062499999999926,"{""00000000001"": 1, ""00000001010"": 1, ""00000101000"": 1, ""00010110011"": 1, ""00100010001"": 1, ""00101110111"": 1, ""00111000110"": 1, ""11000110000"": 1, ""11110100011"": 1, ""11111001000"": 1}"
761,019e10f6-ad01-7191-9c63-83b2601a917d,8,61,XIZXYYZIIZX,XZIIZYYXZIX,-0.00048828124999999913,10,0.9999999999999999,0.8,-0.19999999999999984,-0.0004882812499999991,-0.0003906249999999993,9.765624999999976e-05,0.19999999999999984,9.765624999999976e-05,"{""00100100100"": 1, ""00100101000"": 1, ""00101001100"": 1, ""00101001111"": 1, ""11011111111"": 1, ""11110011011"": 1, ""11110101000"": 1, ""11111001100"": 1, ""11111110100"": 1, ""11111111100"": 1}"
762,019e10f6-ad01-7191-9c63-83b2601a917d,8,62,XIZXYYZIZXZ,ZXZIZYYXZIX,-0.00048828124999999913,10,0.9999999999999999,0.8,-0.19999999999999984,-0.0004882812499999991,-0.0003906249999999993,9.765624999999976e-05,0.19999999999999984,9.765624999999976e-05,"{""00000110110"": 1, ""00000111101"": 1, ""00001011101"": 1, ""00010000000"": 1, ""11011101101"": 1, ""11110100000"": 1, ""11110100011"": 1, ""11110100101"": 1, ""11111000101"": 1, ""11111111000"": 1}"
763,019e10f6-ad01-7191-9c63-83b2601a917d,8,63,XIZXYYZIZYY,YYZIZYYXZIX,-0.00048828124999999913,10,0.9999999999999999,0.8,-0.19999999999999984,-0.0004882812499999991,-0.0003906249999999993,9.765624999999976e-05,0.19999999999999984,9.765624999999976e-05,"{""00000000000"": 1, ""00000000101"": 1, ""00000001110"": 1, ""00001011011"": 1, ""00001101110"": 1, ""00100101011"": 1, ""00101111101"": 1, ""10101110011"": 1, ""11010001101"": 1, ""11011100101"": 1}"
764,019e10f6-ad01-7191-9c63-83b2601a917d,8,64,XIZXYYZZXIX,XIXZZYYXZIX,-0.00048828124999999913,10,0.9999999999999999,1.0,1.1102230246251565e-16,-0.0004882812499999991,-0.00048828124999999913,-5.421010862427522e-20,1.1102230246251565e-16,5.421010862427522e-20,"{""00000111011"": 1, ""00001010000"": 1, ""00001101100"": 1, ""00100101011"": 1, ""00101110111"": 1, ""11010000111"": 1, ""11010110000"": 1, ""11010110111"": 1, ""11011100000"": 1, ""11111110000"": 1}"
765,019e10f6-ad01-7191-9c63-83b2601a917d,8,65,XIZXYYZZXZI,IZXZZYYXZIX,-0.00048828124999999913,10,0.9999999999999999,0.8,-0.19999999999999984,-0.0004882812499999991,-0.0003906249999999993,9.765624999999976e-05,0.19999999999999984,9.765624999999976e-05,"{""00000001101"": 1, ""00011101101"": 1, ""00100011101"": 1, ""00100100111"": 1, ""00100101011"": 1, ""11010110000"": 1, ""11011011101"": 1, ""11011101011"": 1, ""11110101011"": 1, ""11111000001"": 1}"
766,019e10f6-ad01-7191-9c63-83b2601a917d,8,66,XIZXYYZZYXY,YXYZZYYXZIX,0.00048828124999999913,10,-0.9999999999999999,-0.4,0.5999999999999999,-0.0004882812499999991,-0.00019531249999999966,0.0002929687499999994,0.5999999999999999,0.0002929687499999994,"{""00000001001"": 1, ""00000001110"": 1, ""00100011101"": 1, ""00101100110"": 1, ""00101111011"": 1, ""00111001000"": 1, ""11010000100"": 1, ""11010001001"": 1, ""11110101011"": 1, ""11111110100"": 1}"
767,019e10f6-ad01-7191-9c63-83b2601a917d,8,67,XIZXYYZZYYZ,ZYYZZYYXZIX,-0.00048828124999999913,10,0.9999999999999999,0.8,-0.19999999999999984,-0.0004882812499999991,-0.0003906249999999993,9.765624999999976e-05,0.19999999999999984,9.765624999999976e-05,"{""00000010100"": 1, ""00001100001"": 1, ""00101000011"": 1, ""00101111100"": 1, ""11010000000"": 1, ""11010000110"": 1, ""11011011100"": 1, ""11011101010"": 1, ""11110011010"": 1, ""11111001001"": 1}"
768,019e10f6-ad01-7191-9c63-83b2601a917d,8,68,XZIIIIIIIII,IIIIIIIIIZX,-0.00048828124999999913,10,0.9999999999999999,1.0,1.1102230246251565e-16,-0.0004882812499999991,-0.00048828124999999913,-5.421010862427522e-20,1.1102230246251565e-16,5.421010862427522e-20,"{""00000011110"": 1, ""00001111010"": 1, ""00010000101"": 1, ""00010101100"": 1, ""00011001100"": 1, ""00011101100"": 1, ""00011110000"": 1, ""11000010111"": 1, ""11001000111"": 1, ""11110111100"": 1}"
769,019e10f6-ad01-7191-9c63-83b2601a917d,8,69,XZIIIIIIIZX,XZIIIIIIIZX,-0.00048828124999999913,10,0.9999999999999999,1.0,1.1102230246251565e-16,-0.0004882812499999991,-0.00048828124999999913,-5.421010862427522e-20,1.1102230246251565e-16,5.421010862427522e-20,"{""00000000111"": 1, ""00000111000"": 1, ""00001110100"": 1, ""00100001011"": 1, ""00100001111"": 1, ""00110011100"": 1, ""11010111011"": 1, ""11100001011"": 1, ""11101101100"": 1, ""11110001011"": 1}"
770,019e10f6-ad01-7191-9c63-83b2601a917d,8,70,XZIIIIIIZXZ,ZXZIIIIIIZX,-0.00048828124999999913,10,0.9999999999999999,0.8,-0.19999999999999984,-0.0004882812499999991,-0.0003906249999999993,9.765624999999976e-05,0.19999999999999984,9.765624999999976e-05,"{""00010111000"": 1, ""00101011011"": 1, ""00110010000"": 1, ""00111010000"": 1, ""11000000000"": 1, ""11010101000"": 1, ""11011011110"": 1, ""11011100010"": 1, ""11100111000"": 1, ""11101011101"": 1}"
771,019e10f6-ad01-7191-9c63-83b2601a917d,8,71,XZIIIIIIZYY,YYZIIIIIIZX,-0.00048828124999999913,10,0.9999999999999999,0.2,-0.7999999999999998,-0.0004882812499999991,-9.765624999999983e-05,0.00039062499999999926,0.7999999999999998,0.00039062499999999926,"{""00000011111"": 1, ""00101000101"": 1, ""00110011011"": 1, ""01000001000"": 1, ""11000001010"": 1, ""11001001000"": 1, ""11010100101"": 1, ""11101011001"": 1, ""11110100011"": 1, ""11111001011"": 1}"
772,019e10f6-ad01-7191-9c63-83b2601a917d,8,72,XZIIIIIZXIX,XIXZIIIIIZX,-0.00048828124999999913,10,0.9999999999999999,1.0,1.1102230246251565e-16,-0.0004882812499999991,-0.00048828124999999913,-5.421010862427522e-20,1.1102230246251565e-16,5.421010862427522e-20,"{""00010111011"": 1, ""00011110111"": 1, ""00100010111"": 1, ""00101001011"": 1, ""11000001011"": 1, ""11001110111"": 1, ""11011011011"": 1, ""11100000111"": 1, ""11110001100"": 1, ""11111101011"": 1}"
773,019e10f6-ad01-7191-9c63-83b2601a917d,8,73,XZIIIIIZXZI,IZXZIIIIIZX,-0.00048828124999999913,10,0.9999999999999999,0.8,-0.19999999999999984,-0.0004882812499999991,-0.0003906249999999993,9.765624999999976e-05,0.19999999999999984,9.765624999999976e-05,"{""00000000001"": 1, ""00011001011"": 1, ""00100000000"": 1, ""00110010001"": 1, ""10101010100"": 1, ""11000110111"": 1, ""11000111101"": 1, ""11010011111"": 1, ""11010100001"": 1, ""11010111011"": 1}"
774,019e10f6-ad01-7191-9c63-83b2601a917d,8,74,XZIIIIIZYXY,YXYZIIIIIZX,0.00048828124999999913,10,-0.9999999999999999,-0.8,0.19999999999999984,-0.0004882812499999991,-0.0003906249999999993,9.765624999999976e-05,0.19999999999999984,9.765624999999976e-05,"{""00011010001"": 1, ""00100011011"": 1, ""00110001011"": 1, ""00110011000"": 1, ""00110110001"": 1, ""00110110100"": 1, ""10010000111"": 1, ""11001011011"": 1, ""11011001101"": 1, ""11011100111"": 1}"
775,019e10f6-ad01-7191-9c63-83b2601a917d,8,75,XZIIIIIZYYZ,ZYYZIIIIIZX,-0.00048828124999999913,10,0.9999999999999999,0.8,-0.19999999999999984,-0.0004882812499999991,-0.0003906249999999993,9.765624999999976e-05,0.19999999999999984,9.765624999999976e-05,"{""00001000110"": 1, ""00011100011"": 1, ""00100001000"": 1, ""00101001001"": 1, ""00110010000"": 1, ""11011000101"": 1, ""11011011111"": 1, ""11101000011"": 1, ""11111000011"": 1, ""11111011111"": 1}"
776,019e10f6-ad01-7191-9c63-83b2601a917d,8,76,XZIIIIZXIXZ,ZXIXZIIIIZX,-0.00048828124999999913,10,0.9999999999999999,0.6,-0.3999999999999999,-0.0004882812499999991,-0.00029296874999999945,0.00019531249999999963,0.3999999999999999,0.00019531249999999963,"{""00000101011"": 1, ""00100000110"": 1, ""00100001101"": 2, ""00100100000"": 1, ""11010110110"": 1, ""11011101101"": 1, ""11101000011"": 1, ""11101011011"": 1, ""11110101001"": 1}"
777,019e10f6-ad01-7191-9c63-83b2601a917d,8,77,XZIIIIZXIYY,YYIXZIIIIZX,-0.00048828124999999913,10,0.9999999999999999,1.0,1.1102230246251565e-16,-0.0004882812499999991,-0.00048828124999999913,-5.421010862427522e-20,1.1102230246251565e-16,5.421010862427522e-20,"{""00000000000"": 1, ""00000001101"": 1, ""00010000000"": 1, ""00100001110"": 1, ""11000000011"": 1, ""11001010101"": 1, ""11011010110"": 1, ""11011111011"": 1, ""11100001101"": 1, ""11110001101"": 1}"
778,019e10f6-ad01-7191-9c63-83b2601a917d,8,78,XZIIIIZXZII,IIZXZIIIIZX,-0.00048828124999999913,10,0.9999999999999999,1.0,1.1102230246251565e-16,-0.0004882812499999991,-0.00048828124999999913,-5.421010862427522e-20,1.1102230246251565e-16,5.421010862427522e-20,"{""00010100001"": 1, ""00011000011"": 1, ""00011010101"": 1, ""00110001111"": 1, ""11000010101"": 1, ""11001100000"": 1, ""11001110101"": 1, ""11010100011"": 1, ""11011010100"": 1, ""11100111001"": 1}"
779,019e10f6-ad01-7191-9c63-83b2601a917d,8,79,XZIIIIZXZZX,XZZXZIIIIZX,-0.00048828124999999913,10,0.9999999999999999,1.0,1.1102230246251565e-16,-0.0004882812499999991,-0.00048828124999999913,-5.421010862427522e-20,1.1102230246251565e-16,5.421010862427522e-20,"{""00000000011"": 1, ""00001101111"": 1, ""00010101111"": 1, ""00011100000"": 1, ""00110100000"": 1, ""00111010100"": 1, ""11001001111"": 1, ""11010011011"": 1, ""11100101100"": 1, ""11101010111"": 1}"
780,019e10f6-ad01-7191-9c63-83b2601a917d,8,80,XZIIIIZYXXY,YXXYZIIIIZX,-0.00048828124999999913,10,0.9999999999999999,0.8,-0.19999999999999984,-0.0004882812499999991,-0.0003906249999999993,9.765624999999976e-05,0.19999999999999984,9.765624999999976e-05,"{""00000110001"": 1, ""00100001010"": 1, ""00100010100"": 1, ""00100011101"": 1, ""00110011101"": 1, ""10110101111"": 1, ""11011110100"": 1, ""11100010111"": 1, ""11101001100"": 1, ""11101010111"": 1}"
781,019e10f6-ad01-7191-9c63-83b2601a917d,8,81,XZIIIIZYXYZ,ZYXYZIIIIZX,0.00048828124999999913,10,-0.9999999999999999,-0.8,0.19999999999999984,-0.0004882812499999991,-0.0003906249999999993,9.765624999999976e-05,0.19999999999999984,9.765624999999976e-05,"{""00101000111"": 1, ""00101011100"": 1, ""00101100100"": 1, ""00110000001"": 1, ""11010001101"": 1, ""11010111010"": 1, ""11011001010"": 1, ""11011110110"": 1, ""11100001000"": 1, ""11101110000"": 1}"
782,019e10f6-ad01-7191-9c63-83b2601a917d,8,82,XZIIIIZYYIX,XIYYZIIIIZX,-0.00048828124999999913,10,0.9999999999999999,0.6,-0.3999999999999999,-0.0004882812499999991,-0.00029296874999999945,0.00019531249999999963,0.3999999999999999,0.00019531249999999963,"{""00000110011"": 1, ""00001010011"": 1, ""00110010100"": 1, ""11001001011"": 1, ""11001111111"": 1, ""11010010011"": 1, ""11100001011"": 1, ""11110011100"": 1, ""11110101011"": 1, ""11111001111"": 1}"
783,019e10f6-ad01-7191-9c63-83b2601a917d,8,83,XZIIIIZYYZI,IZYYZIIIIZX,-0.00048828124999999913,10,0.9999999999999999,0.6,-0.3999999999999999,-0.0004882812499999991,-0.00029296874999999945,0.00019531249999999963,0.3999999999999999,0.00019531249999999963,"{""00010111100"": 1, ""00100000111"": 1, ""00100011001"": 1, ""00101011001"": 1, ""11001000100"": 1, ""11100000001"": 1, ""11100011001"": 1, ""11101011001"": 1, ""11101011111"": 1, ""11110110101"": 1}"
784,019e10f6-ad01-7191-9c63-83b2601a917d,8,84,XZIIIZXIXIX,XIXIXZIIIZX,-0.00048828124999999913,10,0.9999999999999999,0.6,-0.3999999999999999,-0.0004882812499999991,-0.00029296874999999945,0.00019531249999999963,0.3999999999999999,0.00019531249999999963,"{""00011011011"": 1, ""00110001100"": 1, ""00110110000"": 1, ""00111110111"": 1, ""01110001011"": 1, ""11001000000"": 1, ""11001101011"": 1, ""11011011000"": 1, ""11100011011"": 1, ""11110011011"": 1}"
785,019e10f6-ad01-7191-9c63-83b2601a917d,8,85,XZIIIZXIXZI,IZXIXZIIIZX,-0.00048828124999999913,10,0.9999999999999999,0.2,-0.7999999999999998,-0.0004882812499999991,-9.765624999999983e-05,0.00039062499999999926,0.7999999999999998,0.00039062499999999926,"{""00011110110"": 1, ""00101110000"": 1, ""00111110000"": 1, ""11001000001"": 1, ""11001101010"": 1, ""11101010111"": 1, ""11110010111"": 1, ""11110011000"": 1, ""11110101100"": 1, ""11110110010"": 1}"
786,019e10f6-ad01-7191-9c63-83b2601a917d,8,86,XZIIIZXIYXY,YXYIXZIIIZX,0.00048828124999999913,10,-0.9999999999999999,-0.8,0.19999999999999984,-0.0004882812499999991,-0.0003906249999999993,9.765624999999976e-05,0.19999999999999984,9.765624999999976e-05,"{""00001110001"": 1, ""00010000000"": 1, ""00011101000"": 1, ""00011101011"": 1, ""00100000100"": 1, ""00100110111"": 1, ""11001011000"": 2, ""11001011101"": 1, ""11011011110"": 1}"
787,019e10f6-ad01-7191-9c63-83b2601a917d,8,87,XZIIIZXIYYZ,ZYYIXZIIIZX,-0.00048828124999999913,10,0.9999999999999999,1.0,1.1102230246251565e-16,-0.0004882812499999991,-0.00048828124999999913,-5.421010862427522e-20,1.1102230246251565e-16,5.421010862427522e-20,"{""00000101111"": 1, ""00010011100"": 2, ""00011011010"": 1, ""00111000110"": 1, ""11000000110"": 1, ""11000100001"": 1, ""11001101100"": 1, ""11010110110"": 1, ""11011000101"": 1}"
788,019e10f6-ad01-7191-9c63-83b2601a917d,8,88,XZIIIZXZIII,IIIZXZIIIZX,-0.00048828124999999913,10,0.9999999999999999,0.2,-0.7999999999999998,-0.0004882812499999991,-9.765624999999983e-05,0.00039062499999999926,0.7999999999999998,0.00039062499999999926,"{""00001000110"": 1, ""00001100101"": 1, ""00100000110"": 1, ""00110000001"": 1, ""00111101001"": 1, ""01110101001"": 1, ""10011000111"": 1, ""11000011010"": 1, ""11100010110"": 1, ""11110000000"": 1}"
789,019e10f6-ad01-7191-9c63-83b2601a917d,8,89,XZIIIZXZIZX,XZIZXZIIIZX,-0.00048828124999999913,10,0.9999999999999999,0.8,-0.19999999999999984,-0.0004882812499999991,-0.0003906249999999993,9.765624999999976e-05,0.19999999999999984,9.765624999999976e-05,"{""00001101111"": 1, ""00010000000"": 1, ""00100101111"": 1, ""00111000111"": 1, ""00111101000"": 1, ""11000010000"": 1, ""11000110111"": 1, ""11100110111"": 1, ""11101101111"": 1, ""11110011111"": 1}"
790,019e10f6-ad01-7191-9c63-83b2601a917d,8,90,XZIIIZXZZXZ,ZXZZXZIIIZX,-0.00048828124999999913,10,0.9999999999999999,1.0,1.1102230246251565e-16,-0.0004882812499999991,-0.00048828124999999913,-5.421010862427522e-20,1.1102230246251565e-16,5.421010862427522e-20,"{""00001000000"": 1, ""00110011011"": 1, ""11000101101"": 1, ""11010101011"": 1, ""11010110110"": 1, ""11011000000"": 2, ""11101000011"": 1, ""11110110011"": 1, ""11111000101"": 1}"
791,019e10f6-ad01-7191-9c63-83b2601a917d,8,91,XZIIIZXZZYY,YYZZXZIIIZX,-0.00048828124999999913,10,0.9999999999999999,0.6,-0.3999999999999999,-0.0004882812499999991,-0.00029296874999999945,0.00019531249999999963,0.3999999999999999,0.00019531249999999963,"{""00000000000"": 1, ""00001110000"": 2, ""00011000000"": 1, ""00101110000"": 1, ""00110011111"": 1, ""00111000101"": 1, ""11010010110"": 1, ""11011110011"": 1, ""11110110101"": 1}"
792,019e10f6-ad01-7191-9c63-83b2601a917d,8,92,XZIIIZYXXXY,YXXXYZIIIZX,0.00048828124999999913,10,-0.9999999999999999,0.2,1.2,-0.0004882812499999991,9.765624999999983e-05,0.0005859374999999989,1.2,0.0005859374999999989,"{""00000011110"": 1, ""00000101111"": 1, ""00100000111"": 1, ""00111000101"": 1, ""01010011100"": 1, ""01011111101"": 1, ""11100001101"": 1, ""11111001001"": 1, ""11111011000"": 1, ""11111100000"": 1}"
793,019e10f6-ad01-7191-9c63-83b2601a917d,8,93,XZIIIZYXXYZ,ZYXXYZIIIZX,-0.00048828124999999913,10,0.9999999999999999,0.6,-0.3999999999999999,-0.0004882812499999991,-0.00029296874999999945,0.00019531249999999963,0.3999999999999999,0.00019531249999999963,"{""00000011111"": 1, ""00001100010"": 1, ""00010001010"": 1, ""00100101000"": 1, ""01101001110"": 1, ""11001111111"": 1, ""11011110010"": 1, ""11100001001"": 1, ""11101011000"": 1, ""11111000110"": 1}"
794,019e10f6-ad01-7191-9c63-83b2601a917d,8,94,XZIIIZYXYIX,XIYXYZIIIZX,0.00048828124999999913,10,-0.9999999999999999,-1.0,-1.1102230246251565e-16,-0.0004882812499999991,-0.00048828124999999913,-5.421010862427522e-20,1.1102230246251565e-16,5.421010862427522e-20,"{""00000101011"": 1, ""00010011011"": 1, ""00100110011"": 1, ""11000110011"": 1, ""11001100111"": 1, ""11011011100"": 1, ""11100100000"": 2, ""11101000011"": 1, ""11101110100"": 1}"
795,019e10f6-ad01-7191-9c63-83b2601a917d,8,95,XZIIIZYXYZI,IZYXYZIIIZX,0.00048828124999999913,10,-0.9999999999999999,-0.6,0.3999999999999999,-0.0004882812499999991,-0.00029296874999999945,0.00019531249999999963,0.3999999999999999,0.00019531249999999963,"{""00010101011"": 1, ""00011010000"": 1, ""00100010011"": 1, ""00101101011"": 1, ""00111011011"": 1, ""00111111001"": 1, ""01101100111"": 1, ""11000100111"": 1, ""11100000011"": 1, ""11111011101"": 1}"
796,019e10f6-ad01-7191-9c63-83b2601a917d,8,96,XZIIIZYYIXZ,ZXIYYZIIIZX,-0.00048828124999999913,10,0.9999999999999999,0.8,-0.19999999999999984,-0.0004882812499999991,-0.0003906249999999993,9.765624999999976e-05,0.19999999999999984,9.765624999999976e-05,"{""00001110011"": 1, ""00011111101"": 1, ""00110101011"": 1, ""11001110000"": 1, ""11001110011"": 1, ""11011000011"": 1, ""11100010101"": 1, ""11101011000"": 1, ""11110101110"": 1, ""11111100101"": 1}"
797,019e10f6-ad01-7191-9c63-83b2601a917d,8,97,XZIIIZYYIYY,YYIYYZIIIZX,-0.00048828124999999913,10,0.9999999999999999,0.8,-0.19999999999999984,-0.0004882812499999991,-0.0003906249999999993,9.765624999999976e-05,0.19999999999999984,9.765624999999976e-05,"{""00011001101"": 1, ""00100010110"": 1, ""00101001110"": 1, ""00101010101"": 1, ""00110111101"": 1, ""11001110000"": 1, ""11011100101"": 1, ""11100111000"": 1, ""11111101000"": 1, ""11111101011"": 1}"
798,019e10f6-ad01-7191-9c63-83b2601a917d,8,98,XZIIIZYYZII,IIZYYZIIIZX,-0.00048828124999999913,10,0.9999999999999999,0.6,-0.3999999999999999,-0.0004882812499999991,-0.00029296874999999945,0.00019531249999999963,0.3999999999999999,0.00019531249999999963,"{""00010011110"": 1, ""00011001100"": 1, ""00011011011"": 1, ""00011111110"": 1, ""00101111101"": 1, ""00111011001"": 1, ""11010010101"": 1, ""11010100010"": 1, ""11010111101"": 1, ""11100101001"": 1}"
799,019e10f6-ad01-7191-9c63-83b2601a917d,8,99,XZIIIZYYZZX,XZZYYZIIIZX,-0.00048828124999999913,10,0.9999999999999999,1.0,1.1102230246251565e-16,-0.0004882812499999991,-0.00048828124999999913,-5.421010862427522e-20,1.1102230246251565e-16,5.421010862427522e-20,"{""00000100100"": 1, ""00000110011"": 1, ""00010010100"": 1, ""00010011011"": 1, ""00011101011"": 1, ""00100001100"": 1, ""00100011000"": 1, ""11010010100"": 1, ""11011101011"": 1, ""11111000011"": 1}"
800,019e10f6-bf40-7da3-8de6-d174644c817b,9,0,XZIIZXIXIXZ,ZXIXIXZIIZX,-0.00048828124999999913,10,0.9999999999999999,0.8,-0.19999999999999984,-0.0004882812499999991,-0.0003906249999999993,9.765624999999976e-05,0.19999999999999984,9.765624999999976e-05,"{""00000001101"": 1, ""00000001110"": 1, ""00110001101"": 1, ""00110110101"": 1, ""11000000001"": 1, ""11000111011"": 1, ""11001100011"": 1, ""11010110101"": 1, ""11100000011"": 1, ""11111100011"": 1}"
801,019e10f6-bf40-7da3-8de6-d174644c817b,9,1,XZIIZXIXIYY,YYIXIXZIIZX,-0.00048828124999999913,10,0.9999999999999999,0.8,-0.19999999999999984,-0.0004882812499999991,-0.0003906249999999993,9.765624999999976e-05,0.19999999999999984,9.765624999999976e-05,"{""00000110110"": 1, ""00101100000"": 1, ""00111010101"": 1, ""11001100011"": 1, ""11001101001"": 1, ""11001101110"": 1, ""11011100011"": 1, ""11100011000"": 1, ""11101011000"": 1, ""11111100011"": 1}"
802,019e10f6-bf40-7da3-8de6-d174644c817b,9,2,XZIIZXIXZII,IIZXIXZIIZX,-0.00048828124999999913,10,0.9999999999999999,0.8,-0.19999999999999984,-0.0004882812499999991,-0.0003906249999999993,9.765624999999976e-05,0.19999999999999984,9.765624999999976e-05,"{""00000111010"": 1, ""00010001100"": 1, ""00100111011"": 1, ""00101100001"": 1, ""00110001101"": 1, ""11001010111"": 1, ""11001111010"": 1, ""11010000010"": 1, ""11010001110"": 1, ""11111101111"": 1}"
803,019e10f6-bf40-7da3-8de6-d174644c817b,9,3,XZIIZXIXZZX,XZZXIXZIIZX,-0.00048828124999999913,10,0.9999999999999999,0.6,-0.3999999999999999,-0.0004882812499999991,-0.00029296874999999945,0.00019531249999999963,0.3999999999999999,0.00019531249999999963,"{""00000000000"": 1, ""00000111000"": 1, ""00011011000"": 1, ""00100001111"": 1, ""00101100011"": 1, ""01110111011"": 1, ""11000110111"": 1, ""11011101111"": 1, ""11100000000"": 1, ""11100101111"": 1}"
804,019e10f6-bf40-7da3-8de6-d174644c817b,9,4,XZIIZXIYXXY,YXXYIXZIIZX,-0.00048828124999999913,10,0.9999999999999999,0.4,-0.5999999999999999,-0.0004882812499999991,-0.00019531249999999966,0.0002929687499999994,0.5999999999999999,0.0002929687499999994,"{""00100001100"": 1, ""00111011000"": 1, ""10001010100"": 1, ""10001010111"": 1, ""11001011110"": 1, ""11010010001"": 1, ""11101010100"": 1, ""11101100011"": 1, ""11110110010"": 1, ""11111101111"": 1}"
805,019e10f6-bf40-7da3-8de6-d174644c817b,9,5,XZIIZXIYXYZ,ZYXYIXZIIZX,0.00048828124999999913,10,-0.9999999999999999,-0.6,0.3999999999999999,-0.0004882812499999991,-0.00029296874999999945,0.00019531249999999963,0.3999999999999999,0.00019531249999999963,"{""00110011011"": 1, ""10000111111"": 1, ""11000111000"": 1, ""11000111111"": 1, ""11010001011"": 1, ""11011101000"": 1, ""11100111100"": 1, ""11110111100"": 1, ""11110111111"": 1, ""11111010110"": 1}"
806,019e10f6-bf40-7da3-8de6-d174644c817b,9,6,XZIIZXIYYIX,XIYYIXZIIZX,-0.00048828124999999913,10,0.9999999999999999,0.6,-0.3999999999999999,-0.0004882812499999991,-0.00029296874999999945,0.00019531249999999963,0.3999999999999999,0.00019531249999999963,"{""00000000001"": 1, ""00000110100"": 1, ""00001101100"": 1, ""00010001011"": 1, ""00100001100"": 1, ""00110110001"": 1, ""00111010011"": 1, ""01010000111"": 1, ""11000000000"": 1, ""11111101100"": 1}"
807,019e10f6-bf40-7da3-8de6-d174644c817b,9,7,XZIIZXIYYZI,IZYYIXZIIZX,-0.00048828124999999913,10,0.9999999999999999,0.8,-0.19999999999999984,-0.0004882812499999991,-0.0003906249999999993,9.765624999999976e-05,0.19999999999999984,9.765624999999976e-05,"{""00000111111"": 1, ""00010001000"": 1, ""00010110010"": 1, ""00111011001"": 1, ""00111100000"": 1, ""00111101100"": 1, ""11000111000"": 1, ""11001101010"": 1, ""11100110010"": 1, ""11110111111"": 1}"
808,019e10f6-bf40-7da3-8de6-d174644c817b,9,8,XZIIZXZIIII,IIIIZXZIIZX,-0.00048828124999999913,10,0.9999999999999999,0.6,-0.3999999999999999,-0.0004882812499999991,-0.00029296874999999945,0.00019531249999999963,0.3999999999999999,0.00019531249999999963,"{""00000110000"": 1, ""00001001000"": 1, ""00010000110"": 1, ""00011011011"": 1, ""00101100000"": 1, ""00111100100"": 1, ""10001010111"": 1, ""11000111000"": 1, ""11001011000"": 1, ""11001100110"": 1}"
809,019e10f6-bf40-7da3-8de6-d174644c817b,9,9,XZIIZXZIIZX,XZIIZXZIIZX,-0.00048828124999999913,10,0.9999999999999999,0.8,-0.19999999999999984,-0.0004882812499999991,-0.0003906249999999993,9.765624999999976e-05,0.19999999999999984,9.765624999999976e-05,"{""00010001011"": 1, ""00011010000"": 1, ""00101011100"": 1, ""00101101011"": 1, ""00110001111"": 1, ""00110111100"": 1, ""11000011100"": 1, ""11001011100"": 2, ""11011010111"": 1}"
810,019e10f6-bf40-7da3-8de6-d174644c817b,9,10,XZIIZXZIZXZ,ZXZIZXZIIZX,-0.00048828124999999913,10,0.9999999999999999,0.8,-0.19999999999999984,-0.0004882812499999991,-0.0003906249999999993,9.765624999999976e-05,0.19999999999999984,9.765624999999976e-05,"{""00000111000"": 1, ""00010111000"": 1, ""00101011101"": 1, ""00110111011"": 1, ""11000101000"": 1, ""11000111110"": 1, ""11010000011"": 1, ""11010001000"": 1, ""11101010110"": 1, ""11110110011"": 1}"
811,019e10f6-bf40-7da3-8de6-d174644c817b,9,11,XZIIZXZIZYY,YYZIZXZIIZX,-0.00048828124999999913,10,0.9999999999999999,1.0,1.1102230246251565e-16,-0.0004882812499999991,-0.00048828124999999913,-5.421010862427522e-20,1.1102230246251565e-16,5.421010862427522e-20,"{""00001011011"": 1, ""00010001000"": 1, ""00010111000"": 1, ""00111101011"": 1, ""11000000110"": 1, ""11100111101"": 1, ""11101100011"": 1, ""11110000011"": 1, ""11110001101"": 1, ""11111101101"": 1}"
812,019e10f6-bf40-7da3-8de6-d174644c817b,9,12,XZIIZXZZXIX,XIXZZXZIIZX,-0.00048828124999999913,10,0.9999999999999999,0.2,-0.7999999999999998,-0.0004882812499999991,-9.765624999999983e-05,0.00039062499999999926,0.7999999999999998,0.00039062499999999926,"{""00010001010"": 1, ""00110000011"": 1, ""00110011011"": 1, ""00111010111"": 1, ""11000000000"": 1, ""11000001011"": 1, ""11000011000"": 1, ""11001011100"": 1, ""11001011111"": 1, ""11101010010"": 1}"
813,019e10f6-bf40-7da3-8de6-d174644c817b,9,13,XZIIZXZZXZI,IZXZZXZIIZX,-0.00048828124999999913,10,0.9999999999999999,0.4,-0.5999999999999999,-0.0004882812499999991,-0.00019531249999999966,0.0002929687499999994,0.5999999999999999,0.0002929687499999994,"{""00001101010"": 1, ""00010001100"": 1, ""00010111010"": 1, ""00100111010"": 1, ""00110000001"": 1, ""11001011000"": 1, ""11010000010"": 1, ""11100001100"": 1, ""11100111111"": 1, ""11110111011"": 1}"
814,019e10f6-bf40-7da3-8de6-d174644c817b,9,14,XZIIZXZZYXY,YXYZZXZIIZX,0.00048828124999999913,10,-0.9999999999999999,-0.8,0.19999999999999984,-0.0004882812499999991,-0.0003906249999999993,9.765624999999976e-05,0.19999999999999984,9.765624999999976e-05,"{""00100011000"": 1, ""00101010001"": 1, ""00110101010"": 1, ""00110110100"": 1, ""00110111000"": 1, ""00111100001"": 1, ""11000110010"": 1, ""11010001000"": 1, ""11111010111"": 1, ""11111100010"": 1}"
815,019e10f6-bf40-7da3-8de6-d174644c817b,9,15,XZIIZXZZYYZ,ZYYZZXZIIZX,-0.00048828124999999913,10,0.9999999999999999,0.6,-0.3999999999999999,-0.0004882812499999991,-0.00029296874999999945,0.00019531249999999963,0.3999999999999999,0.00019531249999999963,"{""00000001001"": 1, ""00001011100"": 1, ""00010000101"": 1, ""00011011100"": 1, ""00100001001"": 1, ""00100001010"": 2, ""00100101001"": 1, ""00110111010"": 1, ""10001100101"": 1}"
816,019e10f6-bf40-7da3-8de6-d174644c817b,9,16,XZIIZYXXXXY,YXXXXYZIIZX,-0.00048828124999999913,10,0.9999999999999999,0.8,-0.19999999999999984,-0.0004882812499999991,-0.0003906249999999993,9.765624999999976e-05,0.19999999999999984,9.765624999999976e-05,"{""00010110110"": 1, ""00011010011"": 1, ""00100011000"": 1, ""00100101110"": 1, ""00110110100"": 1, ""11000011011"": 1, ""11000100100"": 1, ""11011110100"": 1, ""11101110001"": 1, ""11101110111"": 1}"
817,019e10f6-bf40-7da3-8de6-d174644c817b,9,17,XZIIZYXXXYZ,ZYXXXYZIIZX,0.00048828124999999913,10,-0.9999999999999999,-0.2,0.7999999999999998,-0.0004882812499999991,-9.765624999999983e-05,0.00039062499999999926,0.7999999999999998,0.00039062499999999926,"{""00010011011"": 1, ""00110101011"": 1, ""00111000001"": 1, ""11000000100"": 1, ""11001000000"": 1, ""11001100010"": 1, ""11011001100"": 1, ""11110000100"": 1, ""11110111010"": 1, ""11111100010"": 1}"
818,019e10f6-bf40-7da3-8de6-d174644c817b,9,18,XZIIZYXXYIX,XIYXXYZIIZX,-0.00048828124999999913,10,0.9999999999999999,0.8,-0.19999999999999984,-0.0004882812499999991,-0.0003906249999999993,9.765624999999976e-05,0.19999999999999984,9.765624999999976e-05,"{""00000000000"": 1, ""00001110011"": 1, ""00101001000"": 1, ""00101011011"": 1, ""00111110011"": 1, ""00111110100"": 1, ""10000100011"": 1, ""11011001000"": 1, ""11110100011"": 1, ""11111010111"": 1}"
819,019e10f6-bf40-7da3-8de6-d174644c817b,9,19,XZIIZYXXYZI,IZYXXYZIIZX,-0.00048828124999999913,10,0.9999999999999999,0.2,-0.7999999999999998,-0.0004882812499999991,-9.765624999999983e-05,0.00039062499999999926,0.7999999999999998,0.00039062499999999926,"{""00001100011"": 1, ""00010100111"": 1, ""00011011010"": 1, ""00011101101"": 1, ""00110010010"": 1, ""11000011000"": 1, ""11010000001"": 1, ""11101000001"": 1, ""11101110001"": 1, ""11111001111"": 1}"
820,019e10f6-bf40-7da3-8de6-d174644c817b,9,20,XZIIZYXYIXZ,ZXIYXYZIIZX,0.00048828124999999913,10,-0.9999999999999999,-0.4,0.5999999999999999,-0.0004882812499999991,-0.00019531249999999966,0.0002929687499999994,0.5999999999999999,0.0002929687499999994,"{""00011000011"": 1, ""00100110101"": 1, ""00111000000"": 1, ""00111101011"": 1, ""10101101000"": 1, ""10111010101"": 1, ""11001011000"": 1, ""11001110011"": 1, ""11110010011"": 1, ""11110011000"": 1}"
821,019e10f6-bf40-7da3-8de6-d174644c817b,9,21,XZIIZYXYIYY,YYIYXYZIIZX,0.00048828124999999913,10,-0.9999999999999999,-0.6,0.3999999999999999,-0.0004882812499999991,-0.00029296874999999945,0.00019531249999999963,0.3999999999999999,0.00019531249999999963,"{""00010010000"": 1, ""00010111110"": 1, ""00100011000"": 1, ""00110000110"": 1, ""00111101000"": 1, ""11000001011"": 1, ""11001001101"": 1, ""11101010001"": 1, ""11110000101"": 1, ""11110110110"": 1}"
822,019e10f6-bf40-7da3-8de6-d174644c817b,9,22,XZIIZYXYZII,IIZYXYZIIZX,0.00048828124999999913,10,-0.9999999999999999,-0.4,0.5999999999999999,-0.0004882812499999991,-0.00019531249999999966,0.0002929687499999994,0.5999999999999999,0.0002929687499999994,"{""00000001001"": 1, ""00000001010"": 1, ""00001011001"": 1, ""00110110111"": 1, ""00111001101"": 1, ""01100000111"": 1, ""01101010110"": 1, ""11000110111"": 1, ""11100100100"": 1, ""11101001111"": 1}"
823,019e10f6-bf40-7da3-8de6-d174644c817b,9,23,XZIIZYXYZZX,XZZYXYZIIZX,0.00048828124999999913,10,-0.9999999999999999,-1.0,-1.1102230246251565e-16,-0.0004882812499999991,-0.00048828124999999913,-5.421010862427522e-20,1.1102230246251565e-16,5.421010862427522e-20,"{""00001010111"": 1, ""00010010000"": 1, ""00100011100"": 1, ""00111000011"": 1, ""11000011111"": 1, ""11010100000"": 1, ""11100100011"": 1, ""11110100000"": 1, ""11110111011"": 1, ""11111101011"": 1}"
824,019e10f6-bf40-7da3-8de6-d174644c817b,9,24,XZIIZYYIXIX,XIXIYYZIIZX,-0.00048828124999999913,10,0.9999999999999999,0.4,-0.5999999999999999,-0.0004882812499999991,-0.00019531249999999966,0.0002929687499999994,0.5999999999999999,0.0002929687499999994,"{""00000100100"": 1, ""00011001100"": 1, ""00011010000"": 1, ""00011010100"": 1, ""00110000111"": 1, ""10010101011"": 1, ""11001001111"": 1, ""11010011100"": 1, ""11010110111"": 1, ""11100110000"": 1}"
825,019e10f6-bf40-7da3-8de6-d174644c817b,9,25,XZIIZYYIXZI,IZXIYYZIIZX,-0.00048828124999999913,10,0.9999999999999999,0.8,-0.19999999999999984,-0.0004882812499999991,-0.0003906249999999993,9.765624999999976e-05,0.19999999999999984,9.765624999999976e-05,"{""00010100101"": 1, ""00100111101"": 1, ""00110101011"": 1, ""00111111010"": 1, ""11001100110"": 1, ""11010011010"": 1, ""11011001100"": 1, ""11100101010"": 1, ""11111010110"": 1, ""11111100110"": 1}"
826,019e10f6-bf40-7da3-8de6-d174644c817b,9,26,XZIIZYYIYXY,YXYIYYZIIZX,0.00048828124999999913,10,-0.9999999999999999,-0.2,0.7999999999999998,-0.0004882812499999991,-9.765624999999983e-05,0.00039062499999999926,0.7999999999999998,0.00039062499999999926,"{""00010101011"": 1, ""00100000101"": 1, ""00100110100"": 1, ""00101000100"": 1, ""00101010010"": 1, ""10110101110"": 1, ""10111001110"": 1, ""11100101011"": 1, ""11111100010"": 1, ""11111111011"": 1}"
827,019e10f6-bf40-7da3-8de6-d174644c817b,9,27,XZIIZYYIYYZ,ZYYIYYZIIZX,-0.00048828124999999913,10,0.9999999999999999,0.8,-0.19999999999999984,-0.0004882812499999991,-0.0003906249999999993,9.765624999999976e-05,0.19999999999999984,9.765624999999976e-05,"{""00011010110"": 1, ""00100000101"": 1, ""00101111010"": 1, ""00111011010"": 1, ""00111110010"": 1, ""11100101001"": 1, ""11100110110"": 1, ""11101111010"": 1, ""11101111100"": 1, ""11111100000"": 1}"
828,019e10f6-bf40-7da3-8de6-d174644c817b,9,28,XZIIZYYZIII,IIIZYYZIIZX,-0.00048828124999999913,10,0.9999999999999999,0.8,-0.19999999999999984,-0.0004882812499999991,-0.0003906249999999993,9.765624999999976e-05,0.19999999999999984,9.765624999999976e-05,"{""00001010110"": 1, ""00101010011"": 1, ""00101010100"": 1, ""00110000010"": 1, ""11011111000"": 1, ""11100000000"": 1, ""11100110111"": 1, ""11101010010"": 1, ""11110011111"": 1, ""11111110000"": 1}"
829,019e10f6-bf40-7da3-8de6-d174644c817b,9,29,XZIIZYYZIZX,XZIZYYZIIZX,-0.00048828124999999913,10,0.9999999999999999,0.8,-0.19999999999999984,-0.0004882812499999991,-0.0003906249999999993,9.765624999999976e-05,0.19999999999999984,9.765624999999976e-05,"{""00001100000"": 1, ""00101001100"": 1, ""00101010111"": 1, ""01111111011"": 1, ""11000110000"": 1, ""11010110011"": 1, ""11100011000"": 1, ""11100101000"": 1, ""11100101100"": 1, ""11101001000"": 1}"
830,019e10f6-bf40-7da3-8de6-d174644c817b,9,30,XZIIZYYZZXZ,ZXZZYYZIIZX,-0.00048828124999999913,10,0.9999999999999999,1.0,1.1102230246251565e-16,-0.0004882812499999991,-0.00048828124999999913,-5.421010862427522e-20,1.1102230246251565e-16,5.421010862427522e-20,"{""00000011110"": 1, ""00011100110"": 1, ""00100000011"": 1, ""00100101000"": 1, ""00111011010"": 1, ""11010011011"": 1, ""11101100011"": 1, ""11101100110"": 1, ""11110000101"": 1, ""11111111000"": 1}"
831,019e10f6-bf40-7da3-8de6-d174644c817b,9,31,XZIIZYYZZYY,YYZZYYZIIZX,-0.00048828124999999913,10,0.9999999999999999,0.4,-0.5999999999999999,-0.0004882812499999991,-0.00019531249999999966,0.0002929687499999994,0.5999999999999999,0.0002929687499999994,"{""00010110011"": 1, ""00100110000"": 1, ""00110000101"": 1, ""00110110101"": 1, ""11000000011"": 1, ""11000110101"": 1, ""11010100011"": 1, ""11011100111"": 1, ""11100010101"": 1, ""11100110011"": 1}"
832,019e10f6-bf40-7da3-8de6-d174644c817b,9,32,XZXXIXIXIXZ,ZXIXIXIXXZX,-0.00048828124999999913,10,0.9999999999999999,0.4,-0.5999999999999999,-0.0004882812499999991,-0.00019531249999999966,0.0002929687499999994,0.5999999999999999,0.0002929687499999994,"{""00000000000"": 1, ""00000111000"": 1, ""00101011011"": 1, ""00101101101"": 1, ""00111010110"": 1, ""01000001110"": 1, ""11011011000"": 1, ""11011100011"": 1, ""11100001101"": 1, ""11110111000"": 1}"
833,019e10f6-bf40-7da3-8de6-d174644c817b,9,33,XZXXIXIXIYY,YYIXIXIXXZX,-0.00048828124999999913,10,0.9999999999999999,0.8,-0.19999999999999984,-0.0004882812499999991,-0.0003906249999999993,9.765624999999976e-05,0.19999999999999984,9.765624999999976e-05,"{""00000000000"": 1, ""00000110110"": 1, ""00000111000"": 1, ""00101001011"": 1, ""00101010101"": 1, ""00101101110"": 1, ""11010110110"": 1, ""11011011011"": 1, ""11011100000"": 1, ""11011101110"": 1}"
834,019e10f6-bf40-7da3-8de6-d174644c817b,9,34,XZXXIXIXZII,IIZXIXIXXZX,-0.00048828124999999913,10,0.9999999999999999,0.8,-0.19999999999999984,-0.0004882812499999991,-0.0003906249999999993,9.765624999999976e-05,0.19999999999999984,9.765624999999976e-05,"{""00000000001"": 1, ""00000000011"": 1, ""00101001100"": 1, ""00101100010"": 1, ""11011010111"": 1, ""11011011001"": 1, ""11011011010"": 1, ""11011100000"": 1, ""11110000000"": 1, ""11110110111"": 1}"
835,019e10f6-bf40-7da3-8de6-d174644c817b,9,35,XZXXIXIXZZX,XZZXIXIXXZX,-0.00048828124999999913,10,0.9999999999999999,0.6,-0.3999999999999999,-0.0004882812499999991,-0.00029296874999999945,0.00019531249999999963,0.3999999999999999,0.00019531249999999963,"{""00000110100"": 1, ""00101010100"": 1, ""00101101111"": 2, ""01110000000"": 1, ""11001100011"": 1, ""11011010111"": 1, ""11011011000"": 1, ""11011100011"": 1, ""11011101111"": 1}"
836,019e10f6-bf40-7da3-8de6-d174644c817b,9,36,XZXXIXIYXXY,YXXYIXIXXZX,-0.00048828124999999913,10,0.9999999999999999,0.6,-0.3999999999999999,-0.0004882812499999991,-0.00029296874999999945,0.00019531249999999963,0.3999999999999999,0.00019531249999999963,"{""00000001110"": 1, ""00000111011"": 1, ""00000111100"": 1, ""00100010111"": 1, ""11010010001"": 1, ""11011010010"": 1, ""11011011101"": 1, ""11110001010"": 1, ""11110001100"": 1, ""11110111110"": 1}"
837,019e10f6-bf40-7da3-8de6-d174644c817b,9,37,XZXXIXIYXYZ,ZYXYIXIXXZX,0.00048828124999999913,10,-0.9999999999999999,0.0,0.9999999999999999,-0.0004882812499999991,0.0,0.0004882812499999991,0.9999999999999999,0.0004882812499999991,"{""00000000111"": 1, ""00000110100"": 1, ""00101011001"": 1, ""00101100110"": 1, ""10110001000"": 1, ""11011000010"": 1, ""11011101101"": 1, ""11110000001"": 1, ""11110110000"": 1, ""11110111011"": 1}"
838,019e10f6-bf40-7da3-8de6-d174644c817b,9,38,XZXXIXIYYIX,XIYYIXIXXZX,-0.00048828124999999913,10,0.9999999999999999,0.4,-0.5999999999999999,-0.0004882812499999991,-0.00019531249999999966,0.0002929687499999994,0.5999999999999999,0.0002929687499999994,"{""00101010100"": 1, ""00101011111"": 1, ""01011010011"": 1, ""01101011100"": 1, ""11011010100"": 1, ""11011101011"": 1, ""11100110100"": 1, ""11100111000"": 1, ""11110001100"": 1, ""11110110100"": 1}"
839,019e10f6-bf40-7da3-8de6-d174644c817b,9,39,XZXXIXIYYZI,IZYYIXIXXZX,-0.00048828124999999913,10,0.9999999999999999,0.6,-0.3999999999999999,-0.0004882812499999991,-0.00029296874999999945,0.00019531249999999963,0.3999999999999999,0.00019531249999999963,"{""00000000000"": 1, ""00000000111"": 1, ""00000110011"": 1, ""00101010111"": 1, ""00101100001"": 1, ""00110011000"": 1, ""11011011000"": 1, ""11011101010"": 1, ""11110001101"": 1, ""11110110100"": 1}"
840,019e10f6-bf40-7da3-8de6-d174644c817b,9,40,XZXXIXZIIII,IIIIZXIXXZX,-0.00048828124999999913,10,0.9999999999999999,0.8,-0.19999999999999984,-0.0004882812499999991,-0.0003906249999999993,9.765624999999976e-05,0.19999999999999984,9.765624999999976e-05,"{""00010001001"": 1, ""00010101010"": 1, ""00101010010"": 1, ""00101010011"": 1, ""00101011001"": 1, ""00101100101"": 1, ""00101101001"": 1, ""11011010000"": 1, ""11011100101"": 1, ""11110111010"": 1}"
841,019e10f6-bf40-7da3-8de6-d174644c817b,9,41,XZXXIXZIIZX,XZIIZXIXXZX,-0.00048828124999999913,10,0.9999999999999999,0.8,-0.19999999999999984,-0.0004882812499999991,-0.0003906249999999993,9.765624999999976e-05,0.19999999999999984,9.765624999999976e-05,"{""00000000011"": 1, ""00000001011"": 1, ""00000111000"": 1, ""00000111111"": 1, ""00101011000"": 1, ""00101100100"": 1, ""11011010100"": 1, ""11011011000"": 1, ""11011011111"": 1, ""11110000001"": 1}"
842,019e10f6-bf40-7da3-8de6-d174644c817b,9,42,XZXXIXZIZXZ,ZXZIZXIXXZX,-0.00048828124999999913,10,0.9999999999999999,0.4,-0.5999999999999999,-0.0004882812499999991,-0.00019531249999999966,0.0002929687499999994,0.5999999999999999,0.0002929687499999994,"{""00000000110"": 1, ""00000100011"": 1, ""00000111000"": 1, ""00101011000"": 1, ""00101011101"": 1, ""11001100110"": 1, ""11110001101"": 1, ""11110110000"": 1, ""11110110100"": 1, ""11110111101"": 1}"
843,019e10f6-bf40-7da3-8de6-d174644c817b,9,43,XZXXIXZIZYY,YYZIZXIXXZX,-0.00048828124999999913,10,0.9999999999999999,0.8,-0.19999999999999984,-0.0004882812499999991,-0.0003906249999999993,9.765624999999976e-05,0.19999999999999984,9.765624999999976e-05,"{""00000110101"": 1, ""00101010101"": 1, ""00101100000"": 1, ""11011010110"": 1, ""11011011110"": 1, ""11011101101"": 1, ""11110100000"": 1, ""11110110011"": 1, ""11110110101"": 1, ""11110111000"": 1}"
844,019e10f6-bf40-7da3-8de6-d174644c817b,9,44,XZXXIXZZXIX,XIXZZXIXXZX,-0.00048828124999999913,10,0.9999999999999999,0.8,-0.19999999999999984,-0.0004882812499999991,-0.0003906249999999993,9.765624999999976e-05,0.19999999999999984,9.765624999999976e-05,"{""00000000000"": 1, ""00000000011"": 1, ""00000111100"": 1, ""00101010000"": 1, ""00101010111"": 1, ""00101100000"": 1, ""11011101001"": 1, ""11011101100"": 1, ""11110000111"": 1, ""11110001011"": 1}"
845,019e10f6-bf40-7da3-8de6-d174644c817b,9,45,XZXXIXZZXZI,IZXZZXIXXZX,-0.00048828124999999913,10,0.9999999999999999,0.8,-0.19999999999999984,-0.0004882812499999991,-0.0003906249999999993,9.765624999999976e-05,0.19999999999999984,9.765624999999976e-05,"{""00000110000"": 1, ""00000110001"": 1, ""00101001100"": 1, ""00101010000"": 1, ""00101010110"": 1, ""00101011011"": 1, ""00101101100"": 1, ""11010010000"": 1, ""11011100110"": 1, ""11110111011"": 1}"
846,019e10f6-bf40-7da3-8de6-d174644c817b,9,46,XZXXIXZZYXY,YXYZZXIXXZX,0.00048828124999999913,10,-0.9999999999999999,-0.6,0.3999999999999999,-0.0004882812499999991,-0.00029296874999999945,0.00019531249999999963,0.3999999999999999,0.00019531249999999963,"{""00101010111"": 1, ""00101100010"": 1, ""00101101110"": 2, ""00111100100"": 1, ""01000110100"": 1, ""01011010000"": 1, ""11011100001"": 1, ""11110110100"": 1, ""11110111101"": 1}"
847,019e10f6-bf40-7da3-8de6-d174644c817b,9,47,XZXXIXZZYYZ,ZYYZZXIXXZX,-0.00048828124999999913,10,0.9999999999999999,0.6,-0.3999999999999999,-0.0004882812499999991,-0.00029296874999999945,0.00019531249999999963,0.3999999999999999,0.00019531249999999963,"{""00000110101"": 1, ""00010001111"": 1, ""00101010000"": 1, ""00101011100"": 1, ""00101100110"": 1, ""00101101111"": 1, ""01011001001"": 1, ""01011001110"": 1, ""11011011100"": 1, ""11110001111"": 1}"
848,019e10f6-bf40-7da3-8de6-d174644c817b,9,48,XZXXIYXXXXY,YXXXXYIXXZX,-0.00048828124999999913,10,0.9999999999999999,0.4,-0.5999999999999999,-0.0004882812499999991,-0.00019531249999999966,0.0002929687499999994,0.5999999999999999,0.0002929687499999994,"{""00000000001"": 1, ""00000011011"": 1, ""00101011111"": 1, ""00101100010"": 1, ""10010000101"": 1, ""11011001100"": 1, ""11011010110"": 1, ""11011110001"": 1, ""11011110111"": 1, ""11110000101"": 1}"
849,019e10f6-bf40-7da3-8de6-d174644c817b,9,49,XZXXIYXXXYZ,ZYXXXYIXXZX,0.00048828124999999913,10,-0.9999999999999999,-0.6,0.3999999999999999,-0.0004882812499999991,-0.00029296874999999945,0.00019531249999999963,0.3999999999999999,0.00019531249999999963,"{""00000011010"": 1, ""00000110001"": 1, ""00000110111"": 1, ""00101001001"": 1, ""00101001111"": 1, ""00101101101"": 1, ""11011010010"": 1, ""11011010100"": 1, ""11110001111"": 1, ""11110101011"": 1}"
850,019e10f6-bf40-7da3-8de6-d174644c817b,9,50,XZXXIYXXYIX,XIYXXYIXXZX,-0.00048828124999999913,10,0.9999999999999999,0.6,-0.3999999999999999,-0.0004882812499999991,-0.00029296874999999945,0.00019531249999999963,0.3999999999999999,0.00019531249999999963,"{""00000101011"": 1, ""00101000011"": 1, ""00101011011"": 1, ""00101110100"": 1, ""01011101100"": 1, ""11011000011"": 1, ""11011011011"": 1, ""11011101100"": 1, ""11011111111"": 1, ""11110001011"": 1}"
851,019e10f6-bf40-7da3-8de6-d174644c817b,9,51,XZXXIYXXYZI,IZYXXYIXXZX,-0.00048828124999999913,10,0.9999999999999999,0.4,-0.5999999999999999,-0.0004882812499999991,-0.00019531249999999966,0.0002929687499999994,0.5999999999999999,0.0002929687499999994,"{""00000000011"": 1, ""00000010011"": 1, ""00000011001"": 1, ""00000100010"": 1, ""11011010001"": 1, ""11110000100"": 1, ""11110001110"": 1, ""11110011001"": 2, ""11110101000"": 1}"
852,019e10f6-bf40-7da3-8de6-d174644c817b,9,52,XZXXIYXYIXZ,ZXIYXYIXXZX,0.00048828124999999913,10,-0.9999999999999999,-0.6,0.3999999999999999,-0.0004882812499999991,-0.00029296874999999945,0.00019531249999999963,0.3999999999999999,0.00019531249999999963,"{""00000000101"": 1, ""00000100000"": 1, ""00101000011"": 1, ""00101001101"": 1, ""00101111110"": 1, ""10000000101"": 1, ""11010000101"": 1, ""11011000011"": 1, ""11110000110"": 1, ""11110010000"": 1}"
853,019e10f6-bf40-7da3-8de6-d174644c817b,9,53,XZXXIYXYIYY,YYIYXYIXXZX,0.00048828124999999913,10,-0.9999999999999999,-0.4,0.5999999999999999,-0.0004882812499999991,-0.00019531249999999966,0.0002929687499999994,0.5999999999999999,0.0002929687499999994,"{""00000010000"": 1, ""00000110110"": 1, ""00101010110"": 1, ""00101110000"": 1, ""11011110101"": 1, ""11110011101"": 1, ""11110011111"": 1, ""11110100000"": 1, ""11110100101"": 1, ""11110111011"": 1}"
854,019e10f6-bf40-7da3-8de6-d174644c817b,9,54,XZXXIYXYZII,IIZYXYIXXZX,0.00048828124999999913,10,-0.9999999999999999,-0.8,0.19999999999999984,-0.0004882812499999991,-0.0003906249999999993,9.765624999999976e-05,0.19999999999999984,9.765624999999976e-05,"{""00000000111"": 1, ""00000001101"": 1, ""00000011110"": 1, ""00000011111"": 1, ""00001101111"": 1, ""00101101000"": 1, ""00101110010"": 1, ""11011101011"": 1, ""11110010000"": 1, ""11110011111"": 1}"
855,019e10f6-bf40-7da3-8de6-d174644c817b,9,55,XZXXIYXYZZX,XZZYXYIXXZX,0.00048828124999999913,10,-0.9999999999999999,-0.6,0.3999999999999999,-0.0004882812499999991,-0.00029296874999999945,0.00019531249999999963,0.3999999999999999,0.00019531249999999963,"{""00000001011"": 1, ""00101000000"": 1, ""11011001100"": 1, ""11011010100"": 1, ""11011011011"": 1, ""11011101011"": 1, ""11110000011"": 1, ""11110010011"": 1, ""11110101011"": 1, ""11110111000"": 1}"
856,019e10f6-bf40-7da3-8de6-d174644c817b,9,56,XZXXIYYIXIX,XIXIYYIXXZX,-0.00048828124999999913,10,0.9999999999999999,0.2,-0.7999999999999998,-0.0004882812499999991,-9.765624999999983e-05,0.00039062499999999926,0.7999999999999998,0.00039062499999999926,"{""00000000000"": 1, ""00000111011"": 1, ""00101001011"": 1, ""00111111100"": 1, ""11011100111"": 1, ""11011110111"": 1, ""11011111100"": 1, ""11110000111"": 1, ""11110011000"": 1, ""11110110000"": 1}"
857,019e10f6-bf40-7da3-8de6-d174644c817b,9,57,XZXXIYYIXZI,IZXIYYIXXZX,-0.00048828124999999913,10,0.9999999999999999,0.4,-0.5999999999999999,-0.0004882812499999991,-0.00019531249999999966,0.0002929687499999994,0.5999999999999999,0.0002929687499999994,"{""00000000111"": 1, ""00000101000"": 1, ""00000101010"": 1, ""00000101011"": 1, ""00000110111"": 1, ""00100001101"": 1, ""00101100000"": 1, ""00110111011"": 1, ""11011001101"": 1, ""11011110000"": 1}"
858,019e10f6-bf40-7da3-8de6-d174644c817b,9,58,XZXXIYYIYXY,YXYIYYIXXZX,0.00048828124999999913,10,-0.9999999999999999,-0.4,0.5999999999999999,-0.0004882812499999991,-0.00019531249999999966,0.0002929687499999994,0.5999999999999999,0.0002929687499999994,"{""00000011011"": 1, ""00101001110"": 1, ""00101100001"": 1, ""10000100111"": 1, ""11001111001"": 1, ""11011010000"": 1, ""11110000111"": 1, ""11110011011"": 1, ""11110011100"": 1, ""11110101001"": 1}"
859,019e10f6-bf40-7da3-8de6-d174644c817b,9,59,XZXXIYYIYYZ,ZYYIYYIXXZX,-0.00048828124999999913,10,0.9999999999999999,0.6,-0.3999999999999999,-0.0004882812499999991,-0.00029296874999999945,0.00019531249999999963,0.3999999999999999,0.00019531249999999963,"{""00000011111"": 1, ""00000101010"": 1, ""00000101111"": 1, ""00101011001"": 1, ""10000110110"": 1, ""11011001001"": 1, ""11011001100"": 1, ""11110000101"": 1, ""11110011001"": 1, ""11110110011"": 1}"
860,019e10f6-bf40-7da3-8de6-d174644c817b,9,60,XZXXIYYZIII,IIIZYYIXXZX,-0.00048828124999999913,10,0.9999999999999999,0.8,-0.19999999999999984,-0.0004882812499999991,-0.0003906249999999993,9.765624999999976e-05,0.19999999999999984,9.765624999999976e-05,"{""00000001011"": 1, ""00000101111"": 1, ""00100100011"": 1, ""11011001111"": 1, ""11011010110"": 1, ""11110000000"": 1, ""11110000111"": 1, ""11110101011"": 1, ""11110101110"": 1, ""11110110010"": 1}"
861,019e10f6-bf40-7da3-8de6-d174644c817b,9,61,XZXXIYYZIZX,XZIZYYIXXZX,-0.00048828124999999913,10,0.9999999999999999,0.8,-0.19999999999999984,-0.0004882812499999991,-0.0003906249999999993,9.765624999999976e-05,0.19999999999999984,9.765624999999976e-05,"{""00000110011"": 1, ""00000110100"": 1, ""00101010111"": 1, ""00101111011"": 2, ""11110000011"": 1, ""11110010000"": 1, ""11110011000"": 1, ""11110011100"": 1, ""11110011111"": 1}"
862,019e10f6-bf40-7da3-8de6-d174644c817b,9,62,XZXXIYYZZXZ,ZXZZYYIXXZX,-0.00048828124999999913,10,0.9999999999999999,1.0,1.1102230246251565e-16,-0.0004882812499999991,-0.00048828124999999913,-5.421010862427522e-20,1.1102230246251565e-16,5.421010862427522e-20,"{""00000000101"": 1, ""00000011101"": 1, ""00000101101"": 1, ""00000101110"": 1, ""00101100011"": 1, ""11011010110"": 1, ""11011100011"": 1, ""11011100101"": 1, ""11110011101"": 1, ""11110101101"": 1}"
863,019e10f6-bf40-7da3-8de6-d174644c817b,9,63,XZXXIYYZZYY,YYZZYYIXXZX,-0.00048828124999999913,10,0.9999999999999999,0.8,-0.19999999999999984,-0.0004882812499999991,-0.0003906249999999993,9.765624999999976e-05,0.19999999999999984,9.765624999999976e-05,"{""00000101110"": 1, ""00010110110"": 1, ""00101001000"": 1, ""00101001110"": 1, ""00101010011"": 1, ""00101100110"": 1, ""00101111011"": 1, ""11011001101"": 1, ""11011001110"": 1, ""11110011110"": 1}"
864,019e10f6-bf40-7da3-8de6-d174644c817b,9,64,XZXXZIIIIII,IIIIIIZXXZX,-0.00048828124999999913,10,0.9999999999999999,1.0,1.1102230246251565e-16,-0.0004882812499999991,-0.00048828124999999913,-5.421010862427522e-20,1.1102230246251565e-16,5.421010862427522e-20,"{""00000001010"": 1, ""00000011101"": 1, ""00101000111"": 1, ""00101001000"": 1, ""00101011100"": 1, ""11011001110"": 1, ""11011100000"": 1, ""11011101110"": 1, ""11110011110"": 1, ""11110101010"": 1}"
865,019e10f6-bf40-7da3-8de6-d174644c817b,9,65,XZXXZIIIIZX,XZIIIIZXXZX,-0.00048828124999999913,10,0.9999999999999999,0.6,-0.3999999999999999,-0.0004882812499999991,-0.00029296874999999945,0.00019531249999999963,0.3999999999999999,0.00019531249999999963,"{""00000010100"": 1, ""00000011111"": 1, ""00010100100"": 1, ""00101011000"": 1, ""00101011011"": 1, ""00101111000"": 1, ""10000110100"": 1, ""11011000111"": 1, ""11110000100"": 1, ""11110101011"": 1}"
866,019e10f6-bf40-7da3-8de6-d174644c817b,9,66,XZXXZIIIZXZ,ZXZIIIZXXZX,-0.00048828124999999913,10,0.9999999999999999,0.4,-0.5999999999999999,-0.0004882812499999991,-0.00019531249999999966,0.0002929687499999994,0.5999999999999999,0.0002929687499999994,"{""00000001011"": 1, ""00000011000"": 2, ""00000101110"": 1, ""00001110110"": 1, ""00101010000"": 1, ""01011010000"": 1, ""01111110110"": 1, ""10101110101"": 1, ""11011111110"": 1}"
867,019e10f6-bf40-7da3-8de6-d174644c817b,9,67,XZXXZIIIZYY,YYZIIIZXXZX,-0.00048828124999999913,10,0.9999999999999999,1.0,1.1102230246251565e-16,-0.0004882812499999991,-0.00048828124999999913,-5.421010862427522e-20,1.1102230246251565e-16,5.421010862427522e-20,"{""00000110000"": 1, ""00000110110"": 1, ""00101001000"": 1, ""00101010011"": 1, ""00101100000"": 1, ""11011110110"": 1, ""11110000011"": 1, ""11110000110"": 2, ""11110001000"": 1}"
868,019e10f6-bf40-7da3-8de6-d174644c817b,9,68,XZXXZIIZXIX,XIXZIIZXXZX,-0.00048828124999999913,10,0.9999999999999999,0.8,-0.19999999999999984,-0.0004882812499999991,-0.0003906249999999993,9.765624999999976e-05,0.19999999999999984,9.765624999999976e-05,"{""00000001001"": 1, ""00000100111"": 1, ""00101000000"": 1, ""11011000111"": 1, ""11011011011"": 1, ""11011101100"": 1, ""11110001100"": 1, ""11110011100"": 1, ""11110100000"": 1, ""11111101100"": 1}"
869,019e10f6-bf40-7da3-8de6-d174644c817b,9,69,XZXXZIIZXZI,IZXZIIZXXZX,-0.00048828124999999913,10,0.9999999999999999,0.4,-0.5999999999999999,-0.0004882812499999991,-0.00019531249999999966,0.0002929687499999994,0.5999999999999999,0.0002929687499999994,"{""00000100110"": 1, ""00000101011"": 1, ""00000110001"": 2, ""00101001101"": 1, ""00101100000"": 1, ""00101101100"": 1, ""10101010001"": 1, ""11011000010"": 1, ""11011100101"": 1}"
870,019e10f6-bf40-7da3-8de6-d174644c817b,9,70,XZXXZIIZYXY,YXYZIIZXXZX,0.00048828124999999913,10,-0.9999999999999999,-0.8,0.19999999999999984,-0.0004882812499999991,-0.0003906249999999993,9.765624999999976e-05,0.19999999999999984,9.765624999999976e-05,"{""00101001101"": 1, ""00101011101"": 2, ""00101110100"": 1, ""00101111000"": 1, ""01101100001"": 1, ""11011001011"": 1, ""11110000010"": 1, ""11110001101"": 1, ""11110011011"": 1}"
871,019e10f6-bf40-7da3-8de6-d174644c817b,9,71,XZXXZIIZYYZ,ZYYZIIZXXZX,-0.00048828124999999913,10,0.9999999999999999,0.6,-0.3999999999999999,-0.0004882812499999991,-0.00029296874999999945,0.00019531249999999963,0.3999999999999999,0.00019531249999999963,"{""00000000010"": 1, ""00000010011"": 1, ""00000110000"": 1, ""00000111001"": 1, ""00101001100"": 1, ""00101011111"": 1, ""11011000111"": 1, ""11011010101"": 2, ""11110101010"": 1}"
872,019e10f6-bf40-7da3-8de6-d174644c817b,9,72,XZXXZIZXIXZ,ZXIXZIZXXZX,-0.00048828124999999913,10,0.9999999999999999,0.8,-0.19999999999999984,-0.0004882812499999991,-0.0003906249999999993,9.765624999999976e-05,0.19999999999999984,9.765624999999976e-05,"{""00000011000"": 2, ""00000011010"": 1, ""00000100011"": 1, ""00000111011"": 1, ""00101010110"": 1, ""00101110101"": 1, ""00101111000"": 1, ""11011000000"": 1, ""11110111000"": 1}"
873,019e10f6-bf40-7da3-8de6-d174644c817b,9,73,XZXXZIZXIYY,YYIXZIZXXZX,-0.00048828124999999913,10,0.9999999999999999,0.8,-0.19999999999999984,-0.0004882812499999991,-0.0003906249999999993,9.765624999999976e-05,0.19999999999999984,9.765624999999976e-05,"{""00000100000"": 1, ""00101000000"": 1, ""00101010110"": 1, ""00101100000"": 1, ""11011010101"": 1, ""11011100101"": 1, ""11011111000"": 1, ""11110001101"": 1, ""11110001110"": 1, ""11110111000"": 1}"
874,019e10f6-bf40-7da3-8de6-d174644c817b,9,74,XZXXZIZXZII,IIZXZIZXXZX,-0.00048828124999999913,10,0.9999999999999999,0.8,-0.19999999999999984,-0.0004882812499999991,-0.0003906249999999993,9.765624999999976e-05,0.19999999999999984,9.765624999999976e-05,"{""00000000000"": 1, ""00000000001"": 1, ""00000011010"": 1, ""00000100001"": 1, ""00101001100"": 1, ""00101001111"": 1, ""00101111001"": 1, ""10101000000"": 1, ""11011100000"": 1, ""11110001101"": 1}"
875,019e10f6-bf40-7da3-8de6-d174644c817b,9,75,XZXXZIZXZZX,XZZXZIZXXZX,-0.00048828124999999913,10,0.9999999999999999,1.0,1.1102230246251565e-16,-0.0004882812499999991,-0.00048828124999999913,-5.421010862427522e-20,1.1102230246251565e-16,5.421010862427522e-20,"{""00000001100"": 1, ""00000110111"": 1, ""00000111000"": 1, ""00101100011"": 1, ""00101101111"": 1, ""11011001111"": 1, ""11011011000"": 1, ""11011110111"": 1, ""11110010100"": 1, ""11110011011"": 1}"
876,019e10f6-bf40-7da3-8de6-d174644c817b,9,76,XZXXZIZYXXY,YXXYZIZXXZX,-0.00048828124999999913,10,0.9999999999999999,1.0,1.1102230246251565e-16,-0.0004882812499999991,-0.00048828124999999913,-5.421010862427522e-20,1.1102230246251565e-16,5.421010862427522e-20,"{""00000101010"": 1, ""00000111000"": 1, ""00101101111"": 1, ""00101111011"": 1, ""11010000100"": 1, ""11011011011"": 1, ""11011011110"": 1, ""11110010111"": 1, ""11110011011"": 1, ""11110110100"": 1}"
877,019e10f6-bf40-7da3-8de6-d174644c817b,9,77,XZXXZIZYXYZ,ZYXYZIZXXZX,0.00048828124999999913,10,-0.9999999999999999,-0.4,0.5999999999999999,-0.0004882812499999991,-0.00019531249999999966,0.0002929687499999994,0.5999999999999999,0.0002929687499999994,"{""00000000010"": 1, ""00000010100"": 1, ""00000010110"": 1, ""00101011110"": 1, ""00101011111"": 1, ""11010010110"": 1, ""11011010110"": 1, ""11011011111"": 1, ""11011100001"": 1, ""11110000111"": 1}"
878,019e10f6-bf40-7da3-8de6-d174644c817b,9,78,XZXXZIZYYIX,XIYYZIZXXZX,-0.00048828124999999913,10,0.9999999999999999,0.6,-0.3999999999999999,-0.0004882812499999991,-0.00029296874999999945,0.00019531249999999963,0.3999999999999999,0.00019531249999999963,"{""00000100000"": 1, ""00000111110"": 1, ""00010001100"": 1, ""00101000111"": 1, ""11011000000"": 1, ""11011000111"": 1, ""11011100000"": 1, ""11110000111"": 1, ""11110001011"": 1, ""11110011111"": 1}"
879,019e10f6-bf40-7da3-8de6-d174644c817b,9,79,XZXXZIZYYZI,IZYYZIZXXZX,-0.00048828124999999913,10,0.9999999999999999,0.6,-0.3999999999999999,-0.0004882812499999991,-0.00029296874999999945,0.00019531249999999963,0.3999999999999999,0.00019531249999999963,"{""00000000110"": 1, ""00000011001"": 1, ""00000101100"": 1, ""00101110001"": 1, ""00101111000"": 1, ""01011011110"": 1, ""11011000111"": 1, ""11110010101"": 1, ""11110100111"": 1, ""11110110101"": 1}"
880,019e10f6-bf40-7da3-8de6-d174644c817b,9,80,XZXXZZXIXIX,XIXIXZZXXZX,-0.00048828124999999913,10,0.9999999999999999,0.4,-0.5999999999999999,-0.0004882812499999991,-0.00019531249999999966,0.0002929687499999994,0.5999999999999999,0.0002929687499999994,"{""00000101100"": 1, ""00000110000"": 1, ""00101100100"": 1, ""00101101001"": 1, ""00111110000"": 1, ""10011001000"": 1, ""11011000000"": 1, ""11011110000"": 1, ""11110000100"": 1, ""11110101011"": 1}"
881,019e10f6-bf40-7da3-8de6-d174644c817b,9,81,XZXXZZXIXZI,IZXIXZZXXZX,-0.00048828124999999913,10,0.9999999999999999,0.8,-0.19999999999999984,-0.0004882812499999991,-0.0003906249999999993,9.765624999999976e-05,0.19999999999999984,9.765624999999976e-05,"{""00000000111"": 1, ""00101101011"": 1, ""00101110001"": 1, ""10101011101"": 1, ""10111110111"": 1, ""11011000001"": 1, ""11011101010"": 1, ""11011110001"": 1, ""11011110111"": 1, ""11110011010"": 1}"
882,019e10f6-bf40-7da3-8de6-d174644c817b,9,82,XZXXZZXIYXY,YXYIXZZXXZX,0.00048828124999999913,10,-0.9999999999999999,-0.4,0.5999999999999999,-0.0004882812499999991,-0.00019531249999999966,0.0002929687499999994,0.5999999999999999,0.0002929687499999994,"{""00000101110"": 1, ""00000110010"": 1, ""11001000001"": 1, ""11001011100"": 1, ""11011000100"": 1, ""11011011110"": 1, ""11011100001"": 1, ""11011101010"": 1, ""11011110010"": 1, ""11110110111"": 1}"
883,019e10f6-bf40-7da3-8de6-d174644c817b,9,83,XZXXZZXIYYZ,ZYYIXZZXXZX,-0.00048828124999999913,10,0.9999999999999999,0.4,-0.5999999999999999,-0.0004882812499999991,-0.00019531249999999966,0.0002929687499999994,0.5999999999999999,0.0002929687499999994,"{""00000001100"": 1, ""00000011010"": 1, ""00101110101"": 1, ""10000000011"": 1, ""10101011111"": 1, ""11011011111"": 1, ""11011101001"": 1, ""11110000110"": 1, ""11110101001"": 1, ""11110101100"": 1}"
884,019e10f6-bf40-7da3-8de6-d174644c817b,9,84,XZXXZZXZIII,IIIZXZZXXZX,-0.00048828124999999913,10,0.9999999999999999,0.4,-0.5999999999999999,-0.0004882812499999991,-0.00019531249999999966,0.0002929687499999994,0.5999999999999999,0.0002929687499999994,"{""00000000101"": 1, ""00000101101"": 1, ""00000110011"": 1, ""00100011001"": 1, ""00101010010"": 1, ""00101011100"": 1, ""00101011101"": 1, ""00101110010"": 1, ""11011010100"": 1, ""11011011000"": 1}"
885,019e10f6-bf40-7da3-8de6-d174644c817b,9,85,XZXXZZXZIZX,XZIZXZZXXZX,-0.00048828124999999913,10,0.9999999999999999,0.8,-0.19999999999999984,-0.0004882812499999991,-0.0003906249999999993,9.765624999999976e-05,0.19999999999999984,9.765624999999976e-05,"{""00000000011"": 1, ""00000000111"": 1, ""00101101011"": 1, ""00101101100"": 1, ""00111101010"": 1, ""11011000111"": 1, ""11011110000"": 1, ""11100101100"": 1, ""11110000100"": 1, ""11110010101"": 1}"
886,019e10f6-bf40-7da3-8de6-d174644c817b,9,86,XZXXZZXZZXZ,ZXZZXZZXXZX,-0.00048828124999999913,10,0.9999999999999999,0.2,-0.7999999999999998,-0.0004882812499999991,-9.765624999999983e-05,0.00039062499999999926,0.7999999999999998,0.00039062499999999926,"{""00000101000"": 1, ""00101011110"": 1, ""00101101101"": 1, ""00101101110"": 1, ""01011101000"": 1, ""10101000000"": 1, ""11010011101"": 1, ""11011101101"": 1, ""11110010000"": 1, ""11110110101"": 1}"
887,019e10f6-bf40-7da3-8de6-d174644c817b,9,87,XZXXZZXZZYY,YYZZXZZXXZX,-0.00048828124999999913,10,0.9999999999999999,0.8,-0.19999999999999984,-0.0004882812499999991,-0.0003906249999999993,9.765624999999976e-05,0.19999999999999984,9.765624999999976e-05,"{""00000000110"": 1, ""00101000011"": 1, ""00101101000"": 1, ""11011000000"": 1, ""11011000101"": 1, ""11011101000"": 1, ""11011101011"": 1, ""11011110000"": 1, ""11110011110"": 1, ""11110111011"": 1}"
888,019e10f6-bf40-7da3-8de6-d174644c817b,9,88,XZXXZZYXXXY,YXXXYZZXXZX,0.00048828124999999913,10,-0.9999999999999999,-0.6,0.3999999999999999,-0.0004882812499999991,-0.00029296874999999945,0.00019531249999999963,0.3999999999999999,0.00019531249999999963,"{""00000100000"": 1, ""00000100111"": 1, ""00000101111"": 1, ""00101010010"": 1, ""00101011010"": 1, ""01001100011"": 1, ""10010111101"": 1, ""11110001000"": 1, ""11110010110"": 1, ""11110110111"": 1}"
889,019e10f6-bf40-7da3-8de6-d174644c817b,9,89,XZXXZZYXXYZ,ZYXXYZZXXZX,-0.00048828124999999913,10,0.9999999999999999,0.4,-0.5999999999999999,-0.0004882812499999991,-0.00019531249999999966,0.0002929687499999994,0.5999999999999999,0.0002929687499999994,"{""00000001010"": 1, ""00000001111"": 1, ""00000100100"": 1, ""00000101011"": 1, ""00101011010"": 1, ""00101011110"": 1, ""00101101110"": 1, ""11001111100"": 1, ""11011010101"": 1, ""11110011101"": 1}"
890,019e10f6-bf40-7da3-8de6-d174644c817b,9,90,XZXXZZYXYIX,XIYXYZZXXZX,0.00048828124999999913,10,-0.9999999999999999,-0.2,0.7999999999999998,-0.0004882812499999991,-9.765624999999983e-05,0.00039062499999999926,0.7999999999999998,0.00039062499999999926,"{""00000100000"": 1, ""00000110000"": 1, ""00000111111"": 1, ""00101001111"": 1, ""00101010001"": 1, ""11011011100"": 1, ""11011110100"": 1, ""11011111110"": 1, ""11110001111"": 1, ""11110110111"": 1}"
891,019e10f6-bf40-7da3-8de6-d174644c817b,9,91,XZXXZZYXYZI,IZYXYZZXXZX,0.00048828124999999913,10,-0.9999999999999999,-0.2,0.7999999999999998,-0.0004882812499999991,-9.765624999999983e-05,0.00039062499999999926,0.7999999999999998,0.00039062499999999926,"{""00000010101"": 1, ""00000111000"": 1, ""00000111101"": 1, ""00000111110"": 2, ""00010001001"": 1, ""00101000010"": 1, ""00101011101"": 1, ""00101110111"": 1, ""11110111000"": 1}"
892,019e10f6-bf40-7da3-8de6-d174644c817b,9,92,XZXXZZYYIXZ,ZXIYYZZXXZX,-0.00048828124999999913,10,0.9999999999999999,0.6,-0.3999999999999999,-0.0004882812499999991,-0.00029296874999999945,0.00019531249999999963,0.3999999999999999,0.00019531249999999963,"{""00000011011"": 1, ""00000100101"": 1, ""00000101000"": 1, ""00101000011"": 1, ""00101101000"": 1, ""11011011000"": 1, ""11011011101"": 1, ""11110001101"": 1, ""11110010000"": 1, ""11110011000"": 1}"
893,019e10f6-bf40-7da3-8de6-d174644c817b,9,93,XZXXZZYYIYY,YYIYYZZXXZX,-0.00048828124999999913,10,0.9999999999999999,0.8,-0.19999999999999984,-0.0004882812499999991,-0.0003906249999999993,9.765624999999976e-05,0.19999999999999984,9.765624999999976e-05,"{""00000101000"": 2, ""00000101101"": 1, ""00000110000"": 1, ""00101111010"": 1, ""11011010101"": 1, ""11011101000"": 1, ""11011110011"": 1, ""11110100101"": 1, ""11111011101"": 1}"
894,019e10f6-bf40-7da3-8de6-d174644c817b,9,94,XZXXZZYYZII,IIZYYZZXXZX,-0.00048828124999999913,10,0.9999999999999999,0.6,-0.3999999999999999,-0.0004882812499999991,-0.00029296874999999945,0.00019531249999999963,0.3999999999999999,0.00019531249999999963,"{""00000010100"": 1, ""00000010110"": 1, ""00000011010"": 1, ""00000110100"": 1, ""00000111100"": 1, ""11011000010"": 1, ""11011001011"": 1, ""11110011010"": 1, ""11110100111"": 1, ""11110111101"": 1}"
895,019e10f6-bf40-7da3-8de6-d174644c817b,9,95,XZXXZZYYZZX,XZZYYZZXXZX,-0.00048828124999999913,10,0.9999999999999999,0.2,-0.7999999999999998,-0.0004882812499999991,-9.765624999999983e-05,0.00039062499999999926,0.7999999999999998,0.00039062499999999926,"{""00000001100"": 1, ""00010101000"": 1, ""00100110011"": 1, ""00101001100"": 1, ""00101100100"": 1, ""11011011011"": 1, ""11011101000"": 1, ""11110001100"": 1, ""11110010000"": 1, ""11110111101"": 1}"
896,019e10f6-bf40-7da3-8de6-d174644c817b,9,96,XZYXXXXXXXY,YXXXXXXXYZX,-0.00048828124999999913,10,0.9999999999999999,0.2,-0.7999999999999998,-0.0004882812499999991,-9.765624999999983e-05,0.00039062499999999926,0.7999999999999998,0.00039062499999999926,"{""00000000000"": 1, ""00000001110"": 1, ""00000100110"": 1, ""00101001010"": 1, ""10000011010"": 1, ""11110001111"": 1, ""11110010101"": 1, ""11110101011"": 1, ""11111111101"": 1, ""11111111111"": 1}"
897,019e10f6-bf40-7da3-8de6-d174644c817b,9,97,XZYXXXXXXYZ,ZYXXXXXXYZX,0.00048828124999999913,10,-0.9999999999999999,-0.2,0.7999999999999998,-0.0004882812499999991,-9.765624999999983e-05,0.00039062499999999926,0.7999999999999998,0.00039062499999999926,"{""00000111000"": 1, ""00100011000"": 1, ""00101001101"": 1, ""11010001110"": 1, ""11011011101"": 1, ""11110000100"": 1, ""11110100000"": 1, ""11110101100"": 1, ""11111000111"": 1, ""11111011111"": 1}"
898,019e10f6-bf40-7da3-8de6-d174644c817b,9,98,XZYXXXXXYIX,XIYXXXXXYZX,-0.00048828124999999913,10,0.9999999999999999,0.6,-0.3999999999999999,-0.0004882812499999991,-0.00029296874999999945,0.00019531249999999963,0.3999999999999999,0.00019531249999999963,"{""00000010100"": 1, ""00101000111"": 1, ""00101001100"": 1, ""00101101000"": 1, ""11010001000"": 1, ""11010100000"": 1, ""11011000011"": 1, ""11110110000"": 1, ""11110110100"": 1, ""11111100000"": 1}"
899,019e10f6-bf40-7da3-8de6-d174644c817b,9,99,XZYXXXXXYZI,IZYXXXXXYZX,-0.00048828124999999913,10,0.9999999999999999,0.4,-0.5999999999999999,-0.0004882812499999991,-0.00019531249999999966,0.0002929687499999994,0.5999999999999999,0.0002929687499999994,"{""00000010001"": 1, ""00100000111"": 1, ""00100001110"": 1, ""00100101010"": 2, ""00101010010"": 1, ""11011011101"": 1, ""11110011000"": 1, ""11111101011"": 1, ""11111101101"": 1}"
900,019e10f6-d0a5-7433-b3c8-a3b23213e9dd,10,0,XZYXXXXYIXZ,ZXIYXXXXYZX,0.00048828124999999913,10,-0.9999999999999999,-0.4,0.5999999999999999,-0.0004882812499999991,-0.00019531249999999966,0.0002929687499999994,0.5999999999999999,0.0002929687499999994,"{""00000110101"": 1, ""00001110000"": 1, ""00001110011"": 1, ""00100100101"": 1, ""01011000101"": 1, ""11011000111"": 1, ""11011010000"": 1, ""11011100000"": 1, ""11110010011"": 1, ""11111010011"": 1}"
901,019e10f6-d0a5-7433-b3c8-a3b23213e9dd,10,1,XZYXXXXYIYY,YYIYXXXXYZX,0.00048828124999999913,10,-0.9999999999999999,-0.4,0.5999999999999999,-0.0004882812499999991,-0.00019531249999999966,0.0002929687499999994,0.5999999999999999,0.0002929687499999994,"{""00000100011"": 1, ""00010001000"": 1, ""00101001000"": 1, ""00101101110"": 1, ""00101111011"": 1, ""10101000110"": 1, ""11010010110"": 1, ""11011100000"": 1, ""11110101110"": 1, ""11111101001"": 1}"
902,019e10f6-d0a5-7433-b3c8-a3b23213e9dd,10,2,XZYXXXXYZII,IIZYXXXXYZX,0.00048828124999999913,10,-0.9999999999999999,-0.2,0.7999999999999998,-0.0004882812499999991,-9.765624999999983e-05,0.00039062499999999926,0.7999999999999998,0.00039062499999999926,"{""00000000110"": 1, ""00001001000"": 1, ""00001100110"": 1, ""00100100110"": 1, ""00100111110"": 1, ""01010010101"": 1, ""11010001000"": 1, ""11010001110"": 1, ""11010011111"": 1, ""11110110101"": 1}"
903,019e10f6-d0a5-7433-b3c8-a3b23213e9dd,10,3,XZYXXXXYZZX,XZZYXXXXYZX,0.00048828124999999913,10,-0.9999999999999999,-0.8,0.19999999999999984,-0.0004882812499999991,-0.0003906249999999993,9.765624999999976e-05,0.19999999999999984,9.765624999999976e-05,"{""00001000000"": 1, ""00001100111"": 1, ""00111111100"": 1, ""11010000000"": 1, ""11011110100"": 1, ""11110100000"": 1, ""11110101111"": 1, ""11111001100"": 1, ""11111010000"": 1, ""11111101000"": 1}"
904,019e10f6-d0a5-7433-b3c8-a3b23213e9dd,10,4,XZYXXXYIXIX,XIXIYXXXYZX,-0.00048828124999999913,10,0.9999999999999999,0.4,-0.5999999999999999,-0.0004882812499999991,-0.00019531249999999966,0.0002929687499999994,0.5999999999999999,0.0002929687499999994,"{""00000101011"": 1, ""00000110111"": 1, ""00001001011"": 1, ""00001101100"": 1, ""00101110111"": 1, ""00111101100"": 1, ""11010010000"": 1, ""11011000011"": 1, ""11011110000"": 1, ""11110110111"": 1}"
905,019e10f6-d0a5-7433-b3c8-a3b23213e9dd,10,5,XZYXXXYIXZI,IZXIYXXXYZX,-0.00048828124999999913,10,0.9999999999999999,0.6,-0.3999999999999999,-0.0004882812499999991,-0.00029296874999999945,0.00019531249999999963,0.3999999999999999,0.00019531249999999963,"{""00000101100"": 1, ""00100100111"": 1, ""00101000001"": 1, ""00101000100"": 1, ""00101011010"": 1, ""11010111100"": 1, ""11011101101"": 1, ""11101100001"": 1, ""11110101010"": 1, ""11111111100"": 1}"
906,019e10f6-d0a5-7433-b3c8-a3b23213e9dd,10,6,XZYXXXYIYXY,YXYIYXXXYZX,0.00048828124999999913,10,-0.9999999999999999,-0.2,0.7999999999999998,-0.0004882812499999991,-9.765624999999983e-05,0.00039062499999999926,0.7999999999999998,0.00039062499999999926,"{""00000001000"": 1, ""00000011110"": 2, ""00000101101"": 1, ""00001111101"": 1, ""00101101011"": 1, ""11010001101"": 1, ""11010011011"": 1, ""11010011101"": 1, ""11011001011"": 1}"
907,019e10f6-d0a5-7433-b3c8-a3b23213e9dd,10,7,XZYXXXYIYYZ,ZYYIYXXXYZX,-0.00048828124999999913,10,0.9999999999999999,0.8,-0.19999999999999984,-0.0004882812499999991,-0.0003906249999999993,9.765624999999976e-05,0.19999999999999984,9.765624999999976e-05,"{""00001001010"": 1, ""00001100101"": 1, ""00101011010"": 1, ""11010010101"": 1, ""11011000101"": 1, ""11011000110"": 1, ""11011010110"": 1, ""11011101111"": 1, ""11110110011"": 1, ""11111001001"": 1}"
908,019e10f6-d0a5-7433-b3c8-a3b23213e9dd,10,8,XZYXXXYZIII,IIIZYXXXYZX,-0.00048828124999999913,10,0.9999999999999999,0.0,-0.9999999999999999,-0.0004882812499999991,-0.0,0.0004882812499999991,0.9999999999999999,0.0004882812499999991,"{""00001101110"": 1, ""00100010111"": 1, ""00100011001"": 1, ""00100110001"": 1, ""00100111011"": 1, ""00101110100"": 1, ""11000100111"": 1, ""11011000010"": 1, ""11011010110"": 1, ""11110110010"": 1}"
909,019e10f6-d0a5-7433-b3c8-a3b23213e9dd,10,9,XZYXXXYZIZX,XZIZYXXXYZX,-0.00048828124999999913,10,0.9999999999999999,0.6,-0.3999999999999999,-0.0004882812499999991,-0.00029296874999999945,0.00019531249999999963,0.3999999999999999,0.00019531249999999963,"{""00100100000"": 1, ""00100111000"": 1, ""00100111100"": 2, ""00101011000"": 1, ""11010111000"": 1, ""11011111111"": 1, ""11110010111"": 1, ""11111010011"": 1, ""11111010111"": 1}"
910,019e10f6-d0a5-7433-b3c8-a3b23213e9dd,10,10,XZYXXXYZZXZ,ZXZZYXXXYZX,-0.00048828124999999913,10,0.9999999999999999,0.4,-0.5999999999999999,-0.0004882812499999991,-0.00019531249999999966,0.0002929687499999994,0.5999999999999999,0.0002929687499999994,"{""00001111011"": 1, ""00001111110"": 1, ""00100000000"": 1, ""00100010101"": 1, ""01001000000"": 1, ""10000110110"": 1, ""11010111101"": 1, ""11011010011"": 1, ""11011110101"": 1, ""11110110101"": 1}"
911,019e10f6-d0a5-7433-b3c8-a3b23213e9dd,10,11,XZYXXXYZZYY,YYZZYXXXYZX,-0.00048828124999999913,10,0.9999999999999999,0.2,-0.7999999999999998,-0.0004882812499999991,-9.765624999999983e-05,0.00039062499999999926,0.7999999999999998,0.00039062499999999926,"{""00001001101"": 1, ""00001100001"": 1, ""00010100101"": 1, ""00100111110"": 1, ""00101011001"": 1, ""00110111000"": 1, ""01110101110"": 1, ""11011110000"": 1, ""11011110011"": 1, ""11111010110"": 1}"
912,019e10f6-d0a5-7433-b3c8-a3b23213e9dd,10,12,XZYXXYIXIXZ,ZXIXIYXXYZX,0.00048828124999999913,10,-0.9999999999999999,-0.2,0.7999999999999998,-0.0004882812499999991,-9.765624999999983e-05,0.00039062499999999926,0.7999999999999998,0.00039062499999999926,"{""00000010101"": 1, ""00000100000"": 1, ""00001110110"": 2, ""00010010101"": 1, ""00101101101"": 1, ""11010001110"": 1, ""11010010101"": 1, ""11011010011"": 1, ""11011111000"": 1}"
913,019e10f6-d0a5-7433-b3c8-a3b23213e9dd,10,13,XZYXXYIXIYY,YYIXIYXXYZX,0.00048828124999999913,10,-0.9999999999999999,-0.8,0.19999999999999984,-0.0004882812499999991,-0.0003906249999999993,9.765624999999976e-05,0.19999999999999984,9.765624999999976e-05,"{""00000011011"": 2, ""00101010101"": 1, ""00101101101"": 1, ""11010000000"": 1, ""11010111011"": 1, ""11011101101"": 1, ""11110011110"": 1, ""11110100011"": 1, ""11111000000"": 1}"
914,019e10f6-d0a5-7433-b3c8-a3b23213e9dd,10,14,XZYXXYIXZII,IIZXIYXXYZX,0.00048828124999999913,10,-0.9999999999999999,-0.8,0.19999999999999984,-0.0004882812499999991,-0.0003906249999999993,9.765624999999976e-05,0.19999999999999984,9.765624999999976e-05,"{""00000010101"": 1, ""00000110100"": 1, ""00001001110"": 1, ""00101010110"": 1, ""00101011000"": 1, ""11110100001"": 1, ""11110100010"": 1, ""11111000000"": 1, ""11111110111"": 2}"
915,019e10f6-d0a5-7433-b3c8-a3b23213e9dd,10,15,XZYXXYIXZZX,XZZXIYXXYZX,0.00048828124999999913,10,-0.9999999999999999,-0.8,0.19999999999999984,-0.0004882812499999991,-0.0003906249999999993,9.765624999999976e-05,0.19999999999999984,9.765624999999976e-05,"{""00001001100"": 1, ""00001110100"": 1, ""00001110111"": 1, ""00100111000"": 1, ""00101011011"": 1, ""11010111000"": 1, ""11011011011"": 1, ""11111001111"": 1, ""11111011011"": 1, ""11111110100"": 1}"
916,019e10f6-d0a5-7433-b3c8-a3b23213e9dd,10,16,XZYXXYIYXXY,YXXYIYXXYZX,0.00048828124999999913,10,-0.9999999999999999,-0.8,0.19999999999999984,-0.0004882812499999991,-0.0003906249999999993,9.765624999999976e-05,0.19999999999999984,9.765624999999976e-05,"{""00000100101"": 1, ""00000101010"": 1, ""00000101100"": 1, ""00000111000"": 1, ""00001001010"": 1, ""00001001100"": 1, ""00001111110"": 1, ""00101101010"": 1, ""11010000011"": 1, ""11010110100"": 1}"
917,019e10f6-d0a5-7433-b3c8-a3b23213e9dd,10,17,XZYXXYIYXYZ,ZYXYIYXXYZX,-0.00048828124999999913,10,0.9999999999999999,0.4,-0.5999999999999999,-0.0004882812499999991,-0.00019531249999999966,0.0002929687499999994,0.5999999999999999,0.0002929687499999994,"{""00000100111"": 1, ""00001110010"": 1, ""00001110101"": 1, ""00100000001"": 1, ""00100111101"": 1, ""00101011010"": 1, ""11010011011"": 1, ""11010100100"": 1, ""11011011100"": 1, ""11110100001"": 1}"
918,019e10f6-d0a5-7433-b3c8-a3b23213e9dd,10,18,XZYXXYIYYIX,XIYYIYXXYZX,0.00048828124999999913,10,-0.9999999999999999,-0.4,0.5999999999999999,-0.0004882812499999991,-0.00019531249999999966,0.0002929687499999994,0.5999999999999999,0.0002929687499999994,"{""00000100111"": 1, ""00001001000"": 1, ""00100000111"": 1, ""00101011110"": 1, ""00101101100"": 1, ""11010000000"": 1, ""11010111000"": 1, ""11111010011"": 1, ""11111100100"": 1, ""11111110011"": 1}"
919,019e10f6-d0a5-7433-b3c8-a3b23213e9dd,10,19,XZYXXYIYYZI,IZYYIYXXYZX,0.00048828124999999913,10,-0.9999999999999999,-0.6,0.3999999999999999,-0.0004882812499999991,-0.00029296874999999945,0.00019531249999999963,0.3999999999999999,0.00019531249999999963,"{""00000101010"": 1, ""00100011001"": 1, ""00100110010"": 1, ""00101011110"": 1, ""11010100001"": 1, ""11011101010"": 1, ""11110011110"": 1, ""11111000001"": 1, ""11111110101"": 1, ""11111111110"": 1}"
920,019e10f6-d0a5-7433-b3c8-a3b23213e9dd,10,20,XZYXXYZIIII,IIIIZYXXYZX,0.00048828124999999913,10,-0.9999999999999999,-0.6,0.3999999999999999,-0.0004882812499999991,-0.00029296874999999945,0.00019531249999999963,0.3999999999999999,0.00019531249999999963,"{""00000000010"": 1, ""00000010000"": 2, ""00000011000"": 1, ""00001110101"": 1, ""11010000000"": 1, ""11010111001"": 1, ""11110100101"": 1, ""11110101101"": 1, ""11110110100"": 1}"
921,019e10f6-d0a5-7433-b3c8-a3b23213e9dd,10,21,XZYXXYZIIZX,XZIIZYXXYZX,0.00048828124999999913,10,-0.9999999999999999,-0.6,0.3999999999999999,-0.0004882812499999991,-0.00029296874999999945,0.00019531249999999963,0.3999999999999999,0.00019531249999999963,"{""00001110000"": 1, ""00001111011"": 1, ""00101010111"": 1, ""00101100011"": 1, ""01010110100"": 1, ""11110101011"": 1, ""11111000101"": 1, ""11111001011"": 2, ""11111001100"": 1}"
922,019e10f6-d0a5-7433-b3c8-a3b23213e9dd,10,22,XZYXXYZIZXZ,ZXZIZYXXYZX,0.00048828124999999913,10,-0.9999999999999999,-0.4,0.5999999999999999,-0.0004882812499999991,-0.00019531249999999966,0.0002929687499999994,0.5999999999999999,0.0002929687499999994,"{""00000011011"": 1, ""00001001101"": 1, ""00001111110"": 1, ""00101101110"": 1, ""01111000110"": 1, ""11010001110"": 1, ""11011000110"": 1, ""11011100011"": 2, ""11111100110"": 1}"
923,019e10f6-d0a5-7433-b3c8-a3b23213e9dd,10,23,XZYXXYZIZYY,YYZIZYXXYZX,0.00048828124999999913,10,-0.9999999999999999,-0.8,0.19999999999999984,-0.0004882812499999991,-0.0003906249999999993,9.765624999999976e-05,0.19999999999999984,9.765624999999976e-05,"{""00100111101"": 1, ""00101111000"": 1, ""01010100000"": 1, ""11010000011"": 1, ""11010000101"": 1, ""11010111110"": 1, ""11011010000"": 1, ""11110010101"": 1, ""11110011110"": 1, ""11111001110"": 1}"
924,019e10f6-d0a5-7433-b3c8-a3b23213e9dd,10,24,XZYXXYZZXIX,XIXZZYXXYZX,0.00048828124999999913,10,-0.9999999999999999,-0.2,0.7999999999999998,-0.0004882812499999991,-9.765624999999983e-05,0.00039062499999999926,0.7999999999999998,0.00039062499999999926,"{""00000010000"": 1, ""00010011100"": 1, ""00100001100"": 1, ""00100110111"": 1, ""00101101100"": 1, ""00101101111"": 1, ""00101110011"": 1, ""11010000000"": 1, ""11111010111"": 1, ""11111100000"": 1}"
925,019e10f6-d0a5-7433-b3c8-a3b23213e9dd,10,25,XZYXXYZZXZI,IZXZZYXXYZX,0.00048828124999999913,10,-0.9999999999999999,-0.2,0.7999999999999998,-0.0004882812499999991,-9.765624999999983e-05,0.00039062499999999926,0.7999999999999998,0.00039062499999999926,"{""00000101111"": 1, ""00001011101"": 1, ""00001111010"": 1, ""00100101101"": 1, ""00101010000"": 1, ""00101011010"": 1, ""00110001011"": 1, ""11110010000"": 1, ""11110011010"": 1, ""11110011011"": 1}"
926,019e10f6-d0a5-7433-b3c8-a3b23213e9dd,10,26,XZYXXYZZYXY,YXYZZYXXYZX,-0.00048828124999999913,10,0.9999999999999999,0.6,-0.3999999999999999,-0.0004882812499999991,-0.00029296874999999945,0.00019531249999999963,0.3999999999999999,0.00019531249999999963,"{""00000011000"": 1, ""00001000100"": 1, ""00001000111"": 1, ""00100001100"": 1, ""00101010111"": 1, ""11010011101"": 1, ""11011011101"": 1, ""11110100010"": 1, ""11110101110"": 1, ""11111111011"": 1}"
927,019e10f6-d0a5-7433-b3c8-a3b23213e9dd,10,27,XZYXXYZZYYZ,ZYYZZYXXYZX,0.00048828124999999913,10,-0.9999999999999999,-0.4,0.5999999999999999,-0.0004882812499999991,-0.00019531249999999966,0.0002929687499999994,0.5999999999999999,0.0002929687499999994,"{""00000100101"": 2, ""00000101001"": 1, ""00101010001"": 1, ""01111001010"": 1, ""10100110101"": 1, ""11011010110"": 1, ""11011101010"": 1, ""11011101111"": 1, ""11111000101"": 1}"
928,019e10f6-d0a5-7433-b3c8-a3b23213e9dd,10,28,XZYXYIXIXIX,XIXIXIYXYZX,-0.00048828124999999913,10,0.9999999999999999,1.0,1.1102230246251565e-16,-0.0004882812499999991,-0.00048828124999999913,-5.421010862427522e-20,1.1102230246251565e-16,5.421010862427522e-20,"{""00001101100"": 2, ""00001110111"": 1, ""00100101011"": 1, ""00100110000"": 1, ""00101000111"": 2, ""10000001100"": 1, ""11110000000"": 1, ""11111101100"": 1}"
929,019e10f6-d0a5-7433-b3c8-a3b23213e9dd,10,29,XZYXYIXIXZI,IZXIXIYXYZX,-0.00048828124999999913,10,0.9999999999999999,0.2,-0.7999999999999998,-0.0004882812499999991,-9.765624999999983e-05,0.00039062499999999926,0.7999999999999998,0.00039062499999999926,"{""00000011101"": 1, ""00000101011"": 1, ""00100011100"": 1, ""00100101100"": 1, ""00100110111"": 1, ""00111000111"": 1, ""11010010001"": 1, ""11010110111"": 1, ""11101101011"": 1, ""11110011011"": 1}"
930,019e10f6-d0a5-7433-b3c8-a3b23213e9dd,10,30,XZYXYIXIYXY,YXYIXIYXYZX,0.00048828124999999913,10,-0.9999999999999999,-0.2,0.7999999999999998,-0.0004882812499999991,-9.765624999999983e-05,0.00039062499999999926,0.7999999999999998,0.00039062499999999926,"{""00000011110"": 2, ""00100101000"": 1, ""00100101111"": 1, ""11010000001"": 1, ""11010101101"": 1, ""11011000010"": 1, ""11011101000"": 1, ""11110000100"": 1, ""11110101110"": 1}"
931,019e10f6-d0a5-7433-b3c8-a3b23213e9dd,10,31,XZYXYIXIYYZ,ZYYIXIYXYZX,-0.00048828124999999913,10,0.9999999999999999,0.6,-0.3999999999999999,-0.0004882812499999991,-0.00029296874999999945,0.00019531249999999963,0.3999999999999999,0.00019531249999999963,"{""00001010011"": 1, ""00001101111"": 1, ""00100101010"": 1, ""01010110101"": 1, ""11010110101"": 1, ""11011000000"": 1, ""11011000110"": 1, ""11011001010"": 1, ""11110011111"": 1, ""11111110110"": 1}"
932,019e10f6-d0a5-7433-b3c8-a3b23213e9dd,10,32,XZYXYIXZIII,IIIZXIYXYZX,-0.00048828124999999913,10,0.9999999999999999,0.6,-0.3999999999999999,-0.0004882812499999991,-0.00029296874999999945,0.00019531249999999963,0.3999999999999999,0.00019531249999999963,"{""00000110111"": 1, ""00001110111"": 1, ""00100101011"": 1, ""00100101100"": 1, ""00100110000"": 1, ""00101000110"": 1, ""00101011101"": 1, ""01110111100"": 1, ""11010101010"": 1, ""11011000010"": 1}"
933,019e10f6-d0a5-7433-b3c8-a3b23213e9dd,10,33,XZYXYIXZIZX,XZIZXIYXYZX,-0.00048828124999999913,10,0.9999999999999999,0.8,-0.19999999999999984,-0.0004882812499999991,-0.0003906249999999993,9.765624999999976e-05,0.19999999999999984,9.765624999999976e-05,"{""00001101000"": 1, ""00100101100"": 1, ""00100110100"": 1, ""00101000100"": 1, ""11010101111"": 1, ""11011000100"": 3, ""11110011100"": 1, ""11111100011"": 1}"
934,019e10f6-d0a5-7433-b3c8-a3b23213e9dd,10,34,XZYXYIXZZXZ,ZXZZXIYXYZX,-0.00048828124999999913,10,0.9999999999999999,1.0,1.1102230246251565e-16,-0.0004882812499999991,-0.00048828124999999913,-5.421010862427522e-20,1.1102230246251565e-16,5.421010862427522e-20,"{""00001101011"": 1, ""00001110101"": 1, ""00101011000"": 2, ""11010101011"": 2, ""11010101101"": 1, ""11010110000"": 1, ""11110000110"": 1, ""11111101101"": 1}"
935,019e10f6-d0a5-7433-b3c8-a3b23213e9dd,10,35,XZYXYIXZZYY,YYZZXIYXYZX,-0.00048828124999999913,10,0.9999999999999999,0.4,-0.5999999999999999,-0.0004882812499999991,-0.00019531249999999966,0.0002929687499999994,0.5999999999999999,0.0002929687499999994,"{""00000010011"": 1, ""00001101000"": 1, ""00001101011"": 1, ""00101110000"": 1, ""00101110111"": 1, ""11010110101"": 1, ""11011110000"": 1, ""11110000110"": 1, ""11110011011"": 1, ""11110011101"": 1}"
936,019e10f6-d0a5-7433-b3c8-a3b23213e9dd,10,36,XZYXYIYXXXY,YXXXYIYXYZX,0.00048828124999999913,10,-0.9999999999999999,-0.6,0.3999999999999999,-0.0004882812499999991,-0.00029296874999999945,0.00019531249999999963,0.3999999999999999,0.00019531249999999963,"{""00000111000"": 1, ""00001001111"": 1, ""00001110010"": 1, ""00100111000"": 1, ""00101000001"": 1, ""10111001110"": 1, ""11010000000"": 1, ""11011011010"": 1, ""11110100110"": 1, ""11111111011"": 1}"
937,019e10f6-d0a5-7433-b3c8-a3b23213e9dd,10,37,XZYXYIYXXYZ,ZYXXYIYXYZX,-0.00048828124999999913,10,0.9999999999999999,0.6,-0.3999999999999999,-0.0004882812499999991,-0.00029296874999999945,0.00019531249999999963,0.3999999999999999,0.00019531249999999963,"{""00001111001"": 1, ""00101000011"": 1, ""00101000110"": 2, ""00101001001"": 1, ""00101001111"": 1, ""00111000000"": 1, ""10001111100"": 1, ""11011010001"": 1, ""11111101000"": 1}"
938,019e10f6-d0a5-7433-b3c8-a3b23213e9dd,10,38,XZYXYIYXYIX,XIYXYIYXYZX,0.00048828124999999913,10,-0.9999999999999999,-0.6,0.3999999999999999,-0.0004882812499999991,-0.00029296874999999945,0.00019531249999999963,0.3999999999999999,0.00019531249999999963,"{""00000001111"": 1, ""00001101000"": 1, ""00100111000"": 1, ""00101010111"": 1, ""00101011100"": 1, ""11000101110"": 1, ""11001011000"": 1, ""11010111000"": 1, ""11010111111"": 1, ""11110011100"": 1}"
939,019e10f6-d0a5-7433-b3c8-a3b23213e9dd,10,39,XZYXYIYXYZI,IZYXYIYXYZX,0.00048828124999999913,10,-0.9999999999999999,-0.6,0.3999999999999999,-0.0004882812499999991,-0.00029296874999999945,0.00019531249999999963,0.3999999999999999,0.00019531249999999963,"{""00000010001"": 1, ""00001000110"": 1, ""00100001110"": 1, ""00100100111"": 1, ""00100110010"": 1, ""00101001000"": 1, ""00101001001"": 1, ""11010010110"": 1, ""11010111111"": 1, ""11111110101"": 1}"
940,019e10f6-d0a5-7433-b3c8-a3b23213e9dd,10,40,XZYXYIYYIXZ,ZXIYYIYXYZX,-0.00048828124999999913,10,0.9999999999999999,0.8,-0.19999999999999984,-0.0004882812499999991,-0.0003906249999999993,9.765624999999976e-05,0.19999999999999984,9.765624999999976e-05,"{""00001111110"": 1, ""00100101011"": 1, ""00100110000"": 1, ""00100110011"": 1, ""00100111101"": 1, ""11010100110"": 1, ""11010110000"": 1, ""11011011011"": 1, ""11111110110"": 1, ""11111111110"": 1}"
941,019e10f6-d0a5-7433-b3c8-a3b23213e9dd,10,41,XZYXYIYYIYY,YYIYYIYXYZX,-0.00048828124999999913,10,0.9999999999999999,0.0,-0.9999999999999999,-0.0004882812499999991,-0.0,0.0004882812499999991,0.9999999999999999,0.0004882812499999991,"{""00000010011"": 1, ""00001000011"": 1, ""00011100101"": 1, ""00100000110"": 1, ""00101010000"": 1, ""00101011000"": 1, ""00101110000"": 1, ""11011000000"": 1, ""11111100001"": 1, ""11111100110"": 1}"
942,019e10f6-d0a5-7433-b3c8-a3b23213e9dd,10,42,XZYXYIYYZII,IIZYYIYXYZX,-0.00048828124999999913,10,0.9999999999999999,0.8,-0.19999999999999984,-0.0004882812499999991,-0.0003906249999999993,9.765624999999976e-05,0.19999999999999984,9.765624999999976e-05,"{""00001100100"": 1, ""00001101011"": 1, ""00100100100"": 1, ""00100101000"": 1, ""00101010101"": 1, ""11000111100"": 1, ""11010110011"": 1, ""11010111110"": 1, ""11010111111"": 1, ""11110011000"": 1}"
943,019e10f6-d0a5-7433-b3c8-a3b23213e9dd,10,43,XZYXYIYYZZX,XZZYYIYXYZX,-0.00048828124999999913,10,0.9999999999999999,0.6,-0.3999999999999999,-0.0004882812499999991,-0.00029296874999999945,0.00019531249999999963,0.3999999999999999,0.00019531249999999963,"{""00000001111"": 1, ""00001110000"": 1, ""00100110000"": 1, ""00101011000"": 1, ""10100110000"": 1, ""11010000011"": 1, ""11010110011"": 1, ""11110000000"": 2, ""11111111111"": 1}"
944,019e10f6-d0a5-7433-b3c8-a3b23213e9dd,10,44,XZYXYZIIIII,IIIIIZYXYZX,-0.00048828124999999913,10,0.9999999999999999,0.8,-0.19999999999999984,-0.0004882812499999991,-0.0003906249999999993,9.765624999999976e-05,0.19999999999999984,9.765624999999976e-05,"{""00000011110"": 1, ""00100101101"": 1, ""00100110011"": 1, ""00101001001"": 1, ""00101001010"": 1, ""10100110111"": 1, ""11010100011"": 1, ""11010111011"": 1, ""11110011100"": 1, ""11111100000"": 1}"
945,019e10f6-d0a5-7433-b3c8-a3b23213e9dd,10,45,XZYXYZIIIZX,XZIIIZYXYZX,-0.00048828124999999913,10,0.9999999999999999,0.8,-0.19999999999999984,-0.0004882812499999991,-0.0003906249999999993,9.765624999999976e-05,0.19999999999999984,9.765624999999976e-05,"{""00000000000"": 1, ""00000001011"": 1, ""00100100100"": 1, ""00100110011"": 1, ""00100110111"": 1, ""00101011011"": 1, ""11010110011"": 1, ""11011011000"": 1, ""11011011011"": 1, ""11110100000"": 1}"
946,019e10f6-d0a5-7433-b3c8-a3b23213e9dd,10,46,XZYXYZIIZXZ,ZXZIIZYXYZX,-0.00048828124999999913,10,0.9999999999999999,0.8,-0.19999999999999984,-0.0004882812499999991,-0.0003906249999999993,9.765624999999976e-05,0.19999999999999984,9.765624999999976e-05,"{""00001100000"": 1, ""00001110110"": 1, ""00001111110"": 1, ""00100001110"": 1, ""00100110101"": 1, ""00100111110"": 1, ""11010100110"": 1, ""11010111110"": 1, ""11011000011"": 1, ""11110010011"": 1}"
947,019e10f6-d0a5-7433-b3c8-a3b23213e9dd,10,47,XZYXYZIIZYY,YYZIIZYXYZX,-0.00048828124999999913,10,0.9999999999999999,0.6,-0.3999999999999999,-0.0004882812499999991,-0.00029296874999999945,0.00019531249999999963,0.3999999999999999,0.00019531249999999963,"{""00000010011"": 1, ""00001110011"": 1, ""00100111000"": 1, ""00101001011"": 1, ""01011010000"": 1, ""11010100101"": 1, ""11010101000"": 1, ""11011001000"": 1, ""11110011110"": 1, ""11111101100"": 1}"
948,019e10f6-d0a5-7433-b3c8-a3b23213e9dd,10,48,XZYXYZIZXIX,XIXZIZYXYZX,-0.00048828124999999913,10,0.9999999999999999,0.2,-0.7999999999999998,-0.0004882812499999991,-9.765624999999983e-05,0.00039062499999999926,0.7999999999999998,0.00039062499999999926,"{""00100101011"": 1, ""00100110111"": 1, ""11000111011"": 1, ""11001101011"": 1, ""11010001011"": 1, ""11010101100"": 1, ""11011110000"": 1, ""11110111011"": 1, ""11111100000"": 1, ""11111110111"": 1}"
949,019e10f6-d0a5-7433-b3c8-a3b23213e9dd,10,49,XZYXYZIZXZI,IZXZIZYXYZX,-0.00048828124999999913,10,0.9999999999999999,0.2,-0.7999999999999998,-0.0004882812499999991,-9.765624999999983e-05,0.00039062499999999926,0.7999999999999998,0.00039062499999999926,"{""00001111010"": 1, ""00100011100"": 1, ""00100110111"": 1, ""00100111110"": 1, ""00101000000"": 1, ""10001111011"": 1, ""11011010001"": 1, ""11011011010"": 1, ""11011101100"": 1, ""11110011010"": 1}"
950,019e10f6-d0a5-7433-b3c8-a3b23213e9dd,10,50,XZYXYZIZYXY,YXYZIZYXYZX,0.00048828124999999913,10,-0.9999999999999999,-0.8,0.19999999999999984,-0.0004882812499999991,-0.0003906249999999993,9.765624999999976e-05,0.19999999999999984,9.765624999999976e-05,"{""00000001110"": 1, ""00100110100"": 1, ""00100111011"": 1, ""00101011110"": 1, ""11010110100"": 1, ""11011001011"": 1, ""11011001101"": 1, ""11110010100"": 1, ""11110011011"": 1, ""11110111110"": 1}"
951,019e10f6-d0a5-7433-b3c8-a3b23213e9dd,10,51,XZYXYZIZYYZ,ZYYZIZYXYZX,-0.00048828124999999913,10,0.9999999999999999,1.0,1.1102230246251565e-16,-0.0004882812499999991,-0.00048828124999999913,-5.421010862427522e-20,1.1102230246251565e-16,5.421010862427522e-20,"{""00000010000"": 1, ""00101000110"": 1, ""00101010110"": 2, ""00101011001"": 1, ""00101011010"": 1, ""00110100100"": 1, ""11011010000"": 1, ""11110000011"": 1, ""11110001111"": 1}"
952,019e10f6-d0a5-7433-b3c8-a3b23213e9dd,10,52,XZYXYZZXIXZ,ZXIXZZYXYZX,-0.00048828124999999913,10,0.9999999999999999,0.4,-0.5999999999999999,-0.0004882812499999991,-0.00019531249999999966,0.0002929687499999994,0.5999999999999999,0.0002929687499999994,"{""00001010101"": 1, ""00001111110"": 1, ""00100100011"": 1, ""00100111011"": 1, ""00101011011"": 1, ""11010101101"": 1, ""11010101110"": 1, ""11010111011"": 1, ""11110010110"": 1, ""11110110110"": 1}"
953,019e10f6-d0a5-7433-b3c8-a3b23213e9dd,10,53,XZYXYZZXIYY,YYIXZZYXYZX,-0.00048828124999999913,10,0.9999999999999999,0.2,-0.7999999999999998,-0.0004882812499999991,-9.765624999999983e-05,0.00039062499999999926,0.7999999999999998,0.00039062499999999926,"{""00000011001"": 1, ""00001101101"": 1, ""00001110110"": 1, ""00101000000"": 1, ""00101011011"": 1, ""00101110110"": 1, ""11010101011"": 1, ""11110111000"": 1, ""11111111011"": 2}"
954,019e10f6-d0a5-7433-b3c8-a3b23213e9dd,10,54,XZYXYZZXZII,IIZXZZYXYZX,-0.00048828124999999913,10,0.9999999999999999,0.2,-0.7999999999999998,-0.0004882812499999991,-9.765624999999983e-05,0.00039062499999999926,0.7999999999999998,0.00039062499999999926,"{""00001101111"": 1, ""00101000100"": 1, ""00101010111"": 1, ""10100110111"": 1, ""11010111000"": 1, ""11011000011"": 1, ""11011010101"": 1, ""11011010110"": 1, ""11011110110"": 1, ""11111000000"": 1}"
955,019e10f6-d0a5-7433-b3c8-a3b23213e9dd,10,55,XZYXYZZXZZX,XZZXZZYXYZX,-0.00048828124999999913,10,0.9999999999999999,0.8,-0.19999999999999984,-0.0004882812499999991,-0.0003906249999999993,9.765624999999976e-05,0.19999999999999984,9.765624999999976e-05,"{""00000010100"": 1, ""00001100000"": 1, ""00100100000"": 1, ""00101000000"": 1, ""00101000011"": 1, ""00101001100"": 1, ""00101001111"": 1, ""11001111011"": 1, ""11010010111"": 1, ""11011001111"": 1}"
956,019e10f6-d0a5-7433-b3c8-a3b23213e9dd,10,56,XZYXYZZYXXY,YXXYZZYXYZX,-0.00048828124999999913,10,0.9999999999999999,0.6,-0.3999999999999999,-0.0004882812499999991,-0.00029296874999999945,0.00019531249999999963,0.3999999999999999,0.00019531249999999963,"{""00000000011"": 1, ""00000010111"": 1, ""00100000111"": 1, ""00100100000"": 1, ""00101000110"": 1, ""11011010001"": 1, ""11110100110"": 1, ""11111100000"": 1, ""11111110101"": 1, ""11111111110"": 1}"
957,019e10f6-d0a5-7433-b3c8-a3b23213e9dd,10,57,XZYXYZZYXYZ,ZYXYZZYXYZX,0.00048828124999999913,10,-0.9999999999999999,0.0,0.9999999999999999,-0.0004882812499999991,0.0,0.0004882812499999991,0.9999999999999999,0.0004882812499999991,"{""00001100000"": 1, ""00001100101"": 1, ""00100100000"": 1, ""00100101000"": 1, ""11010101000"": 1, ""11010110000"": 1, ""11011010011"": 1, ""11110111111"": 1, ""11111011111"": 1, ""11111111111"": 1}"
958,019e10f6-d0a5-7433-b3c8-a3b23213e9dd,10,58,XZYXYZZYYIX,XIYYZZYXYZX,-0.00048828124999999913,10,0.9999999999999999,0.6,-0.3999999999999999,-0.0004882812499999991,-0.00029296874999999945,0.00019531249999999963,0.3999999999999999,0.00019531249999999963,"{""00000010011"": 1, ""00000010100"": 1, ""00001100111"": 2, ""00100100111"": 1, ""00110100111"": 1, ""10010110011"": 1, ""11101100100"": 1, ""11110000111"": 1, ""11111100111"": 1}"
959,019e10f6-d0a5-7433-b3c8-a3b23213e9dd,10,59,XZYXYZZYYZI,IZYYZZYXYZX,-0.00048828124999999913,10,0.9999999999999999,0.8,-0.19999999999999984,-0.0004882812499999991,-0.0003906249999999993,9.765624999999976e-05,0.19999999999999984,9.765624999999976e-05,"{""00000011111"": 1, ""00001100111"": 1, ""00001101100"": 1, ""00100100000"": 1, ""00101010100"": 1, ""11011000111"": 1, ""11110001010"": 1, ""11111001010"": 1, ""11111110010"": 1, ""11111111000"": 1}"
960,019e10f6-d0a5-7433-b3c8-a3b23213e9dd,10,60,XZZIXIXIXIX,XIXIXIXIZZX,-0.00048828124999999913,10,0.9999999999999999,0.6,-0.3999999999999999,-0.0004882812499999991,-0.00029296874999999945,0.00019531249999999963,0.3999999999999999,0.00019531249999999963,"{""00100101011"": 1, ""00110000100"": 1, ""00110101011"": 1, ""11001101011"": 1, ""11001110011"": 1, ""11010000111"": 2, ""11100000011"": 1, ""11100100000"": 1, ""11101000111"": 1}"
961,019e10f6-d0a5-7433-b3c8-a3b23213e9dd,10,61,XZZIXIXIXZI,IZXIXIXIZZX,-0.00048828124999999913,10,0.9999999999999999,0.8,-0.19999999999999984,-0.0004882812499999991,-0.0003906249999999993,9.765624999999976e-05,0.19999999999999984,9.765624999999976e-05,"{""00001101100"": 1, ""00010000111"": 1, ""00010011011"": 1, ""00110101101"": 1, ""10111011011"": 1, ""11011110000"": 1, ""11100110001"": 1, ""11110101100"": 1, ""11110110000"": 2}"
962,019e10f6-d0a5-7433-b3c8-a3b23213e9dd,10,62,XZZIXIXIYXY,YXYIXIXIZZX,0.00048828124999999913,10,-0.9999999999999999,-0.8,0.19999999999999984,-0.0004882812499999991,-0.0003906249999999993,9.765624999999976e-05,0.19999999999999984,9.765624999999976e-05,"{""00001110001"": 1, ""00011101000"": 1, ""00101111011"": 1, ""01100101001"": 1, ""11000011001"": 1, ""11011101101"": 1, ""11100101011"": 1, ""11101110101"": 1, ""11110011100"": 1, ""11111011011"": 1}"
963,019e10f6-d0a5-7433-b3c8-a3b23213e9dd,10,63,XZZIXIXIYYZ,ZYYIXIXIZZX,-0.00048828124999999913,10,0.9999999999999999,0.2,-0.7999999999999998,-0.0004882812499999991,-9.765624999999983e-05,0.00039062499999999926,0.7999999999999998,0.00039062499999999926,"{""00000011001"": 1, ""00011111111"": 1, ""00101011010"": 1, ""11000011100"": 1, ""11000101010"": 1, ""11010101001"": 2, ""11101011001"": 1, ""11110000010"": 1, ""11111000110"": 1}"
964,019e10f6-d0a5-7433-b3c8-a3b23213e9dd,10,64,XZZIXIXZIII,IIIZXIXIZZX,-0.00048828124999999913,10,0.9999999999999999,0.4,-0.5999999999999999,-0.0004882812499999991,-0.00019531249999999966,0.0002929687499999994,0.5999999999999999,0.0002929687499999994,"{""00000001010"": 1, ""00100100011"": 1, ""00110101000"": 1, ""00110110110"": 1, ""00111000111"": 1, ""11001011001"": 1, ""11011110001"": 1, ""11100101101"": 1, ""11101011100"": 1, ""11111011000"": 1}"
965,019e10f6-d0a5-7433-b3c8-a3b23213e9dd,10,65,XZZIXIXZIZX,XZIZXIXIZZX,-0.00048828124999999913,10,0.9999999999999999,0.4,-0.5999999999999999,-0.0004882812499999991,-0.00019531249999999966,0.0002929687499999994,0.5999999999999999,0.0002929687499999994,"{""00000000111"": 1, ""00100000011"": 1, ""00100110111"": 1, ""00101010100"": 1, ""00110001100"": 1, ""00110101011"": 1, ""11100000011"": 1, ""11100110000"": 1, ""11101000111"": 1, ""11101011111"": 1}"
966,019e10f6-d0a5-7433-b3c8-a3b23213e9dd,10,66,XZZIXIXZZXZ,ZXZZXIXIZZX,-0.00048828124999999913,10,0.9999999999999999,0.8,-0.19999999999999984,-0.0004882812499999991,-0.0003906249999999993,9.765624999999976e-05,0.19999999999999984,9.765624999999976e-05,"{""00000011110"": 1, ""00001110101"": 1, ""00010000101"": 1, ""00100101000"": 1, ""00100101110"": 1, ""00100110101"": 1, ""00101000000"": 1, ""10101000000"": 1, ""11010011000"": 1, ""11101000011"": 1}"
967,019e10f6-d0a5-7433-b3c8-a3b23213e9dd,10,67,XZZIXIXZZYY,YYZZXIXIZZX,-0.00048828124999999913,10,0.9999999999999999,0.6,-0.3999999999999999,-0.0004882812499999991,-0.00029296874999999945,0.00019531249999999963,0.3999999999999999,0.00019531249999999963,"{""00001101101"": 1, ""00010011011"": 1, ""00010011101"": 1, ""00110101010"": 1, ""00110110000"": 1, ""00111000000"": 1, ""00111010101"": 1, ""11010000011"": 1, ""11011110110"": 1, ""11100101110"": 1}"
968,019e10f6-d0a5-7433-b3c8-a3b23213e9dd,10,68,XZZIXIYXXXY,YXXXYIXIZZX,0.00048828124999999913,10,-0.9999999999999999,-0.6,0.3999999999999999,-0.0004882812499999991,-0.00029296874999999945,0.00019531249999999963,0.3999999999999999,0.00019531249999999963,"{""00001100000"": 1, ""00100100101"": 1, ""00101001101"": 1, ""00111001011"": 1, ""10011101001"": 1, ""11000000111"": 1, ""11010011001"": 1, ""11100111101"": 1, ""11101000100"": 1, ""11101001100"": 1}"
969,019e10f6-d0a5-7433-b3c8-a3b23213e9dd,10,69,XZZIXIYXXYZ,ZYXXYIXIZZX,-0.00048828124999999913,10,0.9999999999999999,0.8,-0.19999999999999984,-0.0004882812499999991,-0.0003906249999999993,9.765624999999976e-05,0.19999999999999984,9.765624999999976e-05,"{""00001101110"": 1, ""00010010111"": 1, ""00010011110"": 1, ""00100100100"": 1, ""00101001010"": 1, ""00101001111"": 2, ""00111011110"": 1, ""11011101000"": 1, ""11101010110"": 1}"
970,019e10f6-d0a5-7433-b3c8-a3b23213e9dd,10,70,XZZIXIYXYIX,XIYXYIXIZZX,0.00048828124999999913,10,-0.9999999999999999,0.0,0.9999999999999999,-0.0004882812499999991,0.0,0.0004882812499999991,0.9999999999999999,0.0004882812499999991,"{""00001100111"": 1, ""00100011100"": 1, ""00110001111"": 1, ""10001100111"": 1, ""11000000011"": 1, ""11001000011"": 1, ""11001101011"": 1, ""11001111110"": 1, ""11100101011"": 2}"
971,019e10f6-d0a5-7433-b3c8-a3b23213e9dd,10,71,XZZIXIYXYZI,IZYXYIXIZZX,0.00048828124999999913,10,-0.9999999999999999,-0.4,0.5999999999999999,-0.0004882812499999991,-0.00019531249999999966,0.0002929687499999994,0.5999999999999999,0.0002929687499999994,"{""00001100001"": 1, ""00010010110"": 1, ""00010110000"": 1, ""00011100001"": 1, ""00100110001"": 1, ""00101001000"": 1, ""00110100111"": 1, ""01010010001"": 1, ""11011110000"": 1, ""11101000010"": 1}"
972,019e10f6-d0a5-7433-b3c8-a3b23213e9dd,10,72,XZZIXIYYIXZ,ZXIYYIXIZZX,-0.00048828124999999913,10,0.9999999999999999,0.6,-0.3999999999999999,-0.0004882812499999991,-0.00029296874999999945,0.00019531249999999963,0.3999999999999999,0.00019531249999999963,"{""00001101000"": 1, ""00011110011"": 1, ""00011111110"": 1, ""00100101011"": 1, ""00110111111"": 1, ""11000111000"": 1, ""11010001101"": 1, ""11011000011"": 1, ""11100110000"": 1, ""11111010110"": 1}"
973,019e10f6-d0a5-7433-b3c8-a3b23213e9dd,10,73,XZZIXIYYIYY,YYIYYIXIZZX,-0.00048828124999999913,10,0.9999999999999999,0.4,-0.5999999999999999,-0.0004882812499999991,-0.00019531249999999966,0.0002929687499999994,0.5999999999999999,0.0002929687499999994,"{""00000101000"": 1, ""00010010101"": 1, ""00011110011"": 2, ""00100011000"": 1, ""00110011110"": 1, ""00111111110"": 1, ""11001100101"": 1, ""11101000011"": 2}"
974,019e10f6-d0a5-7433-b3c8-a3b23213e9dd,10,74,XZZIXIYYZII,IIZYYIXIZZX,-0.00048828124999999913,10,0.9999999999999999,0.6,-0.3999999999999999,-0.0004882812499999991,-0.00029296874999999945,0.00019531249999999963,0.3999999999999999,0.00019531249999999963,"{""00001101001"": 1, ""00101000100"": 1, ""00101010101"": 1, ""00101010111"": 1, ""00111010101"": 1, ""11000010111"": 1, ""11000011001"": 1, ""11100110011"": 1, ""11110100111"": 1, ""11110110100"": 1}"
975,019e10f6-d0a5-7433-b3c8-a3b23213e9dd,10,75,XZZIXIYYZZX,XZZYYIXIZZX,-0.00048828124999999913,10,0.9999999999999999,0.8,-0.19999999999999984,-0.0004882812499999991,-0.0003906249999999993,9.765624999999976e-05,0.19999999999999984,9.765624999999976e-05,"{""00000011011"": 1, ""00011100111"": 1, ""00011111111"": 1, ""00101011011"": 1, ""10101001111"": 1, ""11000001111"": 1, ""11001101011"": 1, ""11110101000"": 1, ""11110111111"": 1, ""11111011000"": 1}"
976,019e10f6-d0a5-7433-b3c8-a3b23213e9dd,10,76,XZZIXZIIIII,IIIIIZXIZZX,-0.00048828124999999913,10,0.9999999999999999,0.6,-0.3999999999999999,-0.0004882812499999991,-0.00029296874999999945,0.00019531249999999963,0.3999999999999999,0.00019531249999999963,"{""00000000101"": 1, ""00001110111"": 1, ""00010000100"": 1, ""00010000101"": 1, ""00010001100"": 1, ""00010001101"": 1, ""00100000010"": 1, ""00100101100"": 1, ""00110111011"": 1, ""11101110000"": 1}"
977,019e10f6-d0a5-7433-b3c8-a3b23213e9dd,10,77,XZZIXZIIIZX,XZIIIZXIZZX,-0.00048828124999999913,10,0.9999999999999999,0.6,-0.3999999999999999,-0.0004882812499999991,-0.00029296874999999945,0.00019531249999999963,0.3999999999999999,0.00019531249999999963,"{""00000000000"": 1, ""00000001011"": 1, ""00010100000"": 1, ""10100101010"": 1, ""11000000011"": 1, ""11010001011"": 1, ""11010011000"": 1, ""11101001100"": 2, ""11110010011"": 1}"
978,019e10f6-d0a5-7433-b3c8-a3b23213e9dd,10,78,XZZIXZIIZXZ,ZXZIIZXIZZX,-0.00048828124999999913,10,0.9999999999999999,0.8,-0.19999999999999984,-0.0004882812499999991,-0.0003906249999999993,9.765624999999976e-05,0.19999999999999984,9.765624999999976e-05,"{""00001111011"": 1, ""00011111110"": 1, ""00101001011"": 1, ""00110111110"": 1, ""01010001110"": 1, ""11010010110"": 1, ""11010011000"": 1, ""11100101011"": 1, ""11101010000"": 1, ""11110101101"": 1}"
979,019e10f6-d0a5-7433-b3c8-a3b23213e9dd,10,79,XZZIXZIIZYY,YYZIIZXIZZX,-0.00048828124999999913,10,0.9999999999999999,1.0,1.1102230246251565e-16,-0.0004882812499999991,-0.00048828124999999913,-5.421010862427522e-20,1.1102230246251565e-16,5.421010862427522e-20,"{""00000011000"": 1, ""00000011101"": 1, ""00001100011"": 1, ""00001110110"": 1, ""00100110011"": 1, ""11000010101"": 1, ""11001100011"": 1, ""11010010000"": 1, ""11101001110"": 1, ""11111011011"": 1}"
980,019e10f6-d0a5-7433-b3c8-a3b23213e9dd,10,80,XZZIXZIZXIX,XIXZIZXIZZX,-0.00048828124999999913,10,0.9999999999999999,0.8,-0.19999999999999984,-0.0004882812499999991,-0.0003906249999999993,9.765624999999976e-05,0.19999999999999984,9.765624999999976e-05,"{""00000000111"": 1, ""00000011100"": 1, ""00111011011"": 1, ""11001011100"": 1, ""11001100111"": 1, ""11010000111"": 1, ""11010011011"": 1, ""11011110111"": 1, ""11100111100"": 1, ""11111010000"": 1}"
981,019e10f6-d0a5-7433-b3c8-a3b23213e9dd,10,81,XZZIXZIZXZI,IZXZIZXIZZX,-0.00048828124999999913,10,0.9999999999999999,0.2,-0.7999999999999998,-0.0004882812499999991,-9.765624999999983e-05,0.00039062499999999926,0.7999999999999998,0.00039062499999999926,"{""00000001100"": 1, ""00001011011"": 1, ""00100111100"": 1, ""00101011011"": 1, ""00110111101"": 1, ""00110111111"": 1, ""10000001010"": 1, ""11001101011"": 1, ""11001111011"": 1, ""11110001010"": 1}"
982,019e10f6-d0a5-7433-b3c8-a3b23213e9dd,10,82,XZZIXZIZYXY,YXYZIZXIZZX,0.00048828124999999913,10,-0.9999999999999999,-0.4,0.5999999999999999,-0.0004882812499999991,-0.00019531249999999966,0.0002929687499999994,0.5999999999999999,0.0002929687499999994,"{""00011100111"": 1, ""00100111110"": 1, ""00110100100"": 1, ""00110110000"": 1, ""11010010001"": 1, ""11011000111"": 1, ""11011110111"": 1, ""11100011000"": 1, ""11110101000"": 1, ""11110111011"": 1}"
983,019e10f6-d0a5-7433-b3c8-a3b23213e9dd,10,83,XZZIXZIZYYZ,ZYYZIZXIZZX,-0.00048828124999999913,10,0.9999999999999999,0.8,-0.19999999999999984,-0.0004882812499999991,-0.0003906249999999993,9.765624999999976e-05,0.19999999999999984,9.765624999999976e-05,"{""00001100110"": 1, ""00010010110"": 1, ""00010111010"": 1, ""00100100101"": 1, ""00100111100"": 1, ""00101011100"": 2, ""10001101011"": 1, ""11010011010"": 1, ""11111001010"": 1}"
984,019e10f6-d0a5-7433-b3c8-a3b23213e9dd,10,84,XZZIXZZXIXZ,ZXIXZZXIZZX,-0.00048828124999999913,10,0.9999999999999999,0.6,-0.3999999999999999,-0.0004882812499999991,-0.00029296874999999945,0.00019531249999999963,0.3999999999999999,0.00019531249999999963,"{""00001100000"": 1, ""00100110101"": 1, ""00110100000"": 1, ""00110110110"": 1, ""00111011011"": 1, ""11000000000"": 1, ""11000100000"": 1, ""11001100000"": 1, ""11011110101"": 1, ""11100100010"": 1}"
985,019e10f6-d0a5-7433-b3c8-a3b23213e9dd,10,85,XZZIXZZXIYY,YYIXZZXIZZX,-0.00048828124999999913,10,0.9999999999999999,0.4,-0.5999999999999999,-0.0004882812499999991,-0.00019531249999999966,0.0002929687499999994,0.5999999999999999,0.0002929687499999994,"{""00000000001"": 1, ""00000001101"": 1, ""00101010110"": 1, ""00111001101"": 1, ""00111001110"": 1, ""11000000010"": 1, ""11000010101"": 1, ""11100110101"": 1, ""11100111000"": 1, ""11111101101"": 1}"
986,019e10f6-d0a5-7433-b3c8-a3b23213e9dd,10,86,XZZIXZZXZII,IIZXZZXIZZX,-0.00048828124999999913,10,0.9999999999999999,0.8,-0.19999999999999984,-0.0004882812499999991,-0.0003906249999999993,9.765624999999976e-05,0.19999999999999984,9.765624999999976e-05,"{""00010001100"": 1, ""00010001110"": 1, ""00011100001"": 1, ""00100100000"": 1, ""00101001111"": 1, ""10100100011"": 1, ""11010010111"": 1, ""11101000001"": 1, ""11110100010"": 1, ""11111000011"": 1}"
987,019e10f6-d0a5-7433-b3c8-a3b23213e9dd,10,87,XZZIXZZXZZX,XZZXZZXIZZX,-0.00048828124999999913,10,0.9999999999999999,0.8,-0.19999999999999984,-0.0004882812499999991,-0.0003906249999999993,9.765624999999976e-05,0.19999999999999984,9.765624999999976e-05,"{""00000001100"": 1, ""00001101111"": 1, ""00010000011"": 1, ""00100110111"": 1, ""00101000011"": 1, ""00110100011"": 1, ""00110110111"": 1, ""11000011011"": 1, ""11100110100"": 1, ""11100111001"": 1}"
988,019e10f6-d0a5-7433-b3c8-a3b23213e9dd,10,88,XZZIXZZYXXY,YXXYZZXIZZX,-0.00048828124999999913,10,0.9999999999999999,0.4,-0.5999999999999999,-0.0004882812499999991,-0.00019531249999999966,0.0002929687499999994,0.5999999999999999,0.0002929687499999994,"{""00000001100"": 1, ""00001100101"": 1, ""00010000000"": 1, ""00100011001"": 1, ""00101010010"": 1, ""00110100001"": 1, ""00110110010"": 1, ""00111000101"": 1, ""10111101000"": 1, ""11101001101"": 1}"
989,019e10f6-d0a5-7433-b3c8-a3b23213e9dd,10,89,XZZIXZZYXYZ,ZYXYZZXIZZX,0.00048828124999999913,10,-0.9999999999999999,-0.4,0.5999999999999999,-0.0004882812499999991,-0.00019531249999999966,0.0002929687499999994,0.5999999999999999,0.0002929687499999994,"{""00001100101"": 1, ""00001111001"": 1, ""00010100100"": 1, ""11011100111"": 1, ""11101000001"": 1, ""11101000100"": 1, ""11101010110"": 1, ""11111000111"": 1, ""11111010011"": 1, ""11111101000"": 1}"
990,019e10f6-d0a5-7433-b3c8-a3b23213e9dd,10,90,XZZIXZZYYIX,XIYYZZXIZZX,-0.00048828124999999913,10,0.9999999999999999,0.2,-0.7999999999999998,-0.0004882812499999991,-9.765624999999983e-05,0.00039062499999999926,0.7999999999999998,0.00039062499999999926,"{""00000111111"": 1, ""00011101011"": 2, ""00101001011"": 1, ""00101010010"": 1, ""00111000000"": 1, ""00111010011"": 1, ""11011011000"": 1, ""11110110010"": 1, ""11111010011"": 1}"
991,019e10f6-d0a5-7433-b3c8-a3b23213e9dd,10,91,XZZIXZZYYZI,IZYYZZXIZZX,-0.00048828124999999913,10,0.9999999999999999,0.4,-0.5999999999999999,-0.0004882812499999991,-0.00019531249999999966,0.0002929687499999994,0.5999999999999999,0.0002929687499999994,"{""00001111001"": 1, ""00010010101"": 1, ""00101000001"": 1, ""00101011000"": 1, ""00101011001"": 1, ""00111010010"": 1, ""11000010001"": 1, ""11001001100"": 1, ""11010100111"": 1, ""11111010100"": 1}"
992,019e10f6-d0a5-7433-b3c8-a3b23213e9dd,10,92,XZZIYXXXXXY,YXXXXXYIZZX,0.00048828124999999913,10,-0.9999999999999999,-0.2,0.7999999999999998,-0.0004882812499999991,-9.765624999999983e-05,0.00039062499999999926,0.7999999999999998,0.00039062499999999926,"{""00000100000"": 1, ""00011000100"": 1, ""00011010110"": 1, ""00100010101"": 1, ""00110100001"": 1, ""11010000100"": 1, ""11011011000"": 1, ""11100011011"": 1, ""11101100101"": 1, ""11111110101"": 1}"
993,019e10f6-d0a5-7433-b3c8-a3b23213e9dd,10,93,XZZIYXXXXYZ,ZYXXXXYIZZX,-0.00048828124999999913,10,0.9999999999999999,0.8,-0.19999999999999984,-0.0004882812499999991,-0.0003906249999999993,9.765624999999976e-05,0.19999999999999984,9.765624999999976e-05,"{""00010001010"": 1, ""00010101101"": 1, ""00101000001"": 1, ""00110010101"": 1, ""00110111110"": 1, ""00111100100"": 1, ""00111110101"": 1, ""11000001001"": 1, ""11100001011"": 1, ""11101111111"": 1}"
994,019e10f6-d0a5-7433-b3c8-a3b23213e9dd,10,94,XZZIYXXXYIX,XIYXXXYIZZX,0.00048828124999999913,10,-0.9999999999999999,-0.6,0.3999999999999999,-0.0004882812499999991,-0.00029296874999999945,0.00019531249999999963,0.3999999999999999,0.00019531249999999963,"{""00000000101"": 1, ""00000011011"": 1, ""00000100000"": 1, ""00001001100"": 1, ""00011101000"": 1, ""00110111001"": 1, ""11001000100"": 1, ""11001010100"": 1, ""11011111011"": 1, ""11111100111"": 1}"
995,019e10f6-d0a5-7433-b3c8-a3b23213e9dd,10,95,XZZIYXXXYZI,IZYXXXYIZZX,0.00048828124999999913,10,-0.9999999999999999,-0.2,0.7999999999999998,-0.0004882812499999991,-9.765624999999983e-05,0.00039062499999999926,0.7999999999999998,0.00039062499999999926,"{""00001001101"": 1, ""00100010111"": 1, ""00100011110"": 1, ""00110100100"": 1, ""00110101111"": 1, ""11010010011"": 1, ""11010110010"": 1, ""11100000100"": 1, ""11101011110"": 1, ""11101101011"": 1}"
996,019e10f6-d0a5-7433-b3c8-a3b23213e9dd,10,96,XZZIYXXYIXZ,ZXIYXXYIZZX,-0.00048828124999999913,10,0.9999999999999999,0.6,-0.3999999999999999,-0.0004882812499999991,-0.00029296874999999945,0.00019531249999999963,0.3999999999999999,0.00019531249999999963,"{""00001100011"": 1, ""00010100110"": 1, ""00011001101"": 1, ""00101100110"": 1, ""00111110011"": 1, ""11000000011"": 1, ""11000011000"": 1, ""11010001010"": 1, ""11011110101"": 1, ""11101110110"": 1}"
997,019e10f6-d0a5-7433-b3c8-a3b23213e9dd,10,97,XZZIYXXYIYY,YYIYXXYIZZX,-0.00048828124999999913,10,0.9999999999999999,0.6,-0.3999999999999999,-0.0004882812499999991,-0.00029296874999999945,0.00019531249999999963,0.3999999999999999,0.00019531249999999963,"{""00010100110"": 1, ""00011101110"": 1, ""00100010101"": 1, ""00101000110"": 1, ""00110000101"": 1, ""11010110011"": 1, ""11011000101"": 1, ""11011100000"": 1, ""11100100000"": 1, ""11111001101"": 1}"
998,019e10f6-d0a5-7433-b3c8-a3b23213e9dd,10,98,XZZIYXXYZII,IIZYXXYIZZX,-0.00048828124999999913,10,0.9999999999999999,0.4,-0.5999999999999999,-0.0004882812499999991,-0.00019531249999999966,0.0002929687499999994,0.5999999999999999,0.0002929687499999994,"{""00000111101"": 1, ""00001001101"": 1, ""00010101000"": 1, ""00011000100"": 1, ""00011011110"": 1, ""00101101100"": 1, ""00110000001"": 1, ""00110010010"": 1, ""11101001101"": 1, ""11111111110"": 1}"
999,019e10f6-d0a5-7433-b3c8-a3b23213e9dd,10,99,XZZIYXXYZZX,XZZYXXYIZZX,-0.00048828124999999913,10,0.9999999999999999,0.6,-0.3999999999999999,-0.0004882812499999991,-0.00029296874999999945,0.00019531249999999963,0.3999999999999999,0.00019531249999999963,"{""00000000000"": 1, ""00000100111"": 1, ""00100001011"": 1, ""00110010101"": 1, ""01011100011"": 1, ""11001101111"": 1, ""11010101011"": 1, ""11011001001"": 1, ""11011100000"": 1, ""11100111000"": 1}"
1000,019e10f6-e569-7a22-aca4-985ddff0d6c0,11,0,XZZIYXYIXIX,XIXIYXYIZZX,0.00048828124999999913,10,-0.9999999999999999,-0.4,0.5999999999999999,-0.0004882812499999991,-0.00019531249999999966,0.0002929687499999994,0.5999999999999999,0.0002929687499999994,"{""00001101100"": 1, ""00100001011"": 1, ""00101100111"": 1, ""00111100000"": 1, ""00111100111"": 1, ""11011001011"": 1, ""11011101101"": 1, ""11101100000"": 1, ""11111010111"": 1, ""11111111011"": 1}"
1001,019e10f6-e569-7a22-aca4-985ddff0d6c0,11,1,XZZIYXYIXZI,IZXIYXYIZZX,0.00048828124999999913,10,-0.9999999999999999,-0.4,0.5999999999999999,-0.0004882812499999991,-0.00019531249999999966,0.0002929687499999994,0.5999999999999999,0.0002929687499999994,"{""00001100111"": 1, ""00010111101"": 1, ""00100011010"": 1, ""00100101100"": 1, ""00101111010"": 1, ""11000010010"": 1, ""11001000000"": 1, ""11100000011"": 1, ""11110000000"": 1, ""11111010001"": 1}"
1002,019e10f6-e569-7a22-aca4-985ddff0d6c0,11,2,XZZIYXYIYXY,YXYIYXYIZZX,-0.00048828124999999913,10,0.9999999999999999,0.6,-0.3999999999999999,-0.0004882812499999991,-0.00029296874999999945,0.00019531249999999963,0.3999999999999999,0.00019531249999999963,"{""00001101111"": 1, ""00010001101"": 1, ""00010100111"": 1, ""00011010110"": 1, ""00101001110"": 1, ""00101111101"": 1, ""00110010001"": 1, ""10101101000"": 1, ""11100110100"": 1, ""11110101011"": 1}"
1003,019e10f6-e569-7a22-aca4-985ddff0d6c0,11,3,XZZIYXYIYYZ,ZYYIYXYIZZX,0.00048828124999999913,10,-0.9999999999999999,-0.6,0.3999999999999999,-0.0004882812499999991,-0.00029296874999999945,0.00019531249999999963,0.3999999999999999,0.00019531249999999963,"{""00000010101"": 1, ""00001101100"": 1, ""00001111111"": 1, ""00011011111"": 1, ""00110110011"": 1, ""11000010000"": 1, ""11000010100"": 1, ""11000100101"": 1, ""11010111001"": 1, ""11111111010"": 1}"
1004,019e10f6-e569-7a22-aca4-985ddff0d6c0,11,4,XZZIYXYZIII,IIIZYXYIZZX,0.00048828124999999913,10,-0.9999999999999999,-0.2,0.7999999999999998,-0.0004882812499999991,-9.765624999999983e-05,0.00039062499999999926,0.7999999999999998,0.00039062499999999926,"{""00000101011"": 1, ""00001111101"": 1, ""00100011110"": 1, ""00110010111"": 1, ""00110110000"": 1, ""01000111111"": 1, ""11001011000"": 1, ""11011011000"": 1, ""11110110011"": 1, ""11111100101"": 1}"
1005,019e10f6-e569-7a22-aca4-985ddff0d6c0,11,5,XZZIYXYZIZX,XZIZYXYIZZX,0.00048828124999999913,10,-0.9999999999999999,-1.0,-1.1102230246251565e-16,-0.0004882812499999991,-0.00048828124999999913,-5.421010862427522e-20,1.1102230246251565e-16,5.421010862427522e-20,"{""00000010000"": 1, ""00001101111"": 1, ""00111100100"": 1, ""11000001111"": 1, ""11001110000"": 1, ""11011011000"": 1, ""11100000111"": 1, ""11100101011"": 1, ""11110011000"": 1, ""11111100111"": 1}"
1006,019e10f6-e569-7a22-aca4-985ddff0d6c0,11,6,XZZIYXYZZXZ,ZXZZYXYIZZX,0.00048828124999999913,10,-0.9999999999999999,-1.0,-1.1102230246251565e-16,-0.0004882812499999991,-0.00048828124999999913,-5.421010862427522e-20,1.1102230246251565e-16,5.421010862427522e-20,"{""00011101101"": 1, ""00110110000"": 1, ""00110110101"": 2, ""11000111110"": 1, ""11010010110"": 1, ""11011000011"": 1, ""11011110000"": 1, ""11110000101"": 1, ""11111101111"": 1}"
1007,019e10f6-e569-7a22-aca4-985ddff0d6c0,11,7,XZZIYXYZZYY,YYZZYXYIZZX,0.00048828124999999913,10,-0.9999999999999999,-0.6,0.3999999999999999,-0.0004882812499999991,-0.00029296874999999945,0.00019531249999999963,0.3999999999999999,0.00019531249999999963,"{""00011101000"": 1, ""00100000110"": 1, ""00100111011"": 1, ""00110011110"": 1, ""00110101000"": 1, ""11001011000"": 1, ""11010001011"": 1, ""11010010101"": 1, ""11010101000"": 1, ""11110110110"": 1}"
1008,019e10f6-e569-7a22-aca4-985ddff0d6c0,11,8,XZZIYYIXIXZ,ZXIXIYYIZZX,-0.00048828124999999913,10,0.9999999999999999,0.8,-0.19999999999999984,-0.0004882812499999991,-0.0003906249999999993,9.765624999999976e-05,0.19999999999999984,9.765624999999976e-05,"{""00010000000"": 1, ""00010000001"": 1, ""00010111000"": 1, ""00011100011"": 1, ""00011101110"": 1, ""11000110110"": 1, ""11011101101"": 1, ""11100011011"": 1, ""11101000000"": 1, ""11111111011"": 1}"
1009,019e10f6-e569-7a22-aca4-985ddff0d6c0,11,9,XZZIYYIXIYY,YYIXIYYIZZX,-0.00048828124999999913,10,0.9999999999999999,0.8,-0.19999999999999984,-0.0004882812499999991,-0.0003906249999999993,9.765624999999976e-05,0.19999999999999984,9.765624999999976e-05,"{""00011101110"": 1, ""00101000000"": 1, ""00110011011"": 1, ""00110011110"": 1, ""00110100011"": 1, ""00111001101"": 1, ""11001011011"": 1, ""11100010110"": 1, ""11101001101"": 1, ""11110001000"": 1}"
1010,019e10f6-e569-7a22-aca4-985ddff0d6c0,11,10,XZZIYYIXZII,IIZXIYYIZZX,-0.00048828124999999913,10,0.9999999999999999,0.6,-0.3999999999999999,-0.0004882812499999991,-0.00029296874999999945,0.00019531249999999963,0.3999999999999999,0.00019531249999999963,"{""00000001101"": 1, ""00011010110"": 1, ""00100100000"": 1, ""00100101100"": 1, ""10010111011"": 1, ""11010110011"": 1, ""11011100010"": 1, ""11110011011"": 1, ""11111000011"": 1, ""11111001110"": 1}"
1011,019e10f6-e569-7a22-aca4-985ddff0d6c0,11,11,XZZIYYIXZZX,XZZXIYYIZZX,-0.00048828124999999913,10,0.9999999999999999,0.6,-0.3999999999999999,-0.0004882812499999991,-0.00029296874999999945,0.00019531249999999963,0.3999999999999999,0.00019531249999999963,"{""00001010100"": 1, ""00001100011"": 1, ""00001101100"": 1, ""00001101111"": 1, ""00001111000"": 1, ""00101111000"": 1, ""00101111011"": 1, ""00111111000"": 1, ""11000011000"": 1, ""11110101100"": 1}"
1012,019e10f6-e569-7a22-aca4-985ddff0d6c0,11,12,XZZIYYIYXXY,YXXYIYYIZZX,-0.00048828124999999913,10,0.9999999999999999,-0.2,-1.2,-0.0004882812499999991,9.765624999999983e-05,0.0005859374999999989,1.2,0.0005859374999999989,"{""00001011101"": 1, ""00010001101"": 1, ""00010110010"": 1, ""00011101001"": 1, ""00100110010"": 1, ""00101010100"": 1, ""00101011101"": 1, ""00111110000"": 1, ""11100100100"": 1, ""11110011101"": 1}"
1013,019e10f6-e569-7a22-aca4-985ddff0d6c0,11,13,XZZIYYIYXYZ,ZYXYIYYIZZX,0.00048828124999999913,10,-0.9999999999999999,-0.6,0.3999999999999999,-0.0004882812499999991,-0.00029296874999999945,0.00019531249999999963,0.3999999999999999,0.00019531249999999963,"{""00001010111"": 1, ""00100101110"": 1, ""11001010011"": 1, ""11001010101"": 1, ""11010110101"": 1, ""11010111000"": 1, ""11011011100"": 1, ""11011100010"": 1, ""11100100100"": 1, ""11110011100"": 1}"
1014,019e10f6-e569-7a22-aca4-985ddff0d6c0,11,14,XZZIYYIYYIX,XIYYIYYIZZX,-0.00048828124999999913,10,0.9999999999999999,0.8,-0.19999999999999984,-0.0004882812499999991,-0.0003906249999999993,9.765624999999976e-05,0.19999999999999984,9.765624999999976e-05,"{""00001100111"": 1, ""00010111111"": 1, ""00011100000"": 1, ""00101000011"": 1, ""00110100111"": 1, ""00110101100"": 1, ""11000110011"": 1, ""11010110011"": 1, ""11100011111"": 1, ""11101000000"": 1}"
1015,019e10f6-e569-7a22-aca4-985ddff0d6c0,11,15,XZZIYYIYYZI,IZYYIYYIZZX,-0.00048828124999999913,10,0.9999999999999999,1.0,1.1102230246251565e-16,-0.0004882812499999991,-0.00048828124999999913,-5.421010862427522e-20,1.1102230246251565e-16,5.421010862427522e-20,"{""00000111111"": 1, ""00001010100"": 1, ""00001100111"": 2, ""00001101101"": 1, ""00010110100"": 1, ""11000000110"": 1, ""11001011110"": 1, ""11011101011"": 1, ""11111110011"": 1}"
1016,019e10f6-e569-7a22-aca4-985ddff0d6c0,11,16,XZZIYYZIIII,IIIIZYYIZZX,-0.00048828124999999913,10,0.9999999999999999,0.2,-0.7999999999999998,-0.0004882812499999991,-9.765624999999983e-05,0.00039062499999999926,0.7999999999999998,0.00039062499999999926,"{""00000101010"": 1, ""00010101110"": 1, ""00101111110"": 1, ""00110011101"": 1, ""00110101011"": 1, ""00111001110"": 1, ""01101001110"": 1, ""11010100111"": 1, ""11010111111"": 1, ""11110011001"": 1}"
1017,019e10f6-e569-7a22-aca4-985ddff0d6c0,11,17,XZZIYYZIIZX,XZIIZYYIZZX,-0.00048828124999999913,10,0.9999999999999999,0.4,-0.5999999999999999,-0.0004882812499999991,-0.00019531249999999966,0.0002929687499999994,0.5999999999999999,0.0002929687499999994,"{""00000010000"": 1, ""00010011100"": 1, ""00011010011"": 1, ""00110010111"": 1, ""11001010000"": 1, ""11011101000"": 1, ""11100011111"": 1, ""11101001111"": 1, ""11101111011"": 1, ""11111001101"": 1}"
1018,019e10f6-e569-7a22-aca4-985ddff0d6c0,11,18,XZZIYYZIZXZ,ZXZIZYYIZZX,-0.00048828124999999913,10,0.9999999999999999,0.4,-0.5999999999999999,-0.0004882812499999991,-0.00019531249999999966,0.0002929687499999994,0.5999999999999999,0.0002929687499999994,"{""00010000101"": 1, ""00010111000"": 1, ""00011101011"": 1, ""00101100000"": 1, ""00101100101"": 1, ""00110100000"": 1, ""00111001110"": 1, ""01001010000"": 1, ""11100100101"": 1, ""11101110011"": 1}"
1019,019e10f6-e569-7a22-aca4-985ddff0d6c0,11,19,XZZIYYZIZYY,YYZIZYYIZZX,-0.00048828124999999913,10,0.9999999999999999,0.0,-0.9999999999999999,-0.0004882812499999991,-0.0,0.0004882812499999991,0.9999999999999999,0.0004882812499999991,"{""00001010110"": 1, ""00001101011"": 1, ""00101000000"": 1, ""01000110110"": 1, ""11010001000"": 1, ""11010100011"": 1, ""11011100011"": 1, ""11101011101"": 1, ""11110110101"": 2}"
1020,019e10f6-e569-7a22-aca4-985ddff0d6c0,11,20,XZZIYYZZXIX,XIXZZYYIZZX,-0.00048828124999999913,10,0.9999999999999999,0.2,-0.7999999999999998,-0.0004882812499999991,-9.765624999999983e-05,0.00039062499999999926,0.7999999999999998,0.00039062499999999926,"{""00000000111"": 1, ""00001110000"": 1, ""00011001011"": 1, ""11000000000"": 1, ""11000110000"": 1, ""11010011011"": 1, ""11011011100"": 1, ""11100101100"": 1, ""11101110111"": 1, ""11111000001"": 1}"
1021,019e10f6-e569-7a22-aca4-985ddff0d6c0,11,21,XZZIYYZZXZI,IZXZZYYIZZX,-0.00048828124999999913,10,0.9999999999999999,0.4,-0.5999999999999999,-0.0004882812499999991,-0.00019531249999999966,0.0002929687499999994,0.5999999999999999,0.0002929687499999994,"{""00000101100"": 1, ""00001101011"": 1, ""00010010111"": 1, ""00010110000"": 1, ""00101001011"": 1, ""00111110001"": 1, ""01111001100"": 1, ""11011010000"": 1, ""11110011011"": 1, ""11111110110"": 1}"
1022,019e10f6-e569-7a22-aca4-985ddff0d6c0,11,22,XZZIYYZZYXY,YXYZZYYIZZX,0.00048828124999999913,10,-0.9999999999999999,-0.4,0.5999999999999999,-0.0004882812499999991,-0.00019531249999999966,0.0002929687499999994,0.5999999999999999,0.0002929687499999994,"{""00010110011"": 1, ""00011011101"": 1, ""00100010110"": 1, ""10010000111"": 1, ""11010000111"": 1, ""11011010001"": 1, ""11011100001"": 1, ""11101110111"": 1, ""11110101110"": 1, ""11111110111"": 1}"
1023,019e10f6-e569-7a22-aca4-985ddff0d6c0,11,23,XZZIYYZZYYZ,ZYYZZYYIZZX,-0.00048828124999999913,10,0.9999999999999999,0.6,-0.3999999999999999,-0.0004882812499999991,-0.00029296874999999945,0.00019531249999999963,0.3999999999999999,0.00019531249999999963,"{""00001100110"": 1, ""00001101100"": 1, ""00100010001"": 1, ""00100011100"": 1, ""00101001010"": 1, ""00110011100"": 1, ""11000001111"": 1, ""11001100000"": 1, ""11100010000"": 1, ""11111101010"": 1}"
1024,019e10f6-e569-7a22-aca4-985ddff0d6c0,11,24,YXIYXIXIXIX,XIXIXIXYIXY,0.00048828124999999913,10,-0.9999999999999999,-0.6,0.3999999999999999,-0.0004882812499999991,-0.00029296874999999945,0.00019531249999999963,0.3999999999999999,0.00019531249999999963,"{""01000000111"": 1, ""01110101111"": 1, ""01110110111"": 1, ""10000011100"": 1, ""10001110000"": 1, ""10111011011"": 1, ""11010011100"": 1, ""11100110000"": 2, ""11111000000"": 1}"
1025,019e10f6-e569-7a22-aca4-985ddff0d6c0,11,25,YXIYXIXIXZI,IZXIXIXYIXY,0.00048828124999999913,10,-0.9999999999999999,-0.4,0.5999999999999999,-0.0004882812499999991,-0.00019531249999999966,0.0002929687499999994,0.5999999999999999,0.0002929687499999994,"{""00010011011"": 1, ""01100101011"": 1, ""01110010000"": 1, ""01110110000"": 1, ""01110110110"": 1, ""10000011100"": 1, ""10001101101"": 1, ""10110110001"": 1, ""10111000011"": 1, ""10111010001"": 1}"
1026,019e10f6-e569-7a22-aca4-985ddff0d6c0,11,26,YXIYXIXIYXY,YXYIXIXYIXY,-0.00048828124999999913,10,0.9999999999999999,-0.2,-1.2,-0.0004882812499999991,9.765624999999983e-05,0.0005859374999999989,1.2,0.0005859374999999989,"{""00000011000"": 1, ""00010000010"": 1, ""00101000010"": 1, ""01101000001"": 1, ""01110101110"": 1, ""01111101110"": 1, ""10001011101"": 1, ""11100101000"": 1, ""11100101100"": 1, ""11101110001"": 1}"
1027,019e10f6-e569-7a22-aca4-985ddff0d6c0,11,27,YXIYXIXIYYZ,ZYYIXIXYIXY,0.00048828124999999913,10,-0.9999999999999999,-0.2,0.7999999999999998,-0.0004882812499999991,-9.765624999999983e-05,0.00039062499999999926,0.7999999999999998,0.00039062499999999926,"{""00000010010"": 1, ""00011000101"": 1, ""00100101001"": 1, ""01111011001"": 1, ""10000000000"": 1, ""10001101010"": 1, ""10001110110"": 1, ""10111000000"": 1, ""11011101101"": 2}"
1028,019e10f6-e569-7a22-aca4-985ddff0d6c0,11,28,YXIYXIXZIII,IIIZXIXYIXY,0.00048828124999999913,10,-0.9999999999999999,0.0,0.9999999999999999,-0.0004882812499999991,0.0,0.0004882812499999991,0.9999999999999999,0.0004882812499999991,"{""00010010100"": 1, ""01000000101"": 1, ""01000000110"": 1, ""01111000011"": 1, ""10001011010"": 1, ""10001101100"": 1, ""11001110000"": 1, ""11011110110"": 1, ""11101110001"": 1, ""11110010011"": 1}"
1029,019e10f6-e569-7a22-aca4-985ddff0d6c0,11,29,YXIYXIXZIZX,XZIZXIXYIXY,0.00048828124999999913,10,-0.9999999999999999,-0.6,0.3999999999999999,-0.0004882812499999991,-0.00029296874999999945,0.00019531249999999963,0.3999999999999999,0.00019531249999999963,"{""00111000111"": 1, ""01000011111"": 1, ""01001101011"": 1, ""01001110100"": 1, ""01111100000"": 1, ""10000001011"": 1, ""10111011011"": 1, ""11010000011"": 1, ""11100110111"": 2}"
1030,019e10f6-e569-7a22-aca4-985ddff0d6c0,11,30,YXIYXIXZZXZ,ZXZZXIXYIXY,0.00048828124999999913,10,-0.9999999999999999,-0.6,0.3999999999999999,-0.0004882812499999991,-0.00029296874999999945,0.00019531249999999963,0.3999999999999999,0.00019531249999999963,"{""00011101000"": 1, ""00100101011"": 1, ""01001101110"": 1, ""01111011110"": 1, ""10000000011"": 1, ""10001110011"": 1, ""10110110011"": 1, ""11001101110"": 1, ""11010010110"": 1, ""11101000101"": 1}"
1031,019e10f6-e569-7a22-aca4-985ddff0d6c0,11,31,YXIYXIXZZYY,YYZZXIXYIXY,0.00048828124999999913,10,-0.9999999999999999,-0.6,0.3999999999999999,-0.0004882812499999991,-0.00029296874999999945,0.00019531249999999963,0.3999999999999999,0.00019531249999999963,"{""00101000011"": 1, ""00101001000"": 1, ""00101011101"": 1, ""01000011110"": 1, ""01001101101"": 1, ""10000101101"": 1, ""10001110110"": 1, ""11010000011"": 1, ""11010000101"": 1, ""11011110011"": 1}"
1032,019e10f6-e569-7a22-aca4-985ddff0d6c0,11,32,YXIYXIYXXXY,YXXXYIXYIXY,-0.00048828124999999913,10,0.9999999999999999,0.2,-0.7999999999999998,-0.0004882812499999991,-9.765624999999983e-05,0.00039062499999999926,0.7999999999999998,0.00039062499999999926,"{""00010000011"": 1, ""00100101010"": 1, ""01001111011"": 1, ""10000010101"": 1, ""10101010000"": 1, ""10101011010"": 1, ""10110100000"": 1, ""10110110111"": 1, ""10111011010"": 1, ""11101100000"": 1}"
1033,019e10f6-e569-7a22-aca4-985ddff0d6c0,11,33,YXIYXIYXXYZ,ZYXXYIXYIXY,0.00048828124999999913,10,-0.9999999999999999,-0.2,0.7999999999999998,-0.0004882812499999991,-9.765624999999983e-05,0.00039062499999999926,0.7999999999999998,0.00039062499999999926,"{""00010001000"": 1, ""00010010101"": 1, ""00010101001"": 1, ""00100111001"": 1, ""01111001001"": 1, ""01111010100"": 1, ""10111011010"": 1, ""11010001100"": 1, ""11011111101"": 1, ""11101011101"": 1}"
1034,019e10f6-e569-7a22-aca4-985ddff0d6c0,11,34,YXIYXIYXYIX,XIYXYIXYIXY,-0.00048828124999999913,10,0.9999999999999999,0.2,-0.7999999999999998,-0.0004882812499999991,-9.765624999999983e-05,0.00039062499999999926,0.7999999999999998,0.00039062499999999926,"{""00101000011"": 1, ""00101110011"": 1, ""01000000011"": 1, ""01000011011"": 1, ""01001110011"": 1, ""01111000000"": 1, ""10000101011"": 1, ""11000000100"": 1, ""11010001111"": 1, ""11011101011"": 1}"
1035,019e10f6-e569-7a22-aca4-985ddff0d6c0,11,35,YXIYXIYXYZI,IZYXYIXYIXY,-0.00048828124999999913,10,0.9999999999999999,-0.6,-1.5999999999999999,-0.0004882812499999991,0.00029296874999999945,0.0007812499999999985,1.5999999999999999,0.0007812499999999985,"{""00101000110"": 1, ""01000011000"": 1, ""01111011010"": 1, ""01111111001"": 1, ""10000010110"": 1, ""10001100010"": 1, ""10011101101"": 1, ""10110110111"": 1, ""11010100111"": 1, ""11100100100"": 1}"
1036,019e10f6-e569-7a22-aca4-985ddff0d6c0,11,36,YXIYXIYYIXZ,ZXIYYIXYIXY,0.00048828124999999913,10,-0.9999999999999999,-0.8,0.19999999999999984,-0.0004882812499999991,-0.0003906249999999993,9.765624999999976e-05,0.19999999999999984,9.765624999999976e-05,"{""00010010110"": 1, ""00100110000"": 1, ""01001101011"": 1, ""01011000011"": 1, ""10001010000"": 1, ""10001110011"": 1, ""10001111110"": 1, ""10111011000"": 1, ""11001001101"": 1, ""11010100101"": 1}"
1037,019e10f6-e569-7a22-aca4-985ddff0d6c0,11,37,YXIYXIYYIYY,YYIYYIXYIXY,0.00048828124999999913,10,-0.9999999999999999,-0.8,0.19999999999999984,-0.0004882812499999991,-0.0003906249999999993,9.765624999999976e-05,0.19999999999999984,9.765624999999976e-05,"{""00010001101"": 1, ""00010010110"": 1, ""01001110011"": 2, ""10001111110"": 1, ""10101110000"": 1, ""10110110000"": 1, ""10111001101"": 1, ""11100101101"": 1, ""11100110011"": 1}"
1038,019e10f6-e569-7a22-aca4-985ddff0d6c0,11,38,YXIYXIYYZII,IIZYYIXYIXY,0.00048828124999999913,10,-0.9999999999999999,-0.2,0.7999999999999998,-0.0004882812499999991,-9.765624999999983e-05,0.00039062499999999926,0.7999999999999998,0.00039062499999999926,"{""00111000001"": 1, ""01000000010"": 1, ""01000001101"": 1, ""01110001111"": 1, ""10000000000"": 1, ""10000001101"": 1, ""10100011010"": 1, ""10111010010"": 1, ""10111101010"": 1, ""11101000001"": 1}"
1039,019e10f6-e569-7a22-aca4-985ddff0d6c0,11,39,YXIYXIYYZZX,XZZYYIXYIXY,0.00048828124999999913,10,-0.9999999999999999,-0.6,0.3999999999999999,-0.0004882812499999991,-0.00029296874999999945,0.00019531249999999963,0.3999999999999999,0.00019531249999999963,"{""00001110000"": 1, ""00101001111"": 1, ""00101011011"": 1, ""01000000000"": 1, ""10111011000"": 1, ""11000010000"": 1, ""11010011001"": 1, ""11011100100"": 1, ""11011101000"": 1, ""11101000011"": 1}"
1040,019e10f6-e569-7a22-aca4-985ddff0d6c0,11,40,YXIYXZIIIII,IIIIIZXYIXY,0.00048828124999999913,10,-0.9999999999999999,-1.0,-1.1102230246251565e-16,-0.0004882812499999991,-0.00048828124999999913,-5.421010862427522e-20,1.1102230246251565e-16,5.421010862427522e-20,"{""00010000100"": 1, ""00010001001"": 1, ""00100110001"": 1, ""10000000000"": 1, ""10110100111"": 1, ""10110101110"": 1, ""10111000110"": 1, ""10111010011"": 1, ""11100101000"": 1, ""11101000100"": 1}"
1041,019e10f6-e569-7a22-aca4-985ddff0d6c0,11,41,YXIYXZIIIZX,XZIIIZXYIXY,0.00048828124999999913,10,-0.9999999999999999,-0.6,0.3999999999999999,-0.0004882812499999991,-0.00029296874999999945,0.00019531249999999963,0.3999999999999999,0.00019531249999999963,"{""00101000000"": 1, ""00101000011"": 1, ""00101100000"": 1, ""01000001111"": 2, ""01001111000"": 1, ""01101011011"": 1, ""10001110011"": 1, ""10110101111"": 1, ""11101011011"": 1}"
1042,019e10f6-e569-7a22-aca4-985ddff0d6c0,11,42,YXIYXZIIZXZ,ZXZIIZXYIXY,0.00048828124999999913,10,-0.9999999999999999,0.2,1.2,-0.0004882812499999991,9.765624999999983e-05,0.0005859374999999989,1.2,0.0005859374999999989,"{""00100001110"": 1, ""01101010101"": 1, ""01110110101"": 1, ""10000111110"": 1, ""10111000011"": 1, ""10111100110"": 1, ""11010001110"": 1, ""11010011110"": 1, ""11101101101"": 1, ""11111010101"": 1}"
1043,019e10f6-e569-7a22-aca4-985ddff0d6c0,11,43,YXIYXZIIZYY,YYZIIZXYIXY,0.00048828124999999913,10,-0.9999999999999999,-0.4,0.5999999999999999,-0.0004882812499999991,-0.00019531249999999966,0.0002929687499999994,0.5999999999999999,0.0002929687499999994,"{""00010011101"": 1, ""00110000101"": 1, ""00110110110"": 1, ""10001100011"": 1, ""10110110110"": 1, ""11000000101"": 1, ""11001110101"": 1, ""11010000011"": 1, ""11100111011"": 1, ""11100111101"": 1}"
1044,019e10f6-e569-7a22-aca4-985ddff0d6c0,11,44,YXIYXZIZXIX,XIXZIZXYIXY,0.00048828124999999913,10,-0.9999999999999999,-0.4,0.5999999999999999,-0.0004882812499999991,-0.00019531249999999966,0.0002929687499999994,0.5999999999999999,0.0002929687499999994,"{""00000001011"": 1, ""00010010000"": 1, ""01001000000"": 1, ""10000010111"": 1, ""10000011011"": 1, ""10001101011"": 1, ""10110101011"": 1, ""11011010000"": 1, ""11101001011"": 1, ""11101011011"": 1}"
1045,019e10f6-e569-7a22-aca4-985ddff0d6c0,11,45,YXIYXZIZXZI,IZXZIZXYIXY,0.00048828124999999913,10,-0.9999999999999999,-0.6,0.3999999999999999,-0.0004882812499999991,-0.00029296874999999945,0.00019531249999999963,0.3999999999999999,0.00019531249999999963,"{""00011100100"": 1, ""01110100111"": 1, ""01111000000"": 1, ""10001101011"": 1, ""10110110110"": 1, ""10111011010"": 1, ""11000101101"": 1, ""11100001100"": 1, ""11100101011"": 1, ""11101000110"": 1}"
1046,019e10f6-e569-7a22-aca4-985ddff0d6c0,11,46,YXIYXZIZYXY,YXYZIZXYIXY,-0.00048828124999999913,10,0.9999999999999999,0.8,-0.19999999999999984,-0.0004882812499999991,-0.0003906249999999993,9.765624999999976e-05,0.19999999999999984,9.765624999999976e-05,"{""00100100001"": 1, ""00100101101"": 1, ""00101001101"": 1, ""01001100010"": 1, ""01110110000"": 1, ""01110110111"": 1, ""01110111110"": 1, ""11010011011"": 1, ""11011100001"": 1, ""11100100111"": 1}"
1047,019e10f6-e569-7a22-aca4-985ddff0d6c0,11,47,YXIYXZIZYYZ,ZYYZIZXYIXY,0.00048828124999999913,10,-0.9999999999999999,-0.4,0.5999999999999999,-0.0004882812499999991,-0.00019531249999999966,0.0002929687499999994,0.5999999999999999,0.0002929687499999994,"{""00100010110"": 1, ""00101000011"": 1, ""00110101111"": 1, ""01110101100"": 1, ""01110111010"": 1, ""10111001010"": 1, ""11010000011"": 1, ""11011100000"": 1, ""11011110001"": 1, ""11101000011"": 1}"
1048,019e10f6-e569-7a22-aca4-985ddff0d6c0,11,48,YXIYXZZXIXZ,ZXIXZZXYIXY,0.00048828124999999913,10,-0.9999999999999999,-0.4,0.5999999999999999,-0.0004882812499999991,-0.00019531249999999966,0.0002929687499999994,0.5999999999999999,0.0002929687499999994,"{""00010000011"": 1, ""00011001110"": 1, ""00110100000"": 1, ""01001111011"": 1, ""01011111000"": 1, ""10001100011"": 1, ""10001101110"": 1, ""11001111101"": 1, ""11010010110"": 1, ""11100101110"": 1}"
1049,019e10f6-e569-7a22-aca4-985ddff0d6c0,11,49,YXIYXZZXIYY,YYIXZZXYIXY,0.00048828124999999913,10,-0.9999999999999999,0.0,0.9999999999999999,-0.0004882812499999991,0.0,0.0004882812499999991,0.9999999999999999,0.0004882812499999991,"{""00000010110"": 1, ""00010101110"": 1, ""00101001101"": 1, ""00101001110"": 1, ""00110101101"": 1, ""01001001101"": 1, ""01011100000"": 1, ""01111000000"": 1, ""10110101010"": 1, ""11100111000"": 1}"
1050,019e10f6-e569-7a22-aca4-985ddff0d6c0,11,50,YXIYXZZXZII,IIZXZZXYIXY,0.00048828124999999913,10,-0.9999999999999999,-0.4,0.5999999999999999,-0.0004882812499999991,-0.00019531249999999966,0.0002929687499999994,0.5999999999999999,0.0002929687499999994,"{""00011100000"": 1, ""00101011001"": 1, ""00111011000"": 1, ""10000000011"": 1, ""10000011000"": 1, ""10001110110"": 1, ""10110100000"": 1, ""10110110111"": 1, ""10111000101"": 1, ""11010110111"": 1}"
1051,019e10f6-e569-7a22-aca4-985ddff0d6c0,11,51,YXIYXZZXZZX,XZZXZZXYIXY,0.00048828124999999913,10,-0.9999999999999999,0.2,1.2,-0.0004882812499999991,9.765624999999983e-05,0.0005859374999999989,1.2,0.0005859374999999989,"{""00101001100"": 1, ""00111001100"": 1, ""01000000000"": 1, ""01001010100"": 1, ""01100111011"": 1, ""10000011000"": 1, ""10100101111"": 1, ""10110101100"": 1, ""11010001000"": 1, ""11011001111"": 1}"
1052,019e10f6-e569-7a22-aca4-985ddff0d6c0,11,52,YXIYXZZYXXY,YXXYZZXYIXY,0.00048828124999999913,10,-0.9999999999999999,-0.6,0.3999999999999999,-0.0004882812499999991,-0.00029296874999999945,0.00019531249999999963,0.3999999999999999,0.00019531249999999963,"{""00100100011"": 1, ""00101011011"": 1, ""01001101100"": 1, ""01001111100"": 1, ""01110100000"": 1, ""10010000101"": 1, ""10111011011"": 1, ""11011111000"": 1, ""11100111000"": 1, ""11101011000"": 1}"
1053,019e10f6-e569-7a22-aca4-985ddff0d6c0,11,53,YXIYXZZYXYZ,ZYXYZZXYIXY,-0.00048828124999999913,10,0.9999999999999999,0.8,-0.19999999999999984,-0.0004882812499999991,-0.0003906249999999993,9.765624999999976e-05,0.19999999999999984,9.765624999999976e-05,"{""00011101011"": 1, ""00101001101"": 1, ""00101001110"": 1, ""01111011100"": 1, ""10001101011"": 1, ""10010101000"": 1, ""10101011000"": 1, ""10111010100"": 1, ""11010001110"": 1, ""11101011111"": 1}"
1054,019e10f6-e569-7a22-aca4-985ddff0d6c0,11,54,YXIYXZZYYIX,XIYYZZXYIXY,0.00048828124999999913,10,-0.9999999999999999,-0.4,0.5999999999999999,-0.0004882812499999991,-0.00019531249999999966,0.0002929687499999994,0.5999999999999999,0.0002929687499999994,"{""01000010100"": 1, ""01111011000"": 1, ""10001111000"": 1, ""10010010011"": 1, ""10110101011"": 1, ""11011010011"": 1, ""11011101100"": 1, ""11011111000"": 1, ""11101001100"": 1, ""11101111000"": 1}"
1055,019e10f6-e569-7a22-aca4-985ddff0d6c0,11,55,YXIYXZZYYZI,IZYYZZXYIXY,0.00048828124999999913,10,-0.9999999999999999,-0.8,0.19999999999999984,-0.0004882812499999991,-0.0003906249999999993,9.765624999999976e-05,0.19999999999999984,9.765624999999976e-05,"{""00010000101"": 1, ""00010001100"": 1, ""00010011001"": 1, ""00011100110"": 1, ""01110100001"": 1, ""10000010011"": 1, ""10001110100"": 1, ""10111001011"": 1, ""11101011000"": 1, ""11101011001"": 1}"
1056,019e10f6-e569-7a22-aca4-985ddff0d6c0,11,56,YXIYYXXXXXY,YXXXXXYYIXY,-0.00048828124999999913,10,0.9999999999999999,0.4,-0.5999999999999999,-0.0004882812499999991,-0.00019531249999999966,0.0002929687499999994,0.5999999999999999,0.0002929687499999994,"{""00100101000"": 1, ""00100111001"": 1, ""01001010110"": 1, ""01100101101"": 1, ""01111111001"": 1, ""10111100110"": 1, ""11011010010"": 1, ""11100011101"": 1, ""11100101110"": 1, ""11101110111"": 1}"
1057,019e10f6-e569-7a22-aca4-985ddff0d6c0,11,57,YXIYYXXXXYZ,ZYXXXXYYIXY,0.00048828124999999913,10,-0.9999999999999999,0.0,0.9999999999999999,-0.0004882812499999991,0.0,0.0004882812499999991,0.9999999999999999,0.0004882812499999991,"{""00010001000"": 1, ""00010011101"": 1, ""01000001100"": 1, ""10000001111"": 1, ""10010110011"": 1, ""10111110111"": 1, ""11011100110"": 1, ""11100000000"": 1, ""11101010000"": 1, ""11101100001"": 1}"
1058,019e10f6-e569-7a22-aca4-985ddff0d6c0,11,58,YXIYYXXXYIX,XIYXXXYYIXY,-0.00048828124999999913,10,0.9999999999999999,0.4,-0.5999999999999999,-0.0004882812499999991,-0.00019531249999999966,0.0002929687499999994,0.5999999999999999,0.0002929687499999994,"{""00011001100"": 1, ""00011011000"": 1, ""01000000000"": 1, ""01110010100"": 1, ""10000100100"": 1, ""10110101111"": 1, ""11010101100"": 1, ""11011111111"": 1, ""11101011011"": 1, ""11101101100"": 1}"
1059,019e10f6-e569-7a22-aca4-985ddff0d6c0,11,59,YXIYYXXXYZI,IZYXXXYYIXY,-0.00048828124999999913,10,0.9999999999999999,0.4,-0.5999999999999999,-0.0004882812499999991,-0.00019531249999999966,0.0002929687499999994,0.5999999999999999,0.0002929687499999994,"{""00100111100"": 1, ""01001001101"": 1, ""01001101111"": 1, ""01001111010"": 1, ""01111101011"": 1, ""10000111010"": 1, ""10110001100"": 1, ""11000011100"": 1, ""11010010110"": 1, ""11101000000"": 1}"
1060,019e10f6-e569-7a22-aca4-985ddff0d6c0,11,60,YXIYYXXYIXZ,ZXIYXXYYIXY,0.00048828124999999913,10,-0.9999999999999999,-0.2,0.7999999999999998,-0.0004882812499999991,-9.765624999999983e-05,0.00039062499999999926,0.7999999999999998,0.00039062499999999926,"{""00011011101"": 1, ""01110010000"": 1, ""10000000011"": 1, ""10001000110"": 1, ""10110011011"": 1, ""10110100000"": 1, ""11010000101"": 1, ""11010111101"": 1, ""11101001011"": 1, ""11111000011"": 1}"
1061,019e10f6-e569-7a22-aca4-985ddff0d6c0,11,61,YXIYYXXYIYY,YYIYXXYYIXY,0.00048828124999999913,10,-0.9999999999999999,-0.4,0.5999999999999999,-0.0004882812499999991,-0.00019531249999999966,0.0002929687499999994,0.5999999999999999,0.0002929687499999994,"{""00001010011"": 1, ""01000101000"": 1, ""01001000101"": 2, ""01110101011"": 1, ""10000001101"": 1, ""10101100101"": 1, ""10110100011"": 1, ""10110101101"": 1, ""11010111101"": 1}"
1062,019e10f6-e569-7a22-aca4-985ddff0d6c0,11,62,YXIYYXXYZII,IIZYXXYYIXY,0.00048828124999999913,10,-0.9999999999999999,-0.4,0.5999999999999999,-0.0004882812499999991,-0.00019531249999999966,0.0002929687499999994,0.5999999999999999,0.0002929687499999994,"{""00010110001"": 1, ""00010111100"": 1, ""00011010001"": 1, ""00100101101"": 1, ""00111011001"": 1, ""01001010001"": 1, ""01001011101"": 1, ""10101111111"": 1, ""10110011010"": 1, ""11101111100"": 1}"
1063,019e10f6-e569-7a22-aca4-985ddff0d6c0,11,63,YXIYYXXYZZX,XZZYXXYYIXY,0.00048828124999999913,10,-0.9999999999999999,0.0,0.9999999999999999,-0.0004882812499999991,0.0,0.0004882812499999991,0.9999999999999999,0.0004882812499999991,"{""00010111000"": 1, ""00101001011"": 1, ""01000101011"": 1, ""01001110111"": 1, ""10000110111"": 1, ""10001011111"": 1, ""10011001011"": 1, ""11010001100"": 1, ""11010010100"": 1, ""11110101111"": 1}"
1064,019e10f6-e569-7a22-aca4-985ddff0d6c0,11,64,YXIYYXYIXIX,XIXIYXYYIXY,-0.00048828124999999913,10,0.9999999999999999,-0.2,-1.2,-0.0004882812499999991,9.765624999999983e-05,0.0005859374999999989,1.2,0.0005859374999999989,"{""00010000111"": 1, ""00100010000"": 1, ""00101010000"": 1, ""00101010110"": 1, ""00101100000"": 1, ""00101100111"": 1, ""00111010000"": 1, ""01100000000"": 1, ""01101001011"": 1, ""10001101100"": 1}"
1065,019e10f6-e569-7a22-aca4-985ddff0d6c0,11,65,YXIYYXYIXZI,IZXIYXYYIXY,-0.00048828124999999913,10,0.9999999999999999,0.2,-0.7999999999999998,-0.0004882812499999991,-9.765624999999983e-05,0.00039062499999999926,0.7999999999999998,0.00039062499999999926,"{""00011001100"": 1, ""00100101101"": 1, ""00111010000"": 1, ""01000010001"": 1, ""01001000000"": 1, ""01111010000"": 1, ""10001011010"": 1, ""11011011011"": 1, ""11100111100"": 1, ""11101010100"": 1}"
1066,019e10f6-e569-7a22-aca4-985ddff0d6c0,11,66,YXIYYXYIYXY,YXYIYXYYIXY,0.00048828124999999913,10,-0.9999999999999999,-0.6,0.3999999999999999,-0.0004882812499999991,-0.00029296874999999945,0.00019531249999999963,0.3999999999999999,0.00019531249999999963,"{""00011011011"": 1, ""00100000001"": 1, ""10000010001"": 1, ""10110001011"": 1, ""10110101000"": 1, ""11011000100"": 1, ""11100101011"": 1, ""11101001110"": 1, ""11101010001"": 1, ""11110011101"": 1}"
1067,019e10f6-e569-7a22-aca4-985ddff0d6c0,11,67,YXIYYXYIYYZ,ZYYIYXYYIXY,-0.00048828124999999913,10,0.9999999999999999,0.6,-0.3999999999999999,-0.0004882812499999991,-0.00029296874999999945,0.00019531249999999963,0.3999999999999999,0.00019531249999999963,"{""00100011010"": 1, ""00110110001"": 1, ""01101100011"": 1, ""01110101100"": 1, ""10001000011"": 1, ""10001110101"": 1, ""10110000010"": 1, ""10110000101"": 1, ""11010010011"": 1, ""11101001010"": 1}"
1068,019e10f6-e569-7a22-aca4-985ddff0d6c0,11,68,YXIYYXYZIII,IIIZYXYYIXY,-0.00048828124999999913,10,0.9999999999999999,0.6,-0.3999999999999999,-0.0004882812499999991,-0.00029296874999999945,0.00019531249999999963,0.3999999999999999,0.00019531249999999963,"{""00001011110"": 1, ""00101100101"": 1, ""01001101111"": 1, ""01110110110"": 1, ""01111001001"": 1, ""01111010000"": 1, ""01111100001"": 1, ""01111100010"": 1, ""11001011110"": 1, ""11111110101"": 1}"
1069,019e10f6-e569-7a22-aca4-985ddff0d6c0,11,69,YXIYYXYZIZX,XZIZYXYYIXY,-0.00048828124999999913,10,0.9999999999999999,0.6,-0.3999999999999999,-0.0004882812499999991,-0.00029296874999999945,0.00019531249999999963,0.3999999999999999,0.00019531249999999963,"{""00010001011"": 1, ""00010100011"": 1, ""00100010111"": 1, ""00101100000"": 1, ""01010100101"": 1, ""01111001011"": 1, ""01111111011"": 1, ""10000100100"": 1, ""10001101111"": 1, ""11110110100"": 1}"
1070,019e10f6-e569-7a22-aca4-985ddff0d6c0,11,70,YXIYYXYZZXZ,ZXZZYXYYIXY,-0.00048828124999999913,10,0.9999999999999999,0.2,-0.7999999999999998,-0.0004882812499999991,-9.765624999999983e-05,0.00039062499999999926,0.7999999999999998,0.00039062499999999926,"{""00001101011"": 1, ""00011000000"": 1, ""00100001011"": 1, ""01001101110"": 1, ""01011110101"": 1, ""01111001000"": 1, ""10000111011"": 1, ""11100001110"": 1, ""11100110000"": 2}"
1071,019e10f6-e569-7a22-aca4-985ddff0d6c0,11,71,YXIYYXYZZYY,YYZZYXYYIXY,-0.00048828124999999913,10,0.9999999999999999,0.2,-0.7999999999999998,-0.0004882812499999991,-9.765624999999983e-05,0.00039062499999999926,0.7999999999999998,0.00039062499999999926,"{""00100011000"": 1, ""00101101011"": 1, ""00111010101"": 1, ""01001011101"": 1, ""01111001000"": 1, ""10001101101"": 1, ""10001101110"": 1, ""10001110101"": 1, ""11000100110"": 1, ""11100100110"": 1}"
1072,019e10f6-e569-7a22-aca4-985ddff0d6c0,11,72,YXIYYYIXIXZ,ZXIXIYYYIXY,0.00048828124999999913,10,-0.9999999999999999,-0.4,0.5999999999999999,-0.0004882812499999991,-0.00019531249999999966,0.0002929687499999994,0.5999999999999999,0.0002929687499999994,"{""00100101101"": 1, ""00111111000"": 1, ""01000000101"": 1, ""01000010110"": 1, ""01000111011"": 1, ""01111110101"": 1, ""01111111000"": 1, ""10001100000"": 1, ""10001100011"": 1, ""10110101101"": 1}"
1073,019e10f6-e569-7a22-aca4-985ddff0d6c0,11,73,YXIYYYIXIYY,YYIXIYYYIXY,0.00048828124999999913,10,-0.9999999999999999,-0.4,0.5999999999999999,-0.0004882812499999991,-0.00019531249999999966,0.0002929687499999994,0.5999999999999999,0.0002929687499999994,"{""00101111011"": 1, ""01000110101"": 1, ""01011010101"": 1, ""01111000011"": 1, ""10000001110"": 1, ""10110010110"": 1, ""11001101110"": 1, ""11011100000"": 1, ""11100100000"": 1, ""11101101101"": 1}"
1074,019e10f6-e569-7a22-aca4-985ddff0d6c0,11,74,YXIYYYIXZII,IIZXIYYYIXY,0.00048828124999999913,10,-0.9999999999999999,-0.8,0.19999999999999984,-0.0004882812499999991,-0.0003906249999999993,9.765624999999976e-05,0.19999999999999984,9.765624999999976e-05,"{""00101000001"": 1, ""01001010110"": 1, ""01110010111"": 1, ""01111111000"": 1, ""01111111010"": 1, ""10001011010"": 1, ""10001100000"": 1, ""10111111010"": 1, ""11011100001"": 1, ""11111001111"": 1}"
1075,019e10f6-e569-7a22-aca4-985ddff0d6c0,11,75,YXIYYYIXZZX,XZZXIYYYIXY,0.00048828124999999913,10,-0.9999999999999999,-0.4,0.5999999999999999,-0.0004882812499999991,-0.00019531249999999966,0.0002929687499999994,0.5999999999999999,0.0002929687499999994,"{""00011100011"": 1, ""00011101111"": 1, ""00101001100"": 1, ""01000000000"": 1, ""01110011000"": 1, ""01110011011"": 1, ""10110000000"": 1, ""10111110110"": 1, ""11010111011"": 1, ""11100010000"": 1}"
1076,019e10f6-e569-7a22-aca4-985ddff0d6c0,11,76,YXIYYYIYXXY,YXXYIYYYIXY,0.00048828124999999913,10,-0.9999999999999999,-0.4,0.5999999999999999,-0.0004882812499999991,-0.00019531249999999966,0.0002929687499999994,0.5999999999999999,0.0002929687499999994,"{""00011010111"": 1, ""00011100010"": 1, ""01001010001"": 1, ""01001011101"": 1, ""01111000110"": 1, ""10000110111"": 1, ""10001010001"": 1, ""10110001010"": 1, ""11010110101"": 1, ""11100100011"": 1}"
1077,019e10f6-e569-7a22-aca4-985ddff0d6c0,11,77,YXIYYYIYXYZ,ZYXYIYYYIXY,-0.00048828124999999913,10,0.9999999999999999,0.6,-0.3999999999999999,-0.0004882812499999991,-0.00029296874999999945,0.00019531249999999963,0.3999999999999999,0.00019531249999999963,"{""00100100111"": 1, ""00111001011"": 1, ""01000000001"": 1, ""01001011011"": 1, ""01111001110"": 1, ""10110000000"": 1, ""10111000001"": 1, ""11011010000"": 1, ""11100010110"": 1, ""11100101011"": 1}"
1078,019e10f6-e569-7a22-aca4-985ddff0d6c0,11,78,YXIYYYIYYIX,XIYYIYYYIXY,0.00048828124999999913,10,-0.9999999999999999,-0.8,0.19999999999999984,-0.0004882812499999991,-0.0003906249999999993,9.765624999999976e-05,0.19999999999999984,9.765624999999976e-05,"{""00011010011"": 1, ""00100101100"": 1, ""01000000000"": 1, ""01000111111"": 1, ""10001010011"": 1, ""10110010100"": 1, ""11100100000"": 2, ""11100111000"": 1, ""11101111111"": 1}"
1079,019e10f6-e569-7a22-aca4-985ddff0d6c0,11,79,YXIYYYIYYZI,IZYYIYYYIXY,0.00048828124999999913,10,-0.9999999999999999,-0.4,0.5999999999999999,-0.0004882812499999991,-0.00019531249999999966,0.0002929687499999994,0.5999999999999999,0.0002929687499999994,"{""00100011110"": 1, ""00101111111"": 1, ""01001001010"": 1, ""01101111110"": 1, ""01110101101"": 1, ""10000000001"": 1, ""10101000111"": 1, ""10110101011"": 1, ""11100010100"": 1, ""11100100110"": 1}"
1080,019e10f6-e569-7a22-aca4-985ddff0d6c0,11,80,YXIYYYZIIII,IIIIZYYYIXY,0.00048828124999999913,10,-0.9999999999999999,-0.4,0.5999999999999999,-0.0004882812499999991,-0.00019531249999999966,0.0002929687499999994,0.5999999999999999,0.0002929687499999994,"{""00010101011"": 1, ""00100010100"": 1, ""01000111101"": 1, ""01001101110"": 1, ""01111110011"": 1, ""01111110110"": 1, ""10001000001"": 1, ""10001101100"": 1, ""10100100001"": 1, ""11011011000"": 1}"
1081,019e10f6-e569-7a22-aca4-985ddff0d6c0,11,81,YXIYYYZIIZX,XZIIZYYYIXY,0.00048828124999999913,10,-0.9999999999999999,-0.6,0.3999999999999999,-0.0004882812499999991,-0.00029296874999999945,0.00019531249999999963,0.3999999999999999,0.00019531249999999963,"{""00011010111"": 1, ""00100011100"": 1, ""00101011000"": 1, ""01101111100"": 1, ""10001011000"": 1, ""10110101011"": 1, ""10110101111"": 1, ""11010110000"": 1, ""11011011000"": 1, ""11100011011"": 1}"
1082,019e10f6-e569-7a22-aca4-985ddff0d6c0,11,82,YXIYYYZIZXZ,ZXZIZYYYIXY,0.00048828124999999913,10,-0.9999999999999999,0.2,1.2,-0.0004882812499999991,9.765624999999983e-05,0.0005859374999999989,1.2,0.0005859374999999989,"{""00011110000"": 1, ""00101111000"": 1, ""01111100101"": 1, ""10000000110"": 1, ""10100101101"": 1, ""10111110101"": 1, ""11011100000"": 1, ""11011101001"": 1, ""11101011011"": 1, ""11110100110"": 1}"
1083,019e10f6-e569-7a22-aca4-985ddff0d6c0,11,83,YXIYYYZIZYY,YYZIZYYYIXY,0.00048828124999999913,10,-0.9999999999999999,-0.8,0.19999999999999984,-0.0004882812499999991,-0.0003906249999999993,9.765624999999976e-05,0.19999999999999984,9.765624999999976e-05,"{""00100100000"": 1, ""01000110110"": 1, ""01110101011"": 1, ""01111111110"": 1, ""10001100000"": 1, ""10110100101"": 1, ""10110101101"": 1, ""11011110110"": 1, ""11101001000"": 1, ""11101001011"": 1}"
1084,019e10f6-e569-7a22-aca4-985ddff0d6c0,11,84,YXIYYYZZXIX,XIXZZYYYIXY,0.00048828124999999913,10,-0.9999999999999999,-0.4,0.5999999999999999,-0.0004882812499999991,-0.00019531249999999966,0.0002929687499999994,0.5999999999999999,0.0002929687499999994,"{""01000011100"": 1, ""01010000111"": 1, ""01110010000"": 1, ""01111000000"": 1, ""01111000111"": 1, ""10110011100"": 1, ""11010010110"": 1, ""11010110111"": 1, ""11011100111"": 1, ""11111110000"": 1}"
1085,019e10f6-e569-7a22-aca4-985ddff0d6c0,11,85,YXIYYYZZXZI,IZXZZYYYIXY,0.00048828124999999913,10,-0.9999999999999999,-0.6,0.3999999999999999,-0.0004882812499999991,-0.00029296874999999945,0.00019531249999999963,0.3999999999999999,0.00019531249999999963,"{""00100011011"": 1, ""01000011011"": 1, ""01110010110"": 1, ""01111000110"": 1, ""01111111011"": 1, ""10000001011"": 1, ""10000111100"": 1, ""10110100110"": 1, ""10111001010"": 1, ""11010101101"": 1}"
1086,019e10f6-e569-7a22-aca4-985ddff0d6c0,11,86,YXIYYYZZYXY,YXYZZYYYIXY,-0.00048828124999999913,10,0.9999999999999999,0.2,-0.7999999999999998,-0.0004882812499999991,-9.765624999999983e-05,0.00039062499999999926,0.7999999999999998,0.00039062499999999926,"{""00010110001"": 1, ""00101110010"": 1, ""01000111000"": 1, ""01001010000"": 1, ""01110110100"": 1, ""10000001000"": 1, ""10111000010"": 1, ""11100010110"": 1, ""11101001000"": 1, ""11111000100"": 1}"
1087,019e10f6-e569-7a22-aca4-985ddff0d6c0,11,87,YXIYYYZZYYZ,ZYYZZYYYIXY,0.00048828124999999913,10,-0.9999999999999999,-0.4,0.5999999999999999,-0.0004882812499999991,-0.00019531249999999966,0.0002929687499999994,0.5999999999999999,0.0002929687499999994,"{""00100011100"": 1, ""00100101010"": 1, ""00101110101"": 1, ""01001101010"": 1, ""01001101100"": 1, ""01110111100"": 1, ""10000010000"": 1, ""10010110000"": 1, ""10110011010"": 1, ""11100010101"": 1}"
1088,019e10f6-e569-7a22-aca4-985ddff0d6c0,11,88,YXXZXXXXXXY,YXXXXXXZXXY,-0.00048828124999999913,10,0.9999999999999999,0.0,-0.9999999999999999,-0.0004882812499999991,-0.0,0.0004882812499999991,0.9999999999999999,0.0004882812499999991,"{""00001010001"": 1, ""00001100011"": 1, ""00011000001"": 1, ""00011001001"": 1, ""00100100110"": 1, ""00110010101"": 1, ""01001000111"": 1, ""11100110001"": 1, ""11101100001"": 1, ""11101100101"": 1}"
1089,019e10f6-e569-7a22-aca4-985ddff0d6c0,11,89,YXXZXXXXXYZ,ZYXXXXXZXXY,0.00048828124999999913,10,-0.9999999999999999,-0.6,0.3999999999999999,-0.0004882812499999991,-0.00029296874999999945,0.00019531249999999963,0.3999999999999999,0.00019531249999999963,"{""00011000001"": 1, ""00101100011"": 1, ""00110001011"": 1, ""00110111011"": 1, ""01001111111"": 1, ""01011100110"": 1, ""01110110101"": 1, ""10100011010"": 1, ""11000110111"": 1, ""11011101100"": 1}"
1090,019e10f6-e569-7a22-aca4-985ddff0d6c0,11,90,YXXZXXXXYIX,XIYXXXXZXXY,-0.00048828124999999913,10,0.9999999999999999,0.2,-0.7999999999999998,-0.0004882812499999991,-9.765624999999983e-05,0.00039062499999999926,0.7999999999999998,0.00039062499999999926,"{""00000001011"": 1, ""00010001000"": 1, ""00100000000"": 1, ""00111110011"": 1, ""01001100011"": 1, ""10010011011"": 1, ""11001000000"": 1, ""11011101011"": 1, ""11110010100"": 1, ""11111010000"": 1}"
1091,019e10f6-e569-7a22-aca4-985ddff0d6c0,11,91,YXXZXXXXYZI,IZYXXXXZXXY,-0.00048828124999999913,10,0.9999999999999999,0.6,-0.3999999999999999,-0.0004882812499999991,-0.00029296874999999945,0.00019531249999999963,0.3999999999999999,0.00019531249999999963,"{""00011011001"": 1, ""01000101101"": 1, ""01000110011"": 1, ""10010000011"": 1, ""10101110100"": 1, ""10110000011"": 1, ""10110001111"": 1, ""10110111110"": 1, ""10111011111"": 1, ""11110110101"": 1}"
1092,019e10f6-e569-7a22-aca4-985ddff0d6c0,11,92,YXXZXXXYIXZ,ZXIYXXXZXXY,0.00048828124999999913,10,-0.9999999999999999,-0.2,0.7999999999999998,-0.0004882812499999991,-9.765624999999983e-05,0.00039062499999999926,0.7999999999999998,0.00039062499999999926,"{""01001101011"": 1, ""10000000110"": 1, ""10000010011"": 1, ""10100110010"": 1, ""10111001011"": 1, ""10111100011"": 1, ""11010010101"": 1, ""11100100110"": 1, ""11101010011"": 1, ""11111100000"": 1}"
1093,019e10f6-e569-7a22-aca4-985ddff0d6c0,11,93,YXXZXXXYIYY,YYIYXXXZXXY,0.00048828124999999913,10,-0.9999999999999999,0.0,0.9999999999999999,-0.0004882812499999991,0.0,0.0004882812499999991,0.9999999999999999,0.0004882812499999991,"{""00000001000"": 1, ""00000010101"": 1, ""00000111011"": 1, ""00010010011"": 1, ""00101001001"": 1, ""00101011101"": 1, ""01010110101"": 1, ""01101011000"": 1, ""10001000000"": 1, ""10001010101"": 1}"
1094,019e10f6-e569-7a22-aca4-985ddff0d6c0,11,94,YXXZXXXYZII,IIZYXXXZXXY,0.00048828124999999913,10,-0.9999999999999999,-0.2,0.7999999999999998,-0.0004882812499999991,-9.765624999999983e-05,0.00039062499999999926,0.7999999999999998,0.00039062499999999926,"{""01010000000"": 1, ""01110101001"": 1, ""10010110100"": 1, ""10111011101"": 1, ""11001010001"": 1, ""11001111110"": 1, ""11100000000"": 1, ""11100001011"": 1, ""11110011011"": 1, ""11110011110"": 1}"
1095,019e10f6-e569-7a22-aca4-985ddff0d6c0,11,95,YXXZXXXYZZX,XZZYXXXZXXY,0.00048828124999999913,10,-0.9999999999999999,-0.4,0.5999999999999999,-0.0004882812499999991,-0.00019531249999999966,0.0002929687499999994,0.5999999999999999,0.0002929687499999994,"{""00001111100"": 1, ""00101010011"": 1, ""00101100111"": 1, ""00110110100"": 1, ""01001100000"": 1, ""01010100011"": 1, ""10010100100"": 1, ""10111100011"": 1, ""11001110111"": 1, ""11011101111"": 1}"
1096,019e10f6-e569-7a22-aca4-985ddff0d6c0,11,96,YXXZXXYIXIX,XIXIYXXZXXY,-0.00048828124999999913,10,0.9999999999999999,0.0,-0.9999999999999999,-0.0004882812499999991,-0.0,0.0004882812499999991,0.9999999999999999,0.0004882812499999991,"{""00111000111"": 1, ""01101100000"": 1, ""10010000111"": 1, ""10011110111"": 1, ""11011000000"": 1, ""11100101011"": 1, ""11100110000"": 2, ""11101000000"": 1, ""11111100000"": 1}"
1097,019e10f6-e569-7a22-aca4-985ddff0d6c0,11,97,YXXZXXYIXZI,IZXIYXXZXXY,-0.00048828124999999913,10,0.9999999999999999,0.4,-0.5999999999999999,-0.0004882812499999991,-0.00019531249999999966,0.0002929687499999994,0.5999999999999999,0.0002929687499999994,"{""01010001100"": 1, ""01010011010"": 1, ""01011001101"": 1, ""01100011010"": 1, ""10011111011"": 1, ""10101001101"": 1, ""11000011110"": 1, ""11000101101"": 1, ""11100110001"": 1, ""11110011100"": 1}"
1098,019e10f6-e569-7a22-aca4-985ddff0d6c0,11,98,YXXZXXYIYXY,YXYIYXXZXXY,0.00048828124999999913,10,-0.9999999999999999,-0.2,0.7999999999999998,-0.0004882812499999991,-9.765624999999983e-05,0.00039062499999999926,0.7999999999999998,0.00039062499999999926,"{""00011110100"": 1, ""00110000101"": 1, ""01000100001"": 1, ""01001010100"": 1, ""01110001110"": 1, ""01111110001"": 1, ""10011100011"": 1, ""10100000100"": 1, ""11010011110"": 1, ""11100010010"": 1}"
1099,019e10f6-e569-7a22-aca4-985ddff0d6c0,11,99,YXXZXXYIYYZ,ZYYIYXXZXXY,-0.00048828124999999913,10,0.9999999999999999,-0.2,-1.2,-0.0004882812499999991,9.765624999999983e-05,0.0005859374999999989,1.2,0.0005859374999999989,"{""00000100000"": 1, ""00010111001"": 1, ""00100001010"": 1, ""00110110100"": 1, ""01001110000"": 1, ""10000001101"": 1, ""10000101100"": 1, ""10011001011"": 1, ""10100110010"": 1, ""10111101100"": 1}"
1100,019e10f6-f602-7171-954e-ba96115adc8d,12,0,YXXZXXYZIII,IIIZYXXZXXY,-0.00048828124999999913,10,0.9999999999999999,0.8,-0.19999999999999984,-0.0004882812499999991,-0.0003906249999999993,9.765624999999976e-05,0.19999999999999984,9.765624999999976e-05,"{""00000001011"": 1, ""00110101001"": 1, ""01001101010"": 1, ""10010101101"": 1, ""10011100011"": 1, ""10110100010"": 1, ""10111011100"": 1, ""11011110100"": 1, ""11101000111"": 1, ""11110000111"": 1}"
1101,019e10f6-f602-7171-954e-ba96115adc8d,12,1,YXXZXXYZIZX,XZIZYXXZXXY,-0.00048828124999999913,10,0.9999999999999999,0.2,-0.7999999999999998,-0.0004882812499999991,-9.765624999999983e-05,0.00039062499999999926,0.7999999999999998,0.00039062499999999926,"{""00000011011"": 1, ""00001110111"": 1, ""00100100011"": 1, ""01010001100"": 1, ""01111001100"": 1, ""10111101011"": 1, ""11001001000"": 1, ""11100001000"": 1, ""11110111111"": 1, ""11111010111"": 1}"
1102,019e10f6-f602-7171-954e-ba96115adc8d,12,2,YXXZXXYZZXZ,ZXZZYXXZXXY,-0.00048828124999999913,10,0.9999999999999999,0.0,-0.9999999999999999,-0.0004882812499999991,-0.0,0.0004882812499999991,0.9999999999999999,0.0004882812499999991,"{""00000001011"": 1, ""00111100110"": 1, ""01000000110"": 1, ""01010101011"": 1, ""10011011101"": 1, ""10100001101"": 1, ""11010111110"": 1, ""11100000011"": 1, ""11110011000"": 1, ""11110110000"": 1}"
1103,019e10f6-f602-7171-954e-ba96115adc8d,12,3,YXXZXXYZZYY,YYZZYXXZXXY,-0.00048828124999999913,10,0.9999999999999999,0.4,-0.5999999999999999,-0.0004882812499999991,-0.00019531249999999966,0.0002929687499999994,0.5999999999999999,0.0002929687499999994,"{""00001111000"": 1, ""00111110000"": 1, ""00111111110"": 1, ""01011010110"": 1, ""01011011110"": 1, ""10000101000"": 1, ""10001110110"": 1, ""10010101000"": 1, ""10010110110"": 1, ""11010100000"": 1}"
1104,019e10f6-f602-7171-954e-ba96115adc8d,12,4,YXXZXYIXIXZ,ZXIXIYXZXXY,0.00048828124999999913,10,-0.9999999999999999,0.0,0.9999999999999999,-0.0004882812499999991,0.0,0.0004882812499999991,0.9999999999999999,0.0004882812499999991,"{""00000010001"": 1, ""01010001110"": 1, ""01110011000"": 1, ""01111100011"": 1, ""10001011011"": 1, ""10001111000"": 1, ""10110011000"": 1, ""11000110110"": 1, ""11001000000"": 1, ""11101100000"": 1}"
1105,019e10f6-f602-7171-954e-ba96115adc8d,12,5,YXXZXYIXIYY,YYIXIYXZXXY,0.00048828124999999913,10,-0.9999999999999999,-0.2,0.7999999999999998,-0.0004882812499999991,-9.765624999999983e-05,0.00039062499999999926,0.7999999999999998,0.00039062499999999926,"{""00000100000"": 1, ""00000111011"": 1, ""01011110110"": 1, ""01100100011"": 1, ""10000010110"": 1, ""10000101110"": 1, ""10110110100"": 1, ""10110111011"": 1, ""11010111011"": 1, ""11110010101"": 1}"
1106,019e10f6-f602-7171-954e-ba96115adc8d,12,6,YXXZXYIXZII,IIZXIYXZXXY,0.00048828124999999913,10,-0.9999999999999999,-0.8,0.19999999999999984,-0.0004882812499999991,-0.0003906249999999993,9.765624999999976e-05,0.19999999999999984,9.765624999999976e-05,"{""00010100010"": 1, ""00011011010"": 1, ""01001100011"": 1, ""01010010111"": 1, ""10000110101"": 1, ""10001101111"": 1, ""10111011011"": 1, ""11010001111"": 1, ""11011101101"": 1, ""11100001100"": 1}"
1107,019e10f6-f602-7171-954e-ba96115adc8d,12,7,YXXZXYIXZZX,XZZXIYXZXXY,0.00048828124999999913,10,-0.9999999999999999,-0.6,0.3999999999999999,-0.0004882812499999991,-0.00029296874999999945,0.00019531249999999963,0.3999999999999999,0.00019531249999999963,"{""00100000000"": 1, ""00101011011"": 1, ""00111000000"": 1, ""01010010111"": 1, ""01111101111"": 1, ""10011111000"": 1, ""10101110100"": 1, ""10110110100"": 1, ""11000110100"": 1, ""11101110100"": 1}"
1108,019e10f6-f602-7171-954e-ba96115adc8d,12,8,YXXZXYIYXXY,YXXYIYXZXXY,0.00048828124999999913,10,-0.9999999999999999,-0.6,0.3999999999999999,-0.0004882812499999991,-0.00029296874999999945,0.00019531249999999963,0.3999999999999999,0.00019531249999999963,"{""00111111011"": 1, ""01110000011"": 1, ""10010011100"": 1, ""10010111001"": 1, ""10011001100"": 1, ""10110110001"": 1, ""10111010010"": 1, ""11000100000"": 1, ""11011100101"": 1, ""11110011100"": 1}"
1109,019e10f6-f602-7171-954e-ba96115adc8d,12,9,YXXZXYIYXYZ,ZYXYIYXZXXY,-0.00048828124999999913,10,0.9999999999999999,0.8,-0.19999999999999984,-0.0004882812499999991,-0.0003906249999999993,9.765624999999976e-05,0.19999999999999984,9.765624999999976e-05,"{""01010101011"": 1, ""01011001011"": 1, ""01100101110"": 1, ""01101000111"": 1, ""01111100100"": 1, ""10000000010"": 1, ""10000111111"": 1, ""10111100010"": 1, ""11000100000"": 1, ""11001110011"": 1}"
1110,019e10f6-f602-7171-954e-ba96115adc8d,12,10,YXXZXYIYYIX,XIYYIYXZXXY,0.00048828124999999913,10,-0.9999999999999999,-0.2,0.7999999999999998,-0.0004882812499999991,-9.765624999999983e-05,0.00039062499999999926,0.7999999999999998,0.00039062499999999926,"{""00100110011"": 1, ""01000011111"": 1, ""01001101100"": 1, ""01011000011"": 1, ""01110111111"": 1, ""01111010011"": 1, ""11000010011"": 1, ""11001101011"": 1, ""11010001011"": 1, ""11100000100"": 1}"
1111,019e10f6-f602-7171-954e-ba96115adc8d,12,11,YXXZXYIYYZI,IZYYIYXZXXY,0.00048828124999999913,10,-0.9999999999999999,-0.8,0.19999999999999984,-0.0004882812499999991,-0.0003906249999999993,9.765624999999976e-05,0.19999999999999984,9.765624999999976e-05,"{""00110010010"": 2, ""01001001101"": 1, ""01110000110"": 1, ""10100100001"": 1, ""10100100110"": 1, ""11000010010"": 1, ""11000101101"": 1, ""11100000110"": 1, ""11110100111"": 1}"
1112,019e10f6-f602-7171-954e-ba96115adc8d,12,12,YXXZXYZIIII,IIIIZYXZXXY,0.00048828124999999913,10,-0.9999999999999999,-0.8,0.19999999999999984,-0.0004882812499999991,-0.0003906249999999993,9.765624999999976e-05,0.19999999999999984,9.765624999999976e-05,"{""00001110010"": 1, ""00100000001"": 1, ""00101010100"": 1, ""00101101110"": 1, ""00111001010"": 1, ""01011100100"": 1, ""01100101011"": 1, ""01110000100"": 1, ""10111100010"": 1, ""11010001000"": 1}"
1113,019e10f6-f602-7171-954e-ba96115adc8d,12,13,YXXZXYZIIZX,XZIIZYXZXXY,0.00048828124999999913,10,-0.9999999999999999,-0.6,0.3999999999999999,-0.0004882812499999991,-0.00029296874999999945,0.00019531249999999963,0.3999999999999999,0.00019531249999999963,"{""00000010100"": 1, ""00011001000"": 1, ""00101011111"": 1, ""00101101000"": 1, ""00111110000"": 1, ""01110110011"": 1, ""10011000111"": 1, ""10011001011"": 2, ""11000111011"": 1}"
1114,019e10f6-f602-7171-954e-ba96115adc8d,12,14,YXXZXYZIZXZ,ZXZIZYXZXXY,0.00048828124999999913,10,-0.9999999999999999,-0.8,0.19999999999999984,-0.0004882812499999991,-0.0003906249999999993,9.765624999999976e-05,0.19999999999999984,9.765624999999976e-05,"{""00000111000"": 1, ""01010101011"": 1, ""01100101101"": 1, ""01110000011"": 1, ""10011001011"": 1, ""10101001101"": 1, ""10101001110"": 1, ""11001110000"": 1, ""11011011110"": 1, ""11110101011"": 1}"
1115,019e10f6-f602-7171-954e-ba96115adc8d,12,15,YXXZXYZIZYY,YYZIZYXZXXY,0.00048828124999999913,10,-0.9999999999999999,-0.6,0.3999999999999999,-0.0004882812499999991,-0.00029296874999999945,0.00019531249999999963,0.3999999999999999,0.00019531249999999963,"{""01100100011"": 1, ""01101011100"": 1, ""10001011011"": 1, ""10010110110"": 1, ""10100011011"": 1, ""10110110000"": 1, ""11001101101"": 1, ""11011010000"": 1, ""11011010110"": 1, ""11100110110"": 1}"
1116,019e10f6-f602-7171-954e-ba96115adc8d,12,16,YXXZXYZZXIX,XIXZZYXZXXY,0.00048828124999999913,10,-0.9999999999999999,-0.6,0.3999999999999999,-0.0004882812499999991,-0.00029296874999999945,0.00019531249999999963,0.3999999999999999,0.00019531249999999963,"{""00001110111"": 1, ""00100100000"": 1, ""01011111011"": 1, ""10000110111"": 1, ""10000111011"": 1, ""10001101011"": 1, ""10011010000"": 1, ""10111011100"": 1, ""11100110000"": 1, ""11101101100"": 1}"
1117,019e10f6-f602-7171-954e-ba96115adc8d,12,17,YXXZXYZZXZI,IZXZZYXZXXY,0.00048828124999999913,10,-0.9999999999999999,-0.2,0.7999999999999998,-0.0004882812499999991,-9.765624999999983e-05,0.00039062499999999926,0.7999999999999998,0.00039062499999999926,"{""00000111000"": 1, ""00001100110"": 1, ""00110011011"": 1, ""00111001010"": 1, ""01100011101"": 1, ""01100100110"": 1, ""10011111111"": 1, ""10110000011"": 1, ""10110001000"": 1, ""11100110111"": 1}"
1118,019e10f6-f602-7171-954e-ba96115adc8d,12,18,YXXZXYZZYXY,YXYZZYXZXXY,-0.00048828124999999913,10,0.9999999999999999,0.6,-0.3999999999999999,-0.0004882812499999991,-0.00029296874999999945,0.00019531249999999963,0.3999999999999999,0.00019531249999999963,"{""00000101101"": 1, ""00100110100"": 1, ""01011001110"": 1, ""01110001100"": 1, ""10001011100"": 1, ""10001101000"": 1, ""10011000001"": 1, ""10011000111"": 1, ""10111100001"": 1, ""11000101101"": 1}"
1119,019e10f6-f602-7171-954e-ba96115adc8d,12,19,YXXZXYZZYYZ,ZYYZZYXZXXY,0.00048828124999999913,10,-0.9999999999999999,-0.8,0.19999999999999984,-0.0004882812499999991,-0.0003906249999999993,9.765624999999976e-05,0.19999999999999984,9.765624999999976e-05,"{""01000001100"": 1, ""01010110000"": 1, ""01100011111"": 1, ""01100100101"": 1, ""01101111111"": 1, ""01110000000"": 1, ""10001011001"": 1, ""10010101010"": 1, ""11100000011"": 1, ""11100000110"": 1}"
1120,019e10f6-f602-7171-954e-ba96115adc8d,12,20,YXXZYIXIXIX,XIXIXIYZXXY,-0.00048828124999999913,10,0.9999999999999999,0.4,-0.5999999999999999,-0.0004882812499999991,-0.00019531249999999966,0.0002929687499999994,0.5999999999999999,0.0002929687499999994,"{""00000011100"": 1, ""00010101100"": 1, ""00110010000"": 1, ""01010011011"": 1, ""01111011011"": 1, ""10011101100"": 1, ""10110110111"": 1, ""11000000000"": 1, ""11000110111"": 1, ""11011101100"": 1}"
1121,019e10f6-f602-7171-954e-ba96115adc8d,12,21,YXXZYIXIXZI,IZXIXIYZXXY,-0.00048828124999999913,10,0.9999999999999999,0.8,-0.19999999999999984,-0.0004882812499999991,-0.0003906249999999993,9.765624999999976e-05,0.19999999999999984,9.765624999999976e-05,"{""00001110110"": 1, ""01000101101"": 1, ""01000110001"": 1, ""01010000011"": 1, ""01010000110"": 1, ""01111010010"": 1, ""10000101010"": 1, ""10000110000"": 1, ""10010000110"": 1, ""10011110110"": 1}"
1122,019e10f6-f602-7171-954e-ba96115adc8d,12,22,YXXZYIXIYXY,YXYIXIYZXXY,0.00048828124999999913,10,-0.9999999999999999,-0.2,0.7999999999999998,-0.0004882812499999991,-9.765624999999983e-05,0.00039062499999999926,0.7999999999999998,0.00039062499999999926,"{""00101000010"": 1, ""00110011110"": 1, ""01100011110"": 1, ""01101110111"": 1, ""10001101000"": 1, ""10110101001"": 1, ""10110110010"": 1, ""10111110001"": 1, ""11110110111"": 1, ""11111110100"": 1}"
1123,019e10f6-f602-7171-954e-ba96115adc8d,12,23,YXXZYIXIYYZ,ZYYIXIYZXXY,-0.00048828124999999913,10,0.9999999999999999,0.0,-0.9999999999999999,-0.0004882812499999991,-0.0,0.0004882812499999991,0.9999999999999999,0.0004882812499999991,"{""00010001010"": 1, ""00010101010"": 1, ""00101101010"": 1, ""00111110011"": 1, ""01110101100"": 1, ""10010110011"": 1, ""10011011001"": 1, ""11011011000"": 1, ""11101011110"": 1, ""11111110000"": 1}"
1124,019e10f6-f602-7171-954e-ba96115adc8d,12,24,YXXZYIXZIII,IIIZXIYZXXY,-0.00048828124999999913,10,0.9999999999999999,0.8,-0.19999999999999984,-0.0004882812499999991,-0.0003906249999999993,9.765624999999976e-05,0.19999999999999984,9.765624999999976e-05,"{""00001110001"": 1, ""00010000001"": 1, ""00010110011"": 1, ""00100101110"": 1, ""01100000001"": 1, ""10001000100"": 1, ""10100011001"": 1, ""10110101010"": 1, ""11101011000"": 1, ""11101011011"": 1}"
1125,019e10f6-f602-7171-954e-ba96115adc8d,12,25,YXXZYIXZIZX,XZIZXIYZXXY,-0.00048828124999999913,10,0.9999999999999999,-0.2,-1.2,-0.0004882812499999991,9.765624999999983e-05,0.0005859374999999989,1.2,0.0005859374999999989,"{""00001111011"": 1, ""01001011000"": 1, ""01101110100"": 1, ""01101111011"": 1, ""10011110101"": 1, ""10111110111"": 1, ""11010011100"": 1, ""11100101111"": 1, ""11101000011"": 1, ""11111000100"": 1}"
1126,019e10f6-f602-7171-954e-ba96115adc8d,12,26,YXXZYIXZZXZ,ZXZZXIYZXXY,-0.00048828124999999913,10,0.9999999999999999,0.4,-0.5999999999999999,-0.0004882812499999991,-0.00019531249999999966,0.0002929687499999994,0.5999999999999999,0.0002929687499999994,"{""00011000000"": 1, ""00101011001"": 1, ""00101011110"": 1, ""01101110101"": 1, ""10000101101"": 1, ""10010101010"": 1, ""10011000000"": 1, ""10011101110"": 1, ""11001000101"": 1, ""11010101101"": 1}"
1127,019e10f6-f602-7171-954e-ba96115adc8d,12,27,YXXZYIXZZYY,YYZZXIYZXXY,-0.00048828124999999913,10,0.9999999999999999,0.6,-0.3999999999999999,-0.0004882812499999991,-0.00029296874999999945,0.00019531249999999963,0.3999999999999999,0.00019531249999999963,"{""00101000000"": 1, ""00101011011"": 1, ""00101100011"": 1, ""01011000000"": 1, ""01110110011"": 1, ""01111011000"": 1, ""10011100101"": 1, ""10111000101"": 1, ""11011011101"": 1, ""11110011101"": 1}"
1128,019e10f6-f602-7171-954e-ba96115adc8d,12,28,YXXZYIYXXXY,YXXXYIYZXXY,0.00048828124999999913,10,-0.9999999999999999,-0.2,0.7999999999999998,-0.0004882812499999991,-9.765624999999983e-05,0.00039062499999999926,0.7999999999999998,0.00039062499999999926,"{""00010011001"": 1, ""00110011010"": 1, ""00110110100"": 1, ""01110101010"": 1, ""10011010011"": 1, ""10111000001"": 1, ""11000111000"": 1, ""11001101111"": 1, ""11111100000"": 2}"
1129,019e10f6-f602-7171-954e-ba96115adc8d,12,29,YXXZYIYXXYZ,ZYXXYIYZXXY,-0.00048828124999999913,10,0.9999999999999999,-0.2,-1.2,-0.0004882812499999991,9.765624999999983e-05,0.0005859374999999989,1.2,0.0005859374999999989,"{""00010111010"": 1, ""01000101011"": 1, ""01111000001"": 1, ""01111000010"": 1, ""10000011110"": 1, ""10010000110"": 1, ""10010110011"": 1, ""10011100101"": 1, ""10101011011"": 1, ""11010101011"": 1}"
1130,019e10f6-f602-7171-954e-ba96115adc8d,12,30,YXXZYIYXYIX,XIYXYIYZXXY,0.00048828124999999913,10,-0.9999999999999999,0.0,0.9999999999999999,-0.0004882812499999991,0.0,0.0004882812499999991,0.9999999999999999,0.0004882812499999991,"{""00000101100"": 1, ""00100100100"": 1, ""01000101011"": 1, ""01111010000"": 1, ""10101101100"": 1, ""10111000111"": 1, ""11011000011"": 1, ""11011110100"": 1, ""11110010111"": 1, ""11111100011"": 1}"
1131,019e10f6-f602-7171-954e-ba96115adc8d,12,31,YXXZYIYXYZI,IZYXYIYZXXY,0.00048828124999999913,10,-0.9999999999999999,-0.2,0.7999999999999998,-0.0004882812499999991,-9.765624999999983e-05,0.00039062499999999926,0.7999999999999998,0.00039062499999999926,"{""00111110101"": 1, ""01001100110"": 1, ""01011000011"": 1, ""10011011100"": 1, ""10101110101"": 1, ""10110111001"": 1, ""10111001000"": 1, ""11001011011"": 1, ""11001101100"": 1, ""11111100001"": 1}"
1132,019e10f6-f602-7171-954e-ba96115adc8d,12,32,YXXZYIYYIXZ,ZXIYYIYZXXY,-0.00048828124999999913,10,0.9999999999999999,0.2,-0.7999999999999998,-0.0004882812499999991,-9.765624999999983e-05,0.00039062499999999926,0.7999999999999998,0.00039062499999999926,"{""00001001101"": 1, ""01001000011"": 1, ""01001001110"": 1, ""01101110011"": 1, ""01110010010"": 1, ""01110111000"": 1, ""01111110011"": 1, ""10000111101"": 1, ""10110110000"": 1, ""11101001101"": 1}"
1133,019e10f6-f602-7171-954e-ba96115adc8d,12,33,YXXZYIYYIYY,YYIYYIYZXXY,-0.00048828124999999913,10,0.9999999999999999,0.2,-0.7999999999999998,-0.0004882812499999991,-9.765624999999983e-05,0.00039062499999999926,0.7999999999999998,0.00039062499999999926,"{""00000011011"": 1, ""00001100101"": 1, ""00011100000"": 1, ""00100110000"": 1, ""00110101011"": 1, ""01000111110"": 1, ""01111101011"": 1, ""10011010110"": 1, ""10111000000"": 1, ""11101110000"": 1}"
1134,019e10f6-f602-7171-954e-ba96115adc8d,12,34,YXXZYIYYZII,IIZYYIYZXXY,-0.00048828124999999913,10,0.9999999999999999,0.8,-0.19999999999999984,-0.0004882812499999991,-0.0003906249999999993,9.765624999999976e-05,0.19999999999999984,9.765624999999976e-05,"{""00010110011"": 1, ""00100110000"": 1, ""01000011110"": 1, ""01111001110"": 1, ""10110110010"": 1, ""11000010111"": 1, ""11010001110"": 1, ""11011000000"": 1, ""11011001111"": 1, ""11101010101"": 1}"
1135,019e10f6-f602-7171-954e-ba96115adc8d,12,35,YXXZYIYYZZX,XZZYYIYZXXY,-0.00048828124999999913,10,0.9999999999999999,0.8,-0.19999999999999984,-0.0004882812499999991,-0.0003906249999999993,9.765624999999976e-05,0.19999999999999984,9.765624999999976e-05,"{""01010001100"": 1, ""01011101011"": 1, ""01100110011"": 1, ""01111010100"": 1, ""10000100100"": 1, ""10100010100"": 1, ""10101101000"": 1, ""10111001111"": 1, ""11001111100"": 1, ""11110000000"": 1}"
1136,019e10f6-f602-7171-954e-ba96115adc8d,12,36,YXXZYZIIIII,IIIIIZYZXXY,-0.00048828124999999913,10,0.9999999999999999,0.0,-0.9999999999999999,-0.0004882812499999991,-0.0,0.0004882812499999991,0.9999999999999999,0.0004882812499999991,"{""00110100110"": 1, ""10001011000"": 1, ""10110011110"": 1, ""10110110101"": 1, ""11000101010"": 1, ""11010111010"": 1, ""11011000010"": 1, ""11100010010"": 1, ""11100011011"": 1, ""11110001110"": 1}"
1137,019e10f6-f602-7171-954e-ba96115adc8d,12,37,YXXZYZIIIZX,XZIIIZYZXXY,-0.00048828124999999913,10,0.9999999999999999,0.8,-0.19999999999999984,-0.0004882812499999991,-0.0003906249999999993,9.765624999999976e-05,0.19999999999999984,9.765624999999976e-05,"{""00100011011"": 1, ""00101000011"": 1, ""00101010100"": 1, ""00111110000"": 1, ""10000100100"": 1, ""11000001000"": 1, ""11011001011"": 1, ""11101010100"": 1, ""11110001011"": 1, ""11110011011"": 1}"
1138,019e10f6-f602-7171-954e-ba96115adc8d,12,38,YXXZYZIIZXZ,ZXZIIZYZXXY,-0.00048828124999999913,10,0.9999999999999999,0.8,-0.19999999999999984,-0.0004882812499999991,-0.0003906249999999993,9.765624999999976e-05,0.19999999999999984,9.765624999999976e-05,"{""00000010101"": 1, ""01100011110"": 1, ""01101111011"": 1, ""01110101110"": 1, ""10010000000"": 1, ""10010111000"": 1, ""10101111110"": 1, ""11001100000"": 1, ""11011001110"": 1, ""11100111110"": 1}"
1139,019e10f6-f602-7171-954e-ba96115adc8d,12,39,YXXZYZIIZYY,YYZIIZYZXXY,-0.00048828124999999913,10,0.9999999999999999,0.6,-0.3999999999999999,-0.0004882812499999991,-0.00029296874999999945,0.00019531249999999963,0.3999999999999999,0.00019531249999999963,"{""01001010000"": 1, ""01111000101"": 1, ""10000011101"": 1, ""10010000000"": 2, ""10101110101"": 1, ""10111010101"": 1, ""11000110011"": 1, ""11010111000"": 1, ""11100110101"": 1}"
1140,019e10f6-f602-7171-954e-ba96115adc8d,12,40,YXXZYZIZXIX,XIXZIZYZXXY,-0.00048828124999999913,10,0.9999999999999999,0.2,-0.7999999999999998,-0.0004882812499999991,-9.765624999999983e-05,0.00039062499999999926,0.7999999999999998,0.00039062499999999926,"{""00011011011"": 1, ""00110010111"": 1, ""10001110111"": 1, ""10010111111"": 1, ""11000111011"": 1, ""11001111011"": 1, ""11011000000"": 1, ""11011111100"": 1, ""11110110000"": 1, ""11111110000"": 1}"
1141,019e10f6-f602-7171-954e-ba96115adc8d,12,41,YXXZYZIZXZI,IZXZIZYZXXY,-0.00048828124999999913,10,0.9999999999999999,0.8,-0.19999999999999984,-0.0004882812499999991,-0.0003906249999999993,9.765624999999976e-05,0.19999999999999984,9.765624999999976e-05,"{""00011000000"": 1, ""00111101011"": 1, ""01000100001"": 1, ""01001011010"": 1, ""01010001101"": 1, ""01101101100"": 1, ""01111011010"": 1, ""11001110110"": 1, ""11011101011"": 1, ""11100101101"": 1}"
1142,019e10f6-f602-7171-954e-ba96115adc8d,12,42,YXXZYZIZYXY,YXYZIZYZXXY,0.00048828124999999913,10,-0.9999999999999999,-0.6,0.3999999999999999,-0.0004882812499999991,-0.00029296874999999945,0.00019531249999999963,0.3999999999999999,0.00019531249999999963,"{""00100100111"": 1, ""00110000010"": 1, ""01010001101"": 1, ""10001001000"": 1, ""10101111001"": 1, ""10110100111"": 1, ""10111000111"": 1, ""11010101110"": 1, ""11010111110"": 1, ""11011101000"": 1}"
1143,019e10f6-f602-7171-954e-ba96115adc8d,12,43,YXXZYZIZYYZ,ZYYZIZYZXXY,-0.00048828124999999913,10,0.9999999999999999,0.0,-0.9999999999999999,-0.0004882812499999991,-0.0,0.0004882812499999991,0.9999999999999999,0.0004882812499999991,"{""00010000011"": 1, ""00011111100"": 1, ""00101000110"": 1, ""00110011001"": 1, ""01010111100"": 1, ""01100001010"": 1, ""10000110000"": 1, ""10110111101"": 1, ""10111001111"": 1, ""11000010111"": 1}"
1144,019e10f6-f602-7171-954e-ba96115adc8d,12,44,YXXZYZZXIXZ,ZXIXZZYZXXY,-0.00048828124999999913,10,0.9999999999999999,0.2,-0.7999999999999998,-0.0004882812499999991,-9.765624999999983e-05,0.00039062499999999926,0.7999999999999998,0.00039062499999999926,"{""00110011011"": 1, ""01001001101"": 1, ""01001101110"": 1, ""01001111011"": 1, ""01011101101"": 1, ""01111011000"": 1, ""01111011001"": 1, ""10001100000"": 1, ""10111010101"": 1, ""11000000000"": 1}"
1145,019e10f6-f602-7171-954e-ba96115adc8d,12,45,YXXZYZZXIYY,YYIXZZYZXXY,-0.00048828124999999913,10,0.9999999999999999,0.6,-0.3999999999999999,-0.0004882812499999991,-0.00029296874999999945,0.00019531249999999963,0.3999999999999999,0.00019531249999999963,"{""00000010101"": 1, ""00000111011"": 1, ""00101001101"": 1, ""01001111011"": 1, ""01110100000"": 1, ""10100001101"": 1, ""10100011011"": 1, ""10101100011"": 1, ""10111001110"": 1, ""11010100000"": 1}"
1146,019e10f6-f602-7171-954e-ba96115adc8d,12,46,YXXZYZZXZII,IIZXZZYZXXY,-0.00048828124999999913,10,0.9999999999999999,0.4,-0.5999999999999999,-0.0004882812499999991,-0.00019531249999999966,0.0002929687499999994,0.5999999999999999,0.0002929687499999994,"{""00101000001"": 1, ""00110000000"": 1, ""00111100001"": 1, ""01110100111"": 1, ""01111011001"": 1, ""10000000011"": 1, ""10001010101"": 1, ""11010100010"": 1, ""11011010111"": 1, ""11111001101"": 1}"
1147,019e10f6-f602-7171-954e-ba96115adc8d,12,47,YXXZYZZXZZX,XZZXZZYZXXY,-0.00048828124999999913,10,0.9999999999999999,0.4,-0.5999999999999999,-0.0004882812499999991,-0.00019531249999999966,0.0002929687499999994,0.5999999999999999,0.0002929687499999994,"{""00011001100"": 1, ""01000010100"": 1, ""01010110101"": 1, ""01101100011"": 1, ""10101101100"": 1, ""10111000000"": 1, ""11001010111"": 1, ""11001101111"": 1, ""11011110100"": 1, ""11100100011"": 1}"
1148,019e10f6-f602-7171-954e-ba96115adc8d,12,48,YXXZYZZYXXY,YXXYZZYZXXY,-0.00048828124999999913,10,0.9999999999999999,0.6,-0.3999999999999999,-0.0004882812499999991,-0.00029296874999999945,0.00019531249999999963,0.3999999999999999,0.00019531249999999963,"{""00011001111"": 1, ""00110011101"": 1, ""01100000110"": 1, ""01101110001"": 1, ""10110100101"": 1, ""10111000110"": 1, ""11000010010"": 1, ""11011010101"": 1, ""11011110010"": 1, ""11011111001"": 1}"
1149,019e10f6-f602-7171-954e-ba96115adc8d,12,49,YXXZYZZYXYZ,ZYXYZZYZXXY,0.00048828124999999913,10,-0.9999999999999999,0.0,0.9999999999999999,-0.0004882812499999991,0.0,0.0004882812499999991,0.9999999999999999,0.0004882812499999991,"{""00001001001"": 1, ""00010010101"": 1, ""01100110000"": 1, ""10010111100"": 1, ""10110011010"": 1, ""10111010000"": 1, ""11000011001"": 1, ""11001111010"": 1, ""11010000001"": 1, ""11100101000"": 1}"
1150,019e10f6-f602-7171-954e-ba96115adc8d,12,50,YXXZYZZYYIX,XIYYZZYZXXY,-0.00048828124999999913,10,0.9999999999999999,0.4,-0.5999999999999999,-0.0004882812499999991,-0.00019531249999999966,0.0002929687499999994,0.5999999999999999,0.0002929687499999994,"{""00000010011"": 1, ""00010101011"": 1, ""00101010100"": 1, ""00110000000"": 1, ""00110011000"": 1, ""01011100111"": 1, ""10001000001"": 1, ""10011111111"": 1, ""10110010100"": 1, ""11110110001"": 1}"
1151,019e10f6-f602-7171-954e-ba96115adc8d,12,51,YXXZYZZYYZI,IZYYZZYZXXY,-0.00048828124999999913,10,0.9999999999999999,0.6,-0.3999999999999999,-0.0004882812499999991,-0.00029296874999999945,0.00019531249999999963,0.3999999999999999,0.00019531249999999963,"{""00000010011"": 1, ""00111101001"": 1, ""01111001011"": 1, ""10010001100"": 1, ""10011010101"": 1, ""10101110101"": 1, ""11000010011"": 1, ""11001110100"": 1, ""11001111111"": 1, ""11110001011"": 1}"
1152,019e10f6-f602-7171-954e-ba96115adc8d,12,52,YXYZIXIXIXZ,ZXIXIXIZYXY,0.00048828124999999913,10,-0.9999999999999999,-0.2,0.7999999999999998,-0.0004882812499999991,-9.765624999999983e-05,0.00039062499999999926,0.7999999999999998,0.00039062499999999926,"{""00001010110"": 1, ""01000000000"": 1, ""01000000011"": 1, ""01000110110"": 1, ""01011010110"": 1, ""01011101011"": 1, ""01110011000"": 1, ""10100001110"": 1, ""11001011001"": 1, ""11001101110"": 1}"
1153,019e10f6-f602-7171-954e-ba96115adc8d,12,53,YXYZIXIXIYY,YYIXIXIZYXY,0.00048828124999999913,10,-0.9999999999999999,-0.8,0.19999999999999984,-0.0004882812499999991,-0.0003906249999999993,9.765624999999976e-05,0.19999999999999984,9.765624999999976e-05,"{""00001011000"": 1, ""00001101101"": 1, ""00100001101"": 1, ""00111100000"": 1, ""01000000100"": 1, ""01001000011"": 1, ""10011000000"": 1, ""10110000000"": 1, ""11001011000"": 1, ""11010000000"": 1}"
1154,019e10f6-f602-7171-954e-ba96115adc8d,12,54,YXYZIXIXZII,IIZXIXIZYXY,0.00048828124999999913,10,-0.9999999999999999,-1.0,-1.1102230246251565e-16,-0.0004882812499999991,-0.00048828124999999913,-5.421010862427522e-20,1.1102230246251565e-16,5.421010862427522e-20,"{""00001101111"": 1, ""00010111011"": 1, ""00100000001"": 1, ""00100111000"": 1, ""00111010110"": 1, ""00111101111"": 1, ""01101010111"": 1, ""01110111000"": 1, ""11010000000"": 1, ""11100111011"": 1}"
1155,019e10f6-f602-7171-954e-ba96115adc8d,12,55,YXYZIXIXZZX,XZZXIXIZYXY,0.00048828124999999913,10,-0.9999999999999999,-0.4,0.5999999999999999,-0.0004882812499999991,-0.00019531249999999966,0.0002929687499999994,0.5999999999999999,0.0002929687499999994,"{""01010000000"": 1, ""01110001101"": 1, ""01110111000"": 1, ""10000001111"": 1, ""10110110100"": 1, ""11010001100"": 1, ""11100110100"": 1, ""11101101100"": 1, ""11111011000"": 1, ""11111101100"": 1}"
1156,019e10f6-f602-7171-954e-ba96115adc8d,12,56,YXYZIXIYXXY,YXXYIXIZYXY,0.00048828124999999913,10,-0.9999999999999999,-0.2,0.7999999999999998,-0.0004882812499999991,-9.765624999999983e-05,0.00039062499999999926,0.7999999999999998,0.00039062499999999926,"{""00000001000"": 1, ""01000111101"": 1, ""01001011110"": 1, ""01001100000"": 1, ""01011100110"": 1, ""01011101010"": 1, ""10101010111"": 1, ""10101011000"": 1, ""11001010011"": 1, ""11111010000"": 1}"
1157,019e10f6-f602-7171-954e-ba96115adc8d,12,57,YXYZIXIYXYZ,ZYXYIXIZYXY,-0.00048828124999999913,10,0.9999999999999999,0.8,-0.19999999999999984,-0.0004882812499999991,-0.0003906249999999993,9.765624999999976e-05,0.19999999999999984,9.765624999999976e-05,"{""00000001000"": 1, ""00010010100"": 1, ""00111010011"": 1, ""01000110011"": 1, ""01000111001"": 1, ""01011011100"": 1, ""10011100001"": 1, ""10110111010"": 1, ""11010001101"": 1, ""11111100010"": 1}"
1158,019e10f6-f602-7171-954e-ba96115adc8d,12,58,YXYZIXIYYIX,XIYYIXIZYXY,0.00048828124999999913,10,-0.9999999999999999,-1.0,-1.1102230246251565e-16,-0.0004882812499999991,-0.00048828124999999913,-5.421010862427522e-20,1.1102230246251565e-16,5.421010862427522e-20,"{""00010000111"": 1, ""00100000111"": 1, ""00100001100"": 1, ""00111101011"": 1, ""01000110011"": 1, ""01011100000"": 1, ""10000111111"": 1, ""10011011111"": 1, ""10011100111"": 1, ""11100000111"": 1}"
1159,019e10f6-f602-7171-954e-ba96115adc8d,12,59,YXYZIXIYYZI,IZYYIXIZYXY,0.00048828124999999913,10,-0.9999999999999999,-0.4,0.5999999999999999,-0.0004882812499999991,-0.00019531249999999966,0.0002929687499999994,0.5999999999999999,0.0002929687499999994,"{""00010111000"": 1, ""01000000100"": 1, ""01001101011"": 1, ""10010001011"": 1, ""10011010010"": 1, ""10110001101"": 1, ""11100110100"": 1, ""11111010100"": 1, ""11111100001"": 1, ""11111101101"": 1}"
1160,019e10f6-f602-7171-954e-ba96115adc8d,12,60,YXYZIXZIIII,IIIIZXIZYXY,0.00048828124999999913,10,-0.9999999999999999,-0.4,0.5999999999999999,-0.0004882812499999991,-0.00019531249999999966,0.0002929687499999994,0.5999999999999999,0.0002929687499999994,"{""00100110010"": 1, ""01011101001"": 1, ""10000000000"": 1, ""10001011111"": 1, ""10011010110"": 1, ""10011101110"": 1, ""10100000011"": 1, ""11001111101"": 1, ""11100001101"": 1, ""11111010100"": 1}"
1161,019e10f6-f602-7171-954e-ba96115adc8d,12,61,YXYZIXZIIZX,XZIIZXIZYXY,0.00048828124999999913,10,-0.9999999999999999,0.0,0.9999999999999999,-0.0004882812499999991,0.0,0.0004882812499999991,0.9999999999999999,0.0004882812499999991,"{""01001011011"": 1, ""01101011111"": 1, ""01110010111"": 1, ""10011010111"": 1, ""10101100000"": 1, ""10110000100"": 1, ""10111101011"": 1, ""11000110111"": 1, ""11100110011"": 1, ""11100111110"": 1}"
1162,019e10f6-f602-7171-954e-ba96115adc8d,12,62,YXYZIXZIZXZ,ZXZIZXIZYXY,0.00048828124999999913,10,-0.9999999999999999,-0.8,0.19999999999999984,-0.0004882812499999991,-0.0003906249999999993,9.765624999999976e-05,0.19999999999999984,9.765624999999976e-05,"{""00010000011"": 1, ""00111010011"": 1, ""00111100101"": 1, ""01101101101"": 1, ""10000110000"": 1, ""10000110011"": 1, ""10100111110"": 1, ""10110000000"": 1, ""10110001000"": 1, ""11001011101"": 1}"
1163,019e10f6-f602-7171-954e-ba96115adc8d,12,63,YXYZIXZIZYY,YYZIZXIZYXY,0.00048828124999999913,10,-0.9999999999999999,-0.4,0.5999999999999999,-0.0004882812499999991,-0.00019531249999999966,0.0002929687499999994,0.5999999999999999,0.0002929687499999994,"{""01001101000"": 1, ""01011101000"": 1, ""01011101011"": 1, ""01011101110"": 1, ""01100100011"": 1, ""01110000010"": 1, ""01110001110"": 1, ""01110111011"": 1, ""10011111011"": 1, ""11111100011"": 1}"
1164,019e10f6-f602-7171-954e-ba96115adc8d,12,64,YXYZIXZZXIX,XIXZZXIZYXY,0.00048828124999999913,10,-0.9999999999999999,-0.4,0.5999999999999999,-0.0004882812499999991,-0.00019531249999999966,0.0002929687499999994,0.5999999999999999,0.0002929687499999994,"{""00001011100"": 1, ""00010000111"": 1, ""00011010111"": 1, ""00100111100"": 1, ""00110001011"": 1, ""00111100111"": 1, ""01000001011"": 1, ""01110011111"": 1, ""01110110000"": 1, ""10110110100"": 1}"
1165,019e10f6-f602-7171-954e-ba96115adc8d,12,65,YXYZIXZZXZI,IZXZZXIZYXY,0.00048828124999999913,10,-0.9999999999999999,-0.8,0.19999999999999984,-0.0004882812499999991,-0.0003906249999999993,9.765624999999976e-05,0.19999999999999984,9.765624999999976e-05,"{""00001101010"": 1, ""00010000111"": 1, ""00100001010"": 1, ""00100111101"": 1, ""10000000110"": 1, ""10101010111"": 1, ""11010111100"": 1, ""11100000111"": 1, ""11111101101"": 1, ""11111110110"": 1}"
1166,019e10f6-f602-7171-954e-ba96115adc8d,12,66,YXYZIXZZYXY,YXYZZXIZYXY,-0.00048828124999999913,10,0.9999999999999999,0.6,-0.3999999999999999,-0.0004882812499999991,-0.00029296874999999945,0.00019531249999999963,0.3999999999999999,0.00019531249999999963,"{""00110010100"": 1, ""01000000010"": 1, ""01011010001"": 1, ""01011010010"": 1, ""10011111101"": 1, ""10110000100"": 2, ""10110111101"": 1, ""10110111110"": 1, ""11110111110"": 1}"
1167,019e10f6-f602-7171-954e-ba96115adc8d,12,67,YXYZIXZZYYZ,ZYYZZXIZYXY,0.00048828124999999913,10,-0.9999999999999999,-0.8,0.19999999999999984,-0.0004882812499999991,-0.0003906249999999993,9.765624999999976e-05,0.19999999999999984,9.765624999999976e-05,"{""00001011010"": 1, ""00001100011"": 1, ""00010111100"": 1, ""00101100001"": 1, ""01000110001"": 1, ""10000110011"": 1, ""10011010000"": 1, ""10101010000"": 1, ""10110001111"": 1, ""11001010000"": 1}"
1168,019e10f6-f602-7171-954e-ba96115adc8d,12,68,YXYZIYXXXXY,YXXXXYIZYXY,0.00048828124999999913,10,-0.9999999999999999,-0.2,0.7999999999999998,-0.0004882812499999991,-9.765624999999983e-05,0.00039062499999999926,0.7999999999999998,0.00039062499999999926,"{""00001100101"": 1, ""00010000000"": 1, ""00100111101"": 1, ""01100010101"": 1, ""01110100111"": 1, ""10001101100"": 1, ""10100100101"": 1, ""10111010010"": 1, ""11001010001"": 1, ""11010010110"": 1}"
1169,019e10f6-f602-7171-954e-ba96115adc8d,12,69,YXYZIYXXXYZ,ZYXXXYIZYXY,-0.00048828124999999913,10,0.9999999999999999,0.6,-0.3999999999999999,-0.0004882812499999991,-0.00029296874999999945,0.00019531249999999963,0.3999999999999999,0.00019531249999999963,"{""00100010101"": 1, ""00100101111"": 1, ""01000110001"": 1, ""01110110111"": 1, ""10110001110"": 1, ""11010110111"": 1, ""11100011100"": 1, ""11100110101"": 1, ""11100111101"": 1, ""11111000111"": 1}"
1170,019e10f6-f602-7171-954e-ba96115adc8d,12,70,YXYZIYXXYIX,XIYXXYIZYXY,0.00048828124999999913,10,-0.9999999999999999,-0.4,0.5999999999999999,-0.0004882812499999991,-0.00019531249999999966,0.0002929687499999994,0.5999999999999999,0.0002929687499999994,"{""00111000100"": 1, ""00111110100"": 1, ""01000001100"": 1, ""01000110000"": 1, ""10101000000"": 1, ""10101100111"": 1, ""11001001111"": 1, ""11010010000"": 1, ""11100110110"": 1, ""11101101010"": 1}"
1171,019e10f6-f602-7171-954e-ba96115adc8d,12,71,YXYZIYXXYZI,IZYXXYIZYXY,0.00048828124999999913,10,-0.9999999999999999,-0.4,0.5999999999999999,-0.0004882812499999991,-0.00019531249999999966,0.0002929687499999994,0.5999999999999999,0.0002929687499999994,"{""00001001110"": 1, ""00001101011"": 1, ""00010110101"": 1, ""00010111100"": 1, ""01000010001"": 1, ""01011001101"": 1, ""01011010001"": 1, ""11001101010"": 1, ""11001101011"": 1, ""11010100101"": 1}"
1172,019e10f6-f602-7171-954e-ba96115adc8d,12,72,YXYZIYXYIXZ,ZXIYXYIZYXY,-0.00048828124999999913,10,0.9999999999999999,0.8,-0.19999999999999984,-0.0004882812499999991,-0.0003906249999999993,9.765624999999976e-05,0.19999999999999984,9.765624999999976e-05,"{""00001011000"": 1, ""00001111101"": 1, ""00111101011"": 1, ""01011101000"": 1, ""10000010000"": 1, ""10001110000"": 1, ""10011000000"": 1, ""10100111101"": 1, ""10101100110"": 1, ""11010001011"": 1}"
1173,019e10f6-f602-7171-954e-ba96115adc8d,12,73,YXYZIYXYIYY,YYIYXYIZYXY,-0.00048828124999999913,10,0.9999999999999999,0.6,-0.3999999999999999,-0.0004882812499999991,-0.00029296874999999945,0.00019531249999999963,0.3999999999999999,0.00019531249999999963,"{""00100011101"": 1, ""00100111011"": 1, ""01110011100"": 1, ""10000101110"": 1, ""10000110101"": 1, ""10110000110"": 1, ""10110100011"": 1, ""11001101000"": 1, ""11111000010"": 1, ""11111100110"": 1}"
1174,019e10f6-f602-7171-954e-ba96115adc8d,12,74,YXYZIYXYZII,IIZYXYIZYXY,-0.00048828124999999913,10,0.9999999999999999,0.6,-0.3999999999999999,-0.0004882812499999991,-0.00029296874999999945,0.00019531249999999963,0.3999999999999999,0.00019531249999999963,"{""00010101101"": 1, ""00010101110"": 1, ""00100000110"": 1, ""00100100111"": 1, ""10000010011"": 1, ""10001000011"": 1, ""10101001110"": 1, ""10110001010"": 1, ""10111111010"": 1, ""11010111001"": 1}"
1175,019e10f6-f602-7171-954e-ba96115adc8d,12,75,YXYZIYXYZZX,XZZYXYIZYXY,-0.00048828124999999913,10,0.9999999999999999,0.8,-0.19999999999999984,-0.0004882812499999991,-0.0003906249999999993,9.765624999999976e-05,0.19999999999999984,9.765624999999976e-05,"{""00001100100"": 1, ""00010000111"": 1, ""00111100111"": 1, ""00111110000"": 1, ""01000010000"": 1, ""01001010100"": 1, ""10000001011"": 1, ""10011101011"": 1, ""11001000011"": 1, ""11100111011"": 1}"
1176,019e10f6-f602-7171-954e-ba96115adc8d,12,76,YXYZIYYIXIX,XIXIYYIZYXY,0.00048828124999999913,10,-0.9999999999999999,-0.2,0.7999999999999998,-0.0004882812499999991,-9.765624999999983e-05,0.00039062499999999926,0.7999999999999998,0.00039062499999999926,"{""00100000100"": 1, ""00101010111"": 1, ""00111101100"": 1, ""01000000111"": 1, ""01000011100"": 1, ""01110000111"": 1, ""01110011011"": 1, ""10000011111"": 1, ""10101001011"": 1, ""10110000000"": 1}"
1177,019e10f6-f602-7171-954e-ba96115adc8d,12,77,YXYZIYYIXZI,IZXIYYIZYXY,0.00048828124999999913,10,-0.9999999999999999,-0.4,0.5999999999999999,-0.0004882812499999991,-0.00019531249999999966,0.0002929687499999994,0.5999999999999999,0.0002929687499999994,"{""00100110110"": 1, ""00111001011"": 1, ""01011101011"": 1, ""01101001011"": 1, ""01110110110"": 1, ""01111001010"": 1, ""10000101100"": 1, ""10110011010"": 1, ""11001011010"": 1, ""11010000001"": 1}"
1178,019e10f6-f602-7171-954e-ba96115adc8d,12,78,YXYZIYYIYXY,YXYIYYIZYXY,-0.00048828124999999913,10,0.9999999999999999,0.2,-0.7999999999999998,-0.0004882812499999991,-9.765624999999983e-05,0.00039062499999999926,0.7999999999999998,0.00039062499999999926,"{""01011001000"": 1, ""01011010111"": 1, ""01101000010"": 1, ""11001100100"": 1, ""11010010111"": 1, ""11010011101"": 2, ""11010111110"": 1, ""11100011000"": 1, ""11100100010"": 1}"
1179,019e10f6-f602-7171-954e-ba96115adc8d,12,79,YXYZIYYIYYZ,ZYYIYYIZYXY,0.00048828124999999913,10,-0.9999999999999999,0.2,1.2,-0.0004882812499999991,9.765624999999983e-05,0.0005859374999999989,1.2,0.0005859374999999989,"{""00001010110"": 1, ""00011001001"": 1, ""00110000110"": 1, ""01101000110"": 1, ""01101010110"": 1, ""10000110101"": 1, ""10101110000"": 1, ""11101000100"": 1, ""11101001100"": 1, ""11111111010"": 1}"
1180,019e10f6-f602-7171-954e-ba96115adc8d,12,80,YXYZIYYZIII,IIIZYYIZYXY,0.00048828124999999913,10,-0.9999999999999999,-0.8,0.19999999999999984,-0.0004882812499999991,-0.0003906249999999993,9.765624999999976e-05,0.19999999999999984,9.765624999999976e-05,"{""00001111101"": 1, ""00111111100"": 1, ""01000011001"": 1, ""01011111111"": 1, ""01101010001"": 1, ""01110011011"": 1, ""10011111111"": 1, ""10110100100"": 1, ""11001100000"": 1, ""11001100101"": 1}"
1181,019e10f6-f602-7171-954e-ba96115adc8d,12,81,YXYZIYYZIZX,XZIZYYIZYXY,0.00048828124999999913,10,-0.9999999999999999,-0.4,0.5999999999999999,-0.0004882812499999991,-0.00019531249999999966,0.0002929687499999994,0.5999999999999999,0.0002929687499999994,"{""00001010100"": 1, ""00010101111"": 1, ""01001010011"": 1, ""01101001100"": 1, ""01101111100"": 1, ""01110101011"": 1, ""01111010100"": 1, ""10011001011"": 1, ""11100110100"": 1, ""11111110111"": 1}"
1182,019e10f6-f602-7171-954e-ba96115adc8d,12,82,YXYZIYYZZXZ,ZXZZYYIZYXY,0.00048828124999999913,10,-0.9999999999999999,-0.2,0.7999999999999998,-0.0004882812499999991,-9.765624999999983e-05,0.00039062499999999926,0.7999999999999998,0.00039062499999999926,"{""00010000110"": 1, ""00111000101"": 1, ""01000001110"": 1, ""10001111110"": 1, ""10101010110"": 1, ""11001010110"": 1, ""11010011110"": 1, ""11100011110"": 1, ""11100100110"": 1, ""11111001011"": 1}"
1183,019e10f6-f602-7171-954e-ba96115adc8d,12,83,YXYZIYYZZYY,YYZZYYIZYXY,0.00048828124999999913,10,-0.9999999999999999,-0.6,0.3999999999999999,-0.0004882812499999991,-0.00029296874999999945,0.00019531249999999963,0.3999999999999999,0.00019531249999999963,"{""00010110011"": 1, ""00111001011"": 1, ""01000000110"": 1, ""01000101000"": 1, ""01011111101"": 1, ""10011111000"": 1, ""10111111011"": 1, ""11000110110"": 1, ""11010000011"": 1, ""11100110011"": 1}"
1184,019e10f6-f602-7171-954e-ba96115adc8d,12,84,YXYZZIIIIII,IIIIIIZZYXY,0.00048828124999999913,10,-0.9999999999999999,-0.4,0.5999999999999999,-0.0004882812499999991,-0.00019531249999999966,0.0002929687499999994,0.5999999999999999,0.0002929687499999994,"{""00101111111"": 1, ""01001100101"": 1, ""01101011100"": 1, ""10101011001"": 1, ""10110011101"": 1, ""10111001000"": 1, ""11010100111"": 1, ""11100011100"": 1, ""11100110000"": 1, ""11111111011"": 1}"
1185,019e10f6-f602-7171-954e-ba96115adc8d,12,85,YXYZZIIIIZX,XZIIIIZZYXY,0.00048828124999999913,10,-0.9999999999999999,-1.0,-1.1102230246251565e-16,-0.0004882812499999991,-0.00048828124999999913,-5.421010862427522e-20,1.1102230246251565e-16,5.421010862427522e-20,"{""01000111011"": 1, ""01011110011"": 1, ""01110011011"": 1, ""10011001011"": 1, ""10011010111"": 1, ""10011111100"": 1, ""10101101011"": 1, ""10101101100"": 1, ""10110000111"": 1, ""11010010100"": 1}"
1186,019e10f6-f602-7171-954e-ba96115adc8d,12,86,YXYZZIIIZXZ,ZXZIIIZZYXY,0.00048828124999999913,10,-0.9999999999999999,-1.0,-1.1102230246251565e-16,-0.0004882812499999991,-0.00048828124999999913,-5.421010862427522e-20,1.1102230246251565e-16,5.421010862427522e-20,"{""00001101011"": 1, ""00100001110"": 1, ""00111011110"": 1, ""01101100110"": 1, ""01110010011"": 1, ""10011111101"": 1, ""10110010101"": 1, ""11001010011"": 1, ""11001100110"": 1, ""11100100110"": 1}"
1187,019e10f6-f602-7171-954e-ba96115adc8d,12,87,YXYZZIIIZYY,YYZIIIZZYXY,0.00048828124999999913,10,-0.9999999999999999,-0.2,0.7999999999999998,-0.0004882812499999991,-9.765624999999983e-05,0.00039062499999999926,0.7999999999999998,0.00039062499999999926,"{""00010001110"": 1, ""00011000011"": 1, ""00101101000"": 1, ""01011011000"": 1, ""01110100110"": 1, ""01111010101"": 1, ""10111000110"": 1, ""11111000000"": 1, ""11111000011"": 1, ""11111010110"": 1}"
1188,019e10f6-f602-7171-954e-ba96115adc8d,12,88,YXYZZIIZXIX,XIXZIIZZYXY,0.00048828124999999913,10,-0.9999999999999999,-0.8,0.19999999999999984,-0.0004882812499999991,-0.0003906249999999993,9.765624999999976e-05,0.19999999999999984,9.765624999999976e-05,"{""00010001011"": 1, ""01000101100"": 1, ""01101100111"": 1, ""01101110111"": 1, ""01110010000"": 1, ""01110111011"": 1, ""10000111011"": 1, ""11010011010"": 1, ""11100101011"": 1, ""11111100000"": 1}"
1189,019e10f6-f602-7171-954e-ba96115adc8d,12,89,YXYZZIIZXZI,IZXZIIZZYXY,0.00048828124999999913,10,-0.9999999999999999,-0.8,0.19999999999999984,-0.0004882812499999991,-0.0003906249999999993,9.765624999999976e-05,0.19999999999999984,9.765624999999976e-05,"{""00001010110"": 1, ""01000001010"": 1, ""01000011010"": 1, ""01110111101"": 1, ""10011011010"": 1, ""10011100111"": 1, ""10101100001"": 1, ""11100011011"": 1, ""11111001010"": 1, ""11111110011"": 1}"
1190,019e10f6-f602-7171-954e-ba96115adc8d,12,90,YXYZZIIZYXY,YXYZIIZZYXY,-0.00048828124999999913,10,0.9999999999999999,0.4,-0.5999999999999999,-0.0004882812499999991,-0.00019531249999999966,0.0002929687499999994,0.5999999999999999,0.0002929687499999994,"{""00000101000"": 1, ""00001000010"": 1, ""00100000111"": 1, ""01000110100"": 1, ""01011111000"": 1, ""01110011000"": 1, ""01110111011"": 1, ""11000010100"": 1, ""11101011000"": 1, ""11111100010"": 1}"
1191,019e10f6-f602-7171-954e-ba96115adc8d,12,91,YXYZZIIZYYZ,ZYYZIIZZYXY,0.00048828124999999913,10,-0.9999999999999999,-0.6,0.3999999999999999,-0.0004882812499999991,-0.00029296874999999945,0.00019531249999999963,0.3999999999999999,0.00019531249999999963,"{""00001011100"": 1, ""00111111111"": 1, ""01110010101"": 1, ""10011000110"": 1, ""10011111010"": 1, ""10100101111"": 1, ""10110001010"": 1, ""10110110000"": 1, ""10111111010"": 1, ""11111111111"": 1}"
1192,019e10f6-f602-7171-954e-ba96115adc8d,12,92,YXYZZIZXIXZ,ZXIXZIZZYXY,0.00048828124999999913,10,-0.9999999999999999,-0.8,0.19999999999999984,-0.0004882812499999991,-0.0003906249999999993,9.765624999999976e-05,0.19999999999999984,9.765624999999976e-05,"{""00010011000"": 1, ""00100001101"": 1, ""00111111000"": 1, ""01000110110"": 1, ""01110000011"": 1, ""01111011011"": 1, ""10000111011"": 1, ""10110100000"": 1, ""11001101101"": 1, ""11111010101"": 1}"
1193,019e10f6-f602-7171-954e-ba96115adc8d,12,93,YXYZZIZXIYY,YYIXZIZZYXY,0.00048828124999999913,10,-0.9999999999999999,-0.8,0.19999999999999984,-0.0004882812499999991,-0.0003906249999999993,9.765624999999976e-05,0.19999999999999984,9.765624999999976e-05,"{""00001110110"": 1, ""01000001110"": 1, ""01101010110"": 1, ""01101100011"": 1, ""01110010101"": 1, ""11001101101"": 1, ""11010001101"": 1, ""11101011011"": 1, ""11111001110"": 1, ""11111100011"": 1}"
1194,019e10f6-f602-7171-954e-ba96115adc8d,12,94,YXYZZIZXZII,IIZXZIZZYXY,0.00048828124999999913,10,-0.9999999999999999,-0.6,0.3999999999999999,-0.0004882812499999991,-0.00029296874999999945,0.00019531249999999963,0.3999999999999999,0.00019531249999999963,"{""00000100010"": 1, ""00101010101"": 1, ""01000110111"": 1, ""01101101110"": 1, ""01110101100"": 1, ""10000001101"": 1, ""10101111000"": 1, ""10110001110"": 1, ""10110111011"": 1, ""11100110111"": 1}"
1195,019e10f6-f602-7171-954e-ba96115adc8d,12,95,YXYZZIZXZZX,XZZXZIZZYXY,0.00048828124999999913,10,-0.9999999999999999,-0.2,0.7999999999999998,-0.0004882812499999991,-9.765624999999983e-05,0.00039062499999999926,0.7999999999999998,0.00039062499999999926,"{""00111011000"": 1, ""01010110100"": 1, ""01110101111"": 1, ""01110111000"": 1, ""10000010110"": 1, ""10011010100"": 1, ""11001101111"": 1, ""11011100000"": 1, ""11110111011"": 1, ""11111001100"": 1}"
1196,019e10f6-f602-7171-954e-ba96115adc8d,12,96,YXYZZIZYXXY,YXXYZIZZYXY,0.00048828124999999913,10,-0.9999999999999999,-0.6,0.3999999999999999,-0.0004882812499999991,-0.00029296874999999945,0.00019531249999999963,0.3999999999999999,0.00019531249999999963,"{""00010010010"": 1, ""00100010111"": 1, ""00111111110"": 1, ""01000111111"": 1, ""10011101010"": 1, ""11001111101"": 1, ""11100001111"": 1, ""11100111011"": 1, ""11101101100"": 1, ""11111111011"": 1}"
1197,019e10f6-f602-7171-954e-ba96115adc8d,12,97,YXYZZIZYXYZ,ZYXYZIZZYXY,-0.00048828124999999913,10,0.9999999999999999,0.6,-0.3999999999999999,-0.0004882812499999991,-0.00029296874999999945,0.00019531249999999963,0.3999999999999999,0.00019531249999999963,"{""00100010110"": 1, ""00100100001"": 1, ""00111110001"": 1, ""01011000100"": 1, ""01110100010"": 1, ""01111010011"": 1, ""10000011010"": 1, ""10000110000"": 1, ""10110110101"": 1, ""11010100100"": 1}"
1198,019e10f6-f602-7171-954e-ba96115adc8d,12,98,YXYZZIZYYIX,XIYYZIZZYXY,0.00048828124999999913,10,-0.9999999999999999,0.0,0.9999999999999999,-0.0004882812499999991,0.0,0.0004882812499999991,0.9999999999999999,0.0004882812499999991,"{""00100100111"": 1, ""01000011000"": 1, ""01000101011"": 1, ""01010000000"": 1, ""01011001011"": 1, ""10000011011"": 1, ""10100101001"": 1, ""11001011001"": 1, ""11011010100"": 1, ""11111010011"": 1}"
1199,019e10f6-f602-7171-954e-ba96115adc8d,12,99,YXYZZIZYYZI,IZYYZIZZYXY,0.00048828124999999913,10,-0.9999999999999999,0.0,0.9999999999999999,-0.0004882812499999991,0.0,0.0004882812499999991,0.9999999999999999,0.0004882812499999991,"{""00001011001"": 1, ""00110001011"": 1, ""10001000001"": 1, ""10001100111"": 1, ""10010100000"": 1, ""10011010101"": 1, ""10101111000"": 1, ""10101111101"": 1, ""10110100110"": 1, ""11111101011"": 1}"
1200,019e10f7-0ad9-7353-ac0d-318573273293,13,0,YXYZZZXIXIX,XIXIXZZZYXY,0.00048828124999999913,10,-0.9999999999999999,-0.2,0.7999999999999998,-0.0004882812499999991,-9.765624999999983e-05,0.00039062499999999926,0.7999999999999998,0.00039062499999999926,"{""00001011011"": 1, ""00001101001"": 1, ""00011011100"": 1, ""00011101011"": 1, ""01000101011"": 1, ""01010000000"": 1, ""01101000111"": 1, ""10101011011"": 1, ""11001011011"": 1, ""11100001011"": 1}"
1201,019e10f7-0ad9-7353-ac0d-318573273293,13,1,YXYZZZXIXZI,IZXIXZZZYXY,0.00048828124999999913,10,-0.9999999999999999,-0.6,0.3999999999999999,-0.0004882812499999991,-0.00029296874999999945,0.00019531249999999963,0.3999999999999999,0.00019531249999999963,"{""00001110000"": 1, ""00001110111"": 1, ""00010110000"": 1, ""01011011010"": 1, ""01101110001"": 1, ""10011011111"": 1, ""10101000001"": 1, ""10101011010"": 1, ""10101100000"": 1, ""11010101100"": 1}"
1202,019e10f7-0ad9-7353-ac0d-318573273293,13,2,YXYZZZXIYXY,YXYIXZZZYXY,-0.00048828124999999913,10,0.9999999999999999,0.2,-0.7999999999999998,-0.0004882812499999991,-9.765624999999983e-05,0.00039062499999999926,0.7999999999999998,0.00039062499999999926,"{""00001000001"": 1, ""00001011000"": 1, ""00001101011"": 1, ""00010011101"": 1, ""00010100011"": 1, ""00110011101"": 1, ""01000000110"": 1, ""01111101000"": 1, ""11001101000"": 1, ""11011110111"": 1}"
1203,019e10f7-0ad9-7353-ac0d-318573273293,13,3,YXYZZZXIYYZ,ZYYIXZZZYXY,0.00048828124999999913,10,-0.9999999999999999,-0.4,0.5999999999999999,-0.0004882812499999991,-0.00019531249999999966,0.0002929687499999994,0.5999999999999999,0.0002929687499999994,"{""00001101010"": 1, ""00111000110"": 1, ""01011101100"": 1, ""01101110000"": 1, ""10110011100"": 1, ""10110111100"": 1, ""11100000100"": 1, ""11100011111"": 1, ""11100110110"": 1, ""11110101100"": 1}"
1204,019e10f7-0ad9-7353-ac0d-318573273293,13,4,YXYZZZXZIII,IIIZXZZZYXY,0.00048828124999999913,10,-0.9999999999999999,-1.0,-1.1102230246251565e-16,-0.0004882812499999991,-0.00048828124999999913,-5.421010862427522e-20,1.1102230246251565e-16,5.421010862427522e-20,"{""00001101101"": 1, ""00001101111"": 1, ""00111000010"": 1, ""01000000101"": 1, ""01000101011"": 1, ""10000000000"": 1, ""10011011000"": 1, ""11010011111"": 1, ""11010110101"": 1, ""11100011100"": 1}"
1205,019e10f7-0ad9-7353-ac0d-318573273293,13,5,YXYZZZXZIZX,XZIZXZZZYXY,0.00048828124999999913,10,-0.9999999999999999,-0.8,0.19999999999999984,-0.0004882812499999991,-0.0003906249999999993,9.765624999999976e-05,0.19999999999999984,9.765624999999976e-05,"{""00010000011"": 1, ""00010011111"": 1, ""00010101111"": 1, ""01000110100"": 1, ""10101011011"": 1, ""10110101100"": 1, ""11100101000"": 1, ""11100101111"": 1, ""11101000111"": 1, ""11111000100"": 1}"
1206,019e10f7-0ad9-7353-ac0d-318573273293,13,6,YXYZZZXZZXZ,ZXZZXZZZYXY,0.00048828124999999913,10,-0.9999999999999999,-0.6,0.3999999999999999,-0.0004882812499999991,-0.00029296874999999945,0.00019531249999999963,0.3999999999999999,0.00019531249999999963,"{""00001101011"": 1, ""01000000101"": 1, ""01000100101"": 1, ""01101000011"": 1, ""01110000011"": 1, ""01110011011"": 1, ""10100000101"": 1, ""10101011011"": 1, ""10101011101"": 1, ""11111000000"": 1}"
1207,019e10f7-0ad9-7353-ac0d-318573273293,13,7,YXYZZZXZZYY,YYZZXZZZYXY,0.00048828124999999913,10,-0.9999999999999999,-0.2,0.7999999999999998,-0.0004882812499999991,-9.765624999999983e-05,0.00039062499999999926,0.7999999999999998,0.00039062499999999926,"{""00001101000"": 1, ""00100000110"": 1, ""00100011011"": 1, ""00110101000"": 1, ""01000101000"": 1, ""01100101101"": 1, ""01101101000"": 1, ""10000101110"": 1, ""10111110101"": 1, ""11110000110"": 1}"
1208,019e10f7-0ad9-7353-ac0d-318573273293,13,8,YXYZZZYXXXY,YXXXYZZZYXY,-0.00048828124999999913,10,0.9999999999999999,0.4,-0.5999999999999999,-0.0004882812499999991,-0.00019531249999999966,0.0002929687499999994,0.5999999999999999,0.0002929687499999994,"{""00000100100"": 1, ""00000101010"": 1, ""00010000010"": 1, ""00010010001"": 1, ""00010110011"": 1, ""00111010110"": 1, ""01000111011"": 1, ""01110010011"": 1, ""10101100000"": 1, ""10101100110"": 1}"
1209,019e10f7-0ad9-7353-ac0d-318573273293,13,9,YXYZZZYXXYZ,ZYXXYZZZYXY,0.00048828124999999913,10,-0.9999999999999999,-0.6,0.3999999999999999,-0.0004882812499999991,-0.00029296874999999945,0.00019531249999999963,0.3999999999999999,0.00019531249999999963,"{""00000010111"": 1, ""00100101111"": 1, ""00111001111"": 1, ""00111100001"": 1, ""01000000110"": 1, ""01011010001"": 1, ""10000001111"": 1, ""10000100010"": 1, ""11000111000"": 1, ""11010000011"": 1}"
1210,019e10f7-0ad9-7353-ac0d-318573273293,13,10,YXYZZZYXYIX,XIYXYZZZYXY,-0.00048828124999999913,10,0.9999999999999999,1.0,1.1102230246251565e-16,-0.0004882812499999991,-0.00048828124999999913,-5.421010862427522e-20,1.1102230246251565e-16,5.421010862427522e-20,"{""00001011011"": 1, ""00100000011"": 1, ""01000101100"": 1, ""01101011011"": 1, ""01110010111"": 1, ""01110111000"": 1, ""10000000011"": 1, ""10000011100"": 1, ""11010110100"": 1, ""11111111111"": 1}"
1211,019e10f7-0ad9-7353-ac0d-318573273293,13,11,YXYZZZYXYZI,IZYXYZZZYXY,-0.00048828124999999913,10,0.9999999999999999,0.6,-0.3999999999999999,-0.0004882812499999991,-0.00029296874999999945,0.00019531249999999963,0.3999999999999999,0.00019531249999999963,"{""00010010111"": 1, ""00100110010"": 1, ""00111101101"": 1, ""01000011010"": 1, ""01010111110"": 1, ""01100001001"": 1, ""10110001001"": 1, ""11010000101"": 1, ""11111000011"": 1, ""11111111000"": 1}"
1212,019e10f7-0ad9-7353-ac0d-318573273293,13,12,YXYZZZYYIXZ,ZXIYYZZZYXY,0.00048828124999999913,10,-0.9999999999999999,-0.6,0.3999999999999999,-0.0004882812499999991,-0.00029296874999999945,0.00019531249999999963,0.3999999999999999,0.00019531249999999963,"{""00001000110"": 1, ""00010101001"": 1, ""01011001101"": 1, ""01101001110"": 1, ""01110001101"": 1, ""10001011110"": 1, ""10101011000"": 1, ""10110101011"": 1, ""11010110000"": 1, ""11111110000"": 1}"
1213,019e10f7-0ad9-7353-ac0d-318573273293,13,13,YXYZZZYYIYY,YYIYYZZZYXY,0.00048828124999999913,10,-0.9999999999999999,-1.0,-1.1102230246251565e-16,-0.0004882812499999991,-0.00048828124999999913,-5.421010862427522e-20,1.1102230246251565e-16,5.421010862427522e-20,"{""00001010101"": 1, ""00010000000"": 1, ""00111111110"": 1, ""01011000011"": 1, ""01011110011"": 1, ""10011000011"": 1, ""11001000000"": 1, ""11010011011"": 1, ""11111000000"": 1, ""11111101011"": 1}"
1214,019e10f7-0ad9-7353-ac0d-318573273293,13,14,YXYZZZYYZII,IIZYYZZZYXY,0.00048828124999999913,10,-0.9999999999999999,-0.6,0.3999999999999999,-0.0004882812499999991,-0.00029296874999999945,0.00019531249999999963,0.3999999999999999,0.00019531249999999963,"{""00111000001"": 1, ""01110000010"": 1, ""10000000100"": 1, ""10000001111"": 1, ""10001111100"": 1, ""10101111100"": 1, ""10110011011"": 1, ""11001101010"": 1, ""11010101010"": 1, ""11100111101"": 1}"
1215,019e10f7-0ad9-7353-ac0d-318573273293,13,15,YXYZZZYYZZX,XZZYYZZZYXY,0.00048828124999999913,10,-0.9999999999999999,-0.6,0.3999999999999999,-0.0004882812499999991,-0.00029296874999999945,0.00019531249999999963,0.3999999999999999,0.00019531249999999963,"{""00001111111"": 1, ""01000000011"": 1, ""01000101000"": 1, ""01011001111"": 1, ""01110011011"": 1, ""10001100111"": 1, ""10010111100"": 1, ""10101010100"": 1, ""11001001111"": 1, ""11100101000"": 1}"
1216,019e10f7-0ad9-7353-ac0d-318573273293,13,16,YXZYIIIIIII,IIIIIIIYZXY,0.00048828124999999913,10,-0.9999999999999999,-0.6,0.3999999999999999,-0.0004882812499999991,-0.00029296874999999945,0.00019531249999999963,0.3999999999999999,0.00019531249999999963,"{""01000000100"": 1, ""01000111011"": 1, ""10001100100"": 1, ""10011011011"": 1, ""10101000101"": 1, ""10110100010"": 1, ""10110110110"": 1, ""11011101010"": 1, ""11101010000"": 1, ""11101100100"": 1}"
1217,019e10f7-0ad9-7353-ac0d-318573273293,13,17,YXZYIIIIIZX,XZIIIIIYZXY,0.00048828124999999913,10,-0.9999999999999999,-1.0,-1.1102230246251565e-16,-0.0004882812499999991,-0.00048828124999999913,-5.421010862427522e-20,1.1102230246251565e-16,5.421010862427522e-20,"{""00011000000"": 1, ""01000010100"": 1, ""01001001100"": 2, ""01001010000"": 1, ""01110100100"": 1, ""01110110000"": 1, ""01111101000"": 1, ""10001000011"": 1, ""10111001011"": 1}"
1218,019e10f7-0ad9-7353-ac0d-318573273293,13,18,YXZYIIIIZXZ,ZXZIIIIYZXY,0.00048828124999999913,10,-0.9999999999999999,-0.8,0.19999999999999984,-0.0004882812499999991,-0.0003906249999999993,9.765624999999976e-05,0.19999999999999984,9.765624999999976e-05,"{""00010110011"": 1, ""00100111011"": 1, ""00101010000"": 1, ""00101110110"": 1, ""01110001001"": 1, ""01110100011"": 1, ""10111101011"": 1, ""11010011000"": 1, ""11101001011"": 1, ""11101100000"": 1}"
1219,019e10f7-0ad9-7353-ac0d-318573273293,13,19,YXZYIIIIZYY,YYZIIIIYZXY,0.00048828124999999913,10,-0.9999999999999999,-1.0,-1.1102230246251565e-16,-0.0004882812499999991,-0.00048828124999999913,-5.421010862427522e-20,1.1102230246251565e-16,5.421010862427522e-20,"{""00010001011"": 1, ""00100001000"": 1, ""00101011110"": 1, ""00101100110"": 1, ""01000100011"": 1, ""01000111000"": 1, ""01001010101"": 1, ""01001110101"": 1, ""10111111110"": 1, ""11100110101"": 1}"
1220,019e10f7-0ad9-7353-ac0d-318573273293,13,20,YXZYIIIZXIX,XIXZIIIYZXY,0.00048828124999999913,10,-0.9999999999999999,-0.6,0.3999999999999999,-0.0004882812499999991,-0.00029296874999999945,0.00019531249999999963,0.3999999999999999,0.00019531249999999963,"{""00011101011"": 1, ""01000001011"": 1, ""01010100111"": 1, ""01101111010"": 1, ""01111000001"": 1, ""10111111100"": 1, ""11011001100"": 1, ""11100100000"": 1, ""11101110111"": 1, ""11101111011"": 1}"
1221,019e10f7-0ad9-7353-ac0d-318573273293,13,21,YXZYIIIZXZI,IZXZIIIYZXY,0.00048828124999999913,10,-0.9999999999999999,-0.4,0.5999999999999999,-0.0004882812499999991,-0.00019531249999999966,0.0002929687499999994,0.5999999999999999,0.0002929687499999994,"{""00010111011"": 1, ""00101110000"": 1, ""01001001100"": 1, ""01010011101"": 1, ""10001011101"": 1, ""10110010100"": 1, ""10110111010"": 1, ""10110111011"": 1, ""11000101010"": 1, ""11100011010"": 1}"
1222,019e10f7-0ad9-7353-ac0d-318573273293,13,22,YXZYIIIZYXY,YXYZIIIYZXY,-0.00048828124999999913,10,0.9999999999999999,0.0,-0.9999999999999999,-0.0004882812499999991,-0.0,0.0004882812499999991,0.9999999999999999,0.0004882812499999991,"{""00010011100"": 1, ""00100111111"": 1, ""01000111011"": 1, ""01001010011"": 1, ""01110000001"": 1, ""01111101110"": 1, ""10000011000"": 1, ""10011001000"": 1, ""10111000010"": 1, ""11111111110"": 1}"
1223,019e10f7-0ad9-7353-ac0d-318573273293,13,23,YXZYIIIZYYZ,ZYYZIIIYZXY,0.00048828124999999913,10,-0.9999999999999999,-0.8,0.19999999999999984,-0.0004882812499999991,-0.0003906249999999993,9.765624999999976e-05,0.19999999999999984,9.765624999999976e-05,"{""00010010011"": 1, ""00010111010"": 1, ""00101100011"": 1, ""01000100110"": 1, ""10110001010"": 1, ""10110111100"": 1, ""10111000000"": 1, ""10111100101"": 1, ""11001000110"": 1, ""11100010110"": 1}"
1224,019e10f7-0ad9-7353-ac0d-318573273293,13,24,YXZYIIZXIXZ,ZXIXZIIYZXY,0.00048828124999999913,10,-0.9999999999999999,-0.4,0.5999999999999999,-0.0004882812499999991,-0.00019531249999999966,0.0002929687499999994,0.5999999999999999,0.0002929687499999994,"{""00001110110"": 1, ""00010000000"": 1, ""00100110101"": 1, ""00111011000"": 1, ""01001011011"": 1, ""01001111000"": 1, ""10001010110"": 1, ""10001110110"": 1, ""10101000000"": 1, ""11010001110"": 1}"
1225,019e10f7-0ad9-7353-ac0d-318573273293,13,25,YXZYIIZXIYY,YYIXZIIYZXY,0.00048828124999999913,10,-0.9999999999999999,-0.4,0.5999999999999999,-0.0004882812499999991,-0.00019531249999999966,0.0002929687499999994,0.5999999999999999,0.0002929687499999994,"{""00010000000"": 1, ""01001000011"": 1, ""01001001101"": 1, ""01100110101"": 1, ""01101101110"": 1, ""01111110101"": 1, ""11000010101"": 1, ""11010101010"": 1, ""11011100011"": 1, ""11101111011"": 1}"
1226,019e10f7-0ad9-7353-ac0d-318573273293,13,26,YXZYIIZXZII,IIZXZIIYZXY,0.00048828124999999913,10,-0.9999999999999999,-0.8,0.19999999999999984,-0.0004882812499999991,-0.0003906249999999993,9.765624999999976e-05,0.19999999999999984,9.765624999999976e-05,"{""00011011011"": 1, ""00110010110"": 1, ""01111000010"": 1, ""01111010100"": 1, ""10001011000"": 1, ""10111110100"": 1, ""11011100011"": 1, ""11011110101"": 1, ""11100001111"": 1, ""11100110110"": 1}"
1227,019e10f7-0ad9-7353-ac0d-318573273293,13,27,YXZYIIZXZZX,XZZXZIIYZXY,0.00048828124999999913,10,-0.9999999999999999,-0.6,0.3999999999999999,-0.0004882812499999991,-0.00029296874999999945,0.00019531249999999963,0.3999999999999999,0.00019531249999999963,"{""00100001111"": 1, ""00100111000"": 1, ""00101011001"": 1, ""01000101111"": 1, ""01110001100"": 1, ""10001111011"": 1, ""11000001100"": 1, ""11010001111"": 1, ""11011000011"": 1, ""11011110100"": 1}"
1228,019e10f7-0ad9-7353-ac0d-318573273293,13,28,YXZYIIZYXXY,YXXYZIIYZXY,0.00048828124999999913,10,-0.9999999999999999,-0.8,0.19999999999999984,-0.0004882812499999991,-0.0003906249999999993,9.765624999999976e-05,0.19999999999999984,9.765624999999976e-05,"{""00010001100"": 1, ""01000100011"": 1, ""01000101100"": 1, ""01111010111"": 1, ""10000011110"": 1, ""10110001111"": 1, ""10111111000"": 1, ""11100100110"": 1, ""11100101010"": 1, ""11110011110"": 1}"
1229,019e10f7-0ad9-7353-ac0d-318573273293,13,29,YXZYIIZYXYZ,ZYXYZIIYZXY,-0.00048828124999999913,10,0.9999999999999999,0.8,-0.19999999999999984,-0.0004882812499999991,-0.0003906249999999993,9.765624999999976e-05,0.19999999999999984,9.765624999999976e-05,"{""00010101101"": 1, ""00011001110"": 1, ""00011101101"": 1, ""01110111100"": 1, ""10000000100"": 1, ""10000010011"": 1, ""10110001011"": 1, ""10111101000"": 1, ""11000101000"": 1, ""11101011100"": 1}"
1230,019e10f7-0ad9-7353-ac0d-318573273293,13,30,YXZYIIZYYIX,XIYYZIIYZXY,0.00048828124999999913,10,-0.9999999999999999,-0.2,0.7999999999999998,-0.0004882812499999991,-9.765624999999983e-05,0.00039062499999999926,0.7999999999999998,0.00039062499999999926,"{""00010111000"": 1, ""00101100000"": 1, ""00111010011"": 1, ""01000111111"": 1, ""01001110111"": 1, ""01010100111"": 1, ""10100111111"": 1, ""11010011000"": 1, ""11011001100"": 1, ""11011110011"": 1}"
1231,019e10f7-0ad9-7353-ac0d-318573273293,13,31,YXZYIIZYYZI,IZYYZIIYZXY,0.00048828124999999913,10,-0.9999999999999999,-1.0,-1.1102230246251565e-16,-0.0004882812499999991,-0.00048828124999999913,-5.421010862427522e-20,1.1102230246251565e-16,5.421010862427522e-20,"{""00011000110"": 1, ""00100000110"": 1, ""01001001010"": 1, ""01110011110"": 1, ""01111100000"": 1, ""10001101101"": 1, ""10110101101"": 1, ""11011000000"": 1, ""11100011110"": 1, ""11101000110"": 1}"
1232,019e10f7-0ad9-7353-ac0d-318573273293,13,32,YXZYIZXIXIX,XIXIXZIYZXY,0.00048828124999999913,10,-0.9999999999999999,-0.6,0.3999999999999999,-0.0004882812499999991,-0.00029296874999999945,0.00019531249999999963,0.3999999999999999,0.00019531249999999963,"{""00010101011"": 1, ""00011101011"": 1, ""00100011011"": 1, ""00101000000"": 1, ""01000101100"": 1, ""01001011011"": 1, ""01110110000"": 1, ""10100110111"": 1, ""11011000000"": 1, ""11110110111"": 1}"
1233,019e10f7-0ad9-7353-ac0d-318573273293,13,33,YXZYIZXIXZI,IZXIXZIYZXY,0.00048828124999999913,10,-0.9999999999999999,-0.2,0.7999999999999998,-0.0004882812499999991,-9.765624999999983e-05,0.00039062499999999926,0.7999999999999998,0.00039062499999999926,"{""00010000101"": 1, ""00011011110"": 1, ""00101000110"": 1, ""01001000001"": 1, ""01110000110"": 1, ""10110000000"": 1, ""11010111100"": 1, ""11101110000"": 1, ""11101110110"": 1, ""11110101100"": 1}"
1234,019e10f7-0ad9-7353-ac0d-318573273293,13,34,YXZYIZXIYXY,YXYIXZIYZXY,-0.00048828124999999913,10,0.9999999999999999,0.4,-0.5999999999999999,-0.0004882812499999991,-0.00019531249999999966,0.0002929687499999994,0.5999999999999999,0.0002929687499999994,"{""00011011101"": 1, ""00101000100"": 1, ""00101011011"": 1, ""00110101111"": 1, ""01000101101"": 1, ""01001000001"": 1, ""01110000000"": 1, ""01111110010"": 1, ""10010110111"": 1, ""11101101010"": 1}"
1235,019e10f7-0ad9-7353-ac0d-318573273293,13,35,YXZYIZXIYYZ,ZYYIXZIYZXY,0.00048828124999999913,10,-0.9999999999999999,-0.8,0.19999999999999984,-0.0004882812499999991,-0.0003906249999999993,9.765624999999976e-05,0.19999999999999984,9.765624999999976e-05,"{""00011011001"": 1, ""00011101100"": 1, ""00100001010"": 1, ""00100101010"": 1, ""01001000011"": 1, ""10111011111"": 1, ""11100000110"": 1, ""11100011100"": 1, ""11100101111"": 1, ""11100110101"": 1}"
1236,019e10f7-0ad9-7353-ac0d-318573273293,13,36,YXZYIZXZIII,IIIZXZIYZXY,0.00048828124999999913,10,-0.9999999999999999,-0.4,0.5999999999999999,-0.0004882812499999991,-0.00019531249999999966,0.0002929687499999994,0.5999999999999999,0.0002929687499999994,"{""00010011000"": 1, ""00011101001"": 1, ""01001010000"": 1, ""01011000001"": 1, ""01110101000"": 1, ""01110111110"": 1, ""01111000000"": 1, ""11010000101"": 1, ""11011110111"": 1, ""11100101110"": 1}"
1237,019e10f7-0ad9-7353-ac0d-318573273293,13,37,YXZYIZXZIZX,XZIZXZIYZXY,0.00048828124999999913,10,-0.9999999999999999,-0.8,0.19999999999999984,-0.0004882812499999991,-0.0003906249999999993,9.765624999999976e-05,0.19999999999999984,9.765624999999976e-05,"{""00010110111"": 1, ""00011101111"": 1, ""01000011100"": 1, ""01000101011"": 1, ""01110011100"": 1, ""10110110000"": 1, ""10111101011"": 1, ""11010101100"": 1, ""11100011100"": 1, ""11111000111"": 1}"
1238,019e10f7-0ad9-7353-ac0d-318573273293,13,38,YXZYIZXZZXZ,ZXZZXZIYZXY,0.00048828124999999913,10,-0.9999999999999999,-0.2,0.7999999999999998,-0.0004882812499999991,-9.765624999999983e-05,0.00039062499999999926,0.7999999999999998,0.00039062499999999926,"{""00100100110"": 1, ""00101110110"": 1, ""00110011000"": 1, ""01000101101"": 1, ""01010101011"": 1, ""01100000000"": 1, ""10110101000"": 1, ""11010101110"": 1, ""11100000000"": 1, ""11101101101"": 1}"
1239,019e10f7-0ad9-7353-ac0d-318573273293,13,39,YXZYIZXZZYY,YYZZXZIYZXY,0.00048828124999999913,10,-0.9999999999999999,-0.6,0.3999999999999999,-0.0004882812499999991,-0.00029296874999999945,0.00019531249999999963,0.3999999999999999,0.00019531249999999963,"{""00000000000"": 1, ""00010011110"": 1, ""00010101110"": 1, ""00100101110"": 1, ""01000011111"": 1, ""01000101000"": 1, ""01001101101"": 1, ""01110000000"": 1, ""10110011000"": 1, ""11010110011"": 1}"
1240,019e10f7-0ad9-7353-ac0d-318573273293,13,40,YXZYIZYXXXY,YXXXYZIYZXY,-0.00048828124999999913,10,0.9999999999999999,0.6,-0.3999999999999999,-0.0004882812499999991,-0.00029296874999999945,0.00019531249999999963,0.3999999999999999,0.00019531249999999963,"{""00011011010"": 1, ""00100110111"": 1, ""01000011010"": 1, ""01010110011"": 1, ""01110001000"": 1, ""10000000110"": 1, ""10110001110"": 1, ""10110100001"": 1, ""11011001011"": 1, ""11101111101"": 1}"
1241,019e10f7-0ad9-7353-ac0d-318573273293,13,41,YXZYIZYXXYZ,ZYXXYZIYZXY,0.00048828124999999913,10,-0.9999999999999999,-0.4,0.5999999999999999,-0.0004882812499999991,-0.00019531249999999966,0.0002929687499999994,0.5999999999999999,0.0002929687499999994,"{""00011101110"": 1, ""00100111010"": 1, ""01110101110"": 1, ""10001011001"": 1, ""10001101101"": 1, ""10001111000"": 1, ""10110100001"": 1, ""10110101000"": 1, ""11010110010"": 1, ""11101001111"": 1}"
1242,019e10f7-0ad9-7353-ac0d-318573273293,13,42,YXZYIZYXYIX,XIYXYZIYZXY,-0.00048828124999999913,10,0.9999999999999999,0.6,-0.3999999999999999,-0.0004882812499999991,-0.00029296874999999945,0.00019531249999999963,0.3999999999999999,0.00019531249999999963,"{""00101100111"": 1, ""01000101100"": 1, ""01001100000"": 1, ""01001111111"": 1, ""01110101100"": 1, ""01111000011"": 1, ""10000000100"": 1, ""10111101011"": 1, ""11010100100"": 1, ""11101010011"": 1}"
1243,019e10f7-0ad9-7353-ac0d-318573273293,13,43,YXZYIZYXYZI,IZYXYZIYZXY,-0.00048828124999999913,10,0.9999999999999999,0.4,-0.5999999999999999,-0.0004882812499999991,-0.00019531249999999966,0.0002929687499999994,0.5999999999999999,0.0002929687499999994,"{""00101000101"": 1, ""00101110100"": 1, ""10001011001"": 1, ""10001101101"": 1, ""10001111001"": 1, ""10100011011"": 1, ""10111110011"": 1, ""11100100010"": 1, ""11100101100"": 1, ""11101111111"": 1}"
1244,019e10f7-0ad9-7353-ac0d-318573273293,13,44,YXZYIZYYIXZ,ZXIYYZIYZXY,0.00048828124999999913,10,-0.9999999999999999,-0.8,0.19999999999999984,-0.0004882812499999991,-0.0003906249999999993,9.765624999999976e-05,0.19999999999999984,9.765624999999976e-05,"{""00100000011"": 1, ""01110010101"": 1, ""01111111111"": 1, ""10001111101"": 1, ""10110010110"": 1, ""10110011000"": 1, ""11011100110"": 1, ""11100100110"": 1, ""11100111101"": 1, ""11101111101"": 1}"
1245,019e10f7-0ad9-7353-ac0d-318573273293,13,45,YXZYIZYYIYY,YYIYYZIYZXY,0.00048828124999999913,10,-0.9999999999999999,-0.8,0.19999999999999984,-0.0004882812499999991,-0.0003906249999999993,9.765624999999976e-05,0.19999999999999984,9.765624999999976e-05,"{""00001110011"": 1, ""00101010110"": 1, ""01000100110"": 2, ""01110000011"": 1, ""10001100110"": 1, ""11010011000"": 1, ""11011101011"": 1, ""11101101011"": 1, ""11101110011"": 1}"
1246,019e10f7-0ad9-7353-ac0d-318573273293,13,46,YXZYIZYYZII,IIZYYZIYZXY,0.00048828124999999913,10,-0.9999999999999999,-0.2,0.7999999999999998,-0.0004882812499999991,-9.765624999999983e-05,0.00039062499999999926,0.7999999999999998,0.00039062499999999926,"{""00110010110"": 1, ""01110010101"": 1, ""01110100111"": 1, ""01111100111"": 1, ""10000110011"": 1, ""10001101100"": 1, ""10111000000"": 1, ""11000011000"": 1, ""11100011010"": 1, ""11100100000"": 1}"
1247,019e10f7-0ad9-7353-ac0d-318573273293,13,47,YXZYIZYYZZX,XZZYYZIYZXY,0.00048828124999999913,10,-0.9999999999999999,-0.8,0.19999999999999984,-0.0004882812499999991,-0.0003906249999999993,9.765624999999976e-05,0.19999999999999984,9.765624999999976e-05,"{""00010110000"": 1, ""00011011011"": 1, ""00101100100"": 1, ""10001010100"": 1, ""10010111111"": 1, ""10111010111"": 1, ""11011001100"": 1, ""11100101000"": 1, ""11100111100"": 1, ""11101011011"": 1}"
1248,019e10f7-0ad9-7353-ac0d-318573273293,13,48,YXZYZXIXIXZ,ZXIXIXZYZXY,0.00048828124999999913,10,-0.9999999999999999,-0.8,0.19999999999999984,-0.0004882812499999991,-0.0003906249999999993,9.765624999999976e-05,0.19999999999999984,9.765624999999976e-05,"{""00000110101"": 1, ""00011010110"": 1, ""01110000011"": 1, ""01111010110"": 1, ""10000111011"": 1, ""10001010110"": 1, ""11010110101"": 1, ""11100110101"": 1, ""11101011000"": 1, ""11101100011"": 1}"
1249,019e10f7-0ad9-7353-ac0d-318573273293,13,49,YXZYZXIXIYY,YYIXIXZYZXY,0.00048828124999999913,10,-0.9999999999999999,-1.0,-1.1102230246251565e-16,-0.0004882812499999991,-0.00048828124999999913,-5.421010862427522e-20,1.1102230246251565e-16,5.421010862427522e-20,"{""00010000000"": 1, ""00011010101"": 1, ""00110100011"": 1, ""01000111011"": 1, ""01001011000"": 1, ""01110111000"": 1, ""10000000011"": 1, ""10111101101"": 1, ""11100000011"": 1, ""11101101101"": 1}"
1250,019e10f7-0ad9-7353-ac0d-318573273293,13,50,YXZYZXIXZII,IIZXIXZYZXY,0.00048828124999999913,10,-0.9999999999999999,-0.4,0.5999999999999999,-0.0004882812499999991,-0.00019531249999999966,0.0002929687499999994,0.5999999999999999,0.0002929687499999994,"{""00000111000"": 1, ""00101101110"": 1, ""01000000000"": 1, ""01101101101"": 1, ""01111101111"": 1, ""10000100111"": 1, ""10001011011"": 1, ""10010001101"": 1, ""10111011010"": 1, ""11101100011"": 1}"
1251,019e10f7-0ad9-7353-ac0d-318573273293,13,51,YXZYZXIXZZX,XZZXIXZYZXY,0.00048828124999999913,10,-0.9999999999999999,-0.4,0.5999999999999999,-0.0004882812499999991,-0.00019531249999999966,0.0002929687499999994,0.5999999999999999,0.0002929687499999994,"{""00010110111"": 1, ""00110000100"": 1, ""01100111000"": 1, ""01110110111"": 1, ""01110111011"": 1, ""10000111000"": 1, ""10010111011"": 1, ""10101011000"": 1, ""10111101100"": 1, ""11011011000"": 1}"
1252,019e10f7-0ad9-7353-ac0d-318573273293,13,52,YXZYZXIYXXY,YXXYIXZYZXY,0.00048828124999999913,10,-0.9999999999999999,-0.4,0.5999999999999999,-0.0004882812499999991,-0.00019531249999999966,0.0002929687499999994,0.5999999999999999,0.0002929687499999994,"{""00010000011"": 1, ""00011101111"": 1, ""00100110111"": 1, ""01011011011"": 1, ""01111010010"": 1, ""11011010010"": 1, ""11011011000"": 1, ""11100001110"": 1, ""11101010100"": 1, ""11111100011"": 1}"
1253,019e10f7-0ad9-7353-ac0d-318573273293,13,53,YXZYZXIYXYZ,ZYXYIXZYZXY,-0.00048828124999999913,10,0.9999999999999999,0.6,-0.3999999999999999,-0.0004882812499999991,-0.00029296874999999945,0.00019531249999999963,0.3999999999999999,0.00019531249999999963,"{""00011101101"": 1, ""00101011010"": 1, ""01000110000"": 1, ""01111010110"": 1, ""01111011001"": 1, ""01111101110"": 1, ""10100111010"": 1, ""10110111010"": 1, ""10111011100"": 1, ""11001011111"": 1}"
1254,019e10f7-0ad9-7353-ac0d-318573273293,13,54,YXZYZXIYYIX,XIYYIXZYZXY,0.00048828124999999913,10,-0.9999999999999999,-0.2,0.7999999999999998,-0.0004882812499999991,-9.765624999999983e-05,0.00039062499999999926,0.7999999999999998,0.00039062499999999926,"{""00101101100"": 1, ""01001101100"": 1, ""01011101011"": 1, ""11010000111"": 1, ""11010001111"": 1, ""11010111000"": 1, ""11011100011"": 1, ""11100110011"": 1, ""11101011000"": 1, ""11110001100"": 1}"
1255,019e10f7-0ad9-7353-ac0d-318573273293,13,55,YXZYZXIYYZI,IZYYIXZYZXY,0.00048828124999999913,10,-0.9999999999999999,0.0,0.9999999999999999,-0.0004882812499999991,0.0,0.0004882812499999991,0.9999999999999999,0.0004882812499999991,"{""00100110100"": 1, ""01001010101"": 1, ""01001010111"": 1, ""01110110101"": 1, ""10000101100"": 1, ""10010111001"": 1, ""10110000110"": 1, ""10110110101"": 1, ""10111101110"": 1, ""11100101010"": 1}"
1256,019e10f7-0ad9-7353-ac0d-318573273293,13,56,YXZYZXZIIII,IIIIZXZYZXY,0.00048828124999999913,10,-0.9999999999999999,-0.2,0.7999999999999998,-0.0004882812499999991,-9.765624999999983e-05,0.00039062499999999926,0.7999999999999998,0.00039062499999999926,"{""00001101001"": 1, ""00011010101"": 1, ""00110111100"": 1, ""00111010101"": 1, ""01000110110"": 1, ""10110000111"": 1, ""11001101010"": 1, ""11010000000"": 1, ""11011100101"": 1, ""11101100001"": 1}"
1257,019e10f7-0ad9-7353-ac0d-318573273293,13,57,YXZYZXZIIZX,XZIIZXZYZXY,0.00048828124999999913,10,-0.9999999999999999,-0.8,0.19999999999999984,-0.0004882812499999991,-0.0003906249999999993,9.765624999999976e-05,0.19999999999999984,9.765624999999976e-05,"{""01000111000"": 1, ""01001100100"": 1, ""01100101100"": 1, ""10110000011"": 1, ""10110110100"": 1, ""10110111000"": 1, ""11001101100"": 1, ""11011010111"": 1, ""11100000000"": 1, ""11101100000"": 1}"
1258,019e10f7-0ad9-7353-ac0d-318573273293,13,58,YXZYZXZIZXZ,ZXZIZXZYZXY,0.00048828124999999913,10,-0.9999999999999999,-0.8,0.19999999999999984,-0.0004882812499999991,-0.0003906249999999993,9.765624999999976e-05,0.19999999999999984,9.765624999999976e-05,"{""00100000011"": 1, ""10000001101"": 2, ""10000010011"": 1, ""10001100000"": 1, ""10001101110"": 1, ""10110001110"": 1, ""11010001000"": 1, ""11011010000"": 1, ""11101100011"": 1}"
1259,019e10f7-0ad9-7353-ac0d-318573273293,13,59,YXZYZXZIZYY,YYZIZXZYZXY,0.00048828124999999913,10,-0.9999999999999999,-0.4,0.5999999999999999,-0.0004882812499999991,-0.00019531249999999966,0.0002929687499999994,0.5999999999999999,0.0002929687499999994,"{""00011010101"": 1, ""00101100111"": 1, ""01000001101"": 1, ""01001011101"": 1, ""01101010000"": 1, ""01110111110"": 1, ""10110001101"": 1, ""10111010011"": 1, ""11011010011"": 1, ""11110111000"": 1}"
1260,019e10f7-0ad9-7353-ac0d-318573273293,13,60,YXZYZXZZXIX,XIXZZXZYZXY,0.00048828124999999913,10,-0.9999999999999999,-0.4,0.5999999999999999,-0.0004882812499999991,-0.00019531249999999966,0.0002929687499999994,0.5999999999999999,0.0002929687499999994,"{""00010111100"": 1, ""01000111011"": 1, ""01001011011"": 1, ""01110010000"": 1, ""10000001100"": 1, ""10000110111"": 1, ""10001011011"": 1, ""10110001111"": 1, ""10111010111"": 1, ""11010011100"": 1}"
1261,019e10f7-0ad9-7353-ac0d-318573273293,13,61,YXZYZXZZXZI,IZXZZXZYZXY,0.00048828124999999913,10,-0.9999999999999999,-0.4,0.5999999999999999,-0.0004882812499999991,-0.00019531249999999966,0.0002929687499999994,0.5999999999999999,0.0002929687499999994,"{""00101101010"": 1, ""01110100000"": 1, ""10000110111"": 1, ""10110011101"": 1, ""10111100000"": 1, ""11010001101"": 1, ""11011010001"": 1, ""11100001011"": 1, ""11101011001"": 1, ""11101101101"": 1}"
1262,019e10f7-0ad9-7353-ac0d-318573273293,13,62,YXZYZXZZYXY,YXYZZXZYZXY,-0.00048828124999999913,10,0.9999999999999999,0.4,-0.5999999999999999,-0.0004882812499999991,-0.00019531249999999966,0.0002929687499999994,0.5999999999999999,0.0002929687499999994,"{""00100001000"": 1, ""01000001101"": 1, ""01000111001"": 1, ""01001010111"": 1, ""01111010111"": 1, ""10001100000"": 1, ""10110101011"": 1, ""10111010111"": 1, ""11100111110"": 1, ""11101010111"": 1}"
1263,019e10f7-0ad9-7353-ac0d-318573273293,13,63,YXZYZXZZYYZ,ZYYZZXZYZXY,0.00048828124999999913,10,-0.9999999999999999,0.0,0.9999999999999999,-0.0004882812499999991,0.0,0.0004882812499999991,0.9999999999999999,0.0004882812499999991,"{""00001011111"": 1, ""01000111100"": 1, ""01101011111"": 1, ""01111011011"": 1, ""10111101000"": 1, ""10111101001"": 1, ""11011011000"": 1, ""11100001001"": 1, ""11101101001"": 2}"
1264,019e10f7-0ad9-7353-ac0d-318573273293,13,64,YXZYZYXXXXY,YXXXXYZYZXY,0.00048828124999999913,10,-0.9999999999999999,-0.4,0.5999999999999999,-0.0004882812499999991,-0.00019531249999999966,0.0002929687499999994,0.5999999999999999,0.0002929687499999994,"{""00010011100"": 1, ""00010111100"": 1, ""00101011010"": 1, ""01000010001"": 1, ""01110101101"": 1, ""10001010110"": 1, ""11100000110"": 1, ""11101010111"": 1, ""11110010110"": 1, ""11110110110"": 1}"
1265,019e10f7-0ad9-7353-ac0d-318573273293,13,65,YXZYZYXXXYZ,ZYXXXYZYZXY,-0.00048828124999999913,10,0.9999999999999999,0.6,-0.3999999999999999,-0.0004882812499999991,-0.00029296874999999945,0.00019531249999999963,0.3999999999999999,0.00019531249999999963,"{""00000011100"": 1, ""00011111001"": 1, ""00100101111"": 1, ""01000001100"": 1, ""01001011101"": 1, ""10001000000"": 1, ""10110110001"": 1, ""10111010001"": 1, ""11011001010"": 1, ""11100110010"": 1}"
1266,019e10f7-0ad9-7353-ac0d-318573273293,13,66,YXZYZYXXYIX,XIYXXYZYZXY,0.00048828124999999913,10,-0.9999999999999999,-0.6,0.3999999999999999,-0.0004882812499999991,-0.00029296874999999945,0.00019531249999999963,0.3999999999999999,0.00019531249999999963,"{""00010001011"": 1, ""00010111100"": 1, ""00101111111"": 1, ""01001100011"": 1, ""01111010111"": 1, ""10000011000"": 1, ""10001010000"": 1, ""10010101000"": 1, ""10111100111"": 1, ""11101111000"": 1}"
1267,019e10f7-0ad9-7353-ac0d-318573273293,13,67,YXZYZYXXYZI,IZYXXYZYZXY,0.00048828124999999913,10,-0.9999999999999999,-0.4,0.5999999999999999,-0.0004882812499999991,-0.00019531249999999966,0.0002929687499999994,0.5999999999999999,0.0002929687499999994,"{""00010101110"": 1, ""00100010100"": 1, ""00101000111"": 1, ""01000000010"": 1, ""01000000110"": 1, ""01000011110"": 1, ""01000110110"": 1, ""01110110101"": 1, ""10111110010"": 1, ""11100001011"": 1}"
1268,019e10f7-0ad9-7353-ac0d-318573273293,13,68,YXZYZYXYIXZ,ZXIYXYZYZXY,-0.00048828124999999913,10,0.9999999999999999,0.6,-0.3999999999999999,-0.0004882812499999991,-0.00029296874999999945,0.00019531249999999963,0.3999999999999999,0.00019531249999999963,"{""00010010000"": 1, ""00101110000"": 1, ""00111111110"": 1, ""01110111011"": 1, ""10000000110"": 1, ""10000011011"": 1, ""11010100000"": 1, ""11011010010"": 1, ""11011011000"": 1, ""11101000000"": 1}"
1269,019e10f7-0ad9-7353-ac0d-318573273293,13,69,YXZYZYXYIYY,YYIYXYZYZXY,-0.00048828124999999913,10,0.9999999999999999,0.2,-0.7999999999999998,-0.0004882812499999991,-9.765624999999983e-05,0.00039062499999999926,0.7999999999999998,0.00039062499999999926,"{""00010111000"": 1, ""00011010100"": 1, ""00101010011"": 1, ""01000010000"": 1, ""01000010011"": 1, ""01001010110"": 1, ""10100100000"": 1, ""10101100110"": 1, ""10110000101"": 1, ""11010011110"": 1}"
1270,019e10f7-0ad9-7353-ac0d-318573273293,13,70,YXZYZYXYZII,IIZYXYZYZXY,-0.00048828124999999913,10,0.9999999999999999,-0.2,-1.2,-0.0004882812499999991,9.765624999999983e-05,0.0005859374999999989,1.2,0.0005859374999999989,"{""00001010100"": 1, ""00010011111"": 1, ""00100110110"": 1, ""01000110001"": 1, ""01000110010"": 1, ""01011000000"": 1, ""01100001000"": 1, ""01110101000"": 1, ""10000010010"": 1, ""10000111001"": 1}"
1271,019e10f7-0ad9-7353-ac0d-318573273293,13,71,YXZYZYXYZZX,XZZYXYZYZXY,-0.00048828124999999913,10,0.9999999999999999,0.4,-0.5999999999999999,-0.0004882812499999991,-0.00019531249999999966,0.0002929687499999994,0.5999999999999999,0.0002929687499999994,"{""00001110011"": 1, ""00100101100"": 1, ""01000101111"": 1, ""01110011100"": 1, ""01111010100"": 1, ""10001111100"": 1, ""10110101100"": 1, ""11000101100"": 1, ""11011100011"": 1, ""11100001000"": 1}"
1272,019e10f7-0ad9-7353-ac0d-318573273293,13,72,YXZYZYYIXIX,XIXIYYZYZXY,0.00048828124999999913,10,-0.9999999999999999,-0.4,0.5999999999999999,-0.0004882812499999991,-0.00019531249999999966,0.0002929687499999994,0.5999999999999999,0.0002929687499999994,"{""00010001011"": 1, ""00010011111"": 1, ""01000100001"": 1, ""01110101011"": 1, ""01111100111"": 1, ""10000010000"": 1, ""10000011100"": 1, ""11010101011"": 1, ""11100000111"": 1, ""11100110111"": 1}"
1273,019e10f7-0ad9-7353-ac0d-318573273293,13,73,YXZYZYYIXZI,IZXIYYZYZXY,0.00048828124999999913,10,-0.9999999999999999,-0.6,0.3999999999999999,-0.0004882812499999991,-0.00029296874999999945,0.00019531249999999963,0.3999999999999999,0.00019531249999999963,"{""00010010111"": 1, ""00010110111"": 1, ""00011010001"": 1, ""00101100110"": 1, ""01000011100"": 1, ""01100100110"": 1, ""01101001100"": 1, ""10001010001"": 1, ""10110000110"": 1, ""10110110001"": 1}"
1274,019e10f7-0ad9-7353-ac0d-318573273293,13,74,YXZYZYYIYXY,YXYIYYZYZXY,-0.00048828124999999913,10,0.9999999999999999,0.4,-0.5999999999999999,-0.0004882812499999991,-0.00019531249999999966,0.0002929687499999994,0.5999999999999999,0.0002929687499999994,"{""00010111000"": 1, ""00011010001"": 1, ""00100000100"": 1, ""01111001000"": 1, ""10110011000"": 1, ""11010101000"": 1, ""11010111000"": 1, ""11011001011"": 1, ""11100101110"": 1, ""11101110100"": 1}"
1275,019e10f7-0ad9-7353-ac0d-318573273293,13,75,YXZYZYYIYYZ,ZYYIYYZYZXY,0.00048828124999999913,10,-0.9999999999999999,-0.8,0.19999999999999984,-0.0004882812499999991,-0.0003906249999999993,9.765624999999976e-05,0.19999999999999984,9.765624999999976e-05,"{""00010111001"": 1, ""00011111010"": 1, ""01000000110"": 1, ""01000011010"": 1, ""01001010110"": 1, ""01110000000"": 1, ""10000000000"": 1, ""10000000101"": 1, ""11011100101"": 1, ""11011111100"": 1}"
1276,019e10f7-0ad9-7353-ac0d-318573273293,13,76,YXZYZYYZIII,IIIZYYZYZXY,0.00048828124999999913,10,-0.9999999999999999,-0.6,0.3999999999999999,-0.0004882812499999991,-0.00029296874999999945,0.00019531249999999963,0.3999999999999999,0.00019531249999999963,"{""00011100010"": 1, ""00101111001"": 1, ""01000101000"": 1, ""01010111110"": 1, ""01011001111"": 1, ""10000101010"": 1, ""10001001011"": 1, ""10001010110"": 1, ""11011111111"": 1, ""11100001000"": 1}"
1277,019e10f7-0ad9-7353-ac0d-318573273293,13,77,YXZYZYYZIZX,XZIZYYZYZXY,0.00048828124999999913,10,-0.9999999999999999,-0.6,0.3999999999999999,-0.0004882812499999991,-0.00029296874999999945,0.00019531249999999963,0.3999999999999999,0.00019531249999999963,"{""00110001000"": 1, ""01000110000"": 1, ""01001100100"": 1, ""01101010011"": 1, ""01110010111"": 1, ""01110110100"": 1, ""01111111011"": 1, ""10001010011"": 1, ""10111001100"": 1, ""11100011011"": 1}"
1278,019e10f7-0ad9-7353-ac0d-318573273293,13,78,YXZYZYYZZXZ,ZXZZYYZYZXY,0.00048828124999999913,10,-0.9999999999999999,-0.6,0.3999999999999999,-0.0004882812499999991,-0.00029296874999999945,0.00019531249999999963,0.3999999999999999,0.00019531249999999963,"{""00010111010"": 1, ""00101100011"": 1, ""01001010000"": 1, ""01001011101"": 1, ""01111100110"": 1, ""10001010000"": 1, ""10111001101"": 1, ""11100011101"": 1, ""11100110010"": 1, ""11101010000"": 1}"
1279,019e10f7-0ad9-7353-ac0d-318573273293,13,79,YXZYZYYZZYY,YYZZYYZYZXY,0.00048828124999999913,10,-0.9999999999999999,-0.6,0.3999999999999999,-0.0004882812499999991,-0.00029296874999999945,0.00019531249999999963,0.3999999999999999,0.00019531249999999963,"{""00011111000"": 1, ""00100101000"": 1, ""00100101110"": 1, ""01000110101"": 1, ""01111001000"": 1, ""01111100000"": 1, ""10011111110"": 1, ""10100011101"": 1, ""11000111110"": 1, ""11010000110"": 1}"
1280,019e10f7-0ad9-7353-ac0d-318573273293,13,80,YYIZXIXIXIX,XIXIXIXZIYY,-0.00048828124999999913,10,0.9999999999999999,0.8,-0.19999999999999984,-0.0004882812499999991,-0.0003906249999999993,9.765624999999976e-05,0.19999999999999984,9.765624999999976e-05,"{""00111011100"": 1, ""00111101000"": 1, ""01000001011"": 1, ""01011101100"": 1, ""01101011011"": 1, ""10001101100"": 1, ""10110101010"": 1, ""11001101011"": 1, ""11001110000"": 1, ""11110101011"": 1}"
1281,019e10f7-0ad9-7353-ac0d-318573273293,13,81,YYIZXIXIXZI,IZXIXIXZIYY,-0.00048828124999999913,10,0.9999999999999999,0.2,-0.7999999999999998,-0.0004882812499999991,-9.765624999999983e-05,0.00039062499999999926,0.7999999999999998,0.00039062499999999926,"{""00110110110"": 1, ""00111011011"": 1, ""01001110000"": 1, ""01010000001"": 1, ""10011110111"": 1, ""10101011010"": 1, ""10111000110"": 1, ""11001110111"": 1, ""11110011100"": 1, ""11111000101"": 1}"
1282,019e10f7-0ad9-7353-ac0d-318573273293,13,82,YYIZXIXIYXY,YXYIXIXZIYY,0.00048828124999999913,10,-0.9999999999999999,-0.6,0.3999999999999999,-0.0004882812499999991,-0.00029296874999999945,0.00019531249999999963,0.3999999999999999,0.00019531249999999963,"{""00011110010"": 1, ""00110110010"": 1, ""10010000010"": 1, ""10010000100"": 2, ""10011101110"": 1, ""10110011011"": 1, ""11001101000"": 1, ""11110010100"": 1, ""11111101011"": 1}"
1283,019e10f7-0ad9-7353-ac0d-318573273293,13,83,YYIZXIXIYYZ,ZYYIXIXZIYY,-0.00048828124999999913,10,0.9999999999999999,0.6,-0.3999999999999999,-0.0004882812499999991,-0.00029296874999999945,0.00019531249999999963,0.3999999999999999,0.00019531249999999963,"{""00000011010"": 1, ""00001101100"": 1, ""00001110010"": 1, ""00100011010"": 1, ""01010000110"": 1, ""10100011111"": 1, ""10101000000"": 1, ""11001010110"": 1, ""11001110011"": 1, ""11111000110"": 1}"
1284,019e10f7-0ad9-7353-ac0d-318573273293,13,84,YYIZXIXZIII,IIIZXIXZIYY,-0.00048828124999999913,10,0.9999999999999999,0.4,-0.5999999999999999,-0.0004882812499999991,-0.00019531249999999966,0.0002929687499999994,0.5999999999999999,0.0002929687499999994,"{""00000011011"": 1, ""00000110000"": 1, ""01011101010"": 1, ""01100000010"": 1, ""01100101100"": 1, ""10011110001"": 1, ""11000000101"": 1, ""11000110101"": 1, ""11001110000"": 1, ""11110101001"": 1}"
1285,019e10f7-0ad9-7353-ac0d-318573273293,13,85,YYIZXIXZIZX,XZIZXIXZIYY,-0.00048828124999999913,10,0.9999999999999999,0.4,-0.5999999999999999,-0.0004882812499999991,-0.00019531249999999966,0.0002929687499999994,0.5999999999999999,0.0002929687499999994,"{""00000000011"": 1, ""00001100000"": 1, ""00110110100"": 1, ""01010000000"": 1, ""10011110111"": 1, ""11000000000"": 1, ""11000011100"": 1, ""11000110000"": 1, ""11010000011"": 1, ""11110110100"": 1}"
1286,019e10f7-0ad9-7353-ac0d-318573273293,13,86,YYIZXIXZZXZ,ZXZZXIXZIYY,-0.00048828124999999913,10,0.9999999999999999,0.6,-0.3999999999999999,-0.0004882812499999991,-0.00029296874999999945,0.00019531249999999963,0.3999999999999999,0.00019531249999999963,"{""00000011101"": 1, ""00110101000"": 1, ""00111000101"": 1, ""01000011110"": 1, ""01010000000"": 1, ""01011101101"": 1, ""01011101110"": 1, ""01101000011"": 1, ""10000011011"": 1, ""11000011011"": 1}"
1287,019e10f7-0ad9-7353-ac0d-318573273293,13,87,YYIZXIXZZYY,YYZZXIXZIYY,-0.00048828124999999913,10,0.9999999999999999,0.8,-0.19999999999999984,-0.0004882812499999991,-0.0003906249999999993,9.765624999999976e-05,0.19999999999999984,9.765624999999976e-05,"{""00110101000"": 1, ""00110101101"": 1, ""00111000101"": 1, ""00111011011"": 1, ""00111011101"": 1, ""01011101110"": 1, ""01101000000"": 1, ""10101011101"": 1, ""11001100000"": 1, ""11110001110"": 1}"
1288,019e10f7-0ad9-7353-ac0d-318573273293,13,88,YYIZXIYXXXY,YXXXYIXZIYY,0.00048828124999999913,10,-0.9999999999999999,-0.6,0.3999999999999999,-0.0004882812499999991,-0.00029296874999999945,0.00019531249999999963,0.3999999999999999,0.00019531249999999963,"{""01001110111"": 1, ""01100111000"": 1, ""01110110101"": 1, ""10010010001"": 1, ""10011101001"": 1, ""10101000001"": 1, ""10101011111"": 1, ""11100011001"": 1, ""11110100011"": 1, ""11111010011"": 1}"
1289,019e10f7-0ad9-7353-ac0d-318573273293,13,89,YYIZXIYXXYZ,ZYXXYIXZIYY,-0.00048828124999999913,10,0.9999999999999999,0.4,-0.5999999999999999,-0.0004882812499999991,-0.00019531249999999966,0.0002929687499999994,0.5999999999999999,0.0002929687499999994,"{""00001110101"": 1, ""00110101110"": 1, ""00111011011"": 1, ""01010001100"": 1, ""01011011101"": 1, ""10000000000"": 1, ""10000110101"": 1, ""10001101011"": 1, ""10100101000"": 1, ""11110100100"": 1}"
1290,019e10f7-0ad9-7353-ac0d-318573273293,13,90,YYIZXIYXYIX,XIYXYIXZIYY,0.00048828124999999913,10,-0.9999999999999999,0.2,1.2,-0.0004882812499999991,9.765624999999983e-05,0.0005859374999999989,1.2,0.0005859374999999989,"{""00000010011"": 1, ""00001011100"": 1, ""00001110011"": 1, ""00100010111"": 1, ""00110110100"": 1, ""01011110000"": 1, ""01011110011"": 1, ""01101001100"": 1, ""10111000100"": 1, ""11000000000"": 1}"
1291,019e10f7-0ad9-7353-ac0d-318573273293,13,91,YYIZXIYXYZI,IZYXYIXZIYY,0.00048828124999999913,10,-0.9999999999999999,-0.2,0.7999999999999998,-0.0004882812499999991,-9.765624999999983e-05,0.00039062499999999926,0.7999999999999998,0.00039062499999999926,"{""00110110100"": 1, ""00111011100"": 1, ""01001111110"": 1, ""01100110000"": 1, ""01100111111"": 1, ""10010001000"": 1, ""10010011011"": 1, ""10011110000"": 1, ""10100100111"": 1, ""11001001110"": 1}"
1292,019e10f7-0ad9-7353-ac0d-318573273293,13,92,YYIZXIYYIXZ,ZXIYYIXZIYY,-0.00048828124999999913,10,0.9999999999999999,0.6,-0.3999999999999999,-0.0004882812499999991,-0.00029296874999999945,0.00019531249999999963,0.3999999999999999,0.00019531249999999963,"{""00001100101"": 1, ""01010000000"": 1, ""01011100000"": 1, ""01101001101"": 1, ""01110110001"": 1, ""01111011011"": 1, ""10010010101"": 1, ""10100111110"": 1, ""10101010101"": 1, ""11001000101"": 1}"
1293,019e10f7-0ad9-7353-ac0d-318573273293,13,93,YYIZXIYYIYY,YYIYYIXZIYY,-0.00048828124999999913,10,0.9999999999999999,0.4,-0.5999999999999999,-0.0004882812499999991,-0.00019531249999999966,0.0002929687499999994,0.5999999999999999,0.0002929687499999994,"{""00000000011"": 1, ""00000110000"": 1, ""00101101000"": 1, ""01100101000"": 1, ""10010011000"": 1, ""10100001101"": 1, ""10101010110"": 1, ""11001011000"": 1, ""11001101000"": 1, ""11111001110"": 1}"
1294,019e10f7-0ad9-7353-ac0d-318573273293,13,94,YYIZXIYYZII,IIZYYIXZIYY,-0.00048828124999999913,10,0.9999999999999999,0.4,-0.5999999999999999,-0.0004882812499999991,-0.00019531249999999966,0.0002929687499999994,0.5999999999999999,0.0002929687499999994,"{""00000001110"": 1, ""00000010101"": 1, ""00110011100"": 1, ""00111001101"": 1, ""01010011011"": 1, ""10000001110"": 1, ""10011101000"": 1, ""10011101101"": 1, ""11001101110"": 1, ""11001110001"": 1}"
1295,019e10f7-0ad9-7353-ac0d-318573273293,13,95,YYIZXIYYZZX,XZZYYIXZIYY,-0.00048828124999999913,10,0.9999999999999999,0.4,-0.5999999999999999,-0.0004882812499999991,-0.00019531249999999966,0.0002929687499999994,0.5999999999999999,0.0002929687499999994,"{""00000001100"": 1, ""00000111111"": 1, ""01011111111"": 1, ""10001001100"": 1, ""10011000000"": 1, ""10101110011"": 1, ""11000010100"": 1, ""11000010111"": 1, ""11001101000"": 1, ""11110110000"": 1}"
1296,019e10f7-0ad9-7353-ac0d-318573273293,13,96,YYIZXZIIIII,IIIIIZXZIYY,-0.00048828124999999913,10,0.9999999999999999,0.6,-0.3999999999999999,-0.0004882812499999991,-0.00029296874999999945,0.00019531249999999963,0.3999999999999999,0.00019531249999999963,"{""00000001100"": 1, ""01010010000"": 1, ""01101001111"": 1, ""10001101110"": 1, ""10100110111"": 1, ""10101010000"": 1, ""11000000101"": 1, ""11001101101"": 1, ""11110000010"": 1, ""11110110100"": 1}"
1297,019e10f7-0ad9-7353-ac0d-318573273293,13,97,YYIZXZIIIZX,XZIIIZXZIYY,-0.00048828124999999913,10,0.9999999999999999,1.0,1.1102230246251565e-16,-0.0004882812499999991,-0.00048828124999999913,-5.421010862427522e-20,1.1102230246251565e-16,5.421010862427522e-20,"{""00011101001"": 1, ""00110110011"": 1, ""00110111000"": 1, ""00111000100"": 1, ""01010001000"": 1, ""01011100100"": 1, ""10101010000"": 1, ""11000001011"": 1, ""11000011011"": 1, ""11110110000"": 1}"
1298,019e10f7-0ad9-7353-ac0d-318573273293,13,98,YYIZXZIIZXZ,ZXZIIZXZIYY,-0.00048828124999999913,10,0.9999999999999999,0.2,-0.7999999999999998,-0.0004882812499999991,-9.765624999999983e-05,0.00039062499999999926,0.7999999999999998,0.00039062499999999926,"{""00001101000"": 1, ""00001101110"": 1, ""00111100000"": 1, ""01001110101"": 1, ""01100101000"": 1, ""01110100011"": 1, ""10010001000"": 1, ""10101101011"": 1, ""11000000101"": 1, ""11000010011"": 1}"
1299,019e10f7-0ad9-7353-ac0d-318573273293,13,99,YYIZXZIIZYY,YYZIIZXZIYY,-0.00048828124999999913,10,0.9999999999999999,0.2,-0.7999999999999998,-0.0004882812499999991,-9.765624999999983e-05,0.00039062499999999926,0.7999999999999998,0.00039062499999999926,"{""00010010000"": 1, ""00100101110"": 1, ""00110110110"": 1, ""00111000101"": 1, ""01011001110"": 1, ""01101001011"": 1, ""11000000010"": 1, ""11000010101"": 1, ""11001110011"": 1, ""11111001000"": 1}"
1300,019e10f7-1dde-7893-b064-3af2892de418,14,0,YYIZXZIZXIX,XIXZIZXZIYY,-0.00048828124999999913,10,0.9999999999999999,0.4,-0.5999999999999999,-0.0004882812499999991,-0.00019531249999999966,0.0002929687499999994,0.5999999999999999,0.0002929687499999994,"{""00000001011"": 1, ""00010111100"": 1, ""10010011100"": 1, ""10011001100"": 1, ""10011100000"": 1, ""10011110000"": 1, ""10101010000"": 1, ""10101010011"": 1, ""11110110000"": 1, ""11111001101"": 1}"
1301,019e10f7-1dde-7893-b064-3af2892de418,14,1,YYIZXZIZXZI,IZXZIZXZIYY,-0.00048828124999999913,10,0.9999999999999999,0.6,-0.3999999999999999,-0.0004882812499999991,-0.00029296874999999945,0.00019531249999999963,0.3999999999999999,0.00019531249999999963,"{""00000010111"": 1, ""00110110000"": 1, ""01010000001"": 1, ""01011010101"": 1, ""01101001101"": 1, ""01111000000"": 1, ""11110100001"": 1, ""11110110011"": 1, ""11111001100"": 1, ""11111001101"": 1}"
1302,019e10f7-1dde-7893-b064-3af2892de418,14,2,YYIZXZIZYXY,YXYZIZXZIYY,0.00048828124999999913,10,-0.9999999999999999,-0.4,0.5999999999999999,-0.0004882812499999991,-0.00019531249999999966,0.0002929687499999994,0.5999999999999999,0.0002929687499999994,"{""00111000001"": 1, ""01011100000"": 1, ""01100110110"": 1, ""01100111000"": 1, ""01101000001"": 1, ""10010010111"": 1, ""10101011011"": 1, ""11001100111"": 1, ""11010100100"": 1, ""11011111011"": 1}"
1303,019e10f7-1dde-7893-b064-3af2892de418,14,3,YYIZXZIZYYZ,ZYYZIZXZIYY,-0.00048828124999999913,10,0.9999999999999999,0.4,-0.5999999999999999,-0.0004882812499999991,-0.00019531249999999966,0.0002929687499999994,0.5999999999999999,0.0002929687499999994,"{""00000000000"": 1, ""00000000011"": 1, ""00110101010"": 1, ""01010010110"": 1, ""01010111111"": 1, ""10100101111"": 1, ""11001100000"": 1, ""11100100101"": 1, ""11110101000"": 1, ""11111000000"": 1}"
1304,019e10f7-1dde-7893-b064-3af2892de418,14,4,YYIZXZZXIXZ,ZXIXZZXZIYY,-0.00048828124999999913,10,0.9999999999999999,-0.2,-1.2,-0.0004882812499999991,9.765624999999983e-05,0.0005859374999999989,1.2,0.0005859374999999989,"{""00001010100"": 1, ""01011111000"": 1, ""01100000000"": 1, ""01101111000"": 2, ""10011101101"": 1, ""10101100000"": 1, ""10110111011"": 1, ""11110110000"": 1, ""11110110110"": 1}"
1305,019e10f7-1dde-7893-b064-3af2892de418,14,5,YYIZXZZXIYY,YYIXZZXZIYY,-0.00048828124999999913,10,0.9999999999999999,0.6,-0.3999999999999999,-0.0004882812499999991,-0.00029296874999999945,0.00019531249999999963,0.3999999999999999,0.00019531249999999963,"{""00000010010"": 1, ""00001110110"": 1, ""00110101110"": 1, ""00110110010"": 1, ""00111000000"": 2, ""01100100011"": 1, ""10000010110"": 1, ""10010001110"": 1, ""11000101110"": 1}"
1306,019e10f7-1dde-7893-b064-3af2892de418,14,6,YYIZXZZXZII,IIZXZZXZIYY,-0.00048828124999999913,10,0.9999999999999999,0.4,-0.5999999999999999,-0.0004882812499999991,-0.00019531249999999966,0.0002929687499999994,0.5999999999999999,0.0002929687499999994,"{""00000010100"": 1, ""01011100101"": 1, ""01100110100"": 1, ""10001001100"": 1, ""10011110111"": 1, ""10101010100"": 1, ""10111000000"": 1, ""11001011011"": 1, ""11110100010"": 1, ""11110110110"": 1}"
1307,019e10f7-1dde-7893-b064-3af2892de418,14,7,YYIZXZZXZZX,XZZXZZXZIYY,-0.00048828124999999913,10,0.9999999999999999,0.2,-0.7999999999999998,-0.0004882812499999991,-9.765624999999983e-05,0.00039062499999999926,0.7999999999999998,0.00039062499999999926,"{""00111001111"": 1, ""00111010000"": 1, ""01001100000"": 1, ""01010000000"": 1, ""01100101100"": 1, ""10001100011"": 1, ""10100111011"": 1, ""11001101111"": 1, ""11111001100"": 1, ""11111011010"": 1}"
1308,019e10f7-1dde-7893-b064-3af2892de418,14,8,YYIZXZZYXXY,YXXYZZXZIYY,-0.00048828124999999913,10,0.9999999999999999,0.4,-0.5999999999999999,-0.0004882812499999991,-0.00019531249999999966,0.0002929687499999994,0.5999999999999999,0.0002929687499999994,"{""00000010001"": 1, ""00000011011"": 1, ""00001100110"": 1, ""00110101011"": 1, ""01011100101"": 1, ""01100100101"": 1, ""01111001101"": 1, ""10010100111"": 1, ""10101001000"": 1, ""11110001010"": 1}"
1309,019e10f7-1dde-7893-b064-3af2892de418,14,9,YYIZXZZYXYZ,ZYXYZZXZIYY,0.00048828124999999913,10,-0.9999999999999999,-0.6,0.3999999999999999,-0.0004882812499999991,-0.00029296874999999945,0.00019531249999999963,0.3999999999999999,0.00019531249999999963,"{""00000000001"": 1, ""00000011010"": 1, ""01010001011"": 1, ""10011110101"": 1, ""10011111111"": 1, ""10100101101"": 1, ""10101001101"": 1, ""11000001000"": 1, ""11001001110"": 1, ""11001101111"": 1}"
1310,019e10f7-1dde-7893-b064-3af2892de418,14,10,YYIZXZZYYIX,XIYYZZXZIYY,-0.00048828124999999913,10,0.9999999999999999,0.4,-0.5999999999999999,-0.0004882812499999991,-0.00019531249999999966,0.0002929687499999994,0.5999999999999999,0.0002929687499999994,"{""01000000000"": 1, ""01100100111"": 1, ""10010000000"": 1, ""10101000100"": 1, ""11000001011"": 1, ""11000011111"": 1, ""11001110000"": 1, ""11001111111"": 1, ""11110101100"": 1, ""11111011000"": 1}"
1311,019e10f7-1dde-7893-b064-3af2892de418,14,11,YYIZXZZYYZI,IZYYZZXZIYY,-0.00048828124999999913,10,0.9999999999999999,1.0,1.1102230246251565e-16,-0.0004882812499999991,-0.00048828124999999913,-5.421010862427522e-20,1.1102230246251565e-16,5.421010862427522e-20,"{""00000011110"": 1, ""01010010010"": 1, ""01010011110"": 1, ""01011110010"": 1, ""01011111000"": 1, ""01100111111"": 1, ""10101010100"": 1, ""11000000000"": 1, ""11000011001"": 1, ""11001111001"": 1}"
1312,019e10f7-1dde-7893-b064-3af2892de418,14,12,YYIZYXXXXXY,YXXXXXYZIYY,0.00048828124999999913,10,-0.9999999999999999,0.0,0.9999999999999999,-0.0004882812499999991,0.0,0.0004882812499999991,0.9999999999999999,0.0004882812499999991,"{""00001111101"": 1, ""00110011011"": 1, ""10011010000"": 1, ""10101100000"": 1, ""11000001010"": 1, ""11000010101"": 1, ""11100000100"": 1, ""11100110101"": 1, ""11100111111"": 1, ""11110000000"": 1}"
1313,019e10f7-1dde-7893-b064-3af2892de418,14,13,YYIZYXXXXYZ,ZYXXXXYZIYY,-0.00048828124999999913,10,0.9999999999999999,0.2,-0.7999999999999998,-0.0004882812499999991,-9.765624999999983e-05,0.00039062499999999926,0.7999999999999998,0.00039062499999999926,"{""01010011000"": 1, ""01011000000"": 1, ""01011111100"": 1, ""01101001001"": 1, ""01101101101"": 1, ""10000100010"": 1, ""10011000011"": 1, ""10101101110"": 1, ""11110111011"": 1, ""11111001010"": 1}"
1314,019e10f7-1dde-7893-b064-3af2892de418,14,14,YYIZYXXXYIX,XIYXXXYZIYY,0.00048828124999999913,10,-0.9999999999999999,-0.8,0.19999999999999984,-0.0004882812499999991,-0.0003906249999999993,9.765624999999976e-05,0.19999999999999984,9.765624999999976e-05,"{""01000100011"": 1, ""01010101011"": 1, ""01011010111"": 1, ""01101111111"": 1, ""10011010100"": 1, ""10011011111"": 1, ""10011110000"": 1, ""10101001111"": 1, ""10101100000"": 1, ""10110110011"": 1}"
1315,019e10f7-1dde-7893-b064-3af2892de418,14,15,YYIZYXXXYZI,IZYXXXYZIYY,0.00048828124999999913,10,-0.9999999999999999,-0.6,0.3999999999999999,-0.0004882812499999991,-0.00029296874999999945,0.00019531249999999963,0.3999999999999999,0.00019531249999999963,"{""00001001111"": 1, ""00110101101"": 1, ""01010101010"": 1, ""01011001011"": 1, ""01101000010"": 1, ""01101001000"": 1, ""10001010111"": 1, ""10010101101"": 1, ""10101100110"": 1, ""11110111101"": 1}"
1316,019e10f7-1dde-7893-b064-3af2892de418,14,16,YYIZYXXYIXZ,ZXIYXXYZIYY,-0.00048828124999999913,10,0.9999999999999999,0.2,-0.7999999999999998,-0.0004882812499999991,-9.765624999999983e-05,0.00039062499999999926,0.7999999999999998,0.00039062499999999926,"{""00000010011"": 1, ""00001100101"": 1, ""00111001000"": 1, ""10010111110"": 1, ""10100011101"": 1, ""10101111101"": 2, ""11000000011"": 1, ""11000010100"": 1, ""11111110000"": 1}"
1317,019e10f7-1dde-7893-b064-3af2892de418,14,17,YYIZYXXYIYY,YYIYXXYZIYY,-0.00048828124999999913,10,0.9999999999999999,0.2,-0.7999999999999998,-0.0004882812499999991,-9.765624999999983e-05,0.00039062499999999926,0.7999999999999998,0.00039062499999999926,"{""00001010101"": 1, ""01001111000"": 1, ""10010011001"": 1, ""10111101110"": 1, ""11000100110"": 1, ""11001101101"": 1, ""11001110110"": 1, ""11100010000"": 1, ""11110011101"": 1, ""11110110110"": 1}"
1318,019e10f7-1dde-7893-b064-3af2892de418,14,18,YYIZYXXYZII,IIZYXXYZIYY,-0.00048828124999999913,10,0.9999999999999999,0.0,-0.9999999999999999,-0.0004882812499999991,-0.0,0.0004882812499999991,0.9999999999999999,0.0004882812499999991,"{""00110001001"": 1, ""01000101011"": 1, ""01100100000"": 1, ""10010000010"": 1, ""10010001110"": 1, ""10101001000"": 1, ""10101101111"": 1, ""11000001011"": 1, ""11001101101"": 1, ""11010110010"": 1}"
1319,019e10f7-1dde-7893-b064-3af2892de418,14,19,YYIZYXXYZZX,XZZYXXYZIYY,-0.00048828124999999913,10,0.9999999999999999,-0.2,-1.2,-0.0004882812499999991,9.765624999999983e-05,0.0005859374999999989,1.2,0.0005859374999999989,"{""00000010000"": 1, ""00100001011"": 1, ""00111011100"": 1, ""01001110111"": 1, ""01010010100"": 1, ""01100001000"": 1, ""10011101111"": 1, ""10111011011"": 1, ""11000011011"": 1, ""11001001100"": 1}"
1320,019e10f7-1dde-7893-b064-3af2892de418,14,20,YYIZYXYIXIX,XIXIYXYZIYY,0.00048828124999999913,10,-0.9999999999999999,-0.6,0.3999999999999999,-0.0004882812499999991,-0.00029296874999999945,0.00019531249999999963,0.3999999999999999,0.00019531249999999963,"{""01000000000"": 1, ""01010010000"": 1, ""01100000000"": 1, ""10011011011"": 1, ""10100000000"": 1, ""10111001011"": 1, ""10111111100"": 1, ""11001101100"": 1, ""11001110000"": 1, ""11111111100"": 1}"
1321,019e10f7-1dde-7893-b064-3af2892de418,14,21,YYIZYXYIXZI,IZXIYXYZIYY,0.00048828124999999913,10,-0.9999999999999999,-0.4,0.5999999999999999,-0.0004882812499999991,-0.00019531249999999966,0.0002929687499999994,0.5999999999999999,0.0002929687499999994,"{""00001011100"": 1, ""01010000110"": 1, ""01010100001"": 1, ""01011000001"": 1, ""01011101101"": 1, ""11001011100"": 1, ""11010100111"": 1, ""11110000001"": 1, ""11110100100"": 1, ""11110101001"": 1}"
1322,019e10f7-1dde-7893-b064-3af2892de418,14,22,YYIZYXYIYXY,YXYIYXYZIYY,-0.00048828124999999913,10,0.9999999999999999,0.4,-0.5999999999999999,-0.0004882812499999991,-0.00019531249999999966,0.0002929687499999994,0.5999999999999999,0.0002929687499999994,"{""00000001011"": 1, ""00111010010"": 1, ""01011100000"": 1, ""01100000010"": 1, ""10001011101"": 1, ""10010010010"": 1, ""10101010100"": 1, ""10101011011"": 1, ""11001010111"": 1, ""11001101000"": 1}"
1323,019e10f7-1dde-7893-b064-3af2892de418,14,23,YYIZYXYIYYZ,ZYYIYXYZIYY,0.00048828124999999913,10,-0.9999999999999999,-0.4,0.5999999999999999,-0.0004882812499999991,-0.00019531249999999966,0.0002929687499999994,0.5999999999999999,0.0002929687499999994,"{""00001000000"": 1, ""00001110101"": 1, ""00101111001"": 1, ""00110000110"": 1, ""00110101000"": 1, ""01000101001"": 1, ""01001110000"": 1, ""01011011010"": 1, ""01111011001"": 1, ""11111010110"": 1}"
1324,019e10f7-1dde-7893-b064-3af2892de418,14,24,YYIZYXYZIII,IIIZYXYZIYY,0.00048828124999999913,10,-0.9999999999999999,-0.2,0.7999999999999998,-0.0004882812499999991,-9.765624999999983e-05,0.00039062499999999926,0.7999999999999998,0.00039062499999999926,"{""00101111011"": 1, ""01000001001"": 1, ""01011100100"": 1, ""01011101111"": 1, ""01011110111"": 1, ""01100000011"": 1, ""01110110000"": 1, ""10011000000"": 1, ""10101010011"": 1, ""11110110110"": 1}"
1325,019e10f7-1dde-7893-b064-3af2892de418,14,25,YYIZYXYZIZX,XZIZYXYZIYY,0.00048828124999999913,10,-0.9999999999999999,-0.4,0.5999999999999999,-0.0004882812499999991,-0.00019531249999999966,0.0002929687499999994,0.5999999999999999,0.0002929687499999994,"{""00001110100"": 1, ""00111001001"": 1, ""01010010100"": 1, ""01011011100"": 1, ""01011101011"": 1, ""01011110101"": 1, ""10011110000"": 1, ""10100110000"": 1, ""10110101011"": 1, ""11110101111"": 1}"
1326,019e10f7-1dde-7893-b064-3af2892de418,14,26,YYIZYXYZZXZ,ZXZZYXYZIYY,0.00048828124999999913,10,-0.9999999999999999,-0.4,0.5999999999999999,-0.0004882812499999991,-0.00019531249999999966,0.0002929687499999994,0.5999999999999999,0.0002929687499999994,"{""00000111110"": 1, ""00110111110"": 1, ""10010111101"": 2, ""10010111110"": 1, ""11001011101"": 1, ""11010100000"": 1, ""11111000101"": 1, ""11111100011"": 1, ""11111111110"": 1}"
1327,019e10f7-1dde-7893-b064-3af2892de418,14,27,YYIZYXYZZYY,YYZZYXYZIYY,0.00048828124999999913,10,-0.9999999999999999,-0.6,0.3999999999999999,-0.0004882812499999991,-0.00029296874999999945,0.00019531249999999963,0.3999999999999999,0.00019531249999999963,"{""00000001101"": 1, ""00010001110"": 1, ""00111010110"": 1, ""01010100000"": 1, ""01011110101"": 1, ""01111010101"": 1, ""10010111011"": 1, ""10011000011"": 1, ""11110110000"": 1, ""11111010110"": 1}"
1328,019e10f7-1dde-7893-b064-3af2892de418,14,28,YYIZYYIXIXZ,ZXIXIYYZIYY,-0.00048828124999999913,10,0.9999999999999999,0.8,-0.19999999999999984,-0.0004882812499999991,-0.0003906249999999993,9.765624999999976e-05,0.19999999999999984,9.765624999999976e-05,"{""00110011000"": 1, ""01000111000"": 1, ""01011101110"": 1, ""01100100011"": 1, ""01101110110"": 1, ""10011010110"": 1, ""10100001100"": 1, ""10100100011"": 1, ""10101001101"": 1, ""11110100000"": 1}"
1329,019e10f7-1dde-7893-b064-3af2892de418,14,29,YYIZYYIXIYY,YYIXIYYZIYY,-0.00048828124999999913,10,0.9999999999999999,0.8,-0.19999999999999984,-0.0004882812499999991,-0.0003906249999999993,9.765624999999976e-05,0.19999999999999984,9.765624999999976e-05,"{""00001101110"": 1, ""01010001101"": 1, ""01011010111"": 1, ""01011100011"": 1, ""01101000000"": 1, ""01101000011"": 1, ""10011100000"": 1, ""11001101101"": 1, ""11110100000"": 1, ""11111000011"": 1}"
1330,019e10f7-1dde-7893-b064-3af2892de418,14,30,YYIZYYIXZII,IIZXIYYZIYY,-0.00048828124999999913,10,0.9999999999999999,0.6,-0.3999999999999999,-0.0004882812499999991,-0.00029296874999999945,0.00019531249999999963,0.3999999999999999,0.00019531249999999963,"{""00001010111"": 1, ""01010001110"": 1, ""01011000010"": 1, ""01011100010"": 1, ""01101000001"": 1, ""10011010101"": 1, ""10100000001"": 1, ""10100010101"": 1, ""10100011011"": 1, ""11111111000"": 1}"
1331,019e10f7-1dde-7893-b064-3af2892de418,14,31,YYIZYYIXZZX,XZZXIYYZIYY,-0.00048828124999999913,10,0.9999999999999999,0.0,-0.9999999999999999,-0.0004882812499999991,-0.0,0.0004882812499999991,0.9999999999999999,0.0004882812499999991,"{""00010001111"": 1, ""01010111001"": 1, ""01011010111"": 1, ""01100110100"": 1, ""01101000011"": 1, ""01101101100"": 1, ""01101111000"": 1, ""10100111011"": 1, ""11000000000"": 1, ""11001100011"": 1}"
1332,019e10f7-1dde-7893-b064-3af2892de418,14,32,YYIZYYIYXXY,YXXYIYYZIYY,-0.00048828124999999913,10,0.9999999999999999,0.4,-0.5999999999999999,-0.0004882812499999991,-0.00019531249999999966,0.0002929687499999994,0.5999999999999999,0.0002929687499999994,"{""01010000000"": 1, ""01010111100"": 1, ""01100101010"": 1, ""01100101101"": 1, ""10100011000"": 1, ""10100100011"": 1, ""11000000000"": 1, ""11001010100"": 1, ""11110011011"": 1, ""11111001000"": 1}"
1333,019e10f7-1dde-7893-b064-3af2892de418,14,33,YYIZYYIYXYZ,ZYXYIYYZIYY,0.00048828124999999913,10,-0.9999999999999999,0.4,1.4,-0.0004882812499999991,0.00019531249999999966,0.0006835937499999988,1.4,0.0006835937499999988,"{""00001100000"": 1, ""00100101011"": 1, ""01100111100"": 1, ""01101111001"": 1, ""10010111010"": 1, ""11010010110"": 1, ""11010110110"": 1, ""11100010000"": 1, ""11111001100"": 1, ""11111010101"": 1}"
1334,019e10f7-1dde-7893-b064-3af2892de418,14,34,YYIZYYIYYIX,XIYYIYYZIYY,-0.00048828124999999913,10,0.9999999999999999,0.4,-0.5999999999999999,-0.0004882812499999991,-0.00019531249999999966,0.0002929687499999994,0.5999999999999999,0.0002929687499999994,"{""00110101011"": 1, ""00111000000"": 1, ""01010001011"": 1, ""01101110011"": 1, ""10011010011"": 1, ""11001110100"": 1, ""11100100000"": 1, ""11110011111"": 2, ""11111110101"": 1}"
1335,019e10f7-1dde-7893-b064-3af2892de418,14,35,YYIZYYIYYZI,IZYYIYYZIYY,-0.00048828124999999913,10,0.9999999999999999,1.0,1.1102230246251565e-16,-0.0004882812499999991,-0.00048828124999999913,-5.421010862427522e-20,1.1102230246251565e-16,5.421010862427522e-20,"{""00001100000"": 1, ""00110010101"": 1, ""01011010011"": 1, ""01011011111"": 1, ""01011100001"": 1, ""01101110101"": 1, ""10011011111"": 1, ""10101000001"": 1, ""11001011111"": 1, ""11111000001"": 1}"
1336,019e10f7-1dde-7893-b064-3af2892de418,14,36,YYIZYYZIIII,IIIIZYYZIYY,-0.00048828124999999913,10,0.9999999999999999,0.6,-0.3999999999999999,-0.0004882812499999991,-0.00029296874999999945,0.00019531249999999963,0.3999999999999999,0.00019531249999999963,"{""00110011010"": 1, ""00110100011"": 1, ""01000111101"": 1, ""01101001101"": 1, ""01101001110"": 1, ""01101111100"": 1, ""01101111111"": 1, ""10101110011"": 1, ""11000101101"": 1, ""11001101111"": 1}"
1337,019e10f7-1dde-7893-b064-3af2892de418,14,37,YYIZYYZIIZX,XZIIZYYZIYY,-0.00048828124999999913,10,0.9999999999999999,0.4,-0.5999999999999999,-0.0004882812499999991,-0.00019531249999999966,0.0002929687499999994,0.5999999999999999,0.0002929687499999994,"{""00001100100"": 1, ""00110100111"": 1, ""00111011000"": 1, ""00111101011"": 1, ""01010010111"": 1, ""01011101111"": 1, ""10011100000"": 1, ""10011101000"": 1, ""10101111000"": 1, ""11110101000"": 1}"
1338,019e10f7-1dde-7893-b064-3af2892de418,14,38,YYIZYYZIZXZ,ZXZIZYYZIYY,-0.00048828124999999913,10,0.9999999999999999,0.6,-0.3999999999999999,-0.0004882812499999991,-0.00029296874999999945,0.00019531249999999963,0.3999999999999999,0.00019531249999999963,"{""00000001101"": 1, ""00001101110"": 1, ""00011111110"": 1, ""01010101101"": 1, ""01101000101"": 1, ""01101001101"": 1, ""10010110110"": 1, ""10010111110"": 1, ""10101111110"": 1, ""11011011011"": 1}"
1339,019e10f7-1dde-7893-b064-3af2892de418,14,39,YYIZYYZIZYY,YYZIZYYZIYY,-0.00048828124999999913,10,0.9999999999999999,0.6,-0.3999999999999999,-0.0004882812499999991,-0.00029296874999999945,0.00019531249999999963,0.3999999999999999,0.00019531249999999963,"{""00110100011"": 1, ""01010110101"": 1, ""01100101110"": 1, ""01110010101"": 1, ""10010001110"": 1, ""10010100011"": 1, ""10010111000"": 1, ""10011101000"": 1, ""10101111011"": 1, ""11011000101"": 1}"
1340,019e10f7-1dde-7893-b064-3af2892de418,14,40,YYIZYYZZXIX,XIXZZYYZIYY,-0.00048828124999999913,10,0.9999999999999999,0.2,-0.7999999999999998,-0.0004882812499999991,-9.765624999999983e-05,0.00039062499999999926,0.7999999999999998,0.00039062499999999926,"{""00000101100"": 1, ""00001100001"": 1, ""00111110000"": 1, ""00111111100"": 1, ""01011000111"": 1, ""01101110111"": 1, ""10010001100"": 1, ""10011010111"": 1, ""10100011011"": 1, ""10100100100"": 1}"
1341,019e10f7-1dde-7893-b064-3af2892de418,14,41,YYIZYYZZXZI,IZXZZYYZIYY,-0.00048828124999999913,10,0.9999999999999999,0.6,-0.3999999999999999,-0.0004882812499999991,-0.00029296874999999945,0.00019531249999999963,0.3999999999999999,0.00019531249999999963,"{""00000001100"": 1, ""00101110001"": 1, ""00110101011"": 1, ""01011011010"": 1, ""01011100001"": 1, ""10010000001"": 1, ""11000100000"": 1, ""11001010110"": 2, ""11111001010"": 1}"
1342,019e10f7-1dde-7893-b064-3af2892de418,14,42,YYIZYYZZYXY,YXYZZYYZIYY,0.00048828124999999913,10,-0.9999999999999999,-0.8,0.19999999999999984,-0.0004882812499999991,-0.0003906249999999993,9.765624999999976e-05,0.19999999999999984,9.765624999999976e-05,"{""00001010100"": 1, ""00010110011"": 1, ""00111111000"": 1, ""01001101100"": 1, ""01010111000"": 1, ""01111101000"": 1, ""10001001110"": 1, ""10010001101"": 1, ""10011010001"": 1, ""11110101111"": 1}"
1343,019e10f7-1dde-7893-b064-3af2892de418,14,43,YYIZYYZZYYZ,ZYYZZYYZIYY,-0.00048828124999999913,10,0.9999999999999999,0.2,-0.7999999999999998,-0.0004882812499999991,-9.765624999999983e-05,0.00039062499999999926,0.7999999999999998,0.00039062499999999926,"{""00000000000"": 1, ""00000100110"": 1, ""00001101001"": 1, ""00111111100"": 1, ""01100100110"": 1, ""01101110011"": 1, ""10111000011"": 1, ""10111001100"": 1, ""10111111111"": 1, ""11000110011"": 1}"
1344,019e10f7-1dde-7893-b064-3af2892de418,14,44,YYXYXXXXXXY,YXXXXXXYXYY,-0.00048828124999999913,10,0.9999999999999999,0.2,-0.7999999999999998,-0.0004882812499999991,-9.765624999999983e-05,0.00039062499999999926,0.7999999999999998,0.00039062499999999926,"{""00000110001"": 1, ""00111001110"": 1, ""01010001101"": 1, ""01010010101"": 1, ""01111110101"": 1, ""10010111111"": 1, ""10011011111"": 1, ""11010111000"": 1, ""11011101000"": 1, ""11101111101"": 1}"
1345,019e10f7-1dde-7893-b064-3af2892de418,14,45,YYXYXXXXXYZ,ZYXXXXXYXYY,0.00048828124999999913,10,-0.9999999999999999,-0.2,0.7999999999999998,-0.0004882812499999991,-9.765624999999983e-05,0.00039062499999999926,0.7999999999999998,0.00039062499999999926,"{""00101011110"": 1, ""01001000010"": 1, ""01001101111"": 1, ""01110001001"": 1, ""01110111001"": 1, ""01111100001"": 1, ""10010001000"": 1, ""10011101010"": 1, ""11000011111"": 1, ""11000100001"": 1}"
1346,019e10f7-1dde-7893-b064-3af2892de418,14,46,YYXYXXXXYIX,XIYXXXXYXYY,-0.00048828124999999913,10,0.9999999999999999,0.4,-0.5999999999999999,-0.0004882812499999991,-0.00019531249999999966,0.0002929687499999994,0.5999999999999999,0.0002929687499999994,"{""00010100111"": 1, ""00110000000"": 1, ""01000101000"": 1, ""01110100000"": 1, ""10000110100"": 1, ""10001010111"": 1, ""10101101100"": 1, ""10111000011"": 1, ""11011100100"": 1, ""11110101000"": 1}"
1347,019e10f7-1dde-7893-b064-3af2892de418,14,47,YYXYXXXXYZI,IZYXXXXYXYY,-0.00048828124999999913,10,0.9999999999999999,0.0,-0.9999999999999999,-0.0004882812499999991,-0.0,0.0004882812499999991,0.9999999999999999,0.0004882812499999991,"{""00000010011"": 1, ""00010101100"": 1, ""00100001111"": 1, ""01000100000"": 1, ""01011010101"": 1, ""01111001011"": 1, ""10000110111"": 1, ""10011001101"": 1, ""11011111110"": 1, ""11111100100"": 1}"
1348,019e10f7-1dde-7893-b064-3af2892de418,14,48,YYXYXXXYIXZ,ZXIYXXXYXYY,0.00048828124999999913,10,-0.9999999999999999,-0.2,0.7999999999999998,-0.0004882812499999991,-9.765624999999983e-05,0.00039062499999999926,0.7999999999999998,0.00039062499999999926,"{""00011000100"": 1, ""00110001101"": 1, ""01000101000"": 1, ""10001100000"": 1, ""10001110011"": 1, ""10010011101"": 1, ""10100100110"": 1, ""10110110000"": 1, ""11100111101"": 1, ""11110010000"": 1}"
1349,019e10f7-1dde-7893-b064-3af2892de418,14,49,YYXYXXXYIYY,YYIYXXXYXYY,0.00048828124999999913,10,-0.9999999999999999,-1.0,-1.1102230246251565e-16,-0.0004882812499999991,-0.00048828124999999913,-5.421010862427522e-20,1.1102230246251565e-16,5.421010862427522e-20,"{""00100001110"": 1, ""00101101101"": 1, ""00111100101"": 1, ""01000000011"": 1, ""01110001110"": 1, ""10101101000"": 1, ""10110110011"": 1, ""10111110101"": 1, ""11111000000"": 1, ""11111100101"": 1}"
1350,019e10f7-1dde-7893-b064-3af2892de418,14,50,YYXYXXXYZII,IIZYXXXYXYY,0.00048828124999999913,10,-0.9999999999999999,-0.4,0.5999999999999999,-0.0004882812499999991,-0.00019531249999999966,0.0002929687499999994,0.5999999999999999,0.0002929687499999994,"{""00110010010"": 1, ""00110101110"": 1, ""01010110111"": 1, ""01011111100"": 1, ""01110100000"": 1, ""10000011101"": 1, ""11011001110"": 1, ""11100011011"": 1, ""11101010011"": 1, ""11110001011"": 1}"
1351,019e10f7-1dde-7893-b064-3af2892de418,14,51,YYXYXXXYZZX,XZZYXXXYXYY,0.00048828124999999913,10,-0.9999999999999999,-0.2,0.7999999999999998,-0.0004882812499999991,-9.765624999999983e-05,0.00039062499999999926,0.7999999999999998,0.00039062499999999926,"{""00010011011"": 1, ""00111001111"": 1, ""01101001000"": 1, ""01110001111"": 1, ""10011000011"": 1, ""10101001101"": 1, ""10111101100"": 1, ""11000011000"": 1, ""11010111001"": 1, ""11111010011"": 1}"
1352,019e10f7-1dde-7893-b064-3af2892de418,14,52,YYXYXXYIXIX,XIXIYXXYXYY,-0.00048828124999999913,10,0.9999999999999999,0.4,-0.5999999999999999,-0.0004882812499999991,-0.00019531249999999966,0.0002929687499999994,0.5999999999999999,0.0002929687499999994,"{""00001111100"": 1, ""00110101011"": 1, ""00111000011"": 1, ""01010001011"": 1, ""01010001100"": 1, ""01111110000"": 1, ""11011010000"": 1, ""11100111100"": 1, ""11101101011"": 1, ""11111001100"": 1}"
1353,019e10f7-1dde-7893-b064-3af2892de418,14,53,YYXYXXYIXZI,IZXIYXXYXYY,-0.00048828124999999913,10,0.9999999999999999,0.2,-0.7999999999999998,-0.0004882812499999991,-9.765624999999983e-05,0.00039062499999999926,0.7999999999999998,0.00039062499999999926,"{""00010011010"": 1, ""00011010111"": 1, ""00100001101"": 1, ""00100010000"": 1, ""01100000111"": 1, ""01101010000"": 1, ""01111001100"": 1, ""10010001100"": 1, ""10100110001"": 1, ""11010011111"": 1}"
1354,019e10f7-1dde-7893-b064-3af2892de418,14,54,YYXYXXYIYXY,YXYIYXXYXYY,0.00048828124999999913,10,-0.9999999999999999,-0.4,0.5999999999999999,-0.0004882812499999991,-0.00019531249999999966,0.0002929687499999994,0.5999999999999999,0.0002929687499999994,"{""00001001101"": 1, ""00001011011"": 1, ""00011101110"": 1, ""01110010011"": 1, ""01111101110"": 1, ""10100000111"": 1, ""10110100111"": 1, ""10110111110"": 1, ""11011110100"": 1, ""11110010100"": 1}"
1355,019e10f7-1dde-7893-b064-3af2892de418,14,55,YYXYXXYIYYZ,ZYYIYXXYXYY,-0.00048828124999999913,10,0.9999999999999999,0.4,-0.5999999999999999,-0.0004882812499999991,-0.00019531249999999966,0.0002929687499999994,0.5999999999999999,0.0002929687499999994,"{""00001111001"": 1, ""01011100000"": 1, ""01011111001"": 1, ""01100101000"": 1, ""01110100011"": 1, ""10000111110"": 1, ""10010110111"": 1, ""10100101111"": 1, ""10110010101"": 1, ""10111110000"": 1}"
1356,019e10f7-1dde-7893-b064-3af2892de418,14,56,YYXYXXYZIII,IIIZYXXYXYY,-0.00048828124999999913,10,0.9999999999999999,0.2,-0.7999999999999998,-0.0004882812499999991,-9.765624999999983e-05,0.00039062499999999926,0.7999999999999998,0.00039062499999999926,"{""00001011111"": 1, ""00110110110"": 1, ""01000010001"": 1, ""01010001011"": 1, ""01010011100"": 1, ""01011011010"": 1, ""01111000101"": 1, ""11000100001"": 1, ""11001111000"": 1, ""11100001001"": 1}"
1357,019e10f7-1dde-7893-b064-3af2892de418,14,57,YYXYXXYZIZX,XZIZYXXYXYY,-0.00048828124999999913,10,0.9999999999999999,0.2,-0.7999999999999998,-0.0004882812499999991,-9.765624999999983e-05,0.00039062499999999926,0.7999999999999998,0.00039062499999999926,"{""00000000111"": 1, ""00011101111"": 1, ""01100011011"": 1, ""01101000011"": 1, ""10010111100"": 1, ""10100011100"": 1, ""10101010000"": 1, ""10101101111"": 1, ""11011001100"": 1, ""11110101111"": 1}"
1358,019e10f7-1dde-7893-b064-3af2892de418,14,58,YYXYXXYZZXZ,ZXZZYXXYXYY,-0.00048828124999999913,10,0.9999999999999999,0.8,-0.19999999999999984,-0.0004882812499999991,-0.0003906249999999993,9.765624999999976e-05,0.19999999999999984,9.765624999999976e-05,"{""00000011011"": 1, ""00011000101"": 1, ""00011101000"": 1, ""01000111110"": 1, ""01100000110"": 1, ""10101010000"": 1, ""11000101101"": 1, ""11001100110"": 1, ""11011001000"": 1, ""11101000110"": 1}"
1359,019e10f7-1dde-7893-b064-3af2892de418,14,59,YYXYXXYZZYY,YYZZYXXYXYY,-0.00048828124999999913,10,0.9999999999999999,0.2,-0.7999999999999998,-0.0004882812499999991,-9.765624999999983e-05,0.00039062499999999926,0.7999999999999998,0.00039062499999999926,"{""00011110011"": 1, ""00110110000"": 1, ""01101100011"": 1, ""01101110101"": 1, ""01110010101"": 1, ""10111011100"": 1, ""11001011011"": 1, ""11010000110"": 1, ""11011000011"": 1, ""11011101000"": 1}"
1360,019e10f7-1dde-7893-b064-3af2892de418,14,60,YYXYXYIXIXZ,ZXIXIYXYXYY,0.00048828124999999913,10,-0.9999999999999999,-1.0,-1.1102230246251565e-16,-0.0004882812499999991,-0.00048828124999999913,-5.421010862427522e-20,1.1102230246251565e-16,5.421010862427522e-20,"{""00100000011"": 1, ""00101011000"": 1, ""00111000011"": 1, ""01000010100"": 1, ""01001011011"": 1, ""01001101110"": 1, ""01101111011"": 1, ""10010101110"": 1, ""10101000000"": 1, ""11100000000"": 1}"
1361,019e10f7-1dde-7893-b064-3af2892de418,14,61,YYXYXYIXIYY,YYIXIYXYXYY,0.00048828124999999913,10,-0.9999999999999999,-0.4,0.5999999999999999,-0.0004882812499999991,-0.00019531249999999966,0.0002929687499999994,0.5999999999999999,0.0002929687499999994,"{""00100110110"": 1, ""00110010000"": 1, ""01000000000"": 1, ""01100011000"": 1, ""01100110101"": 1, ""01101110000"": 1, ""11000101110"": 1, ""11010111011"": 1, ""11011011000"": 1, ""11110011011"": 1}"
1362,019e10f7-1dde-7893-b064-3af2892de418,14,62,YYXYXYIXZII,IIZXIYXYXYY,0.00048828124999999913,10,-0.9999999999999999,-0.4,0.5999999999999999,-0.0004882812499999991,-0.00019531249999999966,0.0002929687499999994,0.5999999999999999,0.0002929687499999994,"{""01010011111"": 1, ""01110001100"": 1, ""01111101110"": 1, ""10000000010"": 1, ""10000010101"": 1, ""10000011001"": 1, ""10011000011"": 1, ""10101111011"": 1, ""11100111000"": 1, ""11111110100"": 1}"
1363,019e10f7-1dde-7893-b064-3af2892de418,14,63,YYXYXYIXZZX,XZZXIYXYXYY,0.00048828124999999913,10,-0.9999999999999999,-0.4,0.5999999999999999,-0.0004882812499999991,-0.00019531249999999966,0.0002929687499999994,0.5999999999999999,0.0002929687499999994,"{""00100111011"": 1, ""00110000011"": 1, ""00110011000"": 2, ""00111110101"": 1, ""01100101100"": 1, ""11011010110"": 1, ""11101100000"": 1, ""11110011000"": 1, ""11110100000"": 1}"
1364,019e10f7-1dde-7893-b064-3af2892de418,14,64,YYXYXYIYXXY,YXXYIYXYXYY,0.00048828124999999913,10,-0.9999999999999999,-0.6,0.3999999999999999,-0.0004882812499999991,-0.00029296874999999945,0.00019531249999999963,0.3999999999999999,0.00019531249999999963,"{""00001101010"": 1, ""00011100101"": 1, ""00101001100"": 1, ""01011111101"": 1, ""01101110100"": 1, ""10000001100"": 1, ""10010011000"": 1, ""10100101111"": 1, ""10110000110"": 1, ""11110011011"": 1}"
1365,019e10f7-1dde-7893-b064-3af2892de418,14,65,YYXYXYIYXYZ,ZYXYIYXYXYY,-0.00048828124999999913,10,0.9999999999999999,0.2,-0.7999999999999998,-0.0004882812499999991,-9.765624999999983e-05,0.00039062499999999926,0.7999999999999998,0.00039062499999999926,"{""00000011111"": 1, ""00011010110"": 1, ""01000000010"": 1, ""10000001110"": 1, ""10010011101"": 1, ""10011000101"": 1, ""10011001000"": 1, ""10100010110"": 1, ""11010001001"": 1, ""11011110101"": 1}"
1366,019e10f7-1dde-7893-b064-3af2892de418,14,66,YYXYXYIYYIX,XIYYIYXYXYY,0.00048828124999999913,10,-0.9999999999999999,-0.8,0.19999999999999984,-0.0004882812499999991,-0.0003906249999999993,9.765624999999976e-05,0.19999999999999984,9.765624999999976e-05,"{""00001110011"": 1, ""00011100000"": 1, ""01010100000"": 1, ""01100011111"": 1, ""01111100111"": 1, ""10100101011"": 1, ""10111011000"": 1, ""11001001101"": 1, ""11001110011"": 1, ""11100001100"": 1}"
1367,019e10f7-1dde-7893-b064-3af2892de418,14,67,YYXYXYIYYZI,IZYYIYXYXYY,0.00048828124999999913,10,-0.9999999999999999,-0.6,0.3999999999999999,-0.0004882812499999991,-0.00029296874999999945,0.00019531249999999963,0.3999999999999999,0.00019531249999999963,"{""00001000000"": 1, ""00010110010"": 1, ""00011001100"": 1, ""00011011000"": 1, ""01101000000"": 1, ""01101110011"": 1, ""01110000000"": 1, ""10001101010"": 1, ""10010110100"": 1, ""11100001010"": 1}"
1368,019e10f7-1dde-7893-b064-3af2892de418,14,68,YYXYXYZIIII,IIIIZYXYXYY,0.00048828124999999913,10,-0.9999999999999999,-0.8,0.19999999999999984,-0.0004882812499999991,-0.0003906249999999993,9.765624999999976e-05,0.19999999999999984,9.765624999999976e-05,"{""00000011011"": 1, ""00001000011"": 1, ""00001111100"": 1, ""00101010101"": 1, ""01010010110"": 1, ""01010011000"": 1, ""10000110011"": 1, ""10111010010"": 1, ""11000001000"": 1, ""11010000001"": 1}"
1369,019e10f7-1dde-7893-b064-3af2892de418,14,69,YYXYXYZIIZX,XZIIZYXYXYY,0.00048828124999999913,10,-0.9999999999999999,-0.4,0.5999999999999999,-0.0004882812499999991,-0.00019531249999999966,0.0002929687499999994,0.5999999999999999,0.0002929687499999994,"{""00000100011"": 1, ""00000101100"": 1, ""01001110100"": 1, ""01010010100"": 1, ""10101110111"": 1, ""10111100100"": 1, ""11010010011"": 1, ""11110000111"": 1, ""11111001000"": 1, ""11111110111"": 1}"
1370,019e10f7-1dde-7893-b064-3af2892de418,14,70,YYXYXYZIZXZ,ZXZIZYXYXYY,0.00048828124999999913,10,-0.9999999999999999,-0.2,0.7999999999999998,-0.0004882812499999991,-9.765624999999983e-05,0.00039062499999999926,0.7999999999999998,0.00039062499999999926,"{""00000001011"": 1, ""00000111011"": 1, ""00001110110"": 1, ""00010000011"": 1, ""00101011101"": 1, ""00101101101"": 1, ""01000111101"": 1, ""01100000000"": 1, ""01101111101"": 1, ""10100110110"": 1}"
1371,019e10f7-1dde-7893-b064-3af2892de418,14,71,YYXYXYZIZYY,YYZIZYXYXYY,0.00048828124999999913,10,-0.9999999999999999,-1.0,-1.1102230246251565e-16,-0.0004882812499999991,-0.00048828124999999913,-5.421010862427522e-20,1.1102230246251565e-16,5.421010862427522e-20,"{""00011100101"": 1, ""01000110000"": 1, ""01011111101"": 1, ""01101001011"": 1, ""01101001110"": 1, ""01110001011"": 2, ""10101001110"": 1, ""10111101101"": 1, ""11110101101"": 1}"
1372,019e10f7-1dde-7893-b064-3af2892de418,14,72,YYXYXYZZXIX,XIXZZYXYXYY,0.00048828124999999913,10,-0.9999999999999999,-0.2,0.7999999999999998,-0.0004882812499999991,-9.765624999999983e-05,0.00039062499999999926,0.7999999999999998,0.00039062499999999926,"{""00010100111"": 1, ""00100000101"": 1, ""00100001100"": 1, ""00100111100"": 1, ""00111110011"": 1, ""01001100011"": 1, ""01100010000"": 1, ""01110110111"": 1, ""01111101101"": 1, ""10011000000"": 1}"
1373,019e10f7-1dde-7893-b064-3af2892de418,14,73,YYXYXYZZXZI,IZXZZYXYXYY,0.00048828124999999913,10,-0.9999999999999999,-0.8,0.19999999999999984,-0.0004882812499999991,-0.0003906249999999993,9.765624999999976e-05,0.19999999999999984,9.765624999999976e-05,"{""00011100110"": 1, ""00011110001"": 1, ""00101010001"": 1, ""01010101100"": 1, ""01100100111"": 1, ""01111010110"": 1, ""10100010110"": 1, ""11010100011"": 1, ""11101011010"": 1, ""11111111100"": 1}"
1374,019e10f7-1dde-7893-b064-3af2892de418,14,74,YYXYXYZZYXY,YXYZZYXYXYY,-0.00048828124999999913,10,0.9999999999999999,0.6,-0.3999999999999999,-0.0004882812499999991,-0.00029296874999999945,0.00019531249999999963,0.3999999999999999,0.00019531249999999963,"{""00101011000"": 1, ""00110101110"": 1, ""00111000111"": 1, ""01010100111"": 1, ""01100000010"": 1, ""10001100110"": 1, ""10101110001"": 1, ""11001001110"": 1, ""11010001110"": 1, ""11011010111"": 1}"
1375,019e10f7-1dde-7893-b064-3af2892de418,14,75,YYXYXYZZYYZ,ZYYZZYXYXYY,0.00048828124999999913,10,-0.9999999999999999,0.0,0.9999999999999999,-0.0004882812499999991,0.0,0.0004882812499999991,0.9999999999999999,0.0004882812499999991,"{""00001001010"": 1, ""00010110101"": 1, ""00101010101"": 1, ""01000011001"": 1, ""01010000000"": 1, ""10000100110"": 1, ""10101000011"": 1, ""10110001100"": 1, ""11010010101"": 1, ""11101111001"": 1}"
1376,019e10f7-1dde-7893-b064-3af2892de418,14,76,YYXYYIXIXIX,XIXIXIYYXYY,-0.00048828124999999913,10,0.9999999999999999,0.4,-0.5999999999999999,-0.0004882812499999991,-0.00019531249999999966,0.0002929687499999994,0.5999999999999999,0.0002929687499999994,"{""00010011011"": 1, ""00010101100"": 1, ""00101011100"": 1, ""01001010111"": 1, ""01010000000"": 1, ""01100001000"": 1, ""01100011001"": 1, ""01110101100"": 1, ""10010000100"": 1, ""11101000000"": 1}"
1377,019e10f7-1dde-7893-b064-3af2892de418,14,77,YYXYYIXIXZI,IZXIXIYYXYY,-0.00048828124999999913,10,0.9999999999999999,0.6,-0.3999999999999999,-0.0004882812499999991,-0.00029296874999999945,0.00019531249999999963,0.3999999999999999,0.00019531249999999963,"{""00001101011"": 1, ""00010110111"": 1, ""00100101100"": 1, ""00110101101"": 1, ""01011110001"": 1, ""10010000001"": 1, ""10011000111"": 1, ""10011110110"": 1, ""10110110110"": 1, ""11111110000"": 1}"
1378,019e10f7-1dde-7893-b064-3af2892de418,14,78,YYXYYIXIYXY,YXYIXIYYXYY,0.00048828124999999913,10,-0.9999999999999999,0.0,0.9999999999999999,-0.0004882812499999991,0.0,0.0004882812499999991,0.9999999999999999,0.0004882812499999991,"{""00100110100"": 1, ""00110011110"": 1, ""00110110001"": 1, ""00111100100"": 1, ""01010011011"": 1, ""01111010001"": 1, ""10100101110"": 1, ""10101011101"": 1, ""10110110111"": 1, ""11100101101"": 1}"
1379,019e10f7-1dde-7893-b064-3af2892de418,14,79,YYXYYIXIYYZ,ZYYIXIYYXYY,-0.00048828124999999913,10,0.9999999999999999,0.6,-0.3999999999999999,-0.0004882812499999991,-0.00029296874999999945,0.00019531249999999963,0.3999999999999999,0.00019531249999999963,"{""00010110011"": 1, ""00100111010"": 1, ""00101011110"": 1, ""01101110110"": 1, ""10010011010"": 1, ""10111011100"": 1, ""11011011001"": 2, ""11111101111"": 1, ""11111110011"": 1}"
1380,019e10f7-1dde-7893-b064-3af2892de418,14,80,YYXYYIXZIII,IIIZXIYYXYY,-0.00048828124999999913,10,0.9999999999999999,0.8,-0.19999999999999984,-0.0004882812499999991,-0.0003906249999999993,9.765624999999976e-05,0.19999999999999984,9.765624999999976e-05,"{""00100110000"": 1, ""00101000110"": 1, ""00101101110"": 1, ""01001000001"": 1, ""01100000110"": 1, ""01101101011"": 1, ""01111000010"": 1, ""10000110110"": 1, ""10110110100"": 1, ""11111101100"": 1}"
1381,019e10f7-1dde-7893-b064-3af2892de418,14,81,YYXYYIXZIZX,XZIZXIYYXYY,-0.00048828124999999913,10,0.9999999999999999,0.4,-0.5999999999999999,-0.0004882812499999991,-0.00019531249999999966,0.0002929687499999994,0.5999999999999999,0.0002929687499999994,"{""00001101011"": 1, ""01001101100"": 1, ""01100001111"": 1, ""01111000100"": 1, ""10101101000"": 1, ""10110101100"": 1, ""11000000011"": 1, ""11000110100"": 1, ""11010101011"": 1, ""11100101000"": 1}"
1382,019e10f7-1dde-7893-b064-3af2892de418,14,82,YYXYYIXZZXZ,ZXZZXIYYXYY,-0.00048828124999999913,10,0.9999999999999999,0.2,-0.7999999999999998,-0.0004882812499999991,-9.765624999999983e-05,0.00039062499999999926,0.7999999999999998,0.00039062499999999926,"{""00000010011"": 1, ""00010100000"": 1, ""01000110110"": 1, ""01110110101"": 1, ""10000000011"": 1, ""10000011110"": 1, ""10010011011"": 1, ""11000000110"": 1, ""11100101101"": 1, ""11111110011"": 1}"
1383,019e10f7-1dde-7893-b064-3af2892de418,14,83,YYXYYIXZZYY,YYZZXIYYXYY,-0.00048828124999999913,10,0.9999999999999999,0.0,-0.9999999999999999,-0.0004882812499999991,-0.0,0.0004882812499999991,0.9999999999999999,0.0004882812499999991,"{""00110000101"": 1, ""01000110001"": 1, ""01010000000"": 1, ""10001010011"": 1, ""10010011001"": 1, ""10011110110"": 1, ""10101100000"": 1, ""10110111110"": 1, ""11110011101"": 1, ""11111110101"": 1}"
1384,019e10f7-1dde-7893-b064-3af2892de418,14,84,YYXYYIYXXXY,YXXXYIYYXYY,0.00048828124999999913,10,-0.9999999999999999,0.2,1.2,-0.0004882812499999991,9.765624999999983e-05,0.0005859374999999989,1.2,0.0005859374999999989,"{""00100111011"": 1, ""00110000100"": 1, ""01000000001"": 1, ""01010000011"": 1, ""01111011100"": 1, ""10001011011"": 1, ""10110110011"": 1, ""10111000110"": 1, ""11001110101"": 1, ""11100101010"": 1}"
1385,019e10f7-1dde-7893-b064-3af2892de418,14,85,YYXYYIYXXYZ,ZYXXYIYYXYY,-0.00048828124999999913,10,0.9999999999999999,0.0,-0.9999999999999999,-0.0004882812499999991,-0.0,0.0004882812499999991,0.9999999999999999,0.0004882812499999991,"{""00000100001"": 1, ""00001110000"": 1, ""01100101101"": 1, ""10101110001"": 1, ""11001110011"": 1, ""11010110010"": 1, ""11010111010"": 1, ""11101011101"": 1, ""11110001100"": 1, ""11110010110"": 1}"
1386,019e10f7-1dde-7893-b064-3af2892de418,14,86,YYXYYIYXYIX,XIYXYIYYXYY,0.00048828124999999913,10,-0.9999999999999999,-0.8,0.19999999999999984,-0.0004882812499999991,-0.0003906249999999993,9.765624999999976e-05,0.19999999999999984,9.765624999999976e-05,"{""00010101100"": 1, ""01000100111"": 1, ""01000111111"": 1, ""01100011011"": 1, ""10000110100"": 1, ""10011010011"": 1, ""10101100111"": 1, ""11000011011"": 1, ""11100110011"": 1, ""11101100111"": 1}"
1387,019e10f7-1dde-7893-b064-3af2892de418,14,87,YYXYYIYXYZI,IZYXYIYYXYY,0.00048828124999999913,10,-0.9999999999999999,-0.8,0.19999999999999984,-0.0004882812499999991,-0.0003906249999999993,9.765624999999976e-05,0.19999999999999984,9.765624999999976e-05,"{""00010100011"": 1, ""00100111000"": 1, ""01000011110"": 1, ""01101101010"": 1, ""01111010001"": 1, ""10011101011"": 1, ""10110111001"": 1, ""10111000101"": 1, ""11110011100"": 1, ""11111101101"": 1}"
1388,019e10f7-1dde-7893-b064-3af2892de418,14,88,YYXYYIYYIXZ,ZXIYYIYYXYY,-0.00048828124999999913,10,0.9999999999999999,0.4,-0.5999999999999999,-0.0004882812499999991,-0.00019531249999999966,0.0002929687499999994,0.5999999999999999,0.0002929687499999994,"{""00000010101"": 1, ""00011000000"": 1, ""00110010101"": 1, ""00111100110"": 1, ""01000100110"": 1, ""01000101000"": 1, ""01010111110"": 1, ""01101111101"": 1, ""11101011110"": 1, ""11101101011"": 1}"
1389,019e10f7-1dde-7893-b064-3af2892de418,14,89,YYXYYIYYIYY,YYIYYIYYXYY,-0.00048828124999999913,10,0.9999999999999999,0.2,-0.7999999999999998,-0.0004882812499999991,-9.765624999999983e-05,0.00039062499999999926,0.7999999999999998,0.00039062499999999926,"{""00000110000"": 1, ""00011010110"": 1, ""00101101011"": 1, ""01000100101"": 1, ""01011111011"": 1, ""10010001101"": 1, ""10101111110"": 1, ""10111001101"": 1, ""11011000000"": 1, ""11110100101"": 1}"
1390,019e10f7-1dde-7893-b064-3af2892de418,14,90,YYXYYIYYZII,IIZYYIYYXYY,-0.00048828124999999913,10,0.9999999999999999,0.6,-0.3999999999999999,-0.0004882812499999991,-0.00029296874999999945,0.00019531249999999963,0.3999999999999999,0.00019531249999999963,"{""00000101011"": 1, ""01001010110"": 1, ""01011100110"": 1, ""01100000110"": 1, ""10101111100"": 1, ""10110100100"": 1, ""10111010111"": 1, ""11010111101"": 1, ""11100100101"": 1, ""11101000010"": 1}"
1391,019e10f7-1dde-7893-b064-3af2892de418,14,91,YYXYYIYYZZX,XZZYYIYYXYY,-0.00048828124999999913,10,0.9999999999999999,0.8,-0.19999999999999984,-0.0004882812499999991,-0.0003906249999999993,9.765624999999976e-05,0.19999999999999984,9.765624999999976e-05,"{""00001100111"": 1, ""00011011011"": 1, ""01011001000"": 1, ""10110100111"": 1, ""10110101000"": 1, ""11000010100"": 1, ""11000011011"": 1, ""11000110000"": 1, ""11100011100"": 1, ""11111101000"": 1}"
1392,019e10f7-1dde-7893-b064-3af2892de418,14,92,YYXYYZIIIII,IIIIIZYYXYY,-0.00048828124999999913,10,0.9999999999999999,0.4,-0.5999999999999999,-0.0004882812499999991,-0.00019531249999999966,0.0002929687499999994,0.5999999999999999,0.0002929687499999994,"{""00010100110"": 1, ""00111101110"": 1, ""01000001101"": 1, ""01010001100"": 1, ""01101101001"": 1, ""10010100000"": 1, ""10011000101"": 1, ""10111010000"": 1, ""11000000101"": 1, ""11101010111"": 1}"
1393,019e10f7-1dde-7893-b064-3af2892de418,14,93,YYXYYZIIIZX,XZIIIZYYXYY,-0.00048828124999999913,10,0.9999999999999999,0.0,-0.9999999999999999,-0.0004882812499999991,-0.0,0.0004882812499999991,0.9999999999999999,0.0004882812499999991,"{""00100100111"": 1, ""01010001000"": 1, ""01010010111"": 1, ""01101100111"": 1, ""01110000111"": 1, ""01111000101"": 1, ""10101100111"": 1, ""10110001111"": 1, ""11100100010"": 1, ""11111111101"": 1}"
1394,019e10f7-1dde-7893-b064-3af2892de418,14,94,YYXYYZIIZXZ,ZXZIIZYYXYY,-0.00048828124999999913,10,0.9999999999999999,1.0,1.1102230246251565e-16,-0.0004882812499999991,-0.00048828124999999913,-5.421010862427522e-20,1.1102230246251565e-16,5.421010862427522e-20,"{""00001100110"": 1, ""00100100000"": 1, ""01011111110"": 1, ""01100000101"": 1, ""01110101110"": 1, ""10011001010"": 1, ""10110101000"": 1, ""10110110000"": 1, ""11011011011"": 1, ""11110011000"": 1}"
1395,019e10f7-1dde-7893-b064-3af2892de418,14,95,YYXYYZIIZYY,YYZIIZYYXYY,-0.00048828124999999913,10,0.9999999999999999,0.2,-0.7999999999999998,-0.0004882812499999991,-9.765624999999983e-05,0.00039062499999999926,0.7999999999999998,0.00039062499999999926,"{""00000010110"": 1, ""00001101000"": 1, ""01010000110"": 1, ""01100000101"": 1, ""01100101011"": 1, ""10001010000"": 1, ""10010101011"": 1, ""10101100111"": 1, ""11010001101"": 1, ""11110010000"": 1}"
1396,019e10f7-1dde-7893-b064-3af2892de418,14,96,YYXYYZIZXIX,XIXZIZYYXYY,-0.00048828124999999913,10,0.9999999999999999,1.0,1.1102230246251565e-16,-0.0004882812499999991,-0.00048828124999999913,-5.421010862427522e-20,1.1102230246251565e-16,5.421010862427522e-20,"{""00111110111"": 1, ""01010001011"": 1, ""01011101100"": 1, ""01100010111"": 1, ""10111000000"": 1, ""10111000111"": 1, ""11000000000"": 1, ""11000001011"": 1, ""11010101001"": 1, ""11010110000"": 1}"
1397,019e10f7-1dde-7893-b064-3af2892de418,14,97,YYXYYZIZXZI,IZXZIZYYXYY,-0.00048828124999999913,10,0.9999999999999999,0.4,-0.5999999999999999,-0.0004882812499999991,-0.00019531249999999966,0.0002929687499999994,0.5999999999999999,0.0002929687499999994,"{""00010001011"": 1, ""00011010010"": 1, ""00101010110"": 1, ""01001001011"": 1, ""01011110001"": 1, ""01101100111"": 1, ""10000011101"": 1, ""10010011011"": 1, ""10111001101"": 1, ""11011010001"": 1}"
1398,019e10f7-1dde-7893-b064-3af2892de418,14,98,YYXYYZIZYXY,YXYZIZYYXYY,0.00048828124999999913,10,-0.9999999999999999,-0.6,0.3999999999999999,-0.0004882812499999991,-0.00029296874999999945,0.00019531249999999963,0.3999999999999999,0.00019531249999999963,"{""00101001011"": 1, ""00101010010"": 1, ""01001010001"": 1, ""01011111011"": 1, ""01111011000"": 1, ""10100010110"": 1, ""10101111101"": 1, ""11100101011"": 1, ""11100111000"": 1, ""11110110111"": 1}"
1399,019e10f7-1dde-7893-b064-3af2892de418,14,99,YYXYYZIZYYZ,ZYYZIZYYXYY,-0.00048828124999999913,10,0.9999999999999999,0.0,-0.9999999999999999,-0.0004882812499999991,-0.0,0.0004882812499999991,0.9999999999999999,0.0004882812499999991,"{""00100011101"": 1, ""00111001100"": 1, ""01100010100"": 1, ""01101111010"": 1, ""10001100011"": 1, ""11000001011"": 1, ""11001111001"": 1, ""11011111100"": 1, ""11100100011"": 1, ""11111101001"": 1}"
1400,019e10f7-323a-71b2-bde7-51b216df79e0,15,0,YYXYYZZXIXZ,ZXIXZZYYXYY,-0.00048828124999999913,10,0.9999999999999999,0.6,-0.3999999999999999,-0.0004882812499999991,-0.00029296874999999945,0.00019531249999999963,0.3999999999999999,0.00019531249999999963,"{""00000010101"": 1, ""00001111001"": 1, ""00011001110"": 1, ""00011101110"": 1, ""00100111000"": 1, ""00110011011"": 1, ""01001000011"": 1, ""10010000011"": 1, ""10011100000"": 1, ""11010101110"": 1}"
1401,019e10f7-323a-71b2-bde7-51b216df79e0,15,1,YYXYYZZXIYY,YYIXZZYYXYY,-0.00048828124999999913,10,0.9999999999999999,0.4,-0.5999999999999999,-0.0004882812499999991,-0.00019531249999999966,0.0002929687499999994,0.5999999999999999,0.0002929687499999994,"{""00110000000"": 1, ""01000010101"": 1, ""01000111011"": 1, ""10011010101"": 1, ""10110100011"": 1, ""11001100011"": 1, ""11010010101"": 1, ""11110001110"": 1, ""11111110110"": 1, ""11111111000"": 1}"
1402,019e10f7-323a-71b2-bde7-51b216df79e0,15,2,YYXYYZZXZII,IIZXZZYYXYY,-0.00048828124999999913,10,0.9999999999999999,0.2,-0.7999999999999998,-0.0004882812499999991,-9.765624999999983e-05,0.00039062499999999926,0.7999999999999998,0.00039062499999999926,"{""00001110100"": 1, ""00011000111"": 1, ""00101010101"": 1, ""01001010001"": 1, ""01100010110"": 1, ""01100111000"": 1, ""10010101110"": 1, ""10011111000"": 1, ""10110100011"": 1, ""11010101110"": 1}"
1403,019e10f7-323a-71b2-bde7-51b216df79e0,15,3,YYXYYZZXZZX,XZZXZZYYXYY,-0.00048828124999999913,10,0.9999999999999999,0.6,-0.3999999999999999,-0.0004882812499999991,-0.00029296874999999945,0.00019531249999999963,0.3999999999999999,0.00019531249999999963,"{""00001101111"": 1, ""00011100011"": 1, ""00101010100"": 2, ""00111100011"": 1, ""01011101100"": 1, ""01100000000"": 1, ""10010111011"": 1, ""11100101111"": 1, ""11100110111"": 1}"
1404,019e10f7-323a-71b2-bde7-51b216df79e0,15,4,YYXYYZZYXXY,YXXYZZYYXYY,-0.00048828124999999913,10,0.9999999999999999,0.2,-0.7999999999999998,-0.0004882812499999991,-9.765624999999983e-05,0.00039062499999999926,0.7999999999999998,0.00039062499999999926,"{""00011010100"": 1, ""00111110111"": 1, ""01111001001"": 1, ""10011101011"": 1, ""10011110111"": 1, ""10110010111"": 1, ""10111001100"": 1, ""11010000110"": 1, ""11011011101"": 1, ""11011110001"": 1}"
1405,019e10f7-323a-71b2-bde7-51b216df79e0,15,5,YYXYYZZYXYZ,ZYXYZZYYXYY,0.00048828124999999913,10,-0.9999999999999999,-0.2,0.7999999999999998,-0.0004882812499999991,-9.765624999999983e-05,0.00039062499999999926,0.7999999999999998,0.00039062499999999926,"{""00101110000"": 1, ""01001010011"": 1, ""01001011000"": 1, ""01011101000"": 1, ""01101100010"": 1, ""01101110010"": 1, ""01101111001"": 1, ""01111001011"": 1, ""01111011111"": 1, ""11100111011"": 1}"
1406,019e10f7-323a-71b2-bde7-51b216df79e0,15,6,YYXYYZZYYIX,XIYYZZYYXYY,-0.00048828124999999913,10,0.9999999999999999,0.2,-0.7999999999999998,-0.0004882812499999991,-9.765624999999983e-05,0.00039062499999999926,0.7999999999999998,0.00039062499999999926,"{""00000110011"": 1, ""00001110011"": 1, ""00001111111"": 1, ""00010000000"": 1, ""00010111000"": 1, ""00110001011"": 1, ""00111101100"": 1, ""01101110010"": 1, ""01111000000"": 1, ""10001110011"": 1}"
1407,019e10f7-323a-71b2-bde7-51b216df79e0,15,7,YYXYYZZYYZI,IZYYZZYYXYY,-0.00048828124999999913,10,0.9999999999999999,0.4,-0.5999999999999999,-0.0004882812499999991,-0.00019531249999999966,0.0002929687499999994,0.5999999999999999,0.0002929687499999994,"{""00001101011"": 1, ""01001100111"": 1, ""01001110100"": 1, ""01101100010"": 1, ""01101111001"": 1, ""01111011110"": 1, ""10001011001"": 1, ""10011101100"": 1, ""10100000111"": 1, ""10100011000"": 1}"
1408,019e10f7-323a-71b2-bde7-51b216df79e0,15,8,YYYYIXIXIXZ,ZXIXIXIYYYY,0.00048828124999999913,10,-0.9999999999999999,-0.8,0.19999999999999984,-0.0004882812499999991,-0.0003906249999999993,9.765624999999976e-05,0.19999999999999984,9.765624999999976e-05,"{""00111011000"": 1, ""01011011000"": 1, ""01110000011"": 1, ""01110001110"": 1, ""10000110101"": 1, ""11000110101"": 1, ""11001010110"": 1, ""11001100000"": 2, ""11100110110"": 1}"
1409,019e10f7-323a-71b2-bde7-51b216df79e0,15,9,YYYYIXIXIYY,YYIXIXIYYYY,0.00048828124999999913,10,-0.9999999999999999,-1.0,-1.1102230246251565e-16,-0.0004882812499999991,-0.00048828124999999913,-5.421010862427522e-20,1.1102230246251565e-16,5.421010862427522e-20,"{""00100110101"": 1, ""00111011000"": 1, ""01011100000"": 1, ""01101101110"": 1, ""01110110110"": 1, ""10000000011"": 1, ""10110000000"": 1, ""11010001110"": 1, ""11010110101"": 1, ""11100001101"": 1}"
1410,019e10f7-323a-71b2-bde7-51b216df79e0,15,10,YYYYIXIXZII,IIZXIXIYYYY,0.00048828124999999913,10,-0.9999999999999999,-0.6,0.3999999999999999,-0.0004882812499999991,-0.00029296874999999945,0.00019531249999999963,0.3999999999999999,0.00019531249999999963,"{""00001100011"": 1, ""00100000010"": 1, ""00100111011"": 1, ""00110111000"": 1, ""00111010100"": 1, ""01000111001"": 1, ""01101010110"": 1, ""01101011010"": 1, ""01101011111"": 1, ""10011101101"": 1}"
1411,019e10f7-323a-71b2-bde7-51b216df79e0,15,11,YYYYIXIXZZX,XZZXIXIYYYY,0.00048828124999999913,10,-0.9999999999999999,0.0,0.9999999999999999,-0.0004882812499999991,0.0,0.0004882812499999991,0.9999999999999999,0.0004882812499999991,"{""00001011011"": 1, ""00001100000"": 1, ""00010111011"": 1, ""00100110000"": 1, ""01011010111"": 1, ""01100001111"": 1, ""01110001100"": 1, ""10010110111"": 1, ""11110000011"": 1, ""11111011100"": 1}"
1412,019e10f7-323a-71b2-bde7-51b216df79e0,15,12,YYYYIXIYXXY,YXXYIXIYYYY,0.00048828124999999913,10,-0.9999999999999999,-1.0,-1.1102230246251565e-16,-0.0004882812499999991,-0.00048828124999999913,-5.421010862427522e-20,1.1102230246251565e-16,5.421010862427522e-20,"{""00001100101"": 1, ""00111101111"": 1, ""01000111000"": 1, ""01000111101"": 1, ""01011100000"": 1, ""01011101111"": 1, ""10110000110"": 1, ""11001011101"": 1, ""11010000101"": 1, ""11010000110"": 1}"
1413,019e10f7-323a-71b2-bde7-51b216df79e0,15,13,YYYYIXIYXYZ,ZYXYIXIYYYY,-0.00048828124999999913,10,0.9999999999999999,0.4,-0.5999999999999999,-0.0004882812499999991,-0.00019531249999999966,0.0002929687499999994,0.5999999999999999,0.0002929687499999994,"{""00001010110"": 1, ""00010000110"": 1, ""00101011011"": 1, ""01011111111"": 1, ""01101101000"": 1, ""01110110110"": 1, ""10011010110"": 1, ""10101101110"": 1, ""10110000111"": 1, ""11110000010"": 1}"
1414,019e10f7-323a-71b2-bde7-51b216df79e0,15,14,YYYYIXIYYIX,XIYYIXIYYYY,0.00048828124999999913,10,-0.9999999999999999,-0.8,0.19999999999999984,-0.0004882812499999991,-0.0003906249999999993,9.765624999999976e-05,0.19999999999999984,9.765624999999976e-05,"{""00011101100"": 1, ""00100000111"": 1, ""01001110011"": 1, ""01011011111"": 1, ""01011100111"": 1, ""01101010011"": 2, ""01110110100"": 1, ""10110000000"": 1, ""11100111111"": 1}"
1415,019e10f7-323a-71b2-bde7-51b216df79e0,15,15,YYYYIXIYYZI,IZYYIXIYYYY,0.00048828124999999913,10,-0.9999999999999999,-0.6,0.3999999999999999,-0.0004882812499999991,-0.00029296874999999945,0.00019531249999999963,0.3999999999999999,0.00019531249999999963,"{""00001100111"": 1, ""00001101010"": 1, ""00101010100"": 1, ""01110001101"": 1, ""10001010011"": 1, ""10011100000"": 1, ""10101011110"": 1, ""10110110010"": 1, ""11001100110"": 1, ""11100110011"": 1}"
1416,019e10f7-323a-71b2-bde7-51b216df79e0,15,16,YYYYIXZIIII,IIIIZXIYYYY,0.00048828124999999913,10,-0.9999999999999999,-1.0,-1.1102230246251565e-16,-0.0004882812499999991,-0.00048828124999999913,-5.421010862427522e-20,1.1102230246251565e-16,5.421010862427522e-20,"{""00001010110"": 1, ""00010000011"": 1, ""01000110100"": 1, ""01010011100"": 1, ""01011100000"": 1, ""10110110100"": 1, ""11001101110"": 1, ""11100111111"": 1, ""11111011001"": 1, ""11111011110"": 1}"
1417,019e10f7-323a-71b2-bde7-51b216df79e0,15,17,YYYYIXZIIZX,XZIIZXIYYYY,0.00048828124999999913,10,-0.9999999999999999,-0.6,0.3999999999999999,-0.0004882812499999991,-0.00029296874999999945,0.00019531249999999963,0.3999999999999999,0.00019531249999999963,"{""00010001000"": 1, ""00100001100"": 1, ""00100111011"": 1, ""00111011011"": 1, ""01000011000"": 1, ""01011001111"": 1, ""01101101111"": 1, ""01110111011"": 1, ""10000110100"": 1, ""10101010100"": 1}"
1418,019e10f7-323a-71b2-bde7-51b216df79e0,15,18,YYYYIXZIZXZ,ZXZIZXIYYYY,0.00048828124999999913,10,-0.9999999999999999,-0.8,0.19999999999999984,-0.0004882812499999991,-0.0003906249999999993,9.765624999999976e-05,0.19999999999999984,9.765624999999976e-05,"{""00010001011"": 1, ""00111011110"": 1, ""01010000110"": 1, ""01011011000"": 1, ""01011101011"": 1, ""01110110101"": 1, ""10011011101"": 1, ""10101100101"": 1, ""11000011110"": 1, ""11010000110"": 1}"
1419,019e10f7-323a-71b2-bde7-51b216df79e0,15,19,YYYYIXZIZYY,YYZIZXIYYYY,0.00048828124999999913,10,-0.9999999999999999,-0.4,0.5999999999999999,-0.0004882812499999991,-0.00019531249999999966,0.0002929687499999994,0.5999999999999999,0.0002929687499999994,"{""00010001110"": 1, ""01000111110"": 1, ""01011011110"": 1, ""01101010000"": 1, ""01101011010"": 1, ""01110110110"": 1, ""10010110101"": 1, ""10011000000"": 1, ""11010000000"": 1, ""11110011101"": 1}"
1420,019e10f7-323a-71b2-bde7-51b216df79e0,15,20,YYYYIXZZXIX,XIXZZXIYYYY,0.00048828124999999913,10,-0.9999999999999999,0.0,0.9999999999999999,-0.0004882812499999991,0.0,0.0004882812499999991,0.9999999999999999,0.0004882812499999991,"{""01011011100"": 1, ""01011101011"": 1, ""01100001011"": 1, ""01101010000"": 1, ""01110000000"": 1, ""10000111100"": 1, ""10111011011"": 1, ""11011100000"": 1, ""11011101100"": 1, ""11110111011"": 1}"
1421,019e10f7-323a-71b2-bde7-51b216df79e0,15,21,YYYYIXZZXZI,IZXZZXIYYYY,0.00048828124999999913,10,-0.9999999999999999,-0.4,0.5999999999999999,-0.0004882812499999991,-0.00019531249999999966,0.0002929687499999994,0.5999999999999999,0.0002929687499999994,"{""00010000000"": 1, ""00100010111"": 1, ""01000001100"": 1, ""01000111010"": 1, ""01011100111"": 1, ""01101101011"": 1, ""10100100100"": 1, ""10110110000"": 1, ""11100001111"": 1, ""11111011101"": 1}"
1422,019e10f7-323a-71b2-bde7-51b216df79e0,15,22,YYYYIXZZYXY,YXYZZXIYYYY,-0.00048828124999999913,10,0.9999999999999999,0.4,-0.5999999999999999,-0.0004882812499999991,-0.00019531249999999966,0.0002929687499999994,0.5999999999999999,0.0002929687499999994,"{""00001101101"": 1, ""00111010111"": 1, ""00111011011"": 1, ""01110000010"": 1, ""10010001011"": 1, ""10011100110"": 1, ""10110000111"": 1, ""10110111001"": 1, ""11001011110"": 1, ""11001100010"": 1}"
1423,019e10f7-323a-71b2-bde7-51b216df79e0,15,23,YYYYIXZZYYZ,ZYYZZXIYYYY,0.00048828124999999913,10,-0.9999999999999999,-0.6,0.3999999999999999,-0.0004882812499999991,-0.00029296874999999945,0.00019531249999999963,0.3999999999999999,0.00019531249999999963,"{""00010110110"": 1, ""00010111001"": 1, ""00111010101"": 1, ""00111010110"": 1, ""01011100000"": 1, ""01111011111"": 2, ""10000000000"": 1, ""11001011001"": 1, ""11100000101"": 1}"
1424,019e10f7-323a-71b2-bde7-51b216df79e0,15,24,YYYYIYXXXXY,YXXXXYIYYYY,0.00048828124999999913,10,-0.9999999999999999,-0.4,0.5999999999999999,-0.0004882812499999991,-0.00019531249999999966,0.0002929687499999994,0.5999999999999999,0.0002929687499999994,"{""00001010011"": 1, ""00111011001"": 1, ""01000100010"": 1, ""10000001010"": 1, ""10000110000"": 1, ""10011010000"": 1, ""10100001111"": 1, ""10110001001"": 1, ""10110111000"": 1, ""11111111001"": 1}"
1425,019e10f7-323a-71b2-bde7-51b216df79e0,15,25,YYYYIYXXXYZ,ZYXXXYIYYYY,-0.00048828124999999913,10,0.9999999999999999,0.6,-0.3999999999999999,-0.0004882812499999991,-0.00029296874999999945,0.00019531249999999963,0.3999999999999999,0.00019531249999999963,"{""00001011101"": 1, ""00001110101"": 1, ""00100010111"": 1, ""00111010010"": 1, ""01110100011"": 1, ""10000001101"": 1, ""10011000101"": 1, ""10100011001"": 1, ""10101000110"": 1, ""11100111000"": 1}"
1426,019e10f7-323a-71b2-bde7-51b216df79e0,15,26,YYYYIYXXYIX,XIYXXYIYYYY,0.00048828124999999913,10,-0.9999999999999999,-0.8,0.19999999999999984,-0.0004882812499999991,-0.0003906249999999993,9.765624999999976e-05,0.19999999999999984,9.765624999999976e-05,"{""00001100000"": 2, ""00100011000"": 1, ""00111001000"": 1, ""00111111111"": 1, ""01000011111"": 1, ""01011110000"": 1, ""01110000111"": 1, ""10110110111"": 1, ""11010011111"": 1}"
1427,019e10f7-323a-71b2-bde7-51b216df79e0,15,27,YYYYIYXXYZI,IZYXXYIYYYY,0.00048828124999999913,10,-0.9999999999999999,-0.2,0.7999999999999998,-0.0004882812499999991,-9.765624999999983e-05,0.00039062499999999926,0.7999999999999998,0.00039062499999999926,"{""00001000010"": 1, ""00110100010"": 1, ""00111010001"": 1, ""01000111101"": 1, ""01100011100"": 1, ""01110100101"": 1, ""10000000011"": 1, ""11010001010"": 1, ""11110011110"": 1, ""11111110000"": 1}"
1428,019e10f7-323a-71b2-bde7-51b216df79e0,15,28,YYYYIYXYIXZ,ZXIYXYIYYYY,-0.00048828124999999913,10,0.9999999999999999,0.8,-0.19999999999999984,-0.0004882812499999991,-0.0003906249999999993,9.765624999999976e-05,0.19999999999999984,9.765624999999976e-05,"{""00100000101"": 1, ""00100001011"": 1, ""01110111000"": 1, ""10100110101"": 1, ""10110111000"": 1, ""11001010101"": 1, ""11001100101"": 2, ""11010000110"": 1, ""11111001110"": 1}"
1429,019e10f7-323a-71b2-bde7-51b216df79e0,15,29,YYYYIYXYIYY,YYIYXYIYYYY,-0.00048828124999999913,10,0.9999999999999999,0.4,-0.5999999999999999,-0.0004882812499999991,-0.00019531249999999966,0.0002929687499999994,0.5999999999999999,0.0002929687499999994,"{""00001001110"": 1, ""01101010101"": 1, ""01101100111"": 1, ""01110111000"": 1, ""01111101011"": 1, ""10000111011"": 1, ""10001101000"": 1, ""10110111011"": 1, ""11001001110"": 1, ""11100111011"": 1}"
1430,019e10f7-323a-71b2-bde7-51b216df79e0,15,30,YYYYIYXYZII,IIZYXYIYYYY,-0.00048828124999999913,10,0.9999999999999999,0.4,-0.5999999999999999,-0.0004882812499999991,-0.00019531249999999966,0.0002929687499999994,0.5999999999999999,0.0002929687499999994,"{""00000011101"": 1, ""00100010000"": 1, ""00100100011"": 1, ""00100111011"": 1, ""01101001100"": 1, ""10110011001"": 1, ""11000000111"": 1, ""11010110110"": 1, ""11101110111"": 1, ""11111010110"": 1}"
1431,019e10f7-323a-71b2-bde7-51b216df79e0,15,31,YYYYIYXYZZX,XZZYXYIYYYY,-0.00048828124999999913,10,0.9999999999999999,0.4,-0.5999999999999999,-0.0004882812499999991,-0.00019531249999999966,0.0002929687499999994,0.5999999999999999,0.0002929687499999994,"{""00001001111"": 1, ""00110100000"": 1, ""01101001011"": 1, ""01101010111"": 1, ""10000001011"": 1, ""10011011011"": 1, ""10101101000"": 1, ""11010100000"": 1, ""11010111000"": 1, ""11011100100"": 1}"
1432,019e10f7-323a-71b2-bde7-51b216df79e0,15,32,YYYYIYYIXIX,XIXIYYIYYYY,0.00048828124999999913,10,-0.9999999999999999,-0.4,0.5999999999999999,-0.0004882812499999991,-0.00019531249999999966,0.0002929687499999994,0.5999999999999999,0.0002929687499999994,"{""00001010000"": 1, ""00001100000"": 1, ""00100010100"": 1, ""00101111011"": 1, ""00111100000"": 1, ""00111111100"": 1, ""10001001100"": 1, ""10001101100"": 1, ""10010101100"": 1, ""10110101011"": 1}"
1433,019e10f7-323a-71b2-bde7-51b216df79e0,15,33,YYYYIYYIXZI,IZXIYYIYYYY,0.00048828124999999913,10,-0.9999999999999999,-0.8,0.19999999999999984,-0.0004882812499999991,-0.0003906249999999993,9.765624999999976e-05,0.19999999999999984,9.765624999999976e-05,"{""00000101100"": 1, ""00010000000"": 1, ""01000000000"": 1, ""10000000000"": 1, ""10000000001"": 1, ""10000011100"": 1, ""10011010110"": 1, ""11111001010"": 1, ""11111100110"": 1, ""11111100111"": 1}"
1434,019e10f7-323a-71b2-bde7-51b216df79e0,15,34,YYYYIYYIYXY,YXYIYYIYYYY,-0.00048828124999999913,10,0.9999999999999999,0.4,-0.5999999999999999,-0.0004882812499999991,-0.00019531249999999966,0.0002929687499999994,0.5999999999999999,0.0002929687499999994,"{""00001010111"": 1, ""00100110000"": 1, ""00111100111"": 1, ""01011010100"": 1, ""01110101000"": 1, ""10000101011"": 1, ""10011111101"": 1, ""11001100110"": 1, ""11010011101"": 1, ""11111111100"": 1}"
1435,019e10f7-323a-71b2-bde7-51b216df79e0,15,35,YYYYIYYIYYZ,ZYYIYYIYYYY,0.00048828124999999913,10,-0.9999999999999999,-0.4,0.5999999999999999,-0.0004882812499999991,-0.00019531249999999966,0.0002929687499999994,0.5999999999999999,0.0002929687499999994,"{""00001111111"": 1, ""00010011001"": 1, ""01010000110"": 1, ""01101001100"": 1, ""01101111010"": 1, ""01110110101"": 1, ""10000110111"": 1, ""11001111111"": 1, ""11010011011"": 1, ""11010101111"": 1}"
1436,019e10f7-323a-71b2-bde7-51b216df79e0,15,36,YYYYIYYZIII,IIIZYYIYYYY,0.00048828124999999913,10,-0.9999999999999999,-0.6,0.3999999999999999,-0.0004882812499999991,-0.00029296874999999945,0.00019531249999999963,0.3999999999999999,0.00019531249999999963,"{""00010101001"": 1, ""00011100111"": 1, ""00100011111"": 1, ""00111001001"": 1, ""01000110001"": 1, ""01000110111"": 1, ""01011010111"": 1, ""01101100100"": 1, ""10011111001"": 1, ""11011111011"": 1}"
1437,019e10f7-323a-71b2-bde7-51b216df79e0,15,37,YYYYIYYZIZX,XZIZYYIYYYY,0.00048828124999999913,10,-0.9999999999999999,-0.6,0.3999999999999999,-0.0004882812499999991,-0.00029296874999999945,0.00019531249999999963,0.3999999999999999,0.00019531249999999963,"{""00010010010"": 1, ""00100011000"": 1, ""00100101111"": 1, ""00110110000"": 1, ""00111001100"": 1, ""01011010111"": 1, ""01101001111"": 1, ""10000000101"": 1, ""10000110011"": 1, ""11010000111"": 1}"
1438,019e10f7-323a-71b2-bde7-51b216df79e0,15,38,YYYYIYYZZXZ,ZXZZYYIYYYY,0.00048828124999999913,10,-0.9999999999999999,-0.8,0.19999999999999984,-0.0004882812499999991,-0.0003906249999999993,9.765624999999976e-05,0.19999999999999984,9.765624999999976e-05,"{""00001010011"": 1, ""00001010110"": 1, ""00001110011"": 1, ""00010011011"": 1, ""00100000000"": 1, ""00111111101"": 1, ""01011010000"": 1, ""01110011011"": 1, ""11001001101"": 1, ""11100110101"": 1}"
1439,019e10f7-323a-71b2-bde7-51b216df79e0,15,39,YYYYIYYZZYY,YYZZYYIYYYY,0.00048828124999999913,10,-0.9999999999999999,0.2,1.2,-0.0004882812499999991,9.765624999999983e-05,0.0005859374999999989,1.2,0.0005859374999999989,"{""00000101101"": 1, ""00011111110"": 1, ""00100000010"": 1, ""00100000101"": 1, ""01111100011"": 1, ""01111100110"": 1, ""10000000011"": 1, ""10101001110"": 1, ""10101111101"": 1, ""11110000000"": 1}"
1440,019e10f7-323a-71b2-bde7-51b216df79e0,15,40,YYYYZIIIIII,IIIIIIZYYYY,0.00048828124999999913,10,-0.9999999999999999,-0.8,0.19999999999999984,-0.0004882812499999991,-0.0003906249999999993,9.765624999999976e-05,0.19999999999999984,9.765624999999976e-05,"{""00111000111"": 1, ""01000010110"": 1, ""01011001100"": 1, ""01011101000"": 1, ""01100010001"": 1, ""01101011011"": 1, ""10101001001"": 1, ""10101100011"": 1, ""10101111101"": 1, ""11111111111"": 1}"
1441,019e10f7-323a-71b2-bde7-51b216df79e0,15,41,YYYYZIIIIZX,XZIIIIZYYYY,0.00048828124999999913,10,-0.9999999999999999,-0.8,0.19999999999999984,-0.0004882812499999991,-0.0003906249999999993,9.765624999999976e-05,0.19999999999999984,9.765624999999976e-05,"{""00010011111"": 1, ""00100011100"": 1, ""00100100111"": 1, ""01001100100"": 1, ""10000010011"": 1, ""10101000011"": 1, ""11010001000"": 1, ""11010101111"": 1, ""11100110111"": 1, ""11111010000"": 1}"
1442,019e10f7-323a-71b2-bde7-51b216df79e0,15,42,YYYYZIIIZXZ,ZXZIIIZYYYY,0.00048828124999999913,10,-0.9999999999999999,-0.8,0.19999999999999984,-0.0004882812499999991,-0.0003906249999999993,9.765624999999976e-05,0.19999999999999984,9.765624999999976e-05,"{""00010011000"": 1, ""00111001000"": 1, ""01000100110"": 1, ""01001001001"": 1, ""01011011000"": 1, ""01110000000"": 1, ""10000101101"": 1, ""10101000101"": 1, ""11010010000"": 1, ""11010100100"": 1}"
1443,019e10f7-323a-71b2-bde7-51b216df79e0,15,43,YYYYZIIIZYY,YYZIIIZYYYY,0.00048828124999999913,10,-0.9999999999999999,-0.4,0.5999999999999999,-0.0004882812499999991,-0.00019531249999999966,0.0002929687499999994,0.5999999999999999,0.0002929687499999994,"{""00001101000"": 1, ""00011011000"": 1, ""00111010101"": 1, ""00111100100"": 1, ""00111100110"": 1, ""01000111110"": 1, ""01110111100"": 1, ""10000100101"": 1, ""10101010000"": 1, ""11010001110"": 1}"
1444,019e10f7-323a-71b2-bde7-51b216df79e0,15,44,YYYYZIIZXIX,XIXZIIZYYYY,0.00048828124999999913,10,-0.9999999999999999,-0.2,0.7999999999999998,-0.0004882812499999991,-9.765624999999983e-05,0.00039062499999999926,0.7999999999999998,0.00039062499999999926,"{""00001101111"": 1, ""00001110011"": 1, ""00100101000"": 1, ""00111110111"": 1, ""01011010000"": 1, ""01110100111"": 1, ""10000000000"": 1, ""11010011100"": 1, ""11111000110"": 1, ""11111010000"": 1}"
1445,019e10f7-323a-71b2-bde7-51b216df79e0,15,45,YYYYZIIZXZI,IZXZIIZYYYY,0.00048828124999999913,10,-0.9999999999999999,-0.4,0.5999999999999999,-0.0004882812499999991,-0.00019531249999999966,0.0002929687499999994,0.5999999999999999,0.0002929687499999994,"{""00001110001"": 1, ""01000011101"": 1, ""01011000111"": 1, ""01101110000"": 1, ""10101111000"": 1, ""10110101100"": 1, ""10110111010"": 1, ""11100100000"": 1, ""11101101100"": 1, ""11110011010"": 1}"
1446,019e10f7-323a-71b2-bde7-51b216df79e0,15,46,YYYYZIIZYXY,YXYZIIZYYYY,-0.00048828124999999913,10,0.9999999999999999,0.4,-0.5999999999999999,-0.0004882812499999991,-0.00019531249999999966,0.0002929687499999994,0.5999999999999999,0.0002929687499999994,"{""00001011000"": 1, ""00111101000"": 1, ""01000010111"": 1, ""01100100010"": 1, ""01110111110"": 1, ""10001001101"": 1, ""11001111000"": 1, ""11011000010"": 1, ""11100000111"": 1, ""11100110100"": 1}"
1447,019e10f7-323a-71b2-bde7-51b216df79e0,15,47,YYYYZIIZYYZ,ZYYZIIZYYYY,0.00048828124999999913,10,-0.9999999999999999,-0.8,0.19999999999999984,-0.0004882812499999991,-0.0003906249999999993,9.765624999999976e-05,0.19999999999999984,9.765624999999976e-05,"{""00010001100"": 1, ""00100010011"": 1, ""00111001100"": 1, ""01011110110"": 1, ""01101111010"": 1, ""10000100110"": 1, ""10011000011"": 1, ""10100101010"": 1, ""11100010101"": 1, ""11100100000"": 1}"
1448,019e10f7-323a-71b2-bde7-51b216df79e0,15,48,YYYYZIZXIXZ,ZXIXZIZYYYY,0.00048828124999999913,10,-0.9999999999999999,-1.0,-1.1102230246251565e-16,-0.0004882812499999991,-0.00048828124999999913,-5.421010862427522e-20,1.1102230246251565e-16,5.421010862427522e-20,"{""00100011000"": 1, ""00100101101"": 1, ""00111111011"": 1, ""01000111000"": 1, ""01011011011"": 1, ""01011101101"": 1, ""10000010101"": 1, ""10000101110"": 1, ""10011111000"": 1, ""11111010110"": 1}"
1449,019e10f7-323a-71b2-bde7-51b216df79e0,15,49,YYYYZIZXIYY,YYIXZIZYYYY,0.00048828124999999913,10,-0.9999999999999999,-0.6,0.3999999999999999,-0.0004882812499999991,-0.00029296874999999945,0.00019531249999999963,0.3999999999999999,0.00019531249999999963,"{""00001101110"": 1, ""00010001101"": 1, ""01000001101"": 1, ""01000100000"": 1, ""10011101101"": 1, ""10101100011"": 1, ""11010011010"": 1, ""11100000000"": 1, ""11100000011"": 1, ""11100100001"": 1}"
1450,019e10f7-323a-71b2-bde7-51b216df79e0,15,50,YYYYZIZXZII,IIZXZIZYYYY,0.00048828124999999913,10,-0.9999999999999999,-0.4,0.5999999999999999,-0.0004882812499999991,-0.00019531249999999966,0.0002929687499999994,0.5999999999999999,0.0002929687499999994,"{""00001001100"": 1, ""01000011000"": 1, ""10011101010"": 1, ""10110100000"": 1, ""11000011001"": 1, ""11001100011"": 1, ""11100111011"": 1, ""11110000010"": 1, ""11111011000"": 1, ""11111100010"": 1}"
1451,019e10f7-323a-71b2-bde7-51b216df79e0,15,51,YYYYZIZXZZX,XZZXZIZYYYY,0.00048828124999999913,10,-0.9999999999999999,0.0,0.9999999999999999,-0.0004882812499999991,0.0,0.0004882812499999991,0.9999999999999999,0.0004882812499999991,"{""00001001100"": 1, ""00001011100"": 1, ""10001110100"": 1, ""10011011011"": 1, ""10110000011"": 1, ""11001001111"": 1, ""11001111111"": 1, ""11010100011"": 1, ""11011101100"": 1, ""11101110100"": 1}"
1452,019e10f7-323a-71b2-bde7-51b216df79e0,15,52,YYYYZIZYXXY,YXXYZIZYYYY,0.00048828124999999913,10,-0.9999999999999999,-0.6,0.3999999999999999,-0.0004882812499999991,-0.00029296874999999945,0.00019531249999999963,0.3999999999999999,0.00019531249999999963,"{""00010011101"": 1, ""00100000000"": 1, ""01000100001"": 1, ""01101101010"": 1, ""10000010100"": 1, ""10001110100"": 1, ""10011100101"": 1, ""11001000000"": 1, ""11001011011"": 1, ""11111011101"": 1}"
1453,019e10f7-323a-71b2-bde7-51b216df79e0,15,53,YYYYZIZYXYZ,ZYXYZIZYYYY,-0.00048828124999999913,10,0.9999999999999999,0.6,-0.3999999999999999,-0.0004882812499999991,-0.00029296874999999945,0.00019531249999999963,0.3999999999999999,0.00019531249999999963,"{""00001010010"": 1, ""00010100111"": 1, ""01110111010"": 1, ""10000000100"": 1, ""10000110101"": 1, ""10101110000"": 1, ""10101111001"": 1, ""10110011010"": 1, ""11001101110"": 1, ""11010101010"": 1}"
1454,019e10f7-323a-71b2-bde7-51b216df79e0,15,54,YYYYZIZYYIX,XIYYZIZYYYY,0.00048828124999999913,10,-0.9999999999999999,-0.4,0.5999999999999999,-0.0004882812499999991,-0.00019531249999999966,0.0002929687499999994,0.5999999999999999,0.0002929687499999994,"{""00001011111"": 1, ""01010110100"": 1, ""01011011111"": 1, ""01011100111"": 1, ""01101100111"": 1, ""10000010100"": 1, ""11000110111"": 1, ""11001000110"": 1, ""11010100101"": 1, ""11011111111"": 1}"
1455,019e10f7-323a-71b2-bde7-51b216df79e0,15,55,YYYYZIZYYZI,IZYYZIZYYYY,0.00048828124999999913,10,-0.9999999999999999,-0.6,0.3999999999999999,-0.0004882812499999991,-0.00029296874999999945,0.00019531249999999963,0.3999999999999999,0.00019531249999999963,"{""00001000001"": 2, ""00001000111"": 1, ""00001001101"": 1, ""00011011000"": 1, ""01010111110"": 1, ""01110010010"": 1, ""10000001011"": 1, ""10010011101"": 1, ""10110111111"": 1}"
1456,019e10f7-323a-71b2-bde7-51b216df79e0,15,56,YYYYZZXIXIX,XIXIXZZYYYY,0.00048828124999999913,10,-0.9999999999999999,-0.8,0.19999999999999984,-0.0004882812499999991,-0.0003906249999999993,9.765624999999976e-05,0.19999999999999984,9.765624999999976e-05,"{""00111000111"": 1, ""01011110111"": 1, ""01101011100"": 1, ""01110011101"": 1, ""01110101100"": 1, ""10011101100"": 1, ""10101000111"": 1, ""10110000111"": 1, ""11001110000"": 1, ""11111011100"": 1}"
1457,019e10f7-323a-71b2-bde7-51b216df79e0,15,57,YYYYZZXIXZI,IZXIXZZYYYY,0.00048828124999999913,10,-0.9999999999999999,-0.2,0.7999999999999998,-0.0004882812499999991,-9.765624999999983e-05,0.00039062499999999926,0.7999999999999998,0.00039062499999999926,"{""00001000000"": 1, ""00100110111"": 1, ""01011101111"": 1, ""01101101100"": 1, ""10000001010"": 1, ""10011000001"": 1, ""10101100000"": 1, ""10110101010"": 1, ""10110101111"": 1, ""11010000000"": 1}"
1458,019e10f7-323a-71b2-bde7-51b216df79e0,15,58,YYYYZZXIYXY,YXYIXZZYYYY,-0.00048828124999999913,10,0.9999999999999999,0.4,-0.5999999999999999,-0.0004882812499999991,-0.00019531249999999966,0.0002929687499999994,0.5999999999999999,0.0002929687499999994,"{""00001101011"": 1, ""00010110010"": 1, ""00100101100"": 1, ""00111000010"": 1, ""01101000111"": 1, ""10010101001"": 1, ""10111110111"": 1, ""11000011110"": 1, ""11111000111"": 1, ""11111101110"": 1}"
1459,019e10f7-323a-71b2-bde7-51b216df79e0,15,59,YYYYZZXIYYZ,ZYYIXZZYYYY,0.00048828124999999913,10,-0.9999999999999999,-0.4,0.5999999999999999,-0.0004882812499999991,-0.00019531249999999966,0.0002929687499999994,0.5999999999999999,0.0002929687499999994,"{""00100000000"": 1, ""00100101000"": 1, ""00111101010"": 1, ""01000000101"": 1, ""01000011100"": 1, ""10000110110"": 1, ""10001011010"": 1, ""11001101010"": 1, ""11010110011"": 1, ""11011110000"": 1}"
1460,019e10f7-323a-71b2-bde7-51b216df79e0,15,60,YYYYZZXZIII,IIIZXZZYYYY,0.00048828124999999913,10,-0.9999999999999999,-0.6,0.3999999999999999,-0.0004882812499999991,-0.00029296874999999945,0.00019531249999999963,0.3999999999999999,0.00019531249999999963,"{""00010110110"": 1, ""00100011101"": 1, ""00101101101"": 1, ""10000000111"": 1, ""10000101100"": 1, ""10101101111"": 1, ""11001011100"": 1, ""11001011101"": 1, ""11111011001"": 1, ""11111100010"": 1}"
1461,019e10f7-323a-71b2-bde7-51b216df79e0,15,61,YYYYZZXZIZX,XZIZXZZYYYY,0.00048828124999999913,10,-0.9999999999999999,-0.8,0.19999999999999984,-0.0004882812499999991,-0.0003906249999999993,9.765624999999976e-05,0.19999999999999984,9.765624999999976e-05,"{""00001011011"": 1, ""00010011100"": 1, ""01000011011"": 1, ""01110101000"": 1, ""10000000011"": 1, ""10100110111"": 1, ""10101000100"": 1, ""11001101111"": 1, ""11010101011"": 1, ""11111000000"": 1}"
1462,019e10f7-323a-71b2-bde7-51b216df79e0,15,62,YYYYZZXZZXZ,ZXZZXZZYYYY,0.00048828124999999913,10,-0.9999999999999999,-0.8,0.19999999999999984,-0.0004882812499999991,-0.0003906249999999993,9.765624999999976e-05,0.19999999999999984,9.765624999999976e-05,"{""00001000011"": 1, ""00001101110"": 1, ""00100101011"": 1, ""01000110011"": 1, ""01101110101"": 1, ""01110011101"": 1, ""10011011101"": 1, ""10101110101"": 1, ""11100101101"": 1, ""11110000101"": 1}"
1463,019e10f7-323a-71b2-bde7-51b216df79e0,15,63,YYYYZZXZZYY,YYZZXZZYYYY,0.00048828124999999913,10,-0.9999999999999999,-0.2,0.7999999999999998,-0.0004882812499999991,-9.765624999999983e-05,0.00039062499999999926,0.7999999999999998,0.00039062499999999926,"{""00000011011"": 1, ""00100000000"": 1, ""00111101001"": 1, ""01101000000"": 1, ""01101011101"": 1, ""01101101101"": 1, ""10110110000"": 1, ""11000110101"": 1, ""11010101110"": 1, ""11110101000"": 1}"
1464,019e10f7-323a-71b2-bde7-51b216df79e0,15,64,YYYYZZYXXXY,YXXXYZZYYYY,-0.00048828124999999913,10,0.9999999999999999,0.4,-0.5999999999999999,-0.0004882812499999991,-0.00019531249999999966,0.0002929687499999994,0.5999999999999999,0.0002929687499999994,"{""00010011111"": 1, ""00110000001"": 1, ""01000101001"": 1, ""01010100011"": 1, ""01110001000"": 1, ""01110001011"": 1, ""01110100011"": 1, ""10101001011"": 1, ""10110110110"": 1, ""11100111110"": 1}"
1465,019e10f7-323a-71b2-bde7-51b216df79e0,15,65,YYYYZZYXXYZ,ZYXXYZZYYYY,0.00048828124999999913,10,-0.9999999999999999,-0.6,0.3999999999999999,-0.0004882812499999991,-0.00029296874999999945,0.00019531249999999963,0.3999999999999999,0.00019531249999999963,"{""00001110110"": 1, ""00100111111"": 1, ""00111000000"": 1, ""01000011100"": 1, ""01110001000"": 1, ""10100110100"": 1, ""10101101000"": 1, ""11001011101"": 1, ""11110000010"": 1, ""11111011110"": 1}"
1466,019e10f7-323a-71b2-bde7-51b216df79e0,15,66,YYYYZZYXYIX,XIYXYZZYYYY,-0.00048828124999999913,10,0.9999999999999999,0.0,-0.9999999999999999,-0.0004882812499999991,-0.0,0.0004882812499999991,0.9999999999999999,0.0004882812499999991,"{""00001100011"": 1, ""01011010011"": 1, ""01101101011"": 1, ""01111101011"": 1, ""10000101111"": 1, ""10011000100"": 1, ""10011010000"": 1, ""10011111001"": 1, ""10101011011"": 1, ""10110100000"": 1}"
1467,019e10f7-323a-71b2-bde7-51b216df79e0,15,67,YYYYZZYXYZI,IZYXYZZYYYY,-0.00048828124999999913,10,0.9999999999999999,0.8,-0.19999999999999984,-0.0004882812499999991,-0.0003906249999999993,9.765624999999976e-05,0.19999999999999984,9.765624999999976e-05,"{""00001010000"": 1, ""00010000111"": 1, ""00010001111"": 1, ""00111000011"": 1, ""00111011011"": 1, ""00111100111"": 1, ""01011110101"": 1, ""10000101010"": 1, ""11001001111"": 1, ""11001111000"": 1}"
1468,019e10f7-323a-71b2-bde7-51b216df79e0,15,68,YYYYZZYYIXZ,ZXIYYZZYYYY,0.00048828124999999913,10,-0.9999999999999999,-0.6,0.3999999999999999,-0.0004882812499999991,-0.00029296874999999945,0.00019531249999999963,0.3999999999999999,0.00019531249999999963,"{""00010100110"": 1, ""00100111110"": 1, ""00110000000"": 1, ""00111000000"": 1, ""00111101101"": 1, ""01011010110"": 1, ""01101001101"": 1, ""01110010110"": 1, ""01110111101"": 1, ""11001010101"": 1}"
1469,019e10f7-323a-71b2-bde7-51b216df79e0,15,69,YYYYZZYYIYY,YYIYYZZYYYY,0.00048828124999999913,10,-0.9999999999999999,-0.4,0.5999999999999999,-0.0004882812499999991,-0.00019531249999999966,0.0002929687499999994,0.5999999999999999,0.0002929687499999994,"{""00001011011"": 1, ""00011111110"": 1, ""00100001110"": 1, ""01000000000"": 1, ""01001001001"": 1, ""10011011000"": 1, ""10011101101"": 1, ""11010100101"": 1, ""11100100101"": 1, ""11100101000"": 1}"
1470,019e10f7-323a-71b2-bde7-51b216df79e0,15,70,YYYYZZYYZII,IIZYYZZYYYY,0.00048828124999999913,10,-0.9999999999999999,0.0,0.9999999999999999,-0.0004882812499999991,0.0,0.0004882812499999991,0.9999999999999999,0.0004882812499999991,"{""00001101000"": 1, ""00010011000"": 1, ""01011001011"": 1, ""01011010100"": 1, ""01101001101"": 1, ""10001100101"": 1, ""10101100011"": 1, ""11001010110"": 1, ""11010001001"": 1, ""11101000011"": 1}"
1471,019e10f7-323a-71b2-bde7-51b216df79e0,15,71,YYYYZZYYZZX,XZZYYZZYYYY,0.00048828124999999913,10,-0.9999999999999999,-0.6,0.3999999999999999,-0.0004882812499999991,-0.00029296874999999945,0.00019531249999999963,0.3999999999999999,0.00019531249999999963,"{""00100110011"": 1, ""01000001100"": 1, ""01101001111"": 1, ""01110111100"": 1, ""10011010100"": 1, ""10011101001"": 1, ""10101100100"": 1, ""11010000000"": 1, ""11100011100"": 1, ""11101111101"": 1}"
1472,019e10f7-323a-71b2-bde7-51b216df79e0,15,72,YYZZIIIIIII,IIIIIIIZZYY,-0.00048828124999999913,10,0.9999999999999999,0.6,-0.3999999999999999,-0.0004882812499999991,-0.00029296874999999945,0.00019531249999999963,0.3999999999999999,0.00019531249999999963,"{""01100010010"": 1, ""01100100000"": 1, ""01100101110"": 1, ""01101011010"": 1, ""10001001011"": 1, ""10010101100"": 1, ""10111011010"": 1, ""11110011010"": 1, ""11110110000"": 1, ""11111110011"": 1}"
1473,019e10f7-323a-71b2-bde7-51b216df79e0,15,73,YYZZIIIIIZX,XZIIIIIZZYY,-0.00048828124999999913,10,0.9999999999999999,0.6,-0.3999999999999999,-0.0004882812499999991,-0.00029296874999999945,0.00019531249999999963,0.3999999999999999,0.00019531249999999963,"{""00000100000"": 1, ""00110000000"": 1, ""00111100011"": 1, ""00111110100"": 1, ""01001011000"": 1, ""01101001111"": 1, ""10011100100"": 1, ""10100111100"": 1, ""11000111011"": 1, ""11100001111"": 1}"
1474,019e10f7-323a-71b2-bde7-51b216df79e0,15,74,YYZZIIIIZXZ,ZXZIIIIZZYY,-0.00048828124999999913,10,0.9999999999999999,1.0,1.1102230246251565e-16,-0.0004882812499999991,-0.00048828124999999913,-5.421010862427522e-20,1.1102230246251565e-16,5.421010862427522e-20,"{""00001101101"": 1, ""00110110000"": 1, ""00111111011"": 1, ""01011011101"": 1, ""01011100101"": 1, ""01100000101"": 1, ""10100000011"": 1, ""10101011101"": 1, ""11000110110"": 1, ""11001110000"": 1}"
1475,019e10f7-323a-71b2-bde7-51b216df79e0,15,75,YYZZIIIIZYY,YYZIIIIZZYY,-0.00048828124999999913,10,0.9999999999999999,0.8,-0.19999999999999984,-0.0004882812499999991,-0.0003906249999999993,9.765624999999976e-05,0.19999999999999984,9.765624999999976e-05,"{""00110101011"": 1, ""01011001011"": 1, ""01101101011"": 1, ""01101110110"": 1, ""01110011011"": 1, ""10011011000"": 1, ""11001000011"": 1, ""11001010000"": 1, ""11111001000"": 1, ""11111111000"": 1}"
1476,019e10f7-323a-71b2-bde7-51b216df79e0,15,76,YYZZIIIZXIX,XIXZIIIZZYY,-0.00048828124999999913,10,0.9999999999999999,0.2,-0.7999999999999998,-0.0004882812499999991,-9.765624999999983e-05,0.00039062499999999926,0.7999999999999998,0.00039062499999999926,"{""00000011011"": 1, ""00000100011"": 1, ""00001000111"": 1, ""00111011101"": 1, ""01010101011"": 1, ""01100000111"": 1, ""01101110000"": 1, ""11000010001"": 1, ""11000010111"": 1, ""11100111100"": 1}"
1477,019e10f7-323a-71b2-bde7-51b216df79e0,15,77,YYZZIIIZXZI,IZXZIIIZZYY,-0.00048828124999999913,10,0.9999999999999999,0.6,-0.3999999999999999,-0.0004882812499999991,-0.00029296874999999945,0.00019531249999999963,0.3999999999999999,0.00019531249999999963,"{""00001000110"": 1, ""00001001100"": 1, ""00100111011"": 1, ""00110110110"": 1, ""00111100110"": 1, ""01000001010"": 1, ""01101000111"": 1, ""10010111010"": 1, ""10011101010"": 1, ""11001101010"": 1}"
1478,019e10f7-323a-71b2-bde7-51b216df79e0,15,78,YYZZIIIZYXY,YXYZIIIZZYY,0.00048828124999999913,10,-0.9999999999999999,-0.6,0.3999999999999999,-0.0004882812499999991,-0.00029296874999999945,0.00019531249999999963,0.3999999999999999,0.00019531249999999963,"{""00000001011"": 1, ""01010001011"": 1, ""01011000101"": 1, ""01101100100"": 1, ""10010100001"": 1, ""10010100111"": 1, ""10010101001"": 1, ""10011010001"": 1, ""10101011110"": 1, ""11000111011"": 1}"
1479,019e10f7-323a-71b2-bde7-51b216df79e0,15,79,YYZZIIIZYYZ,ZYYZIIIZZYY,-0.00048828124999999913,10,0.9999999999999999,0.8,-0.19999999999999984,-0.0004882812499999991,-0.0003906249999999993,9.765624999999976e-05,0.19999999999999984,9.765624999999976e-05,"{""01010010101"": 1, ""01100001100"": 1, ""01101101111"": 1, ""01110010110"": 1, ""10010100101"": 1, ""10011111010"": 1, ""10101001001"": 1, ""10101110101"": 1, ""11110000110"": 1, ""11110001001"": 1}"
1480,019e10f7-323a-71b2-bde7-51b216df79e0,15,80,YYZZIIZXIXZ,ZXIXZIIZZYY,-0.00048828124999999913,10,0.9999999999999999,0.2,-0.7999999999999998,-0.0004882812499999991,-9.765624999999983e-05,0.00039062499999999926,0.7999999999999998,0.00039062499999999926,"{""00000010110"": 1, ""00000110101"": 1, ""00110100011"": 1, ""01001100011"": 1, ""01011101110"": 1, ""01100110101"": 1, ""10010001101"": 1, ""10111110110"": 1, ""11010100000"": 1, ""11011010110"": 1}"
1481,019e10f7-323a-71b2-bde7-51b216df79e0,15,81,YYZZIIZXIYY,YYIXZIIZZYY,-0.00048828124999999913,10,0.9999999999999999,1.0,1.1102230246251565e-16,-0.0004882812499999991,-0.00048828124999999913,-5.421010862427522e-20,1.1102230246251565e-16,5.421010862427522e-20,"{""00001111000"": 1, ""00111000011"": 1, ""00111110101"": 1, ""01010000011"": 1, ""01010001110"": 1, ""10010100000"": 1, ""10100100000"": 1, ""10100111011"": 1, ""11000100011"": 1, ""11110100000"": 1}"
1482,019e10f7-323a-71b2-bde7-51b216df79e0,15,82,YYZZIIZXZII,IIZXZIIZZYY,-0.00048828124999999913,10,0.9999999999999999,0.8,-0.19999999999999984,-0.0004882812499999991,-0.0003906249999999993,9.765624999999976e-05,0.19999999999999984,9.765624999999976e-05,"{""00000001101"": 1, ""01010001100"": 1, ""01011101110"": 1, ""01100010110"": 1, ""01101010111"": 1, ""10000000001"": 1, ""10100010100"": 1, ""10100101101"": 1, ""11111100000"": 1, ""11111101101"": 1}"
1483,019e10f7-323a-71b2-bde7-51b216df79e0,15,83,YYZZIIZXZZX,XZZXZIIZZYY,-0.00048828124999999913,10,0.9999999999999999,0.4,-0.5999999999999999,-0.0004882812499999991,-0.00019531249999999966,0.0002929687499999994,0.5999999999999999,0.0002929687499999994,"{""00001000100"": 1, ""00110001100"": 1, ""00110100100"": 1, ""01010010100"": 1, ""01100010100"": 1, ""10000111000"": 1, ""10011001100"": 1, ""10011011000"": 1, ""10101100011"": 1, ""11110111000"": 1}"
1484,019e10f7-323a-71b2-bde7-51b216df79e0,15,84,YYZZIIZYXXY,YXXYZIIZZYY,-0.00048828124999999913,10,0.9999999999999999,0.6,-0.3999999999999999,-0.0004882812499999991,-0.00029296874999999945,0.00019531249999999963,0.3999999999999999,0.00019531249999999963,"{""00000101111"": 1, ""01100111011"": 1, ""01101000001"": 1, ""01101101100"": 1, ""01111110010"": 1, ""10100001001"": 1, ""10100001100"": 1, ""10101100101"": 1, ""11001110111"": 1, ""11110110100"": 1}"
1485,019e10f7-323a-71b2-bde7-51b216df79e0,15,85,YYZZIIZYXYZ,ZYXYZIIZZYY,0.00048828124999999913,10,-0.9999999999999999,-0.6,0.3999999999999999,-0.0004882812499999991,-0.00029296874999999945,0.00019531249999999963,0.3999999999999999,0.00019531249999999963,"{""00001001100"": 1, ""00110000101"": 1, ""00111001000"": 1, ""10010010000"": 1, ""10011011111"": 1, ""10011101110"": 1, ""10100101011"": 1, ""10101100010"": 1, ""10101101011"": 1, ""11000001000"": 1}"
1486,019e10f7-323a-71b2-bde7-51b216df79e0,15,86,YYZZIIZYYIX,XIYYZIIZZYY,-0.00048828124999999913,10,0.9999999999999999,1.0,1.1102230246251565e-16,-0.0004882812499999991,-0.00048828124999999913,-5.421010862427522e-20,1.1102230246251565e-16,5.421010862427522e-20,"{""00000000111"": 1, ""01010110011"": 1, ""01011000000"": 1, ""01011001011"": 1, ""10010001100"": 1, ""10010111000"": 1, ""10100101100"": 1, ""11000111111"": 1, ""11001000000"": 1, ""11111010100"": 1}"
1487,019e10f7-323a-71b2-bde7-51b216df79e0,15,87,YYZZIIZYYZI,IZYYZIIZZYY,-0.00048828124999999913,10,0.9999999999999999,0.8,-0.19999999999999984,-0.0004882812499999991,-0.0003906249999999993,9.765624999999976e-05,0.19999999999999984,9.765624999999976e-05,"{""00000111000"": 1, ""00001101101"": 1, ""00110100000"": 1, ""01011001010"": 1, ""10010100001"": 1, ""10011101011"": 1, ""10111100000"": 1, ""11001100001"": 1, ""11001111001"": 1, ""11110000001"": 1}"
1488,019e10f7-323a-71b2-bde7-51b216df79e0,15,88,YYZZIZXIXIX,XIXIXZIZZYY,-0.00048828124999999913,10,0.9999999999999999,0.4,-0.5999999999999999,-0.0004882812499999991,-0.00019531249999999966,0.0002929687499999994,0.5999999999999999,0.0002929687499999994,"{""00000000011"": 1, ""00001101100"": 1, ""00001110111"": 1, ""01101110000"": 1, ""01110110000"": 1, ""10011011011"": 1, ""10011110000"": 1, ""10100000000"": 1, ""10101100111"": 1, ""11110011100"": 1}"
1489,019e10f7-323a-71b2-bde7-51b216df79e0,15,89,YYZZIZXIXZI,IZXIXZIZZYY,-0.00048828124999999913,10,0.9999999999999999,0.0,-0.9999999999999999,-0.0004882812499999991,-0.0,0.0004882812499999991,0.9999999999999999,0.0004882812499999991,"{""00000000001"": 1, ""00000000110"": 1, ""01010011011"": 2, ""10010110000"": 1, ""10110011010"": 1, ""10111000111"": 1, ""11001011000"": 1, ""11011011010"": 1, ""11100101100"": 1}"
1490,019e10f7-323a-71b2-bde7-51b216df79e0,15,90,YYZZIZXIYXY,YXYIXZIZZYY,0.00048828124999999913,10,-0.9999999999999999,-0.6,0.3999999999999999,-0.0004882812499999991,-0.00029296874999999945,0.00019531249999999963,0.3999999999999999,0.00019531249999999963,"{""00000101011"": 1, ""00110010101"": 1, ""00111000001"": 1, ""00111110111"": 1, ""01010101100"": 1, ""01100010011"": 1, ""01101101100"": 1, ""01101110100"": 1, ""11000110010"": 1, ""11111011110"": 1}"
1491,019e10f7-323a-71b2-bde7-51b216df79e0,15,91,YYZZIZXIYYZ,ZYYIXZIZZYY,-0.00048828124999999913,10,0.9999999999999999,0.6,-0.3999999999999999,-0.0004882812499999991,-0.00029296874999999945,0.00019531249999999963,0.3999999999999999,0.00019531249999999963,"{""00000101001"": 1, ""00001011100"": 1, ""00010000101"": 1, ""00110101001"": 1, ""01100110011"": 1, ""10100011111"": 1, ""10101011001"": 1, ""11000000000"": 1, ""11000000001"": 1, ""11111101001"": 1}"
1492,019e10f7-323a-71b2-bde7-51b216df79e0,15,92,YYZZIZXZIII,IIIZXZIZZYY,-0.00048828124999999913,10,0.9999999999999999,0.6,-0.3999999999999999,-0.0004882812499999991,-0.00029296874999999945,0.00019531249999999963,0.3999999999999999,0.00019531249999999963,"{""00000101111"": 1, ""00001110010"": 1, ""01001001100"": 1, ""01010000101"": 1, ""01010011110"": 1, ""01100101111"": 1, ""10101001001"": 1, ""11101110100"": 1, ""11110101110"": 1, ""11111110000"": 1}"
1493,019e10f7-323a-71b2-bde7-51b216df79e0,15,93,YYZZIZXZIZX,XZIZXZIZZYY,-0.00048828124999999913,10,0.9999999999999999,0.4,-0.5999999999999999,-0.0004882812499999991,-0.00019531249999999966,0.0002929687499999994,0.5999999999999999,0.0002929687499999994,"{""00000110100"": 1, ""00001010100"": 1, ""00011011000"": 1, ""00110011000"": 1, ""01010010100"": 1, ""10010011000"": 1, ""10010011100"": 1, ""10011101000"": 1, ""11000110000"": 1, ""11110011000"": 1}"
1494,019e10f7-323a-71b2-bde7-51b216df79e0,15,94,YYZZIZXZZXZ,ZXZZXZIZZYY,-0.00048828124999999913,10,0.9999999999999999,0.4,-0.5999999999999999,-0.0004882812499999991,-0.00019531249999999966,0.0002929687499999994,0.5999999999999999,0.0002929687499999994,"{""00001011000"": 1, ""01010110011"": 1, ""01011000110"": 1, ""01011110101"": 1, ""01011111011"": 1, ""01100101101"": 1, ""10100000101"": 1, ""10110110101"": 1, ""10111011101"": 1, ""11110000000"": 1}"
1495,019e10f7-323a-71b2-bde7-51b216df79e0,15,95,YYZZIZXZZYY,YYZZXZIZZYY,-0.00048828124999999913,10,0.9999999999999999,0.8,-0.19999999999999984,-0.0004882812499999991,-0.0003906249999999993,9.765624999999976e-05,0.19999999999999984,9.765624999999976e-05,"{""00000000011"": 1, ""01101000101"": 1, ""10011101000"": 1, ""10101101000"": 1, ""11000000011"": 1, ""11000001101"": 1, ""11000101011"": 2, ""11110101011"": 1, ""11111101110"": 1}"
1496,019e10f7-323a-71b2-bde7-51b216df79e0,15,96,YYZZIZYXXXY,YXXXYZIZZYY,0.00048828124999999913,10,-0.9999999999999999,-0.4,0.5999999999999999,-0.0004882812499999991,-0.00019531249999999966,0.0002929687499999994,0.5999999999999999,0.0002929687499999994,"{""00000011100"": 1, ""00001001000"": 1, ""00110001101"": 1, ""00110010100"": 1, ""01100100100"": 1, ""10100010000"": 1, ""10101011010"": 1, ""10101101100"": 1, ""11000001000"": 1, ""11101110100"": 1}"
1497,019e10f7-323a-71b2-bde7-51b216df79e0,15,97,YYZZIZYXXYZ,ZYXXYZIZZYY,-0.00048828124999999913,10,0.9999999999999999,0.2,-0.7999999999999998,-0.0004882812499999991,-9.765624999999983e-05,0.00039062499999999926,0.7999999999999998,0.00039062499999999926,"{""00110101000"": 1, ""01001110011"": 1, ""01010000110"": 1, ""01100010001"": 1, ""01100010101"": 1, ""01100101101"": 1, ""11001100101"": 1, ""11001101110"": 1, ""11110000100"": 1, ""11111111111"": 1}"
1498,019e10f7-323a-71b2-bde7-51b216df79e0,15,98,YYZZIZYXYIX,XIYXYZIZZYY,0.00048828124999999913,10,-0.9999999999999999,-0.6,0.3999999999999999,-0.0004882812499999991,-0.00029296874999999945,0.00019531249999999963,0.3999999999999999,0.00019531249999999963,"{""00000110111"": 1, ""00001001000"": 1, ""00001110011"": 1, ""01010111011"": 1, ""01101001000"": 1, ""10010111111"": 1, ""10100001000"": 1, ""10100100000"": 1, ""10101000100"": 1, ""11000110011"": 1}"
1499,019e10f7-323a-71b2-bde7-51b216df79e0,15,99,YYZZIZYXYZI,IZYXYZIZZYY,0.00048828124999999913,10,-0.9999999999999999,-0.8,0.19999999999999984,-0.0004882812499999991,-0.0003906249999999993,9.765624999999976e-05,0.19999999999999984,9.765624999999976e-05,"{""00000100000"": 1, ""01010010111"": 1, ""01100001110"": 1, ""01101111111"": 1, ""10010110100"": 1, ""10010111001"": 1, ""10011100011"": 1, ""10101010111"": 1, ""11110000100"": 1, ""11111110101"": 1}"
1500,019e10f7-4321-7403-b2ed-b4a75d6af8d4,16,0,YYZZIZYYIXZ,ZXIYYZIZZYY,-0.00048828124999999913,10,0.9999999999999999,0.0,-0.9999999999999999,-0.0004882812499999991,-0.0,0.0004882812499999991,0.9999999999999999,0.0004882812499999991,"{""00000100101"": 1, ""00010100110"": 1, ""00110101011"": 1, ""01011100010"": 1, ""10100110000"": 1, ""10101000011"": 1, ""10111000011"": 1, ""11101110000"": 1, ""11110111011"": 1, ""11111010000"": 1}"
1501,019e10f7-4321-7403-b2ed-b4a75d6af8d4,16,1,YYZZIZYYIYY,YYIYYZIZZYY,-0.00048828124999999913,10,0.9999999999999999,0.4,-0.5999999999999999,-0.0004882812499999991,-0.00019531249999999966,0.0002929687499999994,0.5999999999999999,0.0002929687499999994,"{""00110010000"": 1, ""00110111110"": 1, ""01001000110"": 1, ""01101100101"": 1, ""10101000011"": 1, ""10111100101"": 1, ""11000001101"": 1, ""11000010110"": 1, ""11000111101"": 1, ""11111101001"": 1}"
1502,019e10f7-4321-7403-b2ed-b4a75d6af8d4,16,2,YYZZIZYYZII,IIZYYZIZZYY,-0.00048828124999999913,10,0.9999999999999999,0.4,-0.5999999999999999,-0.0004882812499999991,-0.00019531249999999966,0.0002929687499999994,0.5999999999999999,0.0002929687499999994,"{""00000001111"": 1, ""00001000011"": 1, ""00101100110"": 1, ""01010001101"": 1, ""10011000000"": 1, ""11000011111"": 1, ""11000101011"": 1, ""11110101001"": 1, ""11111011010"": 1, ""11111110111"": 1}"
1503,019e10f7-4321-7403-b2ed-b4a75d6af8d4,16,3,YYZZIZYYZZX,XZZYYZIZZYY,-0.00048828124999999913,10,0.9999999999999999,0.4,-0.5999999999999999,-0.0004882812499999991,-0.00019531249999999966,0.0002929687499999994,0.5999999999999999,0.0002929687499999994,"{""00101000000"": 1, ""00110000000"": 1, ""00111110011"": 1, ""01010000000"": 1, ""01101001100"": 1, ""11000011000"": 1, ""11001011011"": 1, ""11011000011"": 1, ""11100100100"": 1, ""11111101000"": 1}"
1504,019e10f7-4321-7403-b2ed-b4a75d6af8d4,16,4,YYZZZXIXIXZ,ZXIXIXZZZYY,-0.00048828124999999913,10,0.9999999999999999,0.6,-0.3999999999999999,-0.0004882812499999991,-0.00029296874999999945,0.00019531249999999963,0.3999999999999999,0.00019531249999999963,"{""00000111011"": 1, ""00111101101"": 1, ""01101101101"": 1, ""10100111011"": 1, ""10101100011"": 1, ""10101100110"": 1, ""11000110110"": 1, ""11001011001"": 1, ""11110000011"": 1, ""11111101110"": 1}"
1505,019e10f7-4321-7403-b2ed-b4a75d6af8d4,16,5,YYZZZXIXIYY,YYIXIXZZZYY,-0.00048828124999999913,10,0.9999999999999999,0.2,-0.7999999999999998,-0.0004882812499999991,-9.765624999999983e-05,0.00039062499999999926,0.7999999999999998,0.00039062499999999926,"{""00110110101"": 1, ""00110110110"": 1, ""01010110101"": 1, ""01100111011"": 1, ""01110001101"": 1, ""10100101110"": 1, ""10101010110"": 1, ""10110110110"": 1, ""10111100011"": 1, ""11111100000"": 1}"
1506,019e10f7-4321-7403-b2ed-b4a75d6af8d4,16,6,YYZZZXIXZII,IIZXIXZZZYY,-0.00048828124999999913,10,0.9999999999999999,0.4,-0.5999999999999999,-0.0004882812499999991,-0.00019531249999999966,0.0002929687499999994,0.5999999999999999,0.0002929687499999994,"{""00000001110"": 1, ""00000110100"": 1, ""00000111001"": 1, ""01010110100"": 1, ""01100001001"": 1, ""01100111001"": 1, ""11000101111"": 1, ""11000111010"": 1, ""11010010101"": 1, ""11100110101"": 1}"
1507,019e10f7-4321-7403-b2ed-b4a75d6af8d4,16,7,YYZZZXIXZZX,XZZXIXZZZYY,-0.00048828124999999913,10,0.9999999999999999,0.2,-0.7999999999999998,-0.0004882812499999991,-9.765624999999983e-05,0.00039062499999999926,0.7999999999999998,0.00039062499999999926,"{""00000000011"": 1, ""00001010100"": 1, ""00101011000"": 1, ""01011011011"": 1, ""01101010100"": 1, ""10011101110"": 1, ""11000111000"": 1, ""11000111011"": 1, ""11001101011"": 1, ""11011100011"": 1}"
1508,019e10f7-4321-7403-b2ed-b4a75d6af8d4,16,8,YYZZZXIYXXY,YXXYIXZZZYY,-0.00048828124999999913,10,0.9999999999999999,0.6,-0.3999999999999999,-0.0004882812499999991,-0.00029296874999999945,0.00019531249999999963,0.3999999999999999,0.00019531249999999963,"{""00000111011"": 1, ""00001101010"": 1, ""00010110010"": 1, ""01011100101"": 1, ""01111100000"": 1, ""10010000011"": 1, ""10100111000"": 1, ""10101011011"": 1, ""11000100010"": 1, ""11001101001"": 1}"
1509,019e10f7-4321-7403-b2ed-b4a75d6af8d4,16,9,YYZZZXIYXYZ,ZYXYIXZZZYY,0.00048828124999999913,10,-0.9999999999999999,-0.6,0.3999999999999999,-0.0004882812499999991,-0.00029296874999999945,0.00019531249999999963,0.3999999999999999,0.00019531249999999963,"{""00101010011"": 1, ""00111101011"": 1, ""01010000010"": 1, ""01100111001"": 1, ""01101010011"": 1, ""10010001000"": 1, ""10011010000"": 1, ""11100001110"": 1, ""11110000111"": 1, ""11110110011"": 1}"
1510,019e10f7-4321-7403-b2ed-b4a75d6af8d4,16,10,YYZZZXIYYIX,XIYYIXZZZYY,-0.00048828124999999913,10,0.9999999999999999,0.4,-0.5999999999999999,-0.0004882812499999991,-0.00019531249999999966,0.0002929687499999994,0.5999999999999999,0.0002929687499999994,"{""00001010100"": 1, ""00110110100"": 1, ""10000111000"": 1, ""10011010100"": 1, ""10100001011"": 1, ""11000110011"": 1, ""11001011111"": 1, ""11001100000"": 1, ""11110001000"": 1, ""11111011110"": 1}"
1511,019e10f7-4321-7403-b2ed-b4a75d6af8d4,16,11,YYZZZXIYYZI,IZYYIXZZZYY,-0.00048828124999999913,10,0.9999999999999999,0.6,-0.3999999999999999,-0.0004882812499999991,-0.00029296874999999945,0.00019531249999999963,0.3999999999999999,0.00019531249999999963,"{""00001010100"": 1, ""00110110010"": 1, ""01010001101"": 1, ""01010011000"": 1, ""10101011000"": 1, ""11000110011"": 1, ""11000111110"": 1, ""11001010100"": 1, ""11111010010"": 1, ""11111011011"": 1}"
1512,019e10f7-4321-7403-b2ed-b4a75d6af8d4,16,12,YYZZZXZIIII,IIIIZXZZZYY,-0.00048828124999999913,10,0.9999999999999999,1.0,1.1102230246251565e-16,-0.0004882812499999991,-0.00048828124999999913,-5.421010862427522e-20,1.1102230246251565e-16,5.421010862427522e-20,"{""00000110110"": 1, ""00000111011"": 1, ""00001010101"": 1, ""00001101100"": 1, ""01011011001"": 1, ""10010000000"": 1, ""10011100001"": 1, ""10011101000"": 1, ""11001101101"": 1, ""11111101001"": 1}"
1513,019e10f7-4321-7403-b2ed-b4a75d6af8d4,16,13,YYZZZXZIIZX,XZIIZXZZZYY,-0.00048828124999999913,10,0.9999999999999999,0.4,-0.5999999999999999,-0.0004882812499999991,-0.00019531249999999966,0.0002929687499999994,0.5999999999999999,0.0002929687499999994,"{""00001011011"": 1, ""00001101100"": 1, ""01010000011"": 1, ""01011011111"": 1, ""01100000000"": 1, ""01100001100"": 1, ""10100010011"": 1, ""11101100011"": 1, ""11110111111"": 1, ""11111100010"": 1}"
1514,019e10f7-4321-7403-b2ed-b4a75d6af8d4,16,14,YYZZZXZIZXZ,ZXZIZXZZZYY,-0.00048828124999999913,10,0.9999999999999999,0.8,-0.19999999999999984,-0.0004882812499999991,-0.0003906249999999993,9.765624999999976e-05,0.19999999999999984,9.765624999999976e-05,"{""00001010101"": 1, ""00110100011"": 1, ""00111010000"": 1, ""01011010000"": 1, ""01100000011"": 1, ""01100001011"": 1, ""10010000000"": 1, ""10010000110"": 1, ""10101011110"": 1, ""11111100000"": 1}"
1515,019e10f7-4321-7403-b2ed-b4a75d6af8d4,16,15,YYZZZXZIZYY,YYZIZXZZZYY,-0.00048828124999999913,10,0.9999999999999999,0.0,-0.9999999999999999,-0.0004882812499999991,-0.0,0.0004882812499999991,0.9999999999999999,0.0004882812499999991,"{""00000000001"": 1, ""00000000111"": 1, ""00110110110"": 1, ""00111100101"": 1, ""01011100100"": 1, ""01100100110"": 1, ""10010110000"": 1, ""10101100101"": 1, ""11000000000"": 1, ""11110010101"": 1}"
1516,019e10f7-4321-7403-b2ed-b4a75d6af8d4,16,16,YYZZZXZZXIX,XIXZZXZZZYY,-0.00048828124999999913,10,0.9999999999999999,-0.2,-1.2,-0.0004882812499999991,9.765624999999983e-05,0.0005859374999999989,1.2,0.0005859374999999989,"{""01011101011"": 1, ""10101011011"": 1, ""10101011111"": 1, ""10101100011"": 1, ""11000111100"": 1, ""11010001011"": 1, ""11101010111"": 1, ""11110110100"": 1, ""11111101100"": 1, ""11111110000"": 1}"
1517,019e10f7-4321-7403-b2ed-b4a75d6af8d4,16,17,YYZZZXZZXZI,IZXZZXZZZYY,-0.00048828124999999913,10,0.9999999999999999,0.2,-0.7999999999999998,-0.0004882812499999991,-9.765624999999983e-05,0.00039062499999999926,0.7999999999999998,0.00039062499999999926,"{""01110111100"": 1, ""01110111101"": 1, ""10010110101"": 1, ""10011100110"": 1, ""10101010010"": 1, ""10101100001"": 1, ""10101100110"": 1, ""11110111010"": 1, ""11110111100"": 1, ""11111010110"": 1}"
1518,019e10f7-4321-7403-b2ed-b4a75d6af8d4,16,18,YYZZZXZZYXY,YXYZZXZZZYY,0.00048828124999999913,10,-0.9999999999999999,-0.6,0.3999999999999999,-0.0004882812499999991,-0.00029296874999999945,0.00019531249999999963,0.3999999999999999,0.00019531249999999963,"{""00000000111"": 1, ""00001011101"": 1, ""00001101100"": 1, ""00110000111"": 1, ""01011010010"": 1, ""01011100111"": 1, ""01101010110"": 1, ""10101101000"": 1, ""11001011011"": 1, ""11110111011"": 1}"
1519,019e10f7-4321-7403-b2ed-b4a75d6af8d4,16,19,YYZZZXZZYYZ,ZYYZZXZZZYY,-0.00048828124999999913,10,0.9999999999999999,0.2,-0.7999999999999998,-0.0004882812499999991,-9.765624999999983e-05,0.00039062499999999926,0.7999999999999998,0.00039062499999999926,"{""00000111001"": 1, ""00001011100"": 1, ""00010001100"": 1, ""00010110101"": 1, ""00111101111"": 1, ""10010110110"": 1, ""10101010010"": 1, ""10110001010"": 1, ""11001010000"": 1, ""11111101001"": 1}"
1520,019e10f7-4321-7403-b2ed-b4a75d6af8d4,16,20,YYZZZYXXXXY,YXXXXYZZZYY,-0.00048828124999999913,10,0.9999999999999999,0.2,-0.7999999999999998,-0.0004882812499999991,-9.765624999999983e-05,0.00039062499999999926,0.7999999999999998,0.00039062499999999926,"{""00000101110"": 1, ""00111010110"": 1, ""01001011100"": 1, ""01011000100"": 1, ""10000011101"": 1, ""10100010000"": 1, ""10100011011"": 1, ""11000000110"": 2, ""11010101000"": 1}"
1521,019e10f7-4321-7403-b2ed-b4a75d6af8d4,16,21,YYZZZYXXXYZ,ZYXXXYZZZYY,0.00048828124999999913,10,-0.9999999999999999,-0.4,0.5999999999999999,-0.0004882812499999991,-0.00019531249999999966,0.0002929687499999994,0.5999999999999999,0.0002929687499999994,"{""00100100110"": 1, ""01010101001"": 1, ""01011000101"": 1, ""01011010010"": 1, ""01011011101"": 1, ""01100011010"": 1, ""10100000000"": 1, ""11001100011"": 1, ""11110101111"": 1, ""11110111110"": 1}"
1522,019e10f7-4321-7403-b2ed-b4a75d6af8d4,16,22,YYZZZYXXYIX,XIYXXYZZZYY,-0.00048828124999999913,10,0.9999999999999999,0.2,-0.7999999999999998,-0.0004882812499999991,-9.765624999999983e-05,0.00039062499999999926,0.7999999999999998,0.00039062499999999926,"{""00000111100"": 1, ""00010011000"": 1, ""00110110011"": 1, ""01011011100"": 1, ""11001001000"": 1, ""11001100111"": 1, ""11001101100"": 1, ""11001110111"": 1, ""11100010011"": 1, ""11110101000"": 1}"
1523,019e10f7-4321-7403-b2ed-b4a75d6af8d4,16,23,YYZZZYXXYZI,IZYXXYZZZYY,-0.00048828124999999913,10,0.9999999999999999,0.6,-0.3999999999999999,-0.0004882812499999991,-0.00029296874999999945,0.00019531249999999963,0.3999999999999999,0.00019531249999999963,"{""00000110010"": 1, ""00111101101"": 1, ""01010001011"": 1, ""01100101111"": 1, ""10100011000"": 1, ""10100011111"": 1, ""10100100000"": 1, ""10110110011"": 1, ""11000011001"": 1, ""11110010101"": 1}"
1524,019e10f7-4321-7403-b2ed-b4a75d6af8d4,16,24,YYZZZYXYIXZ,ZXIYXYZZZYY,0.00048828124999999913,10,-0.9999999999999999,0.0,0.9999999999999999,-0.0004882812499999991,0.0,0.0004882812499999991,0.9999999999999999,0.0004882812499999991,"{""00001011110"": 1, ""00001100110"": 1, ""00110011011"": 1, ""01010001000"": 1, ""01100001110"": 1, ""01111100101"": 1, ""10011000000"": 1, ""10100101101"": 1, ""10101011001"": 1, ""11110001011"": 1}"
1525,019e10f7-4321-7403-b2ed-b4a75d6af8d4,16,25,YYZZZYXYIYY,YYIYXYZZZYY,0.00048828124999999913,10,-0.9999999999999999,0.0,0.9999999999999999,-0.0004882812499999991,0.0,0.0004882812499999991,0.9999999999999999,0.0004882812499999991,"{""00001011011"": 1, ""00010000101"": 1, ""00110101101"": 1, ""10001101011"": 1, ""10001101101"": 1, ""10011101011"": 1, ""10100000110"": 1, ""11100111000"": 1, ""11101100110"": 1, ""11110110011"": 1}"
1526,019e10f7-4321-7403-b2ed-b4a75d6af8d4,16,26,YYZZZYXYZII,IIZYXYZZZYY,0.00048828124999999913,10,-0.9999999999999999,-0.6,0.3999999999999999,-0.0004882812499999991,-0.00029296874999999945,0.00019531249999999963,0.3999999999999999,0.00019531249999999963,"{""00001001101"": 1, ""00011011011"": 1, ""00110100000"": 1, ""00111100100"": 1, ""01101010111"": 1, ""10001000010"": 1, ""10100111011"": 1, ""11001001110"": 1, ""11001011001"": 1, ""11111111111"": 1}"
1527,019e10f7-4321-7403-b2ed-b4a75d6af8d4,16,27,YYZZZYXYZZX,XZZYXYZZZYY,0.00048828124999999913,10,-0.9999999999999999,-0.2,0.7999999999999998,-0.0004882812499999991,-9.765624999999983e-05,0.00039062499999999926,0.7999999999999998,0.00039062499999999926,"{""00110001000"": 1, ""01010111011"": 1, ""01100101000"": 1, ""01101100011"": 1, ""10000001000"": 1, ""10010011100"": 1, ""10100101111"": 1, ""10111011001"": 1, ""11100011100"": 1, ""11111100111"": 1}"
1528,019e10f7-4321-7403-b2ed-b4a75d6af8d4,16,28,YYZZZYYIXIX,XIXIYYZZZYY,-0.00048828124999999913,10,0.9999999999999999,0.6,-0.3999999999999999,-0.0004882812499999991,-0.00029296874999999945,0.00019531249999999963,0.3999999999999999,0.00019531249999999963,"{""00110011100"": 1, ""00111111100"": 1, ""01010000111"": 1, ""01010011100"": 1, ""01100101011"": 1, ""10010101011"": 1, ""10010111011"": 1, ""10011001100"": 1, ""11000110111"": 1, ""11011001100"": 1}"
1529,019e10f7-4321-7403-b2ed-b4a75d6af8d4,16,29,YYZZZYYIXZI,IZXIYYZZZYY,-0.00048828124999999913,10,0.9999999999999999,0.8,-0.19999999999999984,-0.0004882812499999991,-0.0003906249999999993,9.765624999999976e-05,0.19999999999999984,9.765624999999976e-05,"{""00010011000"": 1, ""00110101101"": 1, ""00111111101"": 1, ""01000111101"": 1, ""01011111101"": 1, ""01110000110"": 1, ""10010000001"": 1, ""10100101101"": 2, ""11110011011"": 1}"
1530,019e10f7-4321-7403-b2ed-b4a75d6af8d4,16,30,YYZZZYYIYXY,YXYIYYZZZYY,0.00048828124999999913,10,-0.9999999999999999,-0.6,0.3999999999999999,-0.0004882812499999991,-0.00029296874999999945,0.00019531249999999963,0.3999999999999999,0.00019531249999999963,"{""00000110010"": 1, ""01011001000"": 1, ""01011110001"": 1, ""01100101000"": 1, ""01100101011"": 1, ""10001001000"": 1, ""10010000111"": 1, ""10101001011"": 1, ""11001100100"": 1, ""11111010111"": 1}"
1531,019e10f7-4321-7403-b2ed-b4a75d6af8d4,16,31,YYZZZYYIYYZ,ZYYIYYZZZYY,-0.00048828124999999913,10,0.9999999999999999,0.2,-0.7999999999999998,-0.0004882812499999991,-9.765624999999983e-05,0.00039062499999999926,0.7999999999999998,0.00039062499999999926,"{""00000110000"": 1, ""00001010000"": 1, ""00110011111"": 1, ""01110011010"": 1, ""10001010001"": 1, ""10011010100"": 1, ""10101010000"": 1, ""11001001000"": 1, ""11011110010"": 1, ""11111111111"": 1}"
1532,019e10f7-4321-7403-b2ed-b4a75d6af8d4,16,32,YYZZZYYZIII,IIIZYYZZZYY,-0.00048828124999999913,10,0.9999999999999999,1.0,1.1102230246251565e-16,-0.0004882812499999991,-0.00048828124999999913,-5.421010862427522e-20,1.1102230246251565e-16,5.421010862427522e-20,"{""01100000001"": 1, ""10000001001"": 1, ""10100000111"": 1, ""11000110011"": 1, ""11001001000"": 1, ""11001001001"": 1, ""11001100000"": 1, ""11110000000"": 1, ""11110101011"": 1, ""11111111101"": 1}"
1533,019e10f7-4321-7403-b2ed-b4a75d6af8d4,16,33,YYZZZYYZIZX,XZIZYYZZZYY,-0.00048828124999999913,10,0.9999999999999999,0.6,-0.3999999999999999,-0.0004882812499999991,-0.00029296874999999945,0.00019531249999999963,0.3999999999999999,0.00019531249999999963,"{""00001001111"": 1, ""00001100100"": 1, ""00110000100"": 1, ""01010101100"": 1, ""01010111011"": 1, ""01100000111"": 1, ""01100010100"": 1, ""10011111011"": 1, ""10100011100"": 1, ""11110110011"": 1}"
1534,019e10f7-4321-7403-b2ed-b4a75d6af8d4,16,34,YYZZZYYZZXZ,ZXZZYYZZZYY,-0.00048828124999999913,10,0.9999999999999999,0.6,-0.3999999999999999,-0.0004882812499999991,-0.00029296874999999945,0.00019531249999999963,0.3999999999999999,0.00019531249999999963,"{""00001100010"": 1, ""00110110000"": 1, ""00110110110"": 1, ""01010101110"": 1, ""10010101000"": 1, ""10010110110"": 1, ""10011010000"": 1, ""10100011101"": 1, ""11110011011"": 1, ""11110100011"": 1}"
1535,019e10f7-4321-7403-b2ed-b4a75d6af8d4,16,35,YYZZZYYZZYY,YYZZYYZZZYY,-0.00048828124999999913,10,0.9999999999999999,0.2,-0.7999999999999998,-0.0004882812499999991,-9.765624999999983e-05,0.00039062499999999926,0.7999999999999998,0.00039062499999999926,"{""00000110101"": 1, ""00110000001"": 1, ""00110011011"": 1, ""00110101000"": 1, ""01110011000"": 1, ""10010100110"": 1, ""10010110101"": 1, ""10011001111"": 1, ""11110101000"": 1, ""11110101011"": 1}"
1536,019e10f7-4321-7403-b2ed-b4a75d6af8d4,16,36,ZXIZXIXIXIX,XIXIXIXZIXZ,-0.00048828124999999913,10,0.9999999999999999,0.8,-0.19999999999999984,-0.0004882812499999991,-0.0003906249999999993,9.765624999999976e-05,0.19999999999999984,9.765624999999976e-05,"{""00000011101"": 1, ""00110101100"": 1, ""01010000111"": 1, ""01100101100"": 1, ""01101000111"": 1, ""10011110111"": 1, ""10100110000"": 1, ""10101011100"": 1, ""11110110111"": 1, ""11111000000"": 1}"
1537,019e10f7-4321-7403-b2ed-b4a75d6af8d4,16,37,ZXIZXIXIXZI,IZXIXIXZIXZ,-0.00048828124999999913,10,0.9999999999999999,0.2,-0.7999999999999998,-0.0004882812499999991,-9.765624999999983e-05,0.00039062499999999926,0.7999999999999998,0.00039062499999999926,"{""00000000110"": 1, ""00001110101"": 1, ""00110110110"": 1, ""01001101101"": 1, ""01010011100"": 1, ""01100000001"": 1, ""01100101011"": 1, ""10101011101"": 1, ""11001110001"": 1, ""11111011110"": 1}"
1538,019e10f7-4321-7403-b2ed-b4a75d6af8d4,16,38,ZXIZXIXIYXY,YXYIXIXZIXZ,0.00048828124999999913,10,-0.9999999999999999,-0.6,0.3999999999999999,-0.0004882812499999991,-0.00029296874999999945,0.00019531249999999963,0.3999999999999999,0.00019531249999999963,"{""00001101011"": 1, ""00111000010"": 1, ""01000011110"": 1, ""01011011111"": 1, ""10011110111"": 1, ""11001110011"": 1, ""11110110111"": 2, ""11111000111"": 1, ""11111011000"": 1}"
1539,019e10f7-4321-7403-b2ed-b4a75d6af8d4,16,39,ZXIZXIXIYYZ,ZYYIXIXZIXZ,-0.00048828124999999913,10,0.9999999999999999,0.4,-0.5999999999999999,-0.0004882812499999991,-0.00019531249999999966,0.0002929687499999994,0.5999999999999999,0.0002929687499999994,"{""00000101010"": 1, ""00001101100"": 1, ""00111000011"": 1, ""01100101010"": 1, ""10101000101"": 1, ""11000000110"": 1, ""11000110000"": 1, ""11001101001"": 1, ""11010101001"": 1, ""11111000100"": 1}"
1540,019e10f7-4321-7403-b2ed-b4a75d6af8d4,16,40,ZXIZXIXZIII,IIIZXIXZIXZ,-0.00048828124999999913,10,0.9999999999999999,0.6,-0.3999999999999999,-0.0004882812499999991,-0.00029296874999999945,0.00019531249999999963,0.3999999999999999,0.00019531249999999963,"{""01010000010"": 1, ""01010000110"": 1, ""01100110101"": 2, ""10010011110"": 1, ""10100101111"": 1, ""11100101100"": 1, ""11110101101"": 1, ""11111011110"": 1, ""11111110011"": 1}"
1541,019e10f7-4321-7403-b2ed-b4a75d6af8d4,16,41,ZXIZXIXZIZX,XZIZXIXZIXZ,-0.00048828124999999913,10,0.9999999999999999,0.2,-0.7999999999999998,-0.0004882812499999991,-9.765624999999983e-05,0.00039062499999999926,0.7999999999999998,0.00039062499999999926,"{""00001110011"": 1, ""00111011111"": 1, ""01000011100"": 1, ""10000101111"": 1, ""10010000000"": 1, ""10011011100"": 2, ""10100101111"": 1, ""11000000111"": 1, ""11010011100"": 1}"
1542,019e10f7-4321-7403-b2ed-b4a75d6af8d4,16,42,ZXIZXIXZZXZ,ZXZZXIXZIXZ,-0.00048828124999999913,10,0.9999999999999999,0.4,-0.5999999999999999,-0.0004882812499999991,-0.00019531249999999966,0.0002929687499999994,0.5999999999999999,0.0002929687499999994,"{""00000000011"": 1, ""00010000101"": 1, ""01010011110"": 1, ""01010110000"": 1, ""01011110101"": 1, ""01100101011"": 1, ""01100101101"": 1, ""10100110101"": 1, ""10101011101"": 1, ""11000001011"": 1}"
1543,019e10f7-4321-7403-b2ed-b4a75d6af8d4,16,43,ZXIZXIXZZYY,YYZZXIXZIXZ,-0.00048828124999999913,10,0.9999999999999999,0.4,-0.5999999999999999,-0.0004882812499999991,-0.00019531249999999966,0.0002929687499999994,0.5999999999999999,0.0002929687499999994,"{""00110101011"": 1, ""00110101110"": 1, ""00110111100"": 1, ""01011111000"": 1, ""01101010110"": 1, ""10010011101"": 1, ""10011110110"": 1, ""10100110000"": 1, ""11110100011"": 1, ""11110101011"": 1}"
1544,019e10f7-4321-7403-b2ed-b4a75d6af8d4,16,44,ZXIZXIYXXXY,YXXXYIXZIXZ,0.00048828124999999913,10,-0.9999999999999999,-0.6,0.3999999999999999,-0.0004882812499999991,-0.00029296874999999945,0.00019531249999999963,0.3999999999999999,0.00019531249999999963,"{""00110100011"": 1, ""00111001110"": 2, ""01100000111"": 1, ""10100001100"": 1, ""10100111100"": 1, ""11001101100"": 1, ""11001111101"": 1, ""11110101001"": 1, ""11110101111"": 1}"
1545,019e10f7-4321-7403-b2ed-b4a75d6af8d4,16,45,ZXIZXIYXXYZ,ZYXXYIXZIXZ,-0.00048828124999999913,10,0.9999999999999999,0.4,-0.5999999999999999,-0.0004882812499999991,-0.00019531249999999966,0.0002929687499999994,0.5999999999999999,0.0002929687499999994,"{""00000011110"": 1, ""00111100010"": 1, ""01110111111"": 1, ""10011110101"": 1, ""10011111111"": 1, ""10101001100"": 1, ""10101010111"": 1, ""10111001111"": 1, ""11000010111"": 1, ""11111110010"": 1}"
1546,019e10f7-4321-7403-b2ed-b4a75d6af8d4,16,46,ZXIZXIYXYIX,XIYXYIXZIXZ,0.00048828124999999913,10,-0.9999999999999999,-0.6,0.3999999999999999,-0.0004882812499999991,-0.00029296874999999945,0.00019531249999999963,0.3999999999999999,0.00019531249999999963,"{""00000000111"": 1, ""00110101100"": 1, ""00110110011"": 1, ""01011001000"": 1, ""10000001011"": 1, ""11000001000"": 1, ""11000011100"": 1, ""11001101011"": 1, ""11110100111"": 1, ""11110111000"": 1}"
1547,019e10f7-4321-7403-b2ed-b4a75d6af8d4,16,47,ZXIZXIYXYZI,IZYXYIXZIXZ,0.00048828124999999913,10,-0.9999999999999999,-0.4,0.5999999999999999,-0.0004882812499999991,-0.00019531249999999966,0.0002929687499999994,0.5999999999999999,0.0002929687499999994,"{""00001010011"": 1, ""00010001000"": 1, ""01011101011"": 1, ""01101001110"": 1, ""10010000101"": 1, ""10100111111"": 1, ""11100001000"": 1, ""11110011100"": 1, ""11110100000"": 1, ""11111100110"": 1}"
1548,019e10f7-4321-7403-b2ed-b4a75d6af8d4,16,48,ZXIZXIYYIXZ,ZXIYYIXZIXZ,-0.00048828124999999913,10,0.9999999999999999,0.6,-0.3999999999999999,-0.0004882812499999991,-0.00029296874999999945,0.00019531249999999963,0.3999999999999999,0.00019531249999999963,"{""00100011000"": 1, ""00110110000"": 1, ""01010011000"": 1, ""01101010110"": 1, ""01101110011"": 1, ""10011100101"": 1, ""11001100101"": 1, ""11001101011"": 1, ""11010011000"": 1, ""11101101000"": 1}"
1549,019e10f7-4321-7403-b2ed-b4a75d6af8d4,16,49,ZXIZXIYYIYY,YYIYYIXZIXZ,-0.00048828124999999913,10,0.9999999999999999,0.0,-0.9999999999999999,-0.0004882812499999991,-0.0,0.0004882812499999991,0.9999999999999999,0.0004882812499999991,"{""00001100101"": 1, ""01011101101"": 1, ""01011110001"": 1, ""01101010101"": 1, ""01110100110"": 1, ""10010000011"": 1, ""10010010101"": 1, ""10010101011"": 1, ""10100110011"": 1, ""11000011101"": 1}"
1550,019e10f7-4321-7403-b2ed-b4a75d6af8d4,16,50,ZXIZXIYYZII,IIZYYIXZIXZ,-0.00048828124999999913,10,0.9999999999999999,-0.2,-1.2,-0.0004882812499999991,9.765624999999983e-05,0.0005859374999999989,1.2,0.0005859374999999989,"{""00001000011"": 1, ""00011101010"": 1, ""00111001101"": 1, ""01000011001"": 1, ""01010001110"": 1, ""01010010011"": 1, ""10011100100"": 1, ""10100111111"": 1, ""10101110011"": 1, ""11001001100"": 1}"
1551,019e10f7-4321-7403-b2ed-b4a75d6af8d4,16,51,ZXIZXIYYZZX,XZZYYIXZIXZ,-0.00048828124999999913,10,0.9999999999999999,0.4,-0.5999999999999999,-0.0004882812499999991,-0.00019531249999999966,0.0002929687499999994,0.5999999999999999,0.0002929687499999994,"{""01000010100"": 1, ""01011110000"": 1, ""01011110011"": 1, ""01100110000"": 1, ""01101000000"": 1, ""10000001111"": 1, ""10010000011"": 1, ""11000001100"": 1, ""11000011000"": 1, ""11011100100"": 1}"
1552,019e10f7-4321-7403-b2ed-b4a75d6af8d4,16,52,ZXIZXZIIIII,IIIIIZXZIXZ,-0.00048828124999999913,10,0.9999999999999999,0.8,-0.19999999999999984,-0.0004882812499999991,-0.0003906249999999993,9.765624999999976e-05,0.19999999999999984,9.765624999999976e-05,"{""00001100111"": 1, ""00110000000"": 1, ""00110101110"": 1, ""00111010010"": 1, ""10011100111"": 1, ""10101001010"": 1, ""10101001100"": 1, ""10101010110"": 1, ""11110100010"": 1, ""11110101100"": 1}"
1553,019e10f7-4321-7403-b2ed-b4a75d6af8d4,16,53,ZXIZXZIIIZX,XZIIIZXZIXZ,-0.00048828124999999913,10,0.9999999999999999,0.4,-0.5999999999999999,-0.0004882812499999991,-0.00019531249999999966,0.0002929687499999994,0.5999999999999999,0.0002929687499999994,"{""00001100100"": 1, ""01110110011"": 1, ""10100101111"": 1, ""10100111011"": 1, ""10101011111"": 1, ""11001100000"": 1, ""11110011100"": 1, ""11110011111"": 1, ""11110111000"": 1, ""11111011111"": 1}"
1554,019e10f7-4321-7403-b2ed-b4a75d6af8d4,16,54,ZXIZXZIIZXZ,ZXZIIZXZIXZ,-0.00048828124999999913,10,0.9999999999999999,0.6,-0.3999999999999999,-0.0004882812499999991,-0.00029296874999999945,0.00019531249999999963,0.3999999999999999,0.00019531249999999963,"{""00000101101"": 1, ""01010000101"": 1, ""01010001101"": 1, ""01010011110"": 1, ""01011100000"": 1, ""01101000011"": 1, ""10100101000"": 1, ""11001100101"": 1, ""11111001101"": 1, ""11111101101"": 1}"
1555,019e10f7-4321-7403-b2ed-b4a75d6af8d4,16,55,ZXIZXZIIZYY,YYZIIZXZIXZ,-0.00048828124999999913,10,0.9999999999999999,0.4,-0.5999999999999999,-0.0004882812499999991,-0.00019531249999999966,0.0002929687499999994,0.5999999999999999,0.0002929687499999994,"{""00110100000"": 1, ""00110101011"": 1, ""10100000011"": 1, ""10101000000"": 1, ""10101001110"": 1, ""11000000000"": 1, ""11000010000"": 1, ""11101000000"": 1, ""11110111011"": 1, ""11111011010"": 1}"
1556,019e10f7-4321-7403-b2ed-b4a75d6af8d4,16,56,ZXIZXZIZXIX,XIXZIZXZIXZ,-0.00048828124999999913,10,0.9999999999999999,0.4,-0.5999999999999999,-0.0004882812499999991,-0.00019531249999999966,0.0002929687499999994,0.5999999999999999,0.0002929687499999994,"{""00010000000"": 1, ""00111000000"": 2, ""10001101100"": 1, ""10010010111"": 1, ""10011101100"": 1, ""10011110100"": 1, ""10100101100"": 1, ""10110010111"": 1, ""11001110111"": 1}"
1557,019e10f7-4321-7403-b2ed-b4a75d6af8d4,16,57,ZXIZXZIZXZI,IZXZIZXZIXZ,-0.00048828124999999913,10,0.9999999999999999,0.2,-0.7999999999999998,-0.0004882812499999991,-9.765624999999983e-05,0.00039062499999999926,0.7999999999999998,0.00039062499999999926,"{""01010101011"": 1, ""01011111101"": 1, ""01101001010"": 1, ""10010011001"": 1, ""10100111110"": 1, ""10101001100"": 1, ""11001100001"": 1, ""11101011011"": 1, ""11110100110"": 1, ""11111000000"": 1}"
1558,019e10f7-4321-7403-b2ed-b4a75d6af8d4,16,58,ZXIZXZIZYXY,YXYZIZXZIXZ,0.00048828124999999913,10,-0.9999999999999999,-0.6,0.3999999999999999,-0.0004882812499999991,-0.00029296874999999945,0.00019531249999999963,0.3999999999999999,0.00019531249999999963,"{""01001010001"": 1, ""01001100100"": 1, ""01011101101"": 1, ""10010000010"": 1, ""10010000100"": 1, ""10100110101"": 1, ""10100111101"": 1, ""10101011101"": 1, ""11000000100"": 1, ""11111001101"": 1}"
1559,019e10f7-4321-7403-b2ed-b4a75d6af8d4,16,59,ZXIZXZIZYYZ,ZYYZIZXZIXZ,-0.00048828124999999913,10,0.9999999999999999,0.2,-0.7999999999999998,-0.0004882812499999991,-9.765624999999983e-05,0.00039062499999999926,0.7999999999999998,0.00039062499999999926,"{""00000011100"": 1, ""00010001010"": 1, ""00111001110"": 1, ""01010001111"": 1, ""01100100011"": 1, ""10011110010"": 1, ""10100100101"": 1, ""10100101011"": 1, ""10100111001"": 1, ""11000001010"": 1}"
1560,019e10f7-4321-7403-b2ed-b4a75d6af8d4,16,60,ZXIZXZZXIXZ,ZXIXZZXZIXZ,-0.00048828124999999913,10,0.9999999999999999,0.2,-0.7999999999999998,-0.0004882812499999991,-9.765624999999983e-05,0.00039062499999999926,0.7999999999999998,0.00039062499999999926,"{""00001111000"": 1, ""00101010110"": 1, ""00110100011"": 1, ""00110101110"": 1, ""01010010101"": 1, ""01010011011"": 1, ""01010100000"": 1, ""01101111000"": 1, ""10011111011"": 1, ""11111010000"": 1}"
1561,019e10f7-4321-7403-b2ed-b4a75d6af8d4,16,61,ZXIZXZZXIYY,YYIXZZXZIXZ,-0.00048828124999999913,10,0.9999999999999999,-0.2,-1.2,-0.0004882812499999991,9.765624999999983e-05,0.0005859374999999989,1.2,0.0005859374999999989,"{""00011110101"": 1, ""00100110100"": 1, ""10010110110"": 1, ""11000000000"": 1, ""11001101111"": 1, ""11001110101"": 1, ""11011100000"": 1, ""11110001101"": 1, ""11110011000"": 1, ""11110101101"": 1}"
1562,019e10f7-4321-7403-b2ed-b4a75d6af8d4,16,62,ZXIZXZZXZII,IIZXZZXZIXZ,-0.00048828124999999913,10,0.9999999999999999,0.4,-0.5999999999999999,-0.0004882812499999991,-0.00019531249999999966,0.0002929687499999994,0.5999999999999999,0.0002929687499999994,"{""00000011001"": 1, ""00001101111"": 1, ""00011100001"": 1, ""00110110110"": 1, ""00111001111"": 1, ""01100010111"": 1, ""01100100001"": 1, ""10001110101"": 1, ""10011111011"": 1, ""11110111001"": 1}"
1563,019e10f7-4321-7403-b2ed-b4a75d6af8d4,16,63,ZXIZXZZXZZX,XZZXZZXZIXZ,-0.00048828124999999913,10,0.9999999999999999,0.6,-0.3999999999999999,-0.0004882812499999991,-0.00029296874999999945,0.00019531249999999963,0.3999999999999999,0.00019531249999999963,"{""00111000011"": 1, ""00111011011"": 1, ""01100000011"": 1, ""01101010111"": 1, ""10010010110"": 1, ""10100101100"": 1, ""10101010100"": 1, ""11100110101"": 1, ""11110110111"": 1, ""11111011011"": 1}"
1564,019e10f7-4321-7403-b2ed-b4a75d6af8d4,16,64,ZXIZXZZYXXY,YXXYZZXZIXZ,-0.00048828124999999913,10,0.9999999999999999,0.2,-0.7999999999999998,-0.0004882812499999991,-9.765624999999983e-05,0.00039062499999999926,0.7999999999999998,0.00039062499999999926,"{""00000011000"": 2, ""00000011100"": 1, ""00001101100"": 1, ""00111010000"": 1, ""10010010001"": 1, ""10101000000"": 1, ""11110110000"": 1, ""11111000000"": 1, ""11111001011"": 1}"
1565,019e10f7-4321-7403-b2ed-b4a75d6af8d4,16,65,ZXIZXZZYXYZ,ZYXYZZXZIXZ,0.00048828124999999913,10,-0.9999999999999999,-1.0,-1.1102230246251565e-16,-0.0004882812499999991,-0.00048828124999999913,-5.421010862427522e-20,1.1102230246251565e-16,5.421010862427522e-20,"{""00000000001"": 1, ""00000000010"": 1, ""00000010110"": 1, ""00000011001"": 1, ""00111010101"": 1, ""01010001101"": 1, ""01101011111"": 1, ""10101000100"": 1, ""11001100111"": 1, ""11110110000"": 1}"
1566,019e10f7-4321-7403-b2ed-b4a75d6af8d4,16,66,ZXIZXZZYYIX,XIYYZZXZIXZ,-0.00048828124999999913,10,0.9999999999999999,0.4,-0.5999999999999999,-0.0004882812499999991,-0.00019531249999999966,0.0002929687499999994,0.5999999999999999,0.0002929687499999994,"{""00000111111"": 1, ""00010011111"": 1, ""01011101011"": 1, ""01100111101"": 1, ""01101000101"": 1, ""10010010011"": 1, ""10011100000"": 1, ""10011100011"": 1, ""11110100111"": 1, ""11110101100"": 1}"
1567,019e10f7-4321-7403-b2ed-b4a75d6af8d4,16,67,ZXIZXZZYYZI,IZYYZZXZIXZ,-0.00048828124999999913,10,0.9999999999999999,0.0,-0.9999999999999999,-0.0004882812499999991,-0.0,0.0004882812499999991,0.9999999999999999,0.0004882812499999991,"{""00111010010"": 1, ""01000001100"": 1, ""01000010100"": 1, ""01010011110"": 1, ""01011100000"": 1, ""01110100001"": 1, ""10011011111"": 1, ""10100001000"": 1, ""10100010100"": 1, ""11100101110"": 1}"
1568,019e10f7-4321-7403-b2ed-b4a75d6af8d4,16,68,ZXIZYXXXXXY,YXXXXXYZIXZ,0.00048828124999999913,10,-0.9999999999999999,0.0,0.9999999999999999,-0.0004882812499999991,0.0,0.0004882812499999991,0.9999999999999999,0.0004882812499999991,"{""01010010100"": 1, ""01011100001"": 1, ""01011101101"": 1, ""01101001001"": 1, ""10000101000"": 1, ""10000101001"": 1, ""10010111001"": 1, ""10011100101"": 1, ""10101100000"": 1, ""11001111100"": 1}"
1569,019e10f7-4321-7403-b2ed-b4a75d6af8d4,16,69,ZXIZYXXXXYZ,ZYXXXXYZIXZ,-0.00048828124999999913,10,0.9999999999999999,0.4,-0.5999999999999999,-0.0004882812499999991,-0.00019531249999999966,0.0002929687499999994,0.5999999999999999,0.0002929687499999994,"{""00000010101"": 1, ""00001000001"": 1, ""00001010001"": 1, ""00111011110"": 1, ""01010100100"": 1, ""01101110111"": 1, ""10011001101"": 1, ""10011111011"": 1, ""10101000110"": 1, ""11110111101"": 1}"
1570,019e10f7-4321-7403-b2ed-b4a75d6af8d4,16,70,ZXIZYXXXYIX,XIYXXXYZIXZ,0.00048828124999999913,10,-0.9999999999999999,-0.8,0.19999999999999984,-0.0004882812499999991,-0.0003906249999999993,9.765624999999976e-05,0.19999999999999984,9.765624999999976e-05,"{""00110000000"": 1, ""00111000100"": 1, ""01100000000"": 1, ""10011001100"": 1, ""10101011000"": 1, ""11000010000"": 2, ""11000111000"": 1, ""11111000011"": 1, ""11111101011"": 1}"
1571,019e10f7-4321-7403-b2ed-b4a75d6af8d4,16,71,ZXIZYXXXYZI,IZYXXXYZIXZ,0.00048828124999999913,10,-0.9999999999999999,0.6,1.5999999999999999,-0.0004882812499999991,0.00029296874999999945,0.0007812499999999985,1.5999999999999999,0.0007812499999999985,"{""00001010000"": 1, ""00001010111"": 1, ""00001110111"": 1, ""00111001101"": 1, ""01000000011"": 1, ""01001011001"": 1, ""01011110110"": 1, ""11001101101"": 1, ""11011001100"": 1, ""11111011110"": 1}"
1572,019e10f7-4321-7403-b2ed-b4a75d6af8d4,16,72,ZXIZYXXYIXZ,ZXIYXXYZIXZ,-0.00048828124999999913,10,0.9999999999999999,0.0,-0.9999999999999999,-0.0004882812499999991,-0.0,0.0004882812499999991,0.9999999999999999,0.0004882812499999991,"{""00000101101"": 1, ""00100010101"": 1, ""00110100101"": 1, ""01011001110"": 1, ""01011101110"": 1, ""01101101000"": 1, ""10011000101"": 1, ""11001101110"": 1, ""11010110000"": 1, ""11011101101"": 1}"
1573,019e10f7-4321-7403-b2ed-b4a75d6af8d4,16,73,ZXIZYXXYIYY,YYIYXXYZIXZ,-0.00048828124999999913,10,0.9999999999999999,0.6,-0.3999999999999999,-0.0004882812499999991,-0.00029296874999999945,0.00019531249999999963,0.3999999999999999,0.00019531249999999963,"{""00000101011"": 1, ""00100100000"": 1, ""01010011110"": 1, ""01011110110"": 1, ""10011010011"": 1, ""10100101101"": 1, ""10101000011"": 1, ""10101001101"": 1, ""11001011110"": 1, ""11110010011"": 1}"
1574,019e10f7-4321-7403-b2ed-b4a75d6af8d4,16,74,ZXIZYXXYZII,IIZYXXYZIXZ,-0.00048828124999999913,10,0.9999999999999999,0.4,-0.5999999999999999,-0.0004882812499999991,-0.00019531249999999966,0.0002929687499999994,0.5999999999999999,0.0002929687499999994,"{""00111011001"": 1, ""01000011100"": 1, ""10101001111"": 1, ""10101011000"": 1, ""11000011100"": 1, ""11000110010"": 1, ""11110100111"": 1, ""11111010101"": 1, ""11111011001"": 1, ""11111011101"": 1}"
1575,019e10f7-4321-7403-b2ed-b4a75d6af8d4,16,75,ZXIZYXXYZZX,XZZYXXYZIXZ,-0.00048828124999999913,10,0.9999999999999999,0.6,-0.3999999999999999,-0.0004882812499999991,-0.00029296874999999945,0.00019531249999999963,0.3999999999999999,0.00019531249999999963,"{""00111001111"": 1, ""01011001111"": 1, ""01101001100"": 1, ""10010111100"": 1, ""10011001000"": 1, ""10111101000"": 1, ""11000000000"": 1, ""11000010111"": 1, ""11000110000"": 1, ""11001010000"": 1}"
1576,019e10f7-4321-7403-b2ed-b4a75d6af8d4,16,76,ZXIZYXYIXIX,XIXIYXYZIXZ,0.00048828124999999913,10,-0.9999999999999999,-0.2,0.7999999999999998,-0.0004882812499999991,-9.765624999999983e-05,0.00039062499999999926,0.7999999999999998,0.00039062499999999926,"{""00111011100"": 1, ""01010010111"": 1, ""01011001011"": 1, ""01100000000"": 1, ""01100010100"": 1, ""10100101000"": 1, ""11000111011"": 1, ""11111100000"": 1, ""11111100111"": 1, ""11111111111"": 1}"
1577,019e10f7-4321-7403-b2ed-b4a75d6af8d4,16,77,ZXIZYXYIXZI,IZXIYXYZIXZ,0.00048828124999999913,10,-0.9999999999999999,-0.6,0.3999999999999999,-0.0004882812499999991,-0.00029296874999999945,0.00019531249999999963,0.3999999999999999,0.00019531249999999963,"{""01010000110"": 1, ""01010001011"": 1, ""01100001000"": 1, ""01100010111"": 1, ""01100011010"": 1, ""10000011011"": 1, ""10011110001"": 1, ""11001011100"": 1, ""11001101010"": 1, ""11111111100"": 1}"
1578,019e10f7-4321-7403-b2ed-b4a75d6af8d4,16,78,ZXIZYXYIYXY,YXYIYXYZIXZ,-0.00048828124999999913,10,0.9999999999999999,0.2,-0.7999999999999998,-0.0004882812499999991,-9.765624999999983e-05,0.00039062499999999926,0.7999999999999998,0.00039062499999999926,"{""00000101110"": 1, ""00110000100"": 1, ""00111001101"": 1, ""00111001110"": 1, ""01110110010"": 1, ""10000111100"": 1, ""10010000001"": 1, ""10010000100"": 1, ""10011010110"": 1, ""11000101001"": 1}"
1579,019e10f7-4321-7403-b2ed-b4a75d6af8d4,16,79,ZXIZYXYIYYZ,ZYYIYXYZIXZ,0.00048828124999999913,10,-0.9999999999999999,-0.2,0.7999999999999998,-0.0004882812499999991,-9.765624999999983e-05,0.00039062499999999926,0.7999999999999998,0.00039062499999999926,"{""00000001111"": 1, ""00000111000"": 1, ""00110000000"": 1, ""00111011011"": 1, ""10011010110"": 1, ""10011110011"": 1, ""10100000101"": 1, ""11000011010"": 1, ""11011010101"": 1, ""11101111100"": 1}"
1580,019e10f7-4321-7403-b2ed-b4a75d6af8d4,16,80,ZXIZYXYZIII,IIIZYXYZIXZ,0.00048828124999999913,10,-0.9999999999999999,-0.8,0.19999999999999984,-0.0004882812499999991,-0.0003906249999999993,9.765624999999976e-05,0.19999999999999984,9.765624999999976e-05,"{""00001101111"": 1, ""01010100100"": 1, ""01101000000"": 1, ""10010111111"": 1, ""10011101010"": 1, ""10100000101"": 1, ""10101111000"": 1, ""10101111010"": 1, ""11001011110"": 1, ""11001110000"": 1}"
1581,019e10f7-4321-7403-b2ed-b4a75d6af8d4,16,81,ZXIZYXYZIZX,XZIZYXYZIXZ,0.00048828124999999913,10,-0.9999999999999999,-0.4,0.5999999999999999,-0.0004882812499999991,-0.00019531249999999966,0.0002929687499999994,0.5999999999999999,0.0002929687499999994,"{""00001110000"": 1, ""00110001000"": 1, ""00110101100"": 1, ""00111010011"": 1, ""01011000000"": 1, ""01011100111"": 1, ""01100101011"": 1, ""10010001100"": 1, ""10101100100"": 1, ""11110100111"": 1}"
1582,019e10f7-4321-7403-b2ed-b4a75d6af8d4,16,82,ZXIZYXYZZXZ,ZXZZYXYZIXZ,0.00048828124999999913,10,-0.9999999999999999,-0.6,0.3999999999999999,-0.0004882812499999991,-0.00029296874999999945,0.00019531249999999963,0.3999999999999999,0.00019531249999999963,"{""00001001101"": 1, ""00001011110"": 1, ""00110110101"": 1, ""00111010101"": 1, ""01101001000"": 1, ""01101010000"": 1, ""10010111110"": 1, ""10100101101"": 1, ""11110000000"": 1, ""11110000010"": 1}"
1583,019e10f7-4321-7403-b2ed-b4a75d6af8d4,16,83,ZXIZYXYZZYY,YYZZYXYZIXZ,0.00048828124999999913,10,-0.9999999999999999,-0.4,0.5999999999999999,-0.0004882812499999991,-0.00019531249999999966,0.0002929687499999994,0.5999999999999999,0.0002929687499999994,"{""00000100101"": 1, ""00001011000"": 1, ""00011101000"": 1, ""01011000011"": 1, ""10010001110"": 1, ""10010011101"": 1, ""10010011110"": 1, ""10010100000"": 1, ""10110001000"": 1, ""11001110110"": 1}"
1584,019e10f7-4321-7403-b2ed-b4a75d6af8d4,16,84,ZXIZYYIXIXZ,ZXIXIYYZIXZ,-0.00048828124999999913,10,0.9999999999999999,0.6,-0.3999999999999999,-0.0004882812499999991,-0.00029296874999999945,0.00019531249999999963,0.3999999999999999,0.00019531249999999963,"{""00001010110"": 1, ""00110010101"": 1, ""00110101101"": 1, ""01011111011"": 1, ""01101001101"": 1, ""10010001110"": 1, ""11000101101"": 1, ""11000110110"": 1, ""11001101110"": 1, ""11110010110"": 1}"
1585,019e10f7-4321-7403-b2ed-b4a75d6af8d4,16,85,ZXIZYYIXIYY,YYIXIYYZIXZ,-0.00048828124999999913,10,0.9999999999999999,0.8,-0.19999999999999984,-0.0004882812499999991,-0.0003906249999999993,9.765624999999976e-05,0.19999999999999984,9.765624999999976e-05,"{""00001010101"": 1, ""00111000011"": 1, ""00111110110"": 1, ""01001101101"": 1, ""01010110110"": 1, ""01100101101"": 1, ""10011011011"": 1, ""10100010101"": 1, ""11001011011"": 1, ""11001101110"": 1}"
1586,019e10f7-4321-7403-b2ed-b4a75d6af8d4,16,86,ZXIZYYIXZII,IIZXIYYZIXZ,-0.00048828124999999913,10,0.9999999999999999,0.2,-0.7999999999999998,-0.0004882812499999991,-9.765624999999983e-05,0.00039062499999999926,0.7999999999999998,0.00039062499999999926,"{""00001010101"": 1, ""01001100001"": 1, ""01010101100"": 1, ""01011100010"": 1, ""01100111000"": 1, ""01101110111"": 1, ""10010000011"": 1, ""10011101111"": 1, ""10100101111"": 1, ""10110011010"": 1}"
1587,019e10f7-4321-7403-b2ed-b4a75d6af8d4,16,87,ZXIZYYIXZZX,XZZXIYYZIXZ,-0.00048828124999999913,10,0.9999999999999999,0.0,-0.9999999999999999,-0.0004882812499999991,-0.0,0.0004882812499999991,0.9999999999999999,0.0004882812499999991,"{""00001100000"": 1, ""00111000000"": 1, ""01010010111"": 1, ""01110010100"": 1, ""10011010100"": 1, ""10100010111"": 1, ""10110100000"": 1, ""10111000011"": 1, ""11000111001"": 1, ""11111110100"": 1}"
1588,019e10f7-4321-7403-b2ed-b4a75d6af8d4,16,88,ZXIZYYIYXXY,YXXYIYYZIXZ,-0.00048828124999999913,10,0.9999999999999999,-0.2,-1.2,-0.0004882812499999991,9.765624999999983e-05,0.0005859374999999989,1.2,0.0005859374999999989,"{""00000010010"": 1, ""00001111110"": 1, ""00100100110"": 1, ""01000110111"": 1, ""01001011011"": 1, ""01010001000"": 1, ""01010001010"": 1, ""01011100101"": 1, ""11001100000"": 1, ""11111000011"": 1}"
1589,019e10f7-4321-7403-b2ed-b4a75d6af8d4,16,89,ZXIZYYIYXYZ,ZYXYIYYZIXZ,0.00048828124999999913,10,-0.9999999999999999,-0.4,0.5999999999999999,-0.0004882812499999991,-0.00019531249999999966,0.0002929687499999994,0.5999999999999999,0.0002929687499999994,"{""00011111001"": 1, ""00011111100"": 1, ""00100101011"": 1, ""00111000001"": 1, ""00111110011"": 1, ""01010111001"": 1, ""10101010110"": 1, ""10111110000"": 1, ""11001010101"": 1, ""11110100010"": 1}"
1590,019e10f7-4321-7403-b2ed-b4a75d6af8d4,16,90,ZXIZYYIYYIX,XIYYIYYZIXZ,-0.00048828124999999913,10,0.9999999999999999,0.8,-0.19999999999999984,-0.0004882812499999991,-0.0003906249999999993,9.765624999999976e-05,0.19999999999999984,9.765624999999976e-05,"{""00011111111"": 1, ""00110011111"": 1, ""00111111110"": 1, ""01010111111"": 1, ""01100011000"": 1, ""10011101100"": 1, ""10101110011"": 1, ""11001011111"": 1, ""11101001111"": 1, ""11110101011"": 1}"
1591,019e10f7-4321-7403-b2ed-b4a75d6af8d4,16,91,ZXIZYYIYYZI,IZYYIYYZIXZ,-0.00048828124999999913,10,0.9999999999999999,0.4,-0.5999999999999999,-0.0004882812499999991,-0.00019531249999999966,0.0002929687499999994,0.5999999999999999,0.0002929687499999994,"{""00001010001"": 1, ""00110100111"": 1, ""01010111000"": 1, ""01011100111"": 1, ""10111101100"": 1, ""11000000001"": 1, ""11001010011"": 1, ""11001101011"": 1, ""11110000000"": 1, ""11111100000"": 1}"
1592,019e10f7-4321-7403-b2ed-b4a75d6af8d4,16,92,ZXIZYYZIIII,IIIIZYYZIXZ,-0.00048828124999999913,10,0.9999999999999999,0.6,-0.3999999999999999,-0.0004882812499999991,-0.00029296874999999945,0.00019531249999999963,0.3999999999999999,0.00019531249999999963,"{""00001101011"": 1, ""00111111100"": 1, ""01000000101"": 1, ""01011010000"": 1, ""10010001110"": 1, ""10010100010"": 1, ""10101001010"": 1, ""11000001001"": 1, ""11001100000"": 1, ""11010101101"": 1}"
1593,019e10f7-4321-7403-b2ed-b4a75d6af8d4,16,93,ZXIZYYZIIZX,XZIIZYYZIXZ,-0.00048828124999999913,10,0.9999999999999999,0.2,-0.7999999999999998,-0.0004882812499999991,-9.765624999999983e-05,0.00039062499999999926,0.7999999999999998,0.00039062499999999926,"{""00110001101"": 1, ""00110010000"": 1, ""00110101111"": 1, ""01001101100"": 1, ""01010010100"": 1, ""01011010011"": 1, ""01100101000"": 1, ""11000000000"": 1, ""11001111100"": 1, ""11111000001"": 1}"
1594,019e10f7-4321-7403-b2ed-b4a75d6af8d4,16,94,ZXIZYYZIZXZ,ZXZIZYYZIXZ,-0.00048828124999999913,10,0.9999999999999999,0.6,-0.3999999999999999,-0.0004882812499999991,-0.00029296874999999945,0.00019531249999999963,0.3999999999999999,0.00019531249999999963,"{""00001010101"": 1, ""00101110000"": 1, ""00110011101"": 1, ""01010001011"": 1, ""01010110000"": 1, ""01011010110"": 1, ""01101001000"": 1, ""01101111110"": 1, ""10100011000"": 1, ""11010111101"": 1}"
1595,019e10f7-4321-7403-b2ed-b4a75d6af8d4,16,95,ZXIZYYZIZYY,YYZIZYYZIXZ,-0.00048828124999999913,10,0.9999999999999999,0.6,-0.3999999999999999,-0.0004882812499999991,-0.00029296874999999945,0.00019531249999999963,0.3999999999999999,0.00019531249999999963,"{""00001101011"": 1, ""00110010111"": 1, ""10010110101"": 1, ""10011011101"": 1, ""10100101000"": 1, ""10101001000"": 1, ""11000001110"": 1, ""11000100000"": 1, ""11110010101"": 1, ""11110100101"": 1}"
1596,019e10f7-4321-7403-b2ed-b4a75d6af8d4,16,96,ZXIZYYZZXIX,XIXZZYYZIXZ,-0.00048828124999999913,10,0.9999999999999999,0.4,-0.5999999999999999,-0.0004882812499999991,-0.00019531249999999966,0.0002929687499999994,0.5999999999999999,0.0002929687499999994,"{""00000111011"": 1, ""00100001100"": 1, ""00110010111"": 1, ""00110101100"": 1, ""01011100000"": 1, ""10010000100"": 1, ""10010110111"": 1, ""10100001011"": 1, ""11110001100"": 1, ""11110101100"": 1}"
1597,019e10f7-4321-7403-b2ed-b4a75d6af8d4,16,97,ZXIZYYZZXZI,IZXZZYYZIXZ,-0.00048828124999999913,10,0.9999999999999999,0.6,-0.3999999999999999,-0.0004882812499999991,-0.00029296874999999945,0.00019531249999999963,0.3999999999999999,0.00019531249999999963,"{""00000000000"": 1, ""00110100000"": 1, ""01010001010"": 1, ""01010011011"": 1, ""01100100111"": 1, ""01101110000"": 1, ""10100010110"": 1, ""10101001100"": 1, ""11000000100"": 1, ""11110100111"": 1}"
1598,019e10f7-4321-7403-b2ed-b4a75d6af8d4,16,98,ZXIZYYZZYXY,YXYZZYYZIXZ,0.00048828124999999913,10,-0.9999999999999999,0.2,1.2,-0.0004882812499999991,9.765624999999983e-05,0.0005859374999999989,1.2,0.0005859374999999989,"{""00000011011"": 1, ""00001011000"": 1, ""00010110001"": 1, ""00110010011"": 1, ""01000111011"": 1, ""11001011011"": 1, ""11011011001"": 1, ""11110010101"": 1, ""11110100011"": 1, ""11111110010"": 1}"
1599,019e10f7-4321-7403-b2ed-b4a75d6af8d4,16,99,ZXIZYYZZYYZ,ZYYZZYYZIXZ,-0.00048828124999999913,10,0.9999999999999999,0.4,-0.5999999999999999,-0.0004882812499999991,-0.00019531249999999966,0.0002929687499999994,0.5999999999999999,0.0002929687499999994,"{""00000101111"": 1, ""01101110011"": 1, ""01110100101"": 1, ""10010111010"": 1, ""10100001111"": 1, ""11110010101"": 1, ""11110100000"": 1, ""11110100011"": 1, ""11111111001"": 1, ""11111111111"": 1}"
1600,019e10f7-5545-77c2-8e48-a3555f5401b7,17,0,ZXXYXXXXXXY,YXXXXXXYXXZ,-0.00048828124999999913,10,0.9999999999999999,0.2,-0.7999999999999998,-0.0004882812499999991,-9.765624999999983e-05,0.00039062499999999926,0.7999999999999998,0.00039062499999999926,"{""00000101111"": 1, ""00011011100"": 1, ""01000010000"": 1, ""01001111101"": 1, ""01111010111"": 1, ""10000011000"": 1, ""10001010001"": 1, ""11000111010"": 1, ""11101110110"": 1, ""11110101000"": 1}"
1601,019e10f7-5545-77c2-8e48-a3555f5401b7,17,1,ZXXYXXXXXYZ,ZYXXXXXYXXZ,0.00048828124999999913,10,-0.9999999999999999,-0.6,0.3999999999999999,-0.0004882812499999991,-0.00029296874999999945,0.00019531249999999963,0.3999999999999999,0.00019531249999999963,"{""00000100011"": 1, ""00100101011"": 1, ""00110111000"": 1, ""01000001010"": 1, ""01101111001"": 1, ""10000101001"": 1, ""10001000001"": 1, ""10100110001"": 1, ""10110100110"": 1, ""11001111010"": 1}"
1602,019e10f7-5545-77c2-8e48-a3555f5401b7,17,2,ZXXYXXXXYIX,XIYXXXXYXXZ,-0.00048828124999999913,10,0.9999999999999999,0.0,-0.9999999999999999,-0.0004882812499999991,-0.0,0.0004882812499999991,0.9999999999999999,0.0004882812499999991,"{""00110001111"": 1, ""00110010000"": 1, ""01011110011"": 1, ""10000100000"": 1, ""10000111100"": 1, ""10010100100"": 1, ""10110100000"": 1, ""10110111011"": 1, ""10111001111"": 1, ""10111100110"": 1}"
1603,019e10f7-5545-77c2-8e48-a3555f5401b7,17,3,ZXXYXXXXYZI,IZYXXXXYXXZ,-0.00048828124999999913,10,0.9999999999999999,0.4,-0.5999999999999999,-0.0004882812499999991,-0.00019531249999999966,0.0002929687499999994,0.5999999999999999,0.0002929687499999994,"{""00011010010"": 1, ""00111000100"": 1, ""01101001111"": 1, ""10011011100"": 1, ""10110010000"": 1, ""10110100010"": 1, ""10110110100"": 1, ""11000010000"": 1, ""11101100101"": 1, ""11111010101"": 1}"
1604,019e10f7-5545-77c2-8e48-a3555f5401b7,17,4,ZXXYXXXYIXZ,ZXIYXXXYXXZ,0.00048828124999999913,10,-0.9999999999999999,-0.4,0.5999999999999999,-0.0004882812499999991,-0.00019531249999999966,0.0002929687499999994,0.5999999999999999,0.0002929687499999994,"{""00011010011"": 1, ""00100100110"": 1, ""01011110011"": 1, ""10000111011"": 1, ""10001110001"": 1, ""10100101011"": 1, ""10101111110"": 1, ""11100010101"": 1, ""11101101101"": 1, ""11101111001"": 1}"
1605,019e10f7-5545-77c2-8e48-a3555f5401b7,17,5,ZXXYXXXYIYY,YYIYXXXYXXZ,0.00048828124999999913,10,-0.9999999999999999,-0.4,0.5999999999999999,-0.0004882812499999991,-0.00019531249999999966,0.0002929687499999994,0.5999999999999999,0.0002929687499999994,"{""00001101000"": 1, ""00011111000"": 1, ""00101000101"": 1, ""01001101101"": 1, ""01100010001"": 1, ""01100101110"": 1, ""10000110000"": 1, ""10100111101"": 1, ""11010001011"": 1, ""11100111110"": 1}"
1606,019e10f7-5545-77c2-8e48-a3555f5401b7,17,6,ZXXYXXXYZII,IIZYXXXYXXZ,0.00048828124999999913,10,-0.9999999999999999,-0.4,0.5999999999999999,-0.0004882812499999991,-0.00019531249999999966,0.0002929687499999994,0.5999999999999999,0.0002929687499999994,"{""00001000010"": 1, ""00001010010"": 1, ""00010011010"": 1, ""00011000101"": 1, ""00101000111"": 1, ""01101000001"": 1, ""10011110111"": 1, ""10101100001"": 1, ""10110100111"": 1, ""11111100110"": 1}"
1607,019e10f7-5545-77c2-8e48-a3555f5401b7,17,7,ZXXYXXXYZZX,XZZYXXXYXXZ,0.00048828124999999913,10,-0.9999999999999999,-0.4,0.5999999999999999,-0.0004882812499999991,-0.00019531249999999966,0.0002929687499999994,0.5999999999999999,0.0002929687499999994,"{""10001011011"": 1, ""10011011011"": 1, ""10110111111"": 1, ""10111101000"": 1, ""11001001011"": 1, ""11001110011"": 1, ""11010011000"": 1, ""11100000000"": 1, ""11100110000"": 1, ""11101101111"": 1}"
1608,019e10f7-5545-77c2-8e48-a3555f5401b7,17,8,ZXXYXXYIXIX,XIXIYXXYXXZ,-0.00048828124999999913,10,0.9999999999999999,0.0,-0.9999999999999999,-0.0004882812499999991,-0.0,0.0004882812499999991,0.9999999999999999,0.0004882812499999991,"{""00010000000"": 1, ""00010100111"": 1, ""00011101100"": 1, ""01110001100"": 2, ""01111011000"": 1, ""01111101011"": 1, ""10110000000"": 1, ""11100011011"": 1, ""11111100100"": 1}"
1609,019e10f7-5545-77c2-8e48-a3555f5401b7,17,9,ZXXYXXYIXZI,IZXIYXXYXXZ,-0.00048828124999999913,10,0.9999999999999999,0.8,-0.19999999999999984,-0.0004882812499999991,-0.0003906249999999993,9.765624999999976e-05,0.19999999999999984,9.765624999999976e-05,"{""00001100000"": 1, ""01010101010"": 1, ""10010101011"": 1, ""10100000000"": 1, ""10100010000"": 1, ""10100011101"": 1, ""10111011101"": 1, ""11000011100"": 1, ""11000110001"": 1, ""11111111101"": 1}"
1610,019e10f7-5545-77c2-8e48-a3555f5401b7,17,10,ZXXYXXYIYXY,YXYIYXXYXXZ,0.00048828124999999913,10,-0.9999999999999999,-0.2,0.7999999999999998,-0.0004882812499999991,-9.765624999999983e-05,0.00039062499999999926,0.7999999999999998,0.00039062499999999926,"{""00010001110"": 1, ""00011000111"": 1, ""00011001000"": 1, ""00111110001"": 1, ""01000111011"": 1, ""01011100101"": 1, ""10000001101"": 1, ""11000101101"": 1, ""11001000111"": 1, ""11101000100"": 1}"
1611,019e10f7-5545-77c2-8e48-a3555f5401b7,17,11,ZXXYXXYIYYZ,ZYYIYXXYXXZ,-0.00048828124999999913,10,0.9999999999999999,0.2,-0.7999999999999998,-0.0004882812499999991,-9.765624999999983e-05,0.00039062499999999926,0.7999999999999998,0.00039062499999999926,"{""00011110101"": 1, ""00100000101"": 1, ""00110100010"": 1, ""01000100000"": 1, ""01001000010"": 1, ""01100101010"": 1, ""01111101010"": 1, ""10111111100"": 1, ""11001001001"": 1, ""11101101000"": 1}"
1612,019e10f7-5545-77c2-8e48-a3555f5401b7,17,12,ZXXYXXYZIII,IIIZYXXYXXZ,-0.00048828124999999913,10,0.9999999999999999,0.4,-0.5999999999999999,-0.0004882812499999991,-0.00019531249999999966,0.0002929687499999994,0.5999999999999999,0.0002929687499999994,"{""00000000101"": 1, ""00000101101"": 1, ""00010001011"": 1, ""00011010000"": 1, ""01000100010"": 1, ""10010011100"": 1, ""10101100010"": 1, ""10110101111"": 1, ""10111110000"": 1, ""11010000000"": 1}"
1613,019e10f7-5545-77c2-8e48-a3555f5401b7,17,13,ZXXYXXYZIZX,XZIZYXXYXXZ,-0.00048828124999999913,10,0.9999999999999999,0.6,-0.3999999999999999,-0.0004882812499999991,-0.00029296874999999945,0.00019531249999999963,0.3999999999999999,0.00019531249999999963,"{""00101011111"": 1, ""01111110000"": 1, ""10001001000"": 1, ""10100011011"": 1, ""10110001111"": 1, ""10111101011"": 1, ""11000110111"": 1, ""11100011000"": 1, ""11110110000"": 1, ""11111010100"": 1}"
1614,019e10f7-5545-77c2-8e48-a3555f5401b7,17,14,ZXXYXXYZZXZ,ZXZZYXXYXXZ,-0.00048828124999999913,10,0.9999999999999999,0.6,-0.3999999999999999,-0.0004882812499999991,-0.00029296874999999945,0.00019531249999999963,0.3999999999999999,0.00019531249999999963,"{""00101000101"": 1, ""00101110011"": 1, ""00110011101"": 1, ""00111100011"": 1, ""01001110001"": 1, ""01010101000"": 1, ""01011010000"": 1, ""10010010000"": 1, ""10011001101"": 1, ""11001111110"": 1}"
1615,019e10f7-5545-77c2-8e48-a3555f5401b7,17,15,ZXXYXXYZZYY,YYZZYXXYXXZ,-0.00048828124999999913,10,0.9999999999999999,-0.2,-1.2,-0.0004882812499999991,9.765624999999983e-05,0.0005859374999999989,1.2,0.0005859374999999989,"{""00001101011"": 1, ""00001111101"": 1, ""00011101101"": 1, ""01000111110"": 1, ""10000011011"": 1, ""10011000000"": 1, ""11001011110"": 1, ""11011000101"": 1, ""11011100110"": 1, ""11110000100"": 1}"
1616,019e10f7-5545-77c2-8e48-a3555f5401b7,17,16,ZXXYXYIXIXZ,ZXIXIYXYXXZ,0.00048828124999999913,10,-0.9999999999999999,-0.8,0.19999999999999984,-0.0004882812499999991,-0.0003906249999999993,9.765624999999976e-05,0.19999999999999984,9.765624999999976e-05,"{""00101010101"": 1, ""10000110101"": 1, ""10100000000"": 1, ""10101111000"": 1, ""11001001110"": 1, ""11010001110"": 1, ""11011100000"": 1, ""11100000011"": 1, ""11110011000"": 1, ""11110101110"": 1}"
1617,019e10f7-5545-77c2-8e48-a3555f5401b7,17,17,ZXXYXYIXIYY,YYIXIYXYXXZ,0.00048828124999999913,10,-0.9999999999999999,0.0,0.9999999999999999,-0.0004882812499999991,0.0,0.0004882812499999991,0.9999999999999999,0.0004882812499999991,"{""00001011011"": 1, ""00111000011"": 1, ""01000000000"": 1, ""01000001101"": 1, ""01101000011"": 1, ""10001101100"": 1, ""10010101101"": 1, ""11000100010"": 1, ""11010100011"": 1, ""11100011011"": 1}"
1618,019e10f7-5545-77c2-8e48-a3555f5401b7,17,18,ZXXYXYIXZII,IIZXIYXYXXZ,0.00048828124999999913,10,-0.9999999999999999,-0.6,0.3999999999999999,-0.0004882812499999991,-0.00029296874999999945,0.00019531249999999963,0.3999999999999999,0.00019531249999999963,"{""01100011001"": 1, ""01110111000"": 1, ""01111100011"": 1, ""01111101100"": 1, ""10000001100"": 1, ""10011001110"": 1, ""10111100011"": 1, ""10111100100"": 1, ""10111110100"": 1, ""11010110101"": 1}"
1619,019e10f7-5545-77c2-8e48-a3555f5401b7,17,19,ZXXYXYIXZZX,XZZXIYXYXXZ,0.00048828124999999913,10,-0.9999999999999999,0.2,1.2,-0.0004882812499999991,9.765624999999983e-05,0.0005859374999999989,1.2,0.0005859374999999989,"{""00000101100"": 1, ""00001110111"": 1, ""00011011000"": 1, ""00100011011"": 1, ""01000100011"": 1, ""01010111011"": 1, ""01100110100"": 1, ""01110110111"": 1, ""11010010100"": 1, ""11100100000"": 1}"
1620,019e10f7-5545-77c2-8e48-a3555f5401b7,17,20,ZXXYXYIYXXY,YXXYIYXYXXZ,0.00048828124999999913,10,-0.9999999999999999,-0.4,0.5999999999999999,-0.0004882812499999991,-0.00019531249999999966,0.0002929687499999994,0.5999999999999999,0.0002929687499999994,"{""00011011110"": 1, ""00100110111"": 1, ""00101010100"": 1, ""00110010011"": 1, ""10000110111"": 1, ""10010100000"": 1, ""10111100011"": 1, ""11100000111"": 1, ""11101101011"": 1, ""11111001111"": 1}"
1621,019e10f7-5545-77c2-8e48-a3555f5401b7,17,21,ZXXYXYIYXYZ,ZYXYIYXYXXZ,-0.00048828124999999913,10,0.9999999999999999,0.6,-0.3999999999999999,-0.0004882812499999991,-0.00029296874999999945,0.00019531249999999963,0.3999999999999999,0.00019531249999999963,"{""00011100010"": 1, ""00110011101"": 1, ""01000110101"": 1, ""01001001110"": 1, ""01001011111"": 1, ""01011111100"": 1, ""10001011001"": 1, ""10011001101"": 1, ""10110001101"": 1, ""11000010000"": 1}"
1622,019e10f7-5545-77c2-8e48-a3555f5401b7,17,22,ZXXYXYIYYIX,XIYYIYXYXXZ,0.00048828124999999913,10,-0.9999999999999999,-1.0,-1.1102230246251565e-16,-0.0004882812499999991,-0.00048828124999999913,-5.421010862427522e-20,1.1102230246251565e-16,5.421010862427522e-20,"{""00101100111"": 1, ""01011111000"": 1, ""10001100111"": 1, ""10101110011"": 1, ""10110000111"": 1, ""10110111000"": 1, ""11000001111"": 1, ""11010110100"": 1, ""11101010011"": 1, ""11111001011"": 1}"
1623,019e10f7-5545-77c2-8e48-a3555f5401b7,17,23,ZXXYXYIYYZI,IZYYIYXYXXZ,0.00048828124999999913,10,-0.9999999999999999,-0.2,0.7999999999999998,-0.0004882812499999991,-9.765624999999983e-05,0.00039062499999999926,0.7999999999999998,0.00039062499999999926,"{""01001100010"": 1, ""01010100111"": 1, ""01010101011"": 1, ""01100101011"": 1, ""01111100110"": 1, ""10001110101"": 1, ""10111100111"": 1, ""11011010111"": 1, ""11011100000"": 1, ""11111001001"": 1}"
1624,019e10f7-5545-77c2-8e48-a3555f5401b7,17,24,ZXXYXYZIIII,IIIIZYXYXXZ,0.00048828124999999913,10,-0.9999999999999999,-0.8,0.19999999999999984,-0.0004882812499999991,-0.0003906249999999993,9.765624999999976e-05,0.19999999999999984,9.765624999999976e-05,"{""00101100000"": 1, ""00101111000"": 1, ""00110011000"": 1, ""01000000011"": 1, ""01100101011"": 1, ""01101110110"": 1, ""01110111111"": 1, ""10101001010"": 1, ""11000100011"": 1, ""11011101000"": 1}"
1625,019e10f7-5545-77c2-8e48-a3555f5401b7,17,25,ZXXYXYZIIZX,XZIIZYXYXXZ,0.00048828124999999913,10,-0.9999999999999999,-0.8,0.19999999999999984,-0.0004882812499999991,-0.0003906249999999993,9.765624999999976e-05,0.19999999999999984,9.765624999999976e-05,"{""00000011011"": 1, ""00001000000"": 1, ""00011010000"": 1, ""00110010011"": 1, ""01000010100"": 1, ""01001010011"": 1, ""10100011100"": 1, ""10110000000"": 1, ""11101100011"": 1, ""11101100111"": 1}"
1626,019e10f7-5545-77c2-8e48-a3555f5401b7,17,26,ZXXYXYZIZXZ,ZXZIZYXYXXZ,0.00048828124999999913,10,-0.9999999999999999,-0.4,0.5999999999999999,-0.0004882812499999991,-0.00019531249999999966,0.0002929687499999994,0.5999999999999999,0.0002929687499999994,"{""00000011000"": 1, ""00100001011"": 1, ""00110100011"": 1, ""00111100000"": 1, ""10000000101"": 1, ""10100101011"": 1, ""10110000101"": 1, ""11000011000"": 1, ""11001100000"": 1, ""11101110011"": 1}"
1627,019e10f7-5545-77c2-8e48-a3555f5401b7,17,27,ZXXYXYZIZYY,YYZIZYXYXXZ,0.00048828124999999913,10,-0.9999999999999999,-0.4,0.5999999999999999,-0.0004882812499999991,-0.00019531249999999966,0.0002929687499999994,0.5999999999999999,0.0002929687499999994,"{""00001001011"": 1, ""00011100110"": 1, ""00101101011"": 1, ""01000011000"": 1, ""01001001000"": 1, ""10010001110"": 1, ""10101001101"": 1, ""10101111011"": 1, ""11001000000"": 1, ""11010000011"": 1}"
1628,019e10f7-5545-77c2-8e48-a3555f5401b7,17,28,ZXXYXYZZXIX,XIXZZYXYXXZ,0.00048828124999999913,10,-0.9999999999999999,-0.6,0.3999999999999999,-0.0004882812499999991,-0.00029296874999999945,0.00019531249999999963,0.3999999999999999,0.00019531249999999963,"{""00000011011"": 1, ""00001111011"": 1, ""00101101100"": 1, ""00110000111"": 1, ""00111110111"": 1, ""01011000100"": 1, ""01111101011"": 1, ""11000011011"": 1, ""11000101100"": 1, ""11100000000"": 1}"
1629,019e10f7-5545-77c2-8e48-a3555f5401b7,17,29,ZXXYXYZZXZI,IZXZZYXYXXZ,0.00048828124999999913,10,-0.9999999999999999,-0.4,0.5999999999999999,-0.0004882812499999991,-0.00019531249999999966,0.0002929687499999994,0.5999999999999999,0.0002929687499999994,"{""00001000110"": 1, ""00001100001"": 1, ""00100000111"": 1, ""01001010001"": 1, ""10100011011"": 1, ""10111100110"": 1, ""11010100000"": 1, ""11110011100"": 1, ""11110100100"": 1, ""11111001101"": 1}"
1630,019e10f7-5545-77c2-8e48-a3555f5401b7,17,30,ZXXYXYZZYXY,YXYZZYXYXXZ,-0.00048828124999999913,10,0.9999999999999999,0.4,-0.5999999999999999,-0.0004882812499999991,-0.00019531249999999966,0.0002929687499999994,0.5999999999999999,0.0002929687499999994,"{""00100000111"": 1, ""01001101011"": 1, ""01010101011"": 1, ""01110010001"": 1, ""10000000010"": 1, ""10000100100"": 1, ""10001010001"": 1, ""10001011101"": 1, ""10101111101"": 1, ""11110000001"": 1}"
1631,019e10f7-5545-77c2-8e48-a3555f5401b7,17,31,ZXXYXYZZYYZ,ZYYZZYXYXXZ,0.00048828124999999913,10,-0.9999999999999999,-0.4,0.5999999999999999,-0.0004882812499999991,-0.00019531249999999966,0.0002929687499999994,0.5999999999999999,0.0002929687499999994,"{""00000010011"": 1, ""00010010110"": 1, ""00110101111"": 1, ""01001101001"": 1, ""01100010000"": 1, ""01110111010"": 1, ""10001011010"": 1, ""10010001100"": 1, ""10111101000"": 1, ""11000100000"": 1}"
1632,019e10f7-5545-77c2-8e48-a3555f5401b7,17,32,ZXXYYIXIXIX,XIXIXIYYXXZ,-0.00048828124999999913,10,0.9999999999999999,0.4,-0.5999999999999999,-0.0004882812499999991,-0.00019531249999999966,0.0002929687499999994,0.5999999999999999,0.0002929687499999994,"{""00100101100"": 1, ""01000101100"": 1, ""01101001100"": 1, ""01111000000"": 1, ""10101100111"": 1, ""10111001011"": 1, ""11011000000"": 1, ""11100111100"": 1, ""11110011011"": 1, ""11111101011"": 1}"
1633,019e10f7-5545-77c2-8e48-a3555f5401b7,17,33,ZXXYYIXIXZI,IZXIXIYYXXZ,-0.00048828124999999913,10,0.9999999999999999,0.0,-0.9999999999999999,-0.0004882812499999991,-0.0,0.0004882812499999991,0.9999999999999999,0.0004882812499999991,"{""00010011011"": 1, ""00100000110"": 1, ""00101000011"": 1, ""00101000110"": 1, ""01011011001"": 1, ""01100000011"": 1, ""10000111100"": 1, ""10101110001"": 1, ""11100110001"": 1, ""11110011011"": 1}"
1634,019e10f7-5545-77c2-8e48-a3555f5401b7,17,34,ZXXYYIXIYXY,YXYIXIYYXXZ,0.00048828124999999913,10,-0.9999999999999999,-0.6,0.3999999999999999,-0.0004882812499999991,-0.00029296874999999945,0.00019531249999999963,0.3999999999999999,0.00019531249999999963,"{""00000000100"": 1, ""00001000001"": 1, ""01101101110"": 1, ""01110101011"": 1, ""01111011000"": 1, ""10100011110"": 1, ""11100110010"": 1, ""11101011110"": 1, ""11110011100"": 1, ""11111101000"": 1}"
1635,019e10f7-5545-77c2-8e48-a3555f5401b7,17,35,ZXXYYIXIYYZ,ZYYIXIYYXXZ,-0.00048828124999999913,10,0.9999999999999999,0.4,-0.5999999999999999,-0.0004882812499999991,-0.00019531249999999966,0.0002929687499999994,0.5999999999999999,0.0002929687499999994,"{""01010101111"": 1, ""01100000110"": 1, ""01101000000"": 1, ""01101101001"": 1, ""10101101111"": 1, ""11010000000"": 1, ""11100101100"": 1, ""11100101111"": 1, ""11101000000"": 1, ""11101011100"": 1}"
1636,019e10f7-5545-77c2-8e48-a3555f5401b7,17,36,ZXXYYIXZIII,IIIZXIYYXXZ,-0.00048828124999999913,10,0.9999999999999999,0.4,-0.5999999999999999,-0.0004882812499999991,-0.00019531249999999966,0.0002929687499999994,0.5999999999999999,0.0002929687499999994,"{""00010000100"": 1, ""00110000000"": 1, ""01001000101"": 1, ""01011101101"": 1, ""01100011100"": 1, ""10100011011"": 1, ""10100011111"": 1, ""11010101010"": 1, ""11011110011"": 1, ""11110010010"": 1}"
1637,019e10f7-5545-77c2-8e48-a3555f5401b7,17,37,ZXXYYIXZIZX,XZIZXIYYXXZ,-0.00048828124999999913,10,0.9999999999999999,0.4,-0.5999999999999999,-0.0004882812499999991,-0.00019531249999999966,0.0002929687499999994,0.5999999999999999,0.0002929687499999994,"{""00011101000"": 1, ""00100101000"": 1, ""01001001111"": 1, ""01100000111"": 1, ""01110101100"": 1, ""10100000000"": 1, ""10100000111"": 1, ""10100010000"": 1, ""10110101111"": 1, ""11011000000"": 1}"
1638,019e10f7-5545-77c2-8e48-a3555f5401b7,17,38,ZXXYYIXZZXZ,ZXZZXIYYXXZ,-0.00048828124999999913,10,0.9999999999999999,0.4,-0.5999999999999999,-0.0004882812499999991,-0.00019531249999999966,0.0002929687499999994,0.5999999999999999,0.0002929687499999994,"{""00001110101"": 1, ""00010101000"": 1, ""01101100011"": 1, ""01101101000"": 1, ""01111000101"": 1, ""10010001000"": 1, ""10101110111"": 1, ""11001010000"": 1, ""11101011000"": 1, ""11101011101"": 1}"
1639,019e10f7-5545-77c2-8e48-a3555f5401b7,17,39,ZXXYYIXZZYY,YYZZXIYYXXZ,-0.00048828124999999913,10,0.9999999999999999,0.6,-0.3999999999999999,-0.0004882812499999991,-0.00029296874999999945,0.00019531249999999963,0.3999999999999999,0.00019531249999999963,"{""00010101000"": 1, ""01110101000"": 1, ""01110101011"": 1, ""01110101101"": 1, ""10001011110"": 1, ""10110101011"": 1, ""11000101000"": 1, ""11010000000"": 1, ""11100101011"": 1, ""11101000110"": 1}"
1640,019e10f7-5545-77c2-8e48-a3555f5401b7,17,40,ZXXYYIYXXXY,YXXXYIYYXXZ,0.00048828124999999913,10,-0.9999999999999999,-0.6,0.3999999999999999,-0.0004882812499999991,-0.00029296874999999945,0.00019531249999999963,0.3999999999999999,0.00019531249999999963,"{""00001111011"": 1, ""00010011001"": 1, ""00010100000"": 1, ""00010110010"": 1, ""00110001111"": 1, ""01100000010"": 1, ""01110110100"": 1, ""10001000001"": 1, ""11010110111"": 1, ""11111110100"": 1}"
1641,019e10f7-5545-77c2-8e48-a3555f5401b7,17,41,ZXXYYIYXXYZ,ZYXXYIYYXXZ,-0.00048828124999999913,10,0.9999999999999999,0.4,-0.5999999999999999,-0.0004882812499999991,-0.00019531249999999966,0.0002929687499999994,0.5999999999999999,0.0002929687499999994,"{""00011000110"": 1, ""00101010001"": 1, ""01011101011"": 1, ""01011111100"": 1, ""01110100010"": 1, ""10001100111"": 1, ""10111011000"": 1, ""11010010001"": 1, ""11101010000"": 1, ""11101011110"": 1}"
1642,019e10f7-5545-77c2-8e48-a3555f5401b7,17,42,ZXXYYIYXYIX,XIYXYIYYXXZ,0.00048828124999999913,10,-0.9999999999999999,-0.8,0.19999999999999984,-0.0004882812499999991,-0.0003906249999999993,9.765624999999976e-05,0.19999999999999984,9.765624999999976e-05,"{""00001011100"": 1, ""00010110011"": 1, ""00100101011"": 1, ""00111111111"": 1, ""01001001000"": 1, ""01110111111"": 1, ""10000100000"": 1, ""10001011011"": 1, ""10111001000"": 1, ""11110000011"": 1}"
1643,019e10f7-5545-77c2-8e48-a3555f5401b7,17,43,ZXXYYIYXYZI,IZYXYIYYXXZ,0.00048828124999999913,10,-0.9999999999999999,-0.6,0.3999999999999999,-0.0004882812499999991,-0.00029296874999999945,0.00019531249999999963,0.3999999999999999,0.00019531249999999963,"{""00011000001"": 1, ""01000101010"": 1, ""10110111111"": 1, ""10111010001"": 1, ""11000001000"": 1, ""11010010111"": 1, ""11010100111"": 1, ""11010101100"": 1, ""11011001000"": 1, ""11101001111"": 1}"
1644,019e10f7-5545-77c2-8e48-a3555f5401b7,17,44,ZXXYYIYYIXZ,ZXIYYIYYXXZ,-0.00048828124999999913,10,0.9999999999999999,0.4,-0.5999999999999999,-0.0004882812499999991,-0.00019531249999999966,0.0002929687499999994,0.5999999999999999,0.0002929687499999994,"{""00011011001"": 1, ""01000101000"": 1, ""01000101011"": 1, ""01000111110"": 1, ""01110001010"": 1, ""10000011011"": 1, ""10001010110"": 1, ""10111001101"": 1, ""11000001110"": 1, ""11001100101"": 1}"
1645,019e10f7-5545-77c2-8e48-a3555f5401b7,17,45,ZXXYYIYYIYY,YYIYYIYYXXZ,-0.00048828124999999913,10,0.9999999999999999,0.2,-0.7999999999999998,-0.0004882812499999991,-9.765624999999983e-05,0.00039062499999999926,0.7999999999999998,0.00039062499999999926,"{""00001001101"": 1, ""00011010101"": 1, ""00101001000"": 1, ""00111111101"": 1, ""01011100001"": 1, ""01110101000"": 1, ""10010011000"": 1, ""11100100111"": 1, ""11110010110"": 1, ""11111011011"": 1}"
1646,019e10f7-5545-77c2-8e48-a3555f5401b7,17,46,ZXXYYIYYZII,IIZYYIYYXXZ,-0.00048828124999999913,10,0.9999999999999999,0.4,-0.5999999999999999,-0.0004882812499999991,-0.00019531249999999966,0.0002929687499999994,0.5999999999999999,0.0002929687499999994,"{""00001010101"": 1, ""00101011011"": 1, ""01001001111"": 1, ""10000111100"": 1, ""10011000011"": 1, ""10100110001"": 1, ""10111000011"": 1, ""11010100101"": 1, ""11100110001"": 1, ""11110011010"": 1}"
1647,019e10f7-5545-77c2-8e48-a3555f5401b7,17,47,ZXXYYIYYZZX,XZZYYIYYXXZ,-0.00048828124999999913,10,0.9999999999999999,0.2,-0.7999999999999998,-0.0004882812499999991,-9.765624999999983e-05,0.00039062499999999926,0.7999999999999998,0.00039062499999999926,"{""00000111100"": 1, ""00100111100"": 1, ""01010101000"": 1, ""01101111100"": 1, ""10000111111"": 1, ""10010010101"": 1, ""10110101011"": 1, ""11000001111"": 1, ""11001011000"": 1, ""11100110011"": 1}"
1648,019e10f7-5545-77c2-8e48-a3555f5401b7,17,48,ZXXYYZIIIII,IIIIIZYYXXZ,-0.00048828124999999913,10,0.9999999999999999,0.2,-0.7999999999999998,-0.0004882812499999991,-9.765624999999983e-05,0.00039062499999999926,0.7999999999999998,0.00039062499999999926,"{""00011010101"": 1, ""00101111111"": 1, ""00111010011"": 1, ""01000111011"": 1, ""01001011010"": 1, ""10000000001"": 1, ""10010101110"": 1, ""10111010100"": 1, ""11001111101"": 1, ""11101001100"": 1}"
1649,019e10f7-5545-77c2-8e48-a3555f5401b7,17,49,ZXXYYZIIIZX,XZIIIZYYXXZ,-0.00048828124999999913,10,0.9999999999999999,0.4,-0.5999999999999999,-0.0004882812499999991,-0.00019531249999999966,0.0002929687499999994,0.5999999999999999,0.0002929687499999994,"{""00010000000"": 1, ""00101101101"": 1, ""00110001100"": 1, ""01011011111"": 1, ""01101010100"": 1, ""10001001100"": 1, ""10010010011"": 1, ""10110111000"": 1, ""10110111100"": 1, ""11101010000"": 1}"
1650,019e10f7-5545-77c2-8e48-a3555f5401b7,17,50,ZXXYYZIIZXZ,ZXZIIZYYXXZ,-0.00048828124999999913,10,0.9999999999999999,0.8,-0.19999999999999984,-0.0004882812499999991,-0.0003906249999999993,9.765624999999976e-05,0.19999999999999984,9.765624999999976e-05,"{""00000000000"": 1, ""00000011110"": 1, ""00001101011"": 1, ""00011000000"": 1, ""00100111101"": 1, ""01100000011"": 1, ""01100010110"": 1, ""01111000000"": 1, ""10101110111"": 1, ""11000011000"": 1}"
1651,019e10f7-5545-77c2-8e48-a3555f5401b7,17,51,ZXXYYZIIZYY,YYZIIZYYXXZ,-0.00048828124999999913,10,0.9999999999999999,0.6,-0.3999999999999999,-0.0004882812499999991,-0.00029296874999999945,0.00019531249999999963,0.3999999999999999,0.00019531249999999963,"{""00000000000"": 1, ""00101011101"": 1, ""00111110000"": 1, ""01000110011"": 1, ""01010000110"": 1, ""01101011000"": 1, ""10000110110"": 1, ""10010011000"": 1, ""11010100000"": 1, ""11101111000"": 1}"
1652,019e10f7-5545-77c2-8e48-a3555f5401b7,17,52,ZXXYYZIZXIX,XIXZIZYYXXZ,-0.00048828124999999913,10,0.9999999999999999,0.0,-0.9999999999999999,-0.0004882812499999991,-0.0,0.0004882812499999991,0.9999999999999999,0.0004882812499999991,"{""00100110111"": 1, ""00111111011"": 1, ""01001001100"": 1, ""01100000100"": 1, ""01111000100"": 1, ""10110100111"": 1, ""11001001100"": 1, ""11010101100"": 1, ""11110101100"": 1, ""11111101111"": 1}"
1653,019e10f7-5545-77c2-8e48-a3555f5401b7,17,53,ZXXYYZIZXZI,IZXZIZYYXXZ,-0.00048828124999999913,10,0.9999999999999999,0.8,-0.19999999999999984,-0.0004882812499999991,-0.0003906249999999993,9.765624999999976e-05,0.19999999999999984,9.765624999999976e-05,"{""00011001010"": 1, ""00111100001"": 1, ""01100010001"": 1, ""01110111100"": 1, ""10000110001"": 1, ""10110101100"": 1, ""11100010000"": 1, ""11100100110"": 1, ""11100110111"": 1, ""11110000000"": 1}"
1654,019e10f7-5545-77c2-8e48-a3555f5401b7,17,54,ZXXYYZIZYXY,YXYZIZYYXXZ,0.00048828124999999913,10,-0.9999999999999999,-0.4,0.5999999999999999,-0.0004882812499999991,-0.00019531249999999966,0.0002929687499999994,0.5999999999999999,0.0002929687499999994,"{""00001000100"": 1, ""00011011010"": 1, ""00100110001"": 1, ""00111101000"": 1, ""00111101110"": 1, ""00111110111"": 1, ""01110110100"": 1, ""10001101101"": 1, ""11000001110"": 1, ""11111100111"": 1}"
1655,019e10f7-5545-77c2-8e48-a3555f5401b7,17,55,ZXXYYZIZYYZ,ZYYZIZYYXXZ,-0.00048828124999999913,10,0.9999999999999999,-0.2,-1.2,-0.0004882812499999991,9.765624999999983e-05,0.0005859374999999989,1.2,0.0005859374999999989,"{""00010100001"": 1, ""01010011101"": 1, ""01110111100"": 1, ""10001000000"": 1, ""10001010001"": 1, ""10001010101"": 1, ""10001100110"": 1, ""10001101001"": 1, ""10001111001"": 1, ""11011011010"": 1}"
1656,019e10f7-5545-77c2-8e48-a3555f5401b7,17,56,ZXXYYZZXIXZ,ZXIXZZYYXXZ,-0.00048828124999999913,10,0.9999999999999999,0.0,-0.9999999999999999,-0.0004882812499999991,-0.0,0.0004882812499999991,0.9999999999999999,0.0004882812499999991,"{""01001100011"": 1, ""01011001110"": 1, ""01101110000"": 1, ""10010011000"": 1, ""10100111011"": 1, ""10101100000"": 1, ""11001100011"": 1, ""11010001101"": 1, ""11100111011"": 1, ""11110011000"": 1}"
1657,019e10f7-5545-77c2-8e48-a3555f5401b7,17,57,ZXXYYZZXIYY,YYIXZZYYXXZ,-0.00048828124999999913,10,0.9999999999999999,0.8,-0.19999999999999984,-0.0004882812499999991,-0.0003906249999999993,9.765624999999976e-05,0.19999999999999984,9.765624999999976e-05,"{""00000010110"": 1, ""00000011000"": 1, ""01001001110"": 1, ""01001010110"": 1, ""10001011000"": 1, ""10010011000"": 1, ""10011011011"": 1, ""10110100011"": 1, ""11000010110"": 1, ""11100100011"": 1}"
1658,019e10f7-5545-77c2-8e48-a3555f5401b7,17,58,ZXXYYZZXZII,IIZXZZYYXXZ,-0.00048828124999999913,10,0.9999999999999999,0.0,-0.9999999999999999,-0.0004882812499999991,-0.0,0.0004882812499999991,0.9999999999999999,0.0004882812499999991,"{""00100101100"": 1, ""01000011010"": 1, ""01011010100"": 1, ""01011101111"": 1, ""01111011010"": 1, ""10001101100"": 1, ""10010011010"": 1, ""10011100010"": 1, ""10100111010"": 1, ""11100000011"": 1}"
1659,019e10f7-5545-77c2-8e48-a3555f5401b7,17,59,ZXXYYZZXZZX,XZZXZZYYXXZ,-0.00048828124999999913,10,0.9999999999999999,0.2,-0.7999999999999998,-0.0004882812499999991,-9.765624999999983e-05,0.00039062499999999926,0.7999999999999998,0.00039062499999999926,"{""00000010111"": 1, ""00000111011"": 1, ""00001000000"": 1, ""00100110100"": 1, ""01100010100"": 1, ""10001100000"": 1, ""11001100011"": 1, ""11100101111"": 1, ""11101001011"": 1, ""11111111011"": 1}"
1660,019e10f7-5545-77c2-8e48-a3555f5401b7,17,60,ZXXYYZZYXXY,YXXYZZYYXXZ,-0.00048828124999999913,10,0.9999999999999999,0.4,-0.5999999999999999,-0.0004882812499999991,-0.00019531249999999966,0.0002929687499999994,0.5999999999999999,0.0002929687499999994,"{""00010110010"": 1, ""00100101111"": 1, ""01000110010"": 1, ""01000111110"": 1, ""01111001111"": 1, ""10100011000"": 1, ""11001010111"": 1, ""11100010111"": 1, ""11100111011"": 1, ""11110010000"": 1}"
1661,019e10f7-5545-77c2-8e48-a3555f5401b7,17,61,ZXXYYZZYXYZ,ZYXYZZYYXXZ,0.00048828124999999913,10,-0.9999999999999999,-0.8,0.19999999999999984,-0.0004882812499999991,-0.0003906249999999993,9.765624999999976e-05,0.19999999999999984,9.765624999999976e-05,"{""00001011001"": 1, ""00010100001"": 1, ""01100000100"": 1, ""10001010011"": 1, ""10111000111"": 1, ""10111010011"": 1, ""11000010000"": 1, ""11000011001"": 1, ""11010100100"": 1, ""11111101110"": 1}"
1662,019e10f7-5545-77c2-8e48-a3555f5401b7,17,62,ZXXYYZZYYIX,XIYYZZYYXXZ,-0.00048828124999999913,10,0.9999999999999999,0.0,-0.9999999999999999,-0.0004882812499999991,-0.0,0.0004882812499999991,0.9999999999999999,0.0004882812499999991,"{""00000100000"": 1, ""00011001100"": 1, ""01000001011"": 1, ""01001100000"": 1, ""01101110100"": 1, ""01110110011"": 1, ""10001001000"": 1, ""10101111000"": 1, ""11011101011"": 1, ""11101011111"": 1}"
1663,019e10f7-5545-77c2-8e48-a3555f5401b7,17,63,ZXXYYZZYYZI,IZYYZZYYXXZ,-0.00048828124999999913,10,0.9999999999999999,0.0,-0.9999999999999999,-0.0004882812499999991,-0.0,0.0004882812499999991,0.9999999999999999,0.0004882812499999991,"{""00000010111"": 1, ""00001101111"": 1, ""01000000110"": 1, ""01001001001"": 1, ""01001011000"": 1, ""10001101101"": 1, ""10010000000"": 1, ""10100011001"": 1, ""11010100110"": 1, ""11101000000"": 1}"
1664,019e10f7-5545-77c2-8e48-a3555f5401b7,17,64,ZXYYIXIXIXZ,ZXIXIXIYYXZ,0.00048828124999999913,10,-0.9999999999999999,-0.6,0.3999999999999999,-0.0004882812499999991,-0.00029296874999999945,0.00019531249999999963,0.3999999999999999,0.00019531249999999963,"{""00001011000"": 1, ""00010110110"": 1, ""01000000011"": 1, ""10001010101"": 1, ""10011100000"": 1, ""10101100000"": 1, ""11010110110"": 1, ""11100000010"": 1, ""11111010101"": 1, ""11111100000"": 1}"
1665,019e10f7-5545-77c2-8e48-a3555f5401b7,17,65,ZXYYIXIXIYY,YYIXIXIYYXZ,0.00048828124999999913,10,-0.9999999999999999,-0.6,0.3999999999999999,-0.0004882812499999991,-0.00029296874999999945,0.00019531249999999963,0.3999999999999999,0.00019531249999999963,"{""00001011000"": 1, ""00001100000"": 3, ""00010111000"": 1, ""00111010000"": 1, ""01011101101"": 1, ""10101010111"": 1, ""10101101110"": 1, ""11010110110"": 1}"
1666,019e10f7-5545-77c2-8e48-a3555f5401b7,17,66,ZXYYIXIXZII,IIZXIXIYYXZ,0.00048828124999999913,10,-0.9999999999999999,-0.8,0.19999999999999984,-0.0004882812499999991,-0.0003906249999999993,9.765624999999976e-05,0.19999999999999984,9.765624999999976e-05,"{""00010001110"": 1, ""00010110110"": 1, ""01000111011"": 1, ""01011001110"": 1, ""10000000001"": 1, ""10000000010"": 1, ""10000110101"": 1, ""10011011001"": 1, ""10101100011"": 1, ""11001101100"": 1}"
1667,019e10f7-5545-77c2-8e48-a3555f5401b7,17,67,ZXYYIXIXZZX,XZZXIXIYYXZ,0.00048828124999999913,10,-0.9999999999999999,-0.8,0.19999999999999984,-0.0004882812499999991,-0.0003906249999999993,9.765624999999976e-05,0.19999999999999984,9.765624999999976e-05,"{""00010110111"": 1, ""00111010111"": 1, ""00111011011"": 1, ""01000110111"": 1, ""01011011011"": 1, ""01101100011"": 1, ""10000000011"": 1, ""10100000011"": 1, ""11010110111"": 1, ""11100000011"": 1}"
1668,019e10f7-5545-77c2-8e48-a3555f5401b7,17,68,ZXYYIXIYXXY,YXXYIXIYYXZ,0.00048828124999999913,10,-0.9999999999999999,-0.2,0.7999999999999998,-0.0004882812499999991,-9.765624999999983e-05,0.00039062499999999926,0.7999999999999998,0.00039062499999999926,"{""00010000101"": 1, ""00010110010"": 1, ""00100000000"": 1, ""00111010001"": 1, ""01000000001"": 1, ""01100000000"": 1, ""01101011000"": 1, ""10011010101"": 1, ""10011100100"": 1, ""10110111000"": 1}"
1669,019e10f7-5545-77c2-8e48-a3555f5401b7,17,69,ZXYYIXIYXYZ,ZYXYIXIYYXZ,-0.00048828124999999913,10,0.9999999999999999,0.4,-0.5999999999999999,-0.0004882812499999991,-0.00019531249999999966,0.0002929687499999994,0.5999999999999999,0.0002929687499999994,"{""00001010101"": 1, ""00100110011"": 1, ""00101010011"": 1, ""00110001000"": 1, ""01011100001"": 1, ""01110000010"": 1, ""10110111000"": 1, ""11100111001"": 1, ""11111001010"": 1, ""11111010101"": 1}"
1670,019e10f7-5545-77c2-8e48-a3555f5401b7,17,70,ZXYYIXIYYIX,XIYYIXIYYXZ,0.00048828124999999913,10,-0.9999999999999999,-0.8,0.19999999999999984,-0.0004882812499999991,-0.0003906249999999993,9.765624999999976e-05,0.19999999999999984,9.765624999999976e-05,"{""00111011111"": 1, ""01000001100"": 1, ""01011011000"": 1, ""10000000100"": 1, ""10000110100"": 1, ""10011011000"": 1, ""10101011000"": 2, ""10101101011"": 1, ""10110001011"": 1}"
1671,019e10f7-5545-77c2-8e48-a3555f5401b7,17,71,ZXYYIXIYYZI,IZYYIXIYYXZ,0.00048828124999999913,10,-0.9999999999999999,-0.4,0.5999999999999999,-0.0004882812499999991,-0.00019531249999999966,0.0002929687499999994,0.5999999999999999,0.0002929687499999994,"{""00010001100"": 1, ""00100110010"": 1, ""00100110100"": 1, ""01011010100"": 1, ""10000000001"": 1, ""10000000100"": 1, ""10000110111"": 1, ""10110111111"": 1, ""11001100001"": 1, ""11111011101"": 1}"
1672,019e10f7-5545-77c2-8e48-a3555f5401b7,17,72,ZXYYIXZIIII,IIIIZXIYYXZ,0.00048828124999999913,10,-0.9999999999999999,-0.4,0.5999999999999999,-0.0004882812499999991,-0.00019531249999999966,0.0002929687499999994,0.5999999999999999,0.0002929687499999994,"{""10000101101"": 1, ""10000111101"": 1, ""10001011000"": 1, ""10011010010"": 1, ""10011011101"": 1, ""10011101000"": 1, ""11100001010"": 1, ""11100001100"": 1, ""11101011110"": 1, ""11111010010"": 1}"
1673,019e10f7-5545-77c2-8e48-a3555f5401b7,17,73,ZXYYIXZIIZX,XZIIZXIYYXZ,0.00048828124999999913,10,-0.9999999999999999,0.0,0.9999999999999999,-0.0004882812499999991,0.0,0.0004882812499999991,0.9999999999999999,0.0004882812499999991,"{""00000000011"": 1, ""00011101000"": 1, ""00101011000"": 1, ""01101010000"": 1, ""10000000111"": 1, ""10000001000"": 1, ""10111001111"": 1, ""10111100100"": 1, ""11000111011"": 1, ""11100111011"": 1}"
1674,019e10f7-5545-77c2-8e48-a3555f5401b7,17,74,ZXYYIXZIZXZ,ZXZIZXIYYXZ,0.00048828124999999913,10,-0.9999999999999999,-0.8,0.19999999999999984,-0.0004882812499999991,-0.0003906249999999993,9.765624999999976e-05,0.19999999999999984,9.765624999999976e-05,"{""00100001011"": 1, ""00111101011"": 1, ""01000001011"": 1, ""01000001101"": 1, ""01011011011"": 1, ""01101101101"": 1, ""01110110110"": 1, ""10101011000"": 1, ""10101101111"": 1, ""11111100011"": 1}"
1675,019e10f7-5545-77c2-8e48-a3555f5401b7,17,75,ZXYYIXZIZYY,YYZIZXIYYXZ,0.00048828124999999913,10,-0.9999999999999999,-0.2,0.7999999999999998,-0.0004882812499999991,-9.765624999999983e-05,0.00039062499999999926,0.7999999999999998,0.00039062499999999926,"{""00001011000"": 1, ""00010110010"": 1, ""01110110000"": 1, ""10011010010"": 1, ""10011100000"": 1, ""10101100101"": 1, ""10110100000"": 1, ""11010000110"": 1, ""11110110011"": 1, ""11111100101"": 1}"
1676,019e10f7-5545-77c2-8e48-a3555f5401b7,17,76,ZXYYIXZZXIX,XIXZZXIYYXZ,0.00048828124999999913,10,-0.9999999999999999,-0.4,0.5999999999999999,-0.0004882812499999991,-0.00019531249999999966,0.0002929687499999994,0.5999999999999999,0.0002929687499999994,"{""00010001011"": 1, ""00010110000"": 1, ""01110110111"": 1, ""01111010111"": 1, ""10000000000"": 1, ""10000001011"": 1, ""10100000111"": 1, ""10110000000"": 1, ""11001100111"": 1, ""11101010000"": 1}"
1677,019e10f7-5545-77c2-8e48-a3555f5401b7,17,77,ZXYYIXZZXZI,IZXZZXIYYXZ,0.00048828124999999913,10,-0.9999999999999999,-0.6,0.3999999999999999,-0.0004882812499999991,-0.00029296874999999945,0.00019531249999999963,0.3999999999999999,0.00019531249999999963,"{""00010011101"": 1, ""00100000110"": 1, ""00111011101"": 1, ""01000001101"": 1, ""01011010000"": 1, ""01101010001"": 1, ""01110110101"": 1, ""11001010111"": 1, ""11010000110"": 1, ""11100001010"": 1}"
1678,019e10f7-5545-77c2-8e48-a3555f5401b7,17,78,ZXYYIXZZYXY,YXYZZXIYYXZ,-0.00048828124999999913,10,0.9999999999999999,0.6,-0.3999999999999999,-0.0004882812499999991,-0.00029296874999999945,0.00019531249999999963,0.3999999999999999,0.00019531249999999963,"{""00000010010"": 1, ""00001101110"": 1, ""01000111000"": 1, ""01010001110"": 1, ""01011100001"": 1, ""10010000010"": 1, ""10011101011"": 1, ""10101011011"": 1, ""11001011110"": 1, ""11001100100"": 1}"
1679,019e10f7-5545-77c2-8e48-a3555f5401b7,17,79,ZXYYIXZZYYZ,ZYYZZXIYYXZ,0.00048828124999999913,10,-0.9999999999999999,-0.2,0.7999999999999998,-0.0004882812499999991,-9.765624999999983e-05,0.00039062499999999926,0.7999999999999998,0.00039062499999999926,"{""00000010001"": 1, ""01000111010"": 1, ""01110001010"": 2, ""10000000001"": 1, ""10000001100"": 1, ""10001100110"": 1, ""10111011100"": 1, ""11001100000"": 1, ""11100111001"": 1}"
1680,019e10f7-5545-77c2-8e48-a3555f5401b7,17,80,ZXYYIYXXXXY,YXXXXYIYYXZ,0.00048828124999999913,10,-0.9999999999999999,-0.6,0.3999999999999999,-0.0004882812499999991,-0.00029296874999999945,0.00019531249999999963,0.3999999999999999,0.00019531249999999963,"{""00010100010"": 1, ""00011000101"": 1, ""01000000000"": 1, ""01001111000"": 1, ""01101000111"": 1, ""10100010101"": 1, ""11001010110"": 1, ""11100010100"": 1, ""11100011111"": 1, ""11100100100"": 1}"
1681,019e10f7-5545-77c2-8e48-a3555f5401b7,17,81,ZXYYIYXXXYZ,ZYXXXYIYYXZ,-0.00048828124999999913,10,0.9999999999999999,0.8,-0.19999999999999984,-0.0004882812499999991,-0.0003906249999999993,9.765624999999976e-05,0.19999999999999984,9.765624999999976e-05,"{""00000110111"": 1, ""00001101000"": 1, ""00100110010"": 1, ""00111100100"": 1, ""01011001111"": 1, ""01101101000"": 1, ""01110000001"": 1, ""11010100000"": 1, ""11100011010"": 1, ""11111000101"": 1}"
1682,019e10f7-5545-77c2-8e48-a3555f5401b7,17,82,ZXYYIYXXYIX,XIYXXYIYYXZ,0.00048828124999999913,10,-0.9999999999999999,0.0,0.9999999999999999,-0.0004882812499999991,0.0,0.0004882812499999991,0.9999999999999999,0.0004882812499999991,"{""00001011100"": 1, ""00100100000"": 1, ""00101110100"": 1, ""00101111111"": 1, ""00110011111"": 1, ""10011011011"": 1, ""10100001011"": 1, ""10110111011"": 1, ""11110110011"": 1, ""11111100111"": 1}"
1683,019e10f7-5545-77c2-8e48-a3555f5401b7,17,83,ZXYYIYXXYZI,IZYXXYIYYXZ,0.00048828124999999913,10,-0.9999999999999999,-0.6,0.3999999999999999,-0.0004882812499999991,-0.00029296874999999945,0.00019531249999999963,0.3999999999999999,0.00019531249999999963,"{""00001100010"": 1, ""00111000010"": 1, ""10000111011"": 1, ""10100010001"": 1, ""10100101111"": 1, ""10101010001"": 1, ""11001111000"": 1, ""11100001100"": 1, ""11100010101"": 1, ""11111010001"": 1}"
1684,019e10f7-5545-77c2-8e48-a3555f5401b7,17,84,ZXYYIYXYIXZ,ZXIYXYIYYXZ,-0.00048828124999999913,10,0.9999999999999999,0.8,-0.19999999999999984,-0.0004882812499999991,-0.0003906249999999993,9.765624999999976e-05,0.19999999999999984,9.765624999999976e-05,"{""00011010011"": 1, ""01000111011"": 1, ""01011001110"": 1, ""01011101011"": 1, ""01100000110"": 1, ""10000001000"": 1, ""10000111011"": 1, ""10110111011"": 1, ""11001101000"": 1, ""11010001011"": 1}"
1685,019e10f7-5545-77c2-8e48-a3555f5401b7,17,85,ZXYYIYXYIYY,YYIYXYIYYXZ,-0.00048828124999999913,10,0.9999999999999999,0.8,-0.19999999999999984,-0.0004882812499999991,-0.0003906249999999993,9.765624999999976e-05,0.19999999999999984,9.765624999999976e-05,"{""00001111110"": 1, ""00101001110"": 1, ""00111100101"": 1, ""01000000110"": 1, ""01101111101"": 1, ""10101001101"": 1, ""10101110000"": 1, ""10110101110"": 1, ""11001100101"": 1, ""11010100011"": 1}"
1686,019e10f7-5545-77c2-8e48-a3555f5401b7,17,86,ZXYYIYXYZII,IIZYXYIYYXZ,-0.00048828124999999913,10,0.9999999999999999,0.8,-0.19999999999999984,-0.0004882812499999991,-0.0003906249999999993,9.765624999999976e-05,0.19999999999999984,9.765624999999976e-05,"{""00100001000"": 1, ""00111011001"": 1, ""01101011011"": 1, ""01110100010"": 2, ""10001111110"": 1, ""10011110000"": 1, ""10110100001"": 1, ""10110111000"": 1, ""11010000110"": 1}"
1687,019e10f7-5545-77c2-8e48-a3555f5401b7,17,87,ZXYYIYXYZZX,XZZYXYIYYXZ,-0.00048828124999999913,10,0.9999999999999999,0.6,-0.3999999999999999,-0.0004882812499999991,-0.00029296874999999945,0.00019531249999999963,0.3999999999999999,0.00019531249999999963,"{""00010101111"": 1, ""00110111000"": 1, ""00111010100"": 1, ""00111110011"": 1, ""01011100111"": 1, ""01101100111"": 1, ""10000100000"": 1, ""10110000111"": 1, ""10110101111"": 1, ""11100111100"": 1}"
1688,019e10f7-5545-77c2-8e48-a3555f5401b7,17,88,ZXYYIYYIXIX,XIXIYYIYYXZ,0.00048828124999999913,10,-0.9999999999999999,-0.2,0.7999999999999998,-0.0004882812499999991,-9.765624999999983e-05,0.00039062499999999926,0.7999999999999998,0.00039062499999999926,"{""00000110111"": 1, ""00001101111"": 1, ""00010011011"": 1, ""00010011111"": 1, ""00100101100"": 1, ""01000111100"": 1, ""10011001111"": 1, ""10011111011"": 1, ""11001001011"": 1, ""11010101100"": 1}"
1689,019e10f7-5545-77c2-8e48-a3555f5401b7,17,89,ZXYYIYYIXZI,IZXIYYIYYXZ,0.00048828124999999913,10,-0.9999999999999999,-0.2,0.7999999999999998,-0.0004882812499999991,-9.765624999999983e-05,0.00039062499999999926,0.7999999999999998,0.00039062499999999926,"{""00011010001"": 1, ""00100010101"": 1, ""00111100010"": 1, ""00111100110"": 1, ""01110101111"": 1, ""10110011010"": 1, ""10110110010"": 1, ""11001010001"": 1, ""11001010110"": 1, ""11111100111"": 1}"
1690,019e10f7-5545-77c2-8e48-a3555f5401b7,17,90,ZXYYIYYIYXY,YXYIYYIYYXZ,-0.00048828124999999913,10,0.9999999999999999,0.6,-0.3999999999999999,-0.0004882812499999991,-0.00029296874999999945,0.00019531249999999963,0.3999999999999999,0.00019531249999999963,"{""00011100000"": 1, ""00100011101"": 1, ""00101111101"": 1, ""01011010010"": 1, ""01101100010"": 1, ""10000101101"": 1, ""11001011000"": 1, ""11010011101"": 1, ""11111001011"": 1, ""11111111101"": 1}"
1691,019e10f7-5545-77c2-8e48-a3555f5401b7,17,91,ZXYYIYYIYYZ,ZYYIYYIYYXZ,0.00048828124999999913,10,-0.9999999999999999,-0.4,0.5999999999999999,-0.0004882812499999991,-0.00019531249999999966,0.0002929687499999994,0.5999999999999999,0.0002929687499999994,"{""00100111001"": 1, ""00101101111"": 1, ""00111001010"": 1, ""00111001100"": 1, ""01000000101"": 1, ""01110101111"": 1, ""01110110000"": 1, ""10000110110"": 1, ""10011000110"": 1, ""11110000000"": 1}"
1692,019e10f7-5545-77c2-8e48-a3555f5401b7,17,92,ZXYYIYYZIII,IIIZYYIYYXZ,0.00048828124999999913,10,-0.9999999999999999,-0.8,0.19999999999999984,-0.0004882812499999991,-0.0003906249999999993,9.765624999999976e-05,0.19999999999999984,9.765624999999976e-05,"{""00001001010"": 1, ""00110001101"": 1, ""00111001001"": 1, ""01000011010"": 1, ""01000101010"": 1, ""01001001100"": 1, ""10000110110"": 1, ""10010010100"": 1, ""10011111010"": 1, ""10101100001"": 1}"
1693,019e10f7-5545-77c2-8e48-a3555f5401b7,17,93,ZXYYIYYZIZX,XZIZYYIYYXZ,0.00048828124999999913,10,-0.9999999999999999,-0.4,0.5999999999999999,-0.0004882812499999991,-0.00019531249999999966,0.0002929687499999994,0.5999999999999999,0.0002929687499999994,"{""00001011000"": 1, ""00100010100"": 1, ""00100110011"": 1, ""01000110000"": 1, ""01101111011"": 1, ""01110011111"": 1, ""10000110011"": 1, ""10000111011"": 1, ""10011100000"": 1, ""11001010111"": 1}"
1694,019e10f7-5545-77c2-8e48-a3555f5401b7,17,94,ZXYYIYYZZXZ,ZXZZYYIYYXZ,0.00048828124999999913,10,-0.9999999999999999,-0.2,0.7999999999999998,-0.0004882812499999991,-9.765624999999983e-05,0.00039062499999999926,0.7999999999999998,0.00039062499999999926,"{""00010010101"": 1, ""00100110101"": 1, ""00100110110"": 1, ""00101100000"": 1, ""01010110110"": 1, ""01011111000"": 1, ""10101111011"": 1, ""11000011110"": 1, ""11010101011"": 1, ""11111111101"": 1}"
1695,019e10f7-5545-77c2-8e48-a3555f5401b7,17,95,ZXYYIYYZZYY,YYZZYYIYYXZ,0.00048828124999999913,10,-0.9999999999999999,-1.0,-1.1102230246251565e-16,-0.0004882812499999991,-0.00048828124999999913,-5.421010862427522e-20,1.1102230246251565e-16,5.421010862427522e-20,"{""00100011101"": 1, ""01101100101"": 1, ""10000011011"": 1, ""11001001011"": 2, ""11001010011"": 1, ""11010000011"": 2, ""11100000000"": 1, ""11100101000"": 1}"
1696,019e10f7-5545-77c2-8e48-a3555f5401b7,17,96,ZXYYZIIIIII,IIIIIIZYYXZ,0.00048828124999999913,10,-0.9999999999999999,-1.0,-1.1102230246251565e-16,-0.0004882812499999991,-0.00048828124999999913,-5.421010862427522e-20,1.1102230246251565e-16,5.421010862427522e-20,"{""01000100000"": 1, ""01011001111"": 1, ""01011110101"": 1, ""10000101101"": 1, ""10011000001"": 1, ""10011001110"": 1, ""10011010111"": 1, ""10110111001"": 1, ""11001101010"": 1, ""11010111100"": 1}"
1697,019e10f7-5545-77c2-8e48-a3555f5401b7,17,97,ZXYYZIIIIZX,XZIIIIZYYXZ,0.00048828124999999913,10,-0.9999999999999999,-0.8,0.19999999999999984,-0.0004882812499999991,-0.0003906249999999993,9.765624999999976e-05,0.19999999999999984,9.765624999999976e-05,"{""00001101111"": 1, ""00111100000"": 1, ""01001111101"": 1, ""01101000000"": 1, ""10000000111"": 1, ""10011110011"": 1, ""10101001000"": 1, ""10101100000"": 1, ""10110101100"": 1, ""11101011000"": 1}"
1698,019e10f7-5545-77c2-8e48-a3555f5401b7,17,98,ZXYYZIIIZXZ,ZXZIIIZYYXZ,0.00048828124999999913,10,-0.9999999999999999,-0.4,0.5999999999999999,-0.0004882812499999991,-0.00019531249999999966,0.0002929687499999994,0.5999999999999999,0.0002929687499999994,"{""00100101111"": 1, ""00100111101"": 1, ""00110111000"": 1, ""01000100001"": 1, ""01011100101"": 1, ""01101011110"": 1, ""10000001101"": 1, ""10000100101"": 1, ""10111001001"": 1, ""11010110101"": 1}"
1699,019e10f7-5545-77c2-8e48-a3555f5401b7,17,99,ZXYYZIIIZYY,YYZIIIZYYXZ,0.00048828124999999913,10,-0.9999999999999999,-0.8,0.19999999999999984,-0.0004882812499999991,-0.0003906249999999993,9.765624999999976e-05,0.19999999999999984,9.765624999999976e-05,"{""00010000000"": 1, ""00111001110"": 1, ""01000100110"": 1, ""01000110110"": 1, ""01010110101"": 1, ""01011111000"": 1, ""01101111000"": 1, ""01110100011"": 1, ""10000100110"": 1, ""11010110110"": 1}"
1700,019e10f7-661a-7b53-a524-395406f5783c,18,0,ZXYYZIIZXIX,XIXZIIZYYXZ,0.00048828124999999913,10,-0.9999999999999999,-0.2,0.7999999999999998,-0.0004882812499999991,-9.765624999999983e-05,0.00039062499999999926,0.7999999999999998,0.00039062499999999926,"{""00111000000"": 1, ""00111000111"": 1, ""10010100111"": 1, ""10011000111"": 1, ""10011100110"": 1, ""10011101100"": 1, ""10110110000"": 1, ""11000101011"": 1, ""11000110010"": 1, ""11100011011"": 1}"
1701,019e10f7-661a-7b53-a524-395406f5783c,18,1,ZXYYZIIZXZI,IZXZIIZYYXZ,0.00048828124999999913,10,-0.9999999999999999,-0.6,0.3999999999999999,-0.0004882812499999991,-0.00029296874999999945,0.00019531249999999963,0.3999999999999999,0.00019531249999999963,"{""00000010000"": 1, ""00100101110"": 1, ""00101011000"": 1, ""00111000110"": 1, ""01000111011"": 1, ""10011011010"": 1, ""10110110001"": 1, ""11001011101"": 1, ""11001111100"": 1, ""11100111011"": 1}"
1702,019e10f7-661a-7b53-a524-395406f5783c,18,2,ZXYYZIIZYXY,YXYZIIZYYXZ,-0.00048828124999999913,10,0.9999999999999999,0.6,-0.3999999999999999,-0.0004882812499999991,-0.00029296874999999945,0.00019531249999999963,0.3999999999999999,0.00019531249999999963,"{""00100110111"": 1, ""00101000100"": 1, ""01000000111"": 1, ""01000100111"": 1, ""01101110110"": 1, ""01110111110"": 1, ""10000100111"": 1, ""10011010100"": 1, ""11001001011"": 1, ""11010011101"": 1}"
1703,019e10f7-661a-7b53-a524-395406f5783c,18,3,ZXYYZIIZYYZ,ZYYZIIZYYXZ,0.00048828124999999913,10,-0.9999999999999999,-0.8,0.19999999999999984,-0.0004882812499999991,-0.0003906249999999993,9.765624999999976e-05,0.19999999999999984,9.765624999999976e-05,"{""00000101100"": 1, ""00010101010"": 1, ""00010111001"": 1, ""00101111011"": 1, ""01110000000"": 1, ""01110000110"": 1, ""10000111100"": 1, ""10011100110"": 1, ""11001000011"": 1, ""11100011001"": 1}"
1704,019e10f7-661a-7b53-a524-395406f5783c,18,4,ZXYYZIZXIXZ,ZXIXZIZYYXZ,0.00048828124999999913,10,-0.9999999999999999,-0.2,0.7999999999999998,-0.0004882812499999991,-9.765624999999983e-05,0.00039062499999999926,0.7999999999999998,0.00039062499999999926,"{""00000001101"": 1, ""00001011011"": 1, ""00010100101"": 1, ""00011000011"": 1, ""00011010110"": 1, ""01101100011"": 1, ""01110000011"": 1, ""10011110101"": 1, ""11001100011"": 1, ""11010000000"": 1}"
1705,019e10f7-661a-7b53-a524-395406f5783c,18,5,ZXYYZIZXIYY,YYIXZIZYYXZ,0.00048828124999999913,10,-0.9999999999999999,-0.6,0.3999999999999999,-0.0004882812499999991,-0.00029296874999999945,0.00019531249999999963,0.3999999999999999,0.00019531249999999963,"{""00000000000"": 1, ""00010010000"": 1, ""01101000000"": 1, ""10011010101"": 1, ""10101000011"": 1, ""11001100000"": 1, ""11001101101"": 1, ""11010000000"": 1, ""11100001101"": 1, ""11111100011"": 1}"
1706,019e10f7-661a-7b53-a524-395406f5783c,18,6,ZXYYZIZXZII,IIZXZIZYYXZ,0.00048828124999999913,10,-0.9999999999999999,-0.2,0.7999999999999998,-0.0004882812499999991,-9.765624999999983e-05,0.00039062499999999926,0.7999999999999998,0.00039062499999999926,"{""00001001101"": 1, ""00101100000"": 1, ""00110001100"": 1, ""01110100001"": 1, ""10100111011"": 1, ""10101010111"": 1, ""10101111010"": 1, ""10110110111"": 1, ""11000101110"": 1, ""11100001111"": 1}"
1707,019e10f7-661a-7b53-a524-395406f5783c,18,7,ZXYYZIZXZZX,XZZXZIZYYXZ,0.00048828124999999913,10,-0.9999999999999999,-1.0,-1.1102230246251565e-16,-0.0004882812499999991,-0.00048828124999999913,-5.421010862427522e-20,1.1102230246251565e-16,5.421010862427522e-20,"{""00010000011"": 1, ""00100101100"": 1, ""00100101111"": 1, ""01011001111"": 1, ""01110110111"": 2, ""10000011011"": 1, ""10110011000"": 1, ""10110100000"": 1, ""11001110100"": 1}"
1708,019e10f7-661a-7b53-a524-395406f5783c,18,8,ZXYYZIZYXXY,YXXYZIZYYXZ,0.00048828124999999913,10,-0.9999999999999999,-1.0,-1.1102230246251565e-16,-0.0004882812499999991,-0.00048828124999999913,-5.421010862427522e-20,1.1102230246251565e-16,5.421010862427522e-20,"{""00001001001"": 1, ""00010000000"": 1, ""00100100011"": 1, ""01000110010"": 1, ""10110100101"": 1, ""10110101010"": 1, ""11010011101"": 1, ""11100011101"": 1, ""11110110000"": 1, ""11111111000"": 1}"
1709,019e10f7-661a-7b53-a524-395406f5783c,18,9,ZXYYZIZYXYZ,ZYXYZIZYYXZ,-0.00048828124999999913,10,0.9999999999999999,0.6,-0.3999999999999999,-0.0004882812499999991,-0.00029296874999999945,0.00019531249999999963,0.3999999999999999,0.00019531249999999963,"{""01110010000"": 1, ""10101001011"": 1, ""10101111100"": 1, ""10110000001"": 1, ""11010111100"": 1, ""11100010011"": 1, ""11100011100"": 1, ""11100110100"": 1, ""11101011100"": 1, ""11111010000"": 1}"
1710,019e10f7-661a-7b53-a524-395406f5783c,18,10,ZXYYZIZYYIX,XIYYZIZYYXZ,0.00048828124999999913,10,-0.9999999999999999,0.2,1.2,-0.0004882812499999991,9.765624999999983e-05,0.0005859374999999989,1.2,0.0005859374999999989,"{""00000000000"": 1, ""00001001100"": 1, ""00010100111"": 1, ""00101111000"": 1, ""10100110100"": 1, ""10110011111"": 1, ""11010110011"": 1, ""11110000000"": 1, ""11111000100"": 1, ""11111011110"": 1}"
1711,019e10f7-661a-7b53-a524-395406f5783c,18,11,ZXYYZIZYYZI,IZYYZIZYYXZ,0.00048828124999999913,10,-0.9999999999999999,-0.4,0.5999999999999999,-0.0004882812499999991,-0.00019531249999999966,0.0002929687499999994,0.5999999999999999,0.0002929687499999994,"{""00001111111"": 1, ""00110100110"": 1, ""00111011000"": 1, ""01000010100"": 1, ""01000110010"": 1, ""10101110011"": 1, ""10110011110"": 1, ""11001110100"": 1, ""11010101111"": 1, ""11110011111"": 1}"
1712,019e10f7-661a-7b53-a524-395406f5783c,18,12,ZXYYZZXIXIX,XIXIXZZYYXZ,0.00048828124999999913,10,-0.9999999999999999,-0.2,0.7999999999999998,-0.0004882812499999991,-9.765624999999983e-05,0.00039062499999999926,0.7999999999999998,0.00039062499999999926,"{""00001110111"": 1, ""00100101100"": 1, ""00111011001"": 1, ""01000010000"": 1, ""01000101100"": 1, ""01101110100"": 1, ""01110110111"": 1, ""10000011011"": 1, ""10011100000"": 1, ""11011000111"": 1}"
1713,019e10f7-661a-7b53-a524-395406f5783c,18,13,ZXYYZZXIXZI,IZXIXZZYYXZ,0.00048828124999999913,10,-0.9999999999999999,-0.6,0.3999999999999999,-0.0004882812499999991,-0.00029296874999999945,0.00019531249999999963,0.3999999999999999,0.00019531249999999963,"{""00010010000"": 1, ""01000110110"": 1, ""01011000001"": 1, ""01011011101"": 1, ""01011101101"": 1, ""01110011100"": 1, ""10100011101"": 1, ""11001000110"": 1, ""11010110111"": 1, ""11100000110"": 1}"
1714,019e10f7-661a-7b53-a524-395406f5783c,18,14,ZXYYZZXIYXY,YXYIXZZYYXZ,-0.00048828124999999913,10,0.9999999999999999,0.6,-0.3999999999999999,-0.0004882812499999991,-0.00029296874999999945,0.00019531249999999963,0.3999999999999999,0.00019531249999999963,"{""00001101110"": 1, ""01000011011"": 1, ""01000100100"": 1, ""01101011110"": 1, ""01110011101"": 1, ""10000010001"": 1, ""10011101101"": 1, ""10101101000"": 1, ""11001110111"": 1, ""11010011101"": 1}"
1715,019e10f7-661a-7b53-a524-395406f5783c,18,15,ZXYYZZXIYYZ,ZYYIXZZYYXZ,0.00048828124999999913,10,-0.9999999999999999,-0.2,0.7999999999999998,-0.0004882812499999991,-9.765624999999983e-05,0.00039062499999999926,0.7999999999999998,0.00039062499999999926,"{""00100000101"": 1, ""00111101001"": 1, ""01000110111"": 1, ""10000110110"": 1, ""11001101100"": 1, ""11001110101"": 1, ""11010101101"": 1, ""11100011001"": 1, ""11101110101"": 1, ""11110011111"": 1}"
1716,019e10f7-661a-7b53-a524-395406f5783c,18,16,ZXYYZZXZIII,IIIZXZZYYXZ,0.00048828124999999913,10,-0.9999999999999999,-0.8,0.19999999999999984,-0.0004882812499999991,-0.0003906249999999993,9.765624999999976e-05,0.19999999999999984,9.765624999999976e-05,"{""00001000101"": 1, ""00001101010"": 1, ""00010000101"": 1, ""00011101001"": 1, ""01000110001"": 1, ""01011011001"": 1, ""01101000111"": 1, ""01101110010"": 1, ""10000110010"": 1, ""10101011110"": 1}"
1717,019e10f7-661a-7b53-a524-395406f5783c,18,17,ZXYYZZXZIZX,XZIZXZZYYXZ,0.00048828124999999913,10,-0.9999999999999999,-0.6,0.3999999999999999,-0.0004882812499999991,-0.00029296874999999945,0.00019531249999999963,0.3999999999999999,0.00019531249999999963,"{""00001101100"": 1, ""00010011110"": 1, ""00100011011"": 1, ""00111101000"": 1, ""01000000100"": 1, ""01000101011"": 1, ""10000000111"": 1, ""11100001011"": 1, ""11100110100"": 1, ""11111000100"": 1}"
1718,019e10f7-661a-7b53-a524-395406f5783c,18,18,ZXYYZZXZZXZ,ZXZZXZZYYXZ,0.00048828124999999913,10,-0.9999999999999999,-0.4,0.5999999999999999,-0.0004882812499999991,-0.00019531249999999966,0.0002929687499999994,0.5999999999999999,0.0002929687499999994,"{""00100101110"": 1, ""01011011110"": 1, ""01011110101"": 1, ""01111011011"": 1, ""10000110110"": 1, ""10010000011"": 1, ""10101011011"": 1, ""10110110001"": 1, ""11100000101"": 1, ""11111101011"": 1}"
1719,019e10f7-661a-7b53-a524-395406f5783c,18,19,ZXYYZZXZZYY,YYZZXZZYYXZ,0.00048828124999999913,10,-0.9999999999999999,-0.4,0.5999999999999999,-0.0004882812499999991,-0.00019531249999999966,0.0002929687499999994,0.5999999999999999,0.0002929687499999994,"{""00001110110"": 1, ""00100110101"": 1, ""00111100101"": 1, ""01101000000"": 1, ""01101110000"": 1, ""01110110000"": 1, ""01111000110"": 1, ""10011101000"": 1, ""10110110110"": 1, ""11000000011"": 1}"
1720,019e10f7-661a-7b53-a524-395406f5783c,18,20,ZXYYZZYXXXY,YXXXYZZYYXZ,-0.00048828124999999913,10,0.9999999999999999,0.4,-0.5999999999999999,-0.0004882812499999991,-0.00019531249999999966,0.0002929687499999994,0.5999999999999999,0.0002929687499999994,"{""00010010011"": 1, ""00010100011"": 1, ""00111000000"": 1, ""01101100001"": 1, ""01101111000"": 1, ""10000001011"": 1, ""10000110100"": 1, ""10101111110"": 1, ""10110000000"": 1, ""10110100011"": 1}"
1721,019e10f7-661a-7b53-a524-395406f5783c,18,21,ZXYYZZYXXYZ,ZYXXYZZYYXZ,0.00048828124999999913,10,-0.9999999999999999,-0.6,0.3999999999999999,-0.0004882812499999991,-0.00029296874999999945,0.00019531249999999963,0.3999999999999999,0.00019531249999999963,"{""00100101101"": 1, ""10000001001"": 2, ""10000001100"": 1, ""10000011010"": 1, ""10011011000"": 1, ""10110111111"": 1, ""11000001111"": 1, ""11100011011"": 1, ""11111111111"": 1}"
1722,019e10f7-661a-7b53-a524-395406f5783c,18,22,ZXYYZZYXYIX,XIYXYZZYYXZ,-0.00048828124999999913,10,0.9999999999999999,0.4,-0.5999999999999999,-0.0004882812499999991,-0.00019531249999999966,0.0002929687499999994,0.5999999999999999,0.0002929687499999994,"{""00001101100"": 1, ""00001110000"": 1, ""10000100100"": 1, ""10000101011"": 1, ""10011000011"": 1, ""11001110100"": 1, ""11010010000"": 1, ""11010100000"": 1, ""11011110011"": 1, ""11111111000"": 1}"
1723,019e10f7-661a-7b53-a524-395406f5783c,18,23,ZXYYZZYXYZI,IZYXYZZYYXZ,-0.00048828124999999913,10,0.9999999999999999,0.4,-0.5999999999999999,-0.0004882812499999991,-0.00019531249999999966,0.0002929687499999994,0.5999999999999999,0.0002929687499999994,"{""00100111111"": 1, ""00101010001"": 1, ""00111110110"": 1, ""01000011011"": 1, ""01101011100"": 1, ""01110010000"": 1, ""11010000010"": 1, ""11010010101"": 1, ""11111010001"": 1, ""11111100110"": 1}"
1724,019e10f7-661a-7b53-a524-395406f5783c,18,24,ZXYYZZYYIXZ,ZXIYYZZYYXZ,0.00048828124999999913,10,-0.9999999999999999,-0.6,0.3999999999999999,-0.0004882812499999991,-0.00029296874999999945,0.00019531249999999963,0.3999999999999999,0.00019531249999999963,"{""00110001110"": 1, ""01010110011"": 1, ""01101101011"": 1, ""10000001101"": 1, ""10000111110"": 1, ""10011000011"": 1, ""10110111101"": 1, ""11001101011"": 1, ""11010110000"": 1, ""11111100110"": 1}"
1725,019e10f7-661a-7b53-a524-395406f5783c,18,25,ZXYYZZYYIYY,YYIYYZZYYXZ,0.00048828124999999913,10,-0.9999999999999999,-1.0,-1.1102230246251565e-16,-0.0004882812499999991,-0.00048828124999999913,-5.421010862427522e-20,1.1102230246251565e-16,5.421010862427522e-20,"{""00001111110"": 1, ""01000111010"": 1, ""01011101000"": 1, ""01101010101"": 1, ""10011011000"": 1, ""10110101000"": 1, ""10110111110"": 1, ""11001010110"": 1, ""11010011000"": 1, ""11100010101"": 1}"
1726,019e10f7-661a-7b53-a524-395406f5783c,18,26,ZXYYZZYYZII,IIZYYZZYYXZ,0.00048828124999999913,10,-0.9999999999999999,-0.6,0.3999999999999999,-0.0004882812499999991,-0.00029296874999999945,0.00019531249999999963,0.3999999999999999,0.00019531249999999963,"{""01101001110"": 1, ""10000011010"": 1, ""10000100101"": 1, ""10000110000"": 1, ""10101110010"": 1, ""10110011010"": 1, ""10110100010"": 1, ""11100110000"": 1, ""11101101011"": 1, ""11111011010"": 1}"
1727,019e10f7-661a-7b53-a524-395406f5783c,18,27,ZXYYZZYYZZX,XZZYYZZYYXZ,0.00048828124999999913,10,-0.9999999999999999,-0.8,0.19999999999999984,-0.0004882812499999991,-0.0003906249999999993,9.765624999999976e-05,0.19999999999999984,9.765624999999976e-05,"{""00010110011"": 1, ""00100100100"": 1, ""01000000011"": 1, ""01101010111"": 1, ""01101011001"": 1, ""10011001111"": 1, ""11001100100"": 1, ""11010101000"": 1, ""11100010100"": 1, ""11100100100"": 1}"
1728,019e10f7-661a-7b53-a524-395406f5783c,18,28,ZXZZIIIIIII,IIIIIIIZZXZ,-0.00048828124999999913,10,0.9999999999999999,0.8,-0.19999999999999984,-0.0004882812499999991,-0.0003906249999999993,9.765624999999976e-05,0.19999999999999984,9.765624999999976e-05,"{""00001000010"": 1, ""00010101011"": 1, ""00111101000"": 1, ""00111110101"": 2, ""01011001001"": 1, ""01101011110"": 1, ""10100101111"": 2, ""11110101100"": 1}"
1729,019e10f7-661a-7b53-a524-395406f5783c,18,29,ZXZZIIIIIZX,XZIIIIIZZXZ,-0.00048828124999999913,10,0.9999999999999999,0.6,-0.3999999999999999,-0.0004882812499999991,-0.00029296874999999945,0.00019531249999999963,0.3999999999999999,0.00019531249999999963,"{""00000011011"": 1, ""00000110100"": 1, ""00001011011"": 1, ""00100001000"": 1, ""01010111011"": 1, ""01011110111"": 1, ""10000011000"": 1, ""10010001111"": 1, ""10011000011"": 1, ""10101110111"": 1}"
1730,019e10f7-661a-7b53-a524-395406f5783c,18,30,ZXZZIIIIZXZ,ZXZIIIIZZXZ,-0.00048828124999999913,10,0.9999999999999999,0.8,-0.19999999999999984,-0.0004882812499999991,-0.0003906249999999993,9.765624999999976e-05,0.19999999999999984,9.765624999999976e-05,"{""00000000110"": 1, ""00001010000"": 1, ""00110001110"": 1, ""00110100011"": 1, ""00111000011"": 1, ""00111010011"": 1, ""01101100011"": 1, ""10010111011"": 1, ""11110001110"": 1, ""11110101100"": 1}"
1731,019e10f7-661a-7b53-a524-395406f5783c,18,31,ZXZZIIIIZYY,YYZIIIIZZXZ,-0.00048828124999999913,10,0.9999999999999999,0.6,-0.3999999999999999,-0.0004882812499999991,-0.00029296874999999945,0.00019531249999999963,0.3999999999999999,0.00019531249999999963,"{""00001011110"": 1, ""00101111110"": 1, ""01010000011"": 1, ""01100010101"": 1, ""01101010101"": 1, ""01110000000"": 1, ""10010010011"": 1, ""11001000110"": 1, ""11111000101"": 1, ""11111101000"": 1}"
1732,019e10f7-661a-7b53-a524-395406f5783c,18,32,ZXZZIIIZXIX,XIXZIIIZZXZ,-0.00048828124999999913,10,0.9999999999999999,0.8,-0.19999999999999984,-0.0004882812499999991,-0.0003906249999999993,9.765624999999976e-05,0.19999999999999984,9.765624999999976e-05,"{""00000010111"": 1, ""00111000111"": 1, ""00111010000"": 1, ""01010111011"": 1, ""01100110111"": 1, ""10011000111"": 1, ""10011110111"": 1, ""11000001101"": 1, ""11001111100"": 1, ""11110001011"": 1}"
1733,019e10f7-661a-7b53-a524-395406f5783c,18,33,ZXZZIIIZXZI,IZXZIIIZZXZ,-0.00048828124999999913,10,0.9999999999999999,0.2,-0.7999999999999998,-0.0004882812499999991,-9.765624999999983e-05,0.00039062499999999926,0.7999999999999998,0.00039062499999999926,"{""00000101101"": 1, ""00000111101"": 1, ""00001101100"": 1, ""01011111100"": 1, ""01100100101"": 1, ""01101110101"": 1, ""10111011011"": 1, ""11110001011"": 1, ""11111101011"": 1, ""11111110101"": 1}"
1734,019e10f7-661a-7b53-a524-395406f5783c,18,34,ZXZZIIIZYXY,YXYZIIIZZXZ,0.00048828124999999913,10,-0.9999999999999999,-0.8,0.19999999999999984,-0.0004882812499999991,-0.0003906249999999993,9.765624999999976e-05,0.19999999999999984,9.765624999999976e-05,"{""00001101101"": 1, ""00001101110"": 1, ""01011010010"": 1, ""01011011000"": 1, ""01100001101"": 1, ""10010100010"": 1, ""10100000010"": 1, ""11000001011"": 1, ""11110001011"": 1, ""11111110011"": 1}"
1735,019e10f7-661a-7b53-a524-395406f5783c,18,35,ZXZZIIIZYYZ,ZYYZIIIZZXZ,-0.00048828124999999913,10,0.9999999999999999,0.8,-0.19999999999999984,-0.0004882812499999991,-0.0003906249999999993,9.765624999999976e-05,0.19999999999999984,9.765624999999976e-05,"{""00001001010"": 1, ""00001011111"": 1, ""00110110000"": 1, ""01010101100"": 1, ""01100001111"": 1, ""01100111100"": 1, ""10011010101"": 1, ""10110111001"": 1, ""11001101100"": 1, ""11111010110"": 1}"
1736,019e10f7-661a-7b53-a524-395406f5783c,18,36,ZXZZIIZXIXZ,ZXIXZIIZZXZ,-0.00048828124999999913,10,0.9999999999999999,0.8,-0.19999999999999984,-0.0004882812499999991,-0.0003906249999999993,9.765624999999976e-05,0.19999999999999984,9.765624999999976e-05,"{""00110000011"": 1, ""00110011011"": 1, ""00110111000"": 1, ""00111111011"": 1, ""01011100011"": 1, ""01101100011"": 1, ""10000100011"": 1, ""10100101110"": 1, ""10101100000"": 1, ""11001010110"": 1}"
1737,019e10f7-661a-7b53-a524-395406f5783c,18,37,ZXZZIIZXIYY,YYIXZIIZZXZ,-0.00048828124999999913,10,0.9999999999999999,0.4,-0.5999999999999999,-0.0004882812499999991,-0.00019531249999999966,0.0002929687499999994,0.5999999999999999,0.0002929687499999994,"{""00100111011"": 1, ""01011010110"": 1, ""01100010110"": 1, ""01100101111"": 1, ""01101111011"": 1, ""01111001110"": 1, ""10011100011"": 1, ""10101011011"": 1, ""11110110101"": 1, ""11111111000"": 1}"
1738,019e10f7-661a-7b53-a524-395406f5783c,18,38,ZXZZIIZXZII,IIZXZIIZZXZ,-0.00048828124999999913,10,0.9999999999999999,0.6,-0.3999999999999999,-0.0004882812499999991,-0.00029296874999999945,0.00019531249999999963,0.3999999999999999,0.00019531249999999963,"{""00000011011"": 1, ""01010010111"": 1, ""01011000000"": 1, ""01100111011"": 1, ""01101011100"": 1, ""10010001110"": 1, ""10010101101"": 1, ""10110001110"": 1, ""11000100011"": 1, ""11110101111"": 1}"
1739,019e10f7-661a-7b53-a524-395406f5783c,18,39,ZXZZIIZXZZX,XZZXZIIZZXZ,-0.00048828124999999913,10,0.9999999999999999,0.8,-0.19999999999999984,-0.0004882812499999991,-0.0003906249999999993,9.765624999999976e-05,0.19999999999999984,9.765624999999976e-05,"{""00000101111"": 1, ""00001000011"": 1, ""00110111000"": 2, ""10011011011"": 2, ""10101110000"": 1, ""10101110111"": 1, ""11110001111"": 1, ""11110111011"": 1}"
1740,019e10f7-661a-7b53-a524-395406f5783c,18,40,ZXZZIIZYXXY,YXXYZIIZZXZ,-0.00048828124999999913,10,0.9999999999999999,0.4,-0.5999999999999999,-0.0004882812499999991,-0.00019531249999999966,0.0002929687499999994,0.5999999999999999,0.0002929687499999994,"{""00001001111"": 1, ""00011001111"": 1, ""00110010111"": 1, ""00111001100"": 1, ""01100110010"": 1, ""10010100100"": 1, ""10101000011"": 1, ""11001101010"": 1, ""11100100011"": 1, ""11110100011"": 1}"
1741,019e10f7-661a-7b53-a524-395406f5783c,18,41,ZXZZIIZYXYZ,ZYXYZIIZZXZ,0.00048828124999999913,10,-0.9999999999999999,-0.4,0.5999999999999999,-0.0004882812499999991,-0.00019531249999999966,0.0002929687499999994,0.5999999999999999,0.0002929687499999994,"{""00000001101"": 1, ""00101101110"": 1, ""00110001101"": 1, ""00111110001"": 1, ""01011110011"": 1, ""01100011110"": 1, ""10011110101"": 1, ""10011111111"": 1, ""10100011100"": 1, ""11110011111"": 1}"
1742,019e10f7-661a-7b53-a524-395406f5783c,18,42,ZXZZIIZYYIX,XIYYZIIZZXZ,-0.00048828124999999913,10,0.9999999999999999,1.0,1.1102230246251565e-16,-0.0004882812499999991,-0.00048828124999999913,-5.421010862427522e-20,1.1102230246251565e-16,5.421010862427522e-20,"{""00000111000"": 1, ""01010101011"": 1, ""10100111000"": 1, ""11000001011"": 1, ""11001111111"": 1, ""11100110111"": 1, ""11101010111"": 1, ""11110010011"": 1, ""11111001100"": 1, ""11111110100"": 1}"
1743,019e10f7-661a-7b53-a524-395406f5783c,18,43,ZXZZIIZYYZI,IZYYZIIZZXZ,-0.00048828124999999913,10,0.9999999999999999,0.4,-0.5999999999999999,-0.0004882812499999991,-0.00019531249999999966,0.0002929687499999994,0.5999999999999999,0.0002929687499999994,"{""00110110011"": 1, ""10010101001"": 1, ""10101000000"": 1, ""11000101011"": 1, ""11001011001"": 1, ""11001011111"": 1, ""11001110100"": 1, ""11010100110"": 1, ""11011001011"": 1, ""11110001100"": 1}"
1744,019e10f7-661a-7b53-a524-395406f5783c,18,44,ZXZZIZXIXIX,XIXIXZIZZXZ,-0.00048828124999999913,10,0.9999999999999999,0.8,-0.19999999999999984,-0.0004882812499999991,-0.0003906249999999993,9.765624999999976e-05,0.19999999999999984,9.765624999999976e-05,"{""00110011011"": 1, ""00111110111"": 1, ""01011100111"": 1, ""01100000000"": 1, ""01100011011"": 1, ""01101000000"": 1, ""10000101111"": 1, ""10010000111"": 1, ""10010101100"": 1, ""11111011011"": 1}"
1745,019e10f7-661a-7b53-a524-395406f5783c,18,45,ZXZZIZXIXZI,IZXIXZIZZXZ,-0.00048828124999999913,10,0.9999999999999999,0.6,-0.3999999999999999,-0.0004882812499999991,-0.00029296874999999945,0.00019531249999999963,0.3999999999999999,0.00019531249999999963,"{""00001000111"": 1, ""00100110001"": 1, ""00111101010"": 1, ""00111101011"": 1, ""01001101101"": 1, ""01010110000"": 1, ""01100000000"": 1, ""01101110111"": 1, ""10100000000"": 1, ""11110011100"": 1}"
1746,019e10f7-661a-7b53-a524-395406f5783c,18,46,ZXZZIZXIYXY,YXYIXZIZZXZ,0.00048828124999999913,10,-0.9999999999999999,-0.6,0.3999999999999999,-0.0004882812499999991,-0.00029296874999999945,0.00019531249999999963,0.3999999999999999,0.00019531249999999963,"{""00110101000"": 1, ""01011110100"": 1, ""01100101101"": 1, ""01101000100"": 1, ""01101100111"": 1, ""01110000100"": 1, ""10010110100"": 1, ""10011011000"": 1, ""10100101110"": 1, ""11111101000"": 1}"
1747,019e10f7-661a-7b53-a524-395406f5783c,18,47,ZXZZIZXIYYZ,ZYYIXZIZZXZ,-0.00048828124999999913,10,0.9999999999999999,0.4,-0.5999999999999999,-0.0004882812499999991,-0.00019531249999999966,0.0002929687499999994,0.5999999999999999,0.0002929687499999994,"{""00000000110"": 1, ""00110000110"": 1, ""00111101100"": 1, ""01000011100"": 1, ""01010011000"": 1, ""01010011010"": 1, ""01011011000"": 1, ""10010101001"": 1, ""10100000011"": 1, ""11000011001"": 1}"
1748,019e10f7-661a-7b53-a524-395406f5783c,18,48,ZXZZIZXZIII,IIIZXZIZZXZ,-0.00048828124999999913,10,0.9999999999999999,0.8,-0.19999999999999984,-0.0004882812499999991,-0.0003906249999999993,9.765624999999976e-05,0.19999999999999984,9.765624999999976e-05,"{""00001110010"": 1, ""00111000111"": 1, ""01011000010"": 1, ""01011101110"": 1, ""10010011111"": 1, ""10100101000"": 1, ""11001101011"": 1, ""11101101001"": 1, ""11111011100"": 1, ""11111110010"": 1}"
1749,019e10f7-661a-7b53-a524-395406f5783c,18,49,ZXZZIZXZIZX,XZIZXZIZZXZ,-0.00048828124999999913,10,0.9999999999999999,0.4,-0.5999999999999999,-0.0004882812499999991,-0.00019531249999999966,0.0002929687499999994,0.5999999999999999,0.0002929687499999994,"{""00000000100"": 1, ""00010011000"": 1, ""00110101000"": 1, ""01010011111"": 1, ""01011010111"": 1, ""01100000011"": 1, ""01101011000"": 1, ""01101011111"": 1, ""10010010100"": 1, ""11001110000"": 1}"
1750,019e10f7-661a-7b53-a524-395406f5783c,18,50,ZXZZIZXZZXZ,ZXZZXZIZZXZ,-0.00048828124999999913,10,0.9999999999999999,0.4,-0.5999999999999999,-0.0004882812499999991,-0.00019531249999999966,0.0002929687499999994,0.5999999999999999,0.0002929687499999994,"{""00000000011"": 1, ""00110000011"": 1, ""00111001000"": 1, ""01010110011"": 1, ""01011000000"": 1, ""01011110101"": 1, ""01100010101"": 1, ""10110110000"": 1, ""11110011110"": 1, ""11111011000"": 1}"
1751,019e10f7-661a-7b53-a524-395406f5783c,18,51,ZXZZIZXZZYY,YYZZXZIZZXZ,-0.00048828124999999913,10,0.9999999999999999,0.4,-0.5999999999999999,-0.0004882812499999991,-0.00019531249999999966,0.0002929687499999994,0.5999999999999999,0.0002929687499999994,"{""00000011011"": 1, ""01010010110"": 1, ""01010101100"": 1, ""01100101000"": 1, ""01110000000"": 1, ""10010101000"": 1, ""10100011110"": 1, ""11110000110"": 1, ""11110011011"": 1, ""11110011110"": 1}"
1752,019e10f7-661a-7b53-a524-395406f5783c,18,52,ZXZZIZYXXXY,YXXXYZIZZXZ,0.00048828124999999913,10,-0.9999999999999999,-0.2,0.7999999999999998,-0.0004882812499999991,-9.765624999999983e-05,0.00039062499999999926,0.7999999999999998,0.00039062499999999926,"{""00001100100"": 1, ""00110010110"": 1, ""00111000001"": 1, ""00111010001"": 1, ""01010000010"": 1, ""01100000111"": 1, ""10011100110"": 1, ""10101010101"": 1, ""10111010101"": 1, ""11000000110"": 1}"
1753,019e10f7-661a-7b53-a524-395406f5783c,18,53,ZXZZIZYXXYZ,ZYXXYZIZZXZ,-0.00048828124999999913,10,0.9999999999999999,0.6,-0.3999999999999999,-0.0004882812499999991,-0.00029296874999999945,0.00019531249999999963,0.3999999999999999,0.00019531249999999963,"{""00000100110"": 1, ""01010011000"": 1, ""01011000011"": 1, ""01100001010"": 1, ""01100010010"": 1, ""01100101111"": 1, ""10010010111"": 1, ""10100000101"": 1, ""10100001111"": 1, ""10101110110"": 1}"
1754,019e10f7-661a-7b53-a524-395406f5783c,18,54,ZXZZIZYXYIX,XIYXYZIZZXZ,0.00048828124999999913,10,-0.9999999999999999,-0.4,0.5999999999999999,-0.0004882812499999991,-0.00019531249999999966,0.0002929687499999994,0.5999999999999999,0.0002929687499999994,"{""00001110100"": 1, ""00111010111"": 1, ""01010000100"": 1, ""10001000100"": 1, ""10001101011"": 1, ""10100000100"": 1, ""10101010000"": 1, ""11000011100"": 1, ""11100111111"": 1, ""11110100000"": 1}"
1755,019e10f7-661a-7b53-a524-395406f5783c,18,55,ZXZZIZYXYZI,IZYXYZIZZXZ,0.00048828124999999913,10,-0.9999999999999999,0.0,0.9999999999999999,-0.0004882812499999991,0.0,0.0004882812499999991,0.9999999999999999,0.0004882812499999991,"{""00001000100"": 1, ""01001010111"": 1, ""01010100001"": 1, ""01100000001"": 1, ""01101001101"": 1, ""10011111110"": 1, ""10101100000"": 1, ""10110011011"": 1, ""11000000101"": 1, ""11100000010"": 1}"
1756,019e10f7-661a-7b53-a524-395406f5783c,18,56,ZXZZIZYYIXZ,ZXIYYZIZZXZ,-0.00048828124999999913,10,0.9999999999999999,0.4,-0.5999999999999999,-0.0004882812499999991,-0.00019531249999999966,0.0002929687499999994,0.5999999999999999,0.0002929687499999994,"{""00000011000"": 1, ""00001111101"": 1, ""00110111110"": 1, ""01011000000"": 1, ""01100000001"": 1, ""01111110011"": 1, ""10001101011"": 1, ""10101110000"": 1, ""11000011011"": 1, ""11110100101"": 1}"
1757,019e10f7-661a-7b53-a524-395406f5783c,18,57,ZXZZIZYYIYY,YYIYYZIZZXZ,-0.00048828124999999913,10,0.9999999999999999,0.8,-0.19999999999999984,-0.0004882812499999991,-0.0003906249999999993,9.765624999999976e-05,0.19999999999999984,9.765624999999976e-05,"{""00110000011"": 1, ""00110111110"": 1, ""00111000000"": 1, ""01100011011"": 1, ""01101011011"": 1, ""10001101011"": 1, ""10011001110"": 1, ""10101110011"": 1, ""11001101000"": 1, ""11111101000"": 1}"
1758,019e10f7-661a-7b53-a524-395406f5783c,18,58,ZXZZIZYYZII,IIZYYZIZZXZ,-0.00048828124999999913,10,0.9999999999999999,0.4,-0.5999999999999999,-0.0004882812499999991,-0.00019531249999999966,0.0002929687499999994,0.5999999999999999,0.0002929687499999994,"{""00010101001"": 1, ""01010100111"": 1, ""01100001100"": 1, ""10010101010"": 1, ""10010111101"": 1, ""10011001110"": 1, ""10101100101"": 1, ""11011010110"": 1, ""11100011001"": 1, ""11111011001"": 1}"
1759,019e10f7-661a-7b53-a524-395406f5783c,18,59,ZXZZIZYYZZX,XZZYYZIZZXZ,-0.00048828124999999913,10,0.9999999999999999,0.4,-0.5999999999999999,-0.0004882812499999991,-0.00019531249999999966,0.0002929687499999994,0.5999999999999999,0.0002929687499999994,"{""00000110000"": 1, ""00001101000"": 1, ""00110101000"": 1, ""00111001111"": 1, ""01011011000"": 1, ""01110001100"": 1, ""10001110000"": 1, ""10101111100"": 2, ""11110110001"": 1}"
1760,019e10f7-661a-7b53-a524-395406f5783c,18,60,ZXZZZXIXIXZ,ZXIXIXZZZXZ,-0.00048828124999999913,10,0.9999999999999999,0.8,-0.19999999999999984,-0.0004882812499999991,-0.0003906249999999993,9.765624999999976e-05,0.19999999999999984,9.765624999999976e-05,"{""00000110101"": 1, ""00110110101"": 1, ""00111100011"": 1, ""01011101110"": 1, ""01100111011"": 1, ""01101011011"": 1, ""01101101110"": 1, ""10011101101"": 1, ""10100001110"": 1, ""11010110101"": 1}"
1761,019e10f7-661a-7b53-a524-395406f5783c,18,61,ZXZZZXIXIYY,YYIXIXZZZXZ,-0.00048828124999999913,10,0.9999999999999999,0.2,-0.7999999999999998,-0.0004882812499999991,-9.765624999999983e-05,0.00039062499999999926,0.7999999999999998,0.00039062499999999926,"{""00111100000"": 1, ""00111101101"": 1, ""01111100000"": 1, ""10001100011"": 1, ""10010001111"": 1, ""10011010110"": 1, ""11000110101"": 1, ""11010110110"": 1, ""11110110101"": 1, ""11111101110"": 1}"
1762,019e10f7-661a-7b53-a524-395406f5783c,18,62,ZXZZZXIXZII,IIZXIXZZZXZ,-0.00048828124999999913,10,0.9999999999999999,0.8,-0.19999999999999984,-0.0004882812499999991,-0.0003906249999999993,9.765624999999976e-05,0.19999999999999984,9.765624999999976e-05,"{""00001010100"": 1, ""00110000001"": 1, ""00110001111"": 1, ""00110110110"": 1, ""00110111001"": 1, ""01010001101"": 1, ""01010110101"": 1, ""01010111010"": 1, ""01101101101"": 1, ""10010001011"": 1}"
1763,019e10f7-661a-7b53-a524-395406f5783c,18,63,ZXZZZXIXZZX,XZZXIXZZZXZ,-0.00048828124999999913,10,0.9999999999999999,0.4,-0.5999999999999999,-0.0004882812499999991,-0.00019531249999999966,0.0002929687499999994,0.5999999999999999,0.0002929687499999994,"{""00000000011"": 1, ""00010110111"": 1, ""00110001100"": 1, ""01010010111"": 1, ""01011100111"": 1, ""01101101111"": 1, ""10011101111"": 1, ""10100001111"": 1, ""10100110100"": 1, ""11001101111"": 1}"
1764,019e10f7-661a-7b53-a524-395406f5783c,18,64,ZXZZZXIYXXY,YXXYIXZZZXZ,-0.00048828124999999913,10,0.9999999999999999,0.6,-0.3999999999999999,-0.0004882812499999991,-0.00029296874999999945,0.00019531249999999963,0.3999999999999999,0.00019531249999999963,"{""00000000101"": 1, ""00110001111"": 1, ""00110110001"": 1, ""10000000011"": 1, ""10011010100"": 1, ""10011011110"": 1, ""10100111000"": 1, ""11000110101"": 1, ""11000111101"": 1, ""11111101111"": 1}"
1765,019e10f7-661a-7b53-a524-395406f5783c,18,65,ZXZZZXIYXYZ,ZYXYIXZZZXZ,0.00048828124999999913,10,-0.9999999999999999,-0.4,0.5999999999999999,-0.0004882812499999991,-0.00019531249999999966,0.0002929687499999994,0.5999999999999999,0.0002929687499999994,"{""00001101111"": 1, ""00100010111"": 1, ""00110000010"": 1, ""00110110011"": 1, ""01010000001"": 2, ""01100001110"": 1, ""10111011001"": 1, ""11000001101"": 1, ""11111011111"": 1}"
1766,019e10f7-661a-7b53-a524-395406f5783c,18,66,ZXZZZXIYYIX,XIYYIXZZZXZ,-0.00048828124999999913,10,0.9999999999999999,0.6,-0.3999999999999999,-0.0004882812499999991,-0.00029296874999999945,0.00019531249999999963,0.3999999999999999,0.00019531249999999963,"{""00000110011"": 1, ""00001011100"": 1, ""00001011111"": 1, ""00110000000"": 1, ""01011100111"": 1, ""01011101011"": 1, ""01101011000"": 1, ""11001101011"": 1, ""11001101100"": 1, ""11111010010"": 1}"
1767,019e10f7-661a-7b53-a524-395406f5783c,18,67,ZXZZZXIYYZI,IZYYIXZZZXZ,-0.00048828124999999913,10,0.9999999999999999,0.4,-0.5999999999999999,-0.0004882812499999991,-0.00019531249999999966,0.0002929687499999994,0.5999999999999999,0.0002929687499999994,"{""00110000110"": 1, ""01100101111"": 1, ""01111101010"": 1, ""10000000000"": 1, ""10100000111"": 1, ""10100001101"": 1, ""10101010100"": 1, ""10111000000"": 1, ""11111011001"": 1, ""11111100010"": 1}"
1768,019e10f7-661a-7b53-a524-395406f5783c,18,68,ZXZZZXZIIII,IIIIZXZZZXZ,-0.00048828124999999913,10,0.9999999999999999,0.6,-0.3999999999999999,-0.0004882812499999991,-0.00029296874999999945,0.00019531249999999963,0.3999999999999999,0.00019531249999999963,"{""00001100111"": 1, ""00111101110"": 1, ""01010000101"": 1, ""01100010001"": 1, ""01101010010"": 1, ""10011001000"": 1, ""10011100101"": 1, ""10100110001"": 1, ""10101101101"": 1, ""11111010001"": 1}"
1769,019e10f7-661a-7b53-a524-395406f5783c,18,69,ZXZZZXZIIZX,XZIIZXZZZXZ,-0.00048828124999999913,10,0.9999999999999999,1.0,1.1102230246251565e-16,-0.0004882812499999991,-0.00048828124999999913,-5.421010862427522e-20,1.1102230246251565e-16,5.421010862427522e-20,"{""00001101100"": 1, ""00110001011"": 1, ""00111011111"": 1, ""01011011000"": 1, ""01011011011"": 1, ""01101010000"": 1, ""10101100000"": 1, ""10101100100"": 1, ""10101100111"": 1, ""11001100100"": 1}"
1770,019e10f7-661a-7b53-a524-395406f5783c,18,70,ZXZZZXZIZXZ,ZXZIZXZZZXZ,-0.00048828124999999913,10,0.9999999999999999,0.8,-0.19999999999999984,-0.0004882812499999991,-0.0003906249999999993,9.765624999999976e-05,0.19999999999999984,9.765624999999976e-05,"{""00001101110"": 1, ""00111011101"": 1, ""01010001110"": 1, ""01011101101"": 1, ""01101010000"": 1, ""01101010101"": 1, ""01110000000"": 1, ""10101011000"": 1, ""11000000000"": 1, ""11000000011"": 1}"
1771,019e10f7-661a-7b53-a524-395406f5783c,18,71,ZXZZZXZIZYY,YYZIZXZZZXZ,-0.00048828124999999913,10,0.9999999999999999,1.0,1.1102230246251565e-16,-0.0004882812499999991,-0.00048828124999999913,-5.421010862427522e-20,1.1102230246251565e-16,5.421010862427522e-20,"{""00001010101"": 1, ""00110111110"": 1, ""00111101000"": 1, ""01010110101"": 1, ""01011011011"": 1, ""01100000000"": 1, ""01100110011"": 1, ""10011011101"": 1, ""10101101110"": 1, ""11110110101"": 1}"
1772,019e10f7-661a-7b53-a524-395406f5783c,18,72,ZXZZZXZZXIX,XIXZZXZZZXZ,-0.00048828124999999913,10,0.9999999999999999,0.8,-0.19999999999999984,-0.0004882812499999991,-0.0003906249999999993,9.765624999999976e-05,0.19999999999999984,9.765624999999976e-05,"{""00111100000"": 1, ""01010000000"": 1, ""01011100000"": 1, ""01011100111"": 1, ""01100010011"": 1, ""01100111100"": 1, ""01110110000"": 1, ""10010001100"": 1, ""10101101011"": 1, ""11001100000"": 1}"
1773,019e10f7-661a-7b53-a524-395406f5783c,18,73,ZXZZZXZZXZI,IZXZZXZZZXZ,-0.00048828124999999913,10,0.9999999999999999,0.6,-0.3999999999999999,-0.0004882812499999991,-0.00029296874999999945,0.00019531249999999963,0.3999999999999999,0.00019531249999999963,"{""00001000110"": 1, ""00001010001"": 1, ""00001010111"": 1, ""00001011100"": 1, ""01100000000"": 1, ""01100000111"": 1, ""01110000001"": 1, ""11000000110"": 1, ""11110110000"": 1, ""11110111101"": 1}"
1774,019e10f7-661a-7b53-a524-395406f5783c,18,74,ZXZZZXZZYXY,YXYZZXZZZXZ,0.00048828124999999913,10,-0.9999999999999999,-0.6,0.3999999999999999,-0.0004882812499999991,-0.00029296874999999945,0.00019531249999999963,0.3999999999999999,0.00019531249999999963,"{""00000111011"": 1, ""00110001110"": 1, ""01010110001"": 1, ""01011101110"": 1, ""01101010100"": 1, ""10001100010"": 1, ""10010111000"": 1, ""10100111000"": 1, ""10101011000"": 1, ""11001100110"": 1}"
1775,019e10f7-661a-7b53-a524-395406f5783c,18,75,ZXZZZXZZYYZ,ZYYZZXZZZXZ,-0.00048828124999999913,10,0.9999999999999999,0.4,-0.5999999999999999,-0.0004882812499999991,-0.00019531249999999966,0.0002929687499999994,0.5999999999999999,0.0002929687499999994,"{""00100110110"": 1, ""00111010110"": 1, ""01010110000"": 1, ""01011100101"": 1, ""10010000110"": 1, ""11000110011"": 1, ""11001100000"": 1, ""11010000110"": 1, ""11101100000"": 1, ""11110110101"": 1}"
1776,019e10f7-661a-7b53-a524-395406f5783c,18,76,ZXZZZYXXXXY,YXXXXYZZZXZ,-0.00048828124999999913,10,0.9999999999999999,-0.2,-1.2,-0.0004882812499999991,9.765624999999983e-05,0.0005859374999999989,1.2,0.0005859374999999989,"{""00110100100"": 1, ""00111110001"": 1, ""01010000100"": 1, ""01011011111"": 1, ""01110001100"": 1, ""10000110011"": 1, ""10100010101"": 1, ""10101000001"": 1, ""10101011101"": 1, ""11011001011"": 1}"
1777,019e10f7-661a-7b53-a524-395406f5783c,18,77,ZXZZZYXXXYZ,ZYXXXYZZZXZ,0.00048828124999999913,10,-0.9999999999999999,-0.6,0.3999999999999999,-0.0004882812499999991,-0.00029296874999999945,0.00019531249999999963,0.3999999999999999,0.00019531249999999963,"{""00110101001"": 1, ""01011110011"": 1, ""01100110001"": 1, ""10010000001"": 1, ""10010000110"": 1, ""10010011111"": 1, ""11000000010"": 1, ""11000000100"": 1, ""11000010011"": 1, ""11010100011"": 1}"
1778,019e10f7-661a-7b53-a524-395406f5783c,18,78,ZXZZZYXXYIX,XIYXXYZZZXZ,-0.00048828124999999913,10,0.9999999999999999,0.2,-0.7999999999999998,-0.0004882812499999991,-9.765624999999983e-05,0.00039062499999999926,0.7999999999999998,0.00039062499999999926,"{""00001111000"": 1, ""01010001100"": 1, ""01010100111"": 1, ""01110111100"": 1, ""10101011100"": 1, ""11001000011"": 1, ""11101111000"": 1, ""11110101111"": 1, ""11111101000"": 1, ""11111111000"": 1}"
1779,019e10f7-661a-7b53-a524-395406f5783c,18,79,ZXZZZYXXYZI,IZYXXYZZZXZ,-0.00048828124999999913,10,0.9999999999999999,0.6,-0.3999999999999999,-0.0004882812499999991,-0.00029296874999999945,0.00019531249999999963,0.3999999999999999,0.00019531249999999963,"{""00001010000"": 1, ""00010101111"": 1, ""00111111010"": 1, ""10010001010"": 1, ""10101110010"": 1, ""11000100101"": 1, ""11000111101"": 1, ""11001111110"": 1, ""11110011111"": 1, ""11111011101"": 1}"
1780,019e10f7-661a-7b53-a524-395406f5783c,18,80,ZXZZZYXYIXZ,ZXIYXYZZZXZ,0.00048828124999999913,10,-0.9999999999999999,-1.0,-1.1102230246251565e-16,-0.0004882812499999991,-0.00048828124999999913,-5.421010862427522e-20,1.1102230246251565e-16,5.421010862427522e-20,"{""00001001110"": 1, ""00110011101"": 1, ""01011010101"": 1, ""01011011011"": 1, ""01100001000"": 2, ""01101100101"": 1, ""10011110011"": 1, ""10100101110"": 1, ""11000100011"": 1}"
1781,019e10f7-661a-7b53-a524-395406f5783c,18,81,ZXZZZYXYIYY,YYIYXYZZZXZ,0.00048828124999999913,10,-0.9999999999999999,-0.6,0.3999999999999999,-0.0004882812499999991,-0.00029296874999999945,0.00019531249999999963,0.3999999999999999,0.00019531249999999963,"{""00100011110"": 1, ""00110110101"": 1, ""00110110110"": 1, ""00111110000"": 1, ""01001101000"": 1, ""01010000110"": 1, ""01010110110"": 1, ""10011011011"": 1, ""10011101011"": 1, ""10011110011"": 1}"
1782,019e10f7-661a-7b53-a524-395406f5783c,18,82,ZXZZZYXYZII,IIZYXYZZZXZ,0.00048828124999999913,10,-0.9999999999999999,-0.2,0.7999999999999998,-0.0004882812499999991,-9.765624999999983e-05,0.00039062499999999926,0.7999999999999998,0.00039062499999999926,"{""00000110101"": 1, ""00111000000"": 1, ""01000110100"": 1, ""01011010101"": 1, ""10100001100"": 1, ""10101111101"": 1, ""11000110011"": 1, ""11001000010"": 1, ""11001110111"": 1, ""11110100010"": 1}"
1783,019e10f7-661a-7b53-a524-395406f5783c,18,83,ZXZZZYXYZZX,XZZYXYZZZXZ,0.00048828124999999913,10,-0.9999999999999999,-1.0,-1.1102230246251565e-16,-0.0004882812499999991,-0.00048828124999999913,-5.421010862427522e-20,1.1102230246251565e-16,5.421010862427522e-20,"{""00100111001"": 1, ""01011001111"": 1, ""01011101000"": 1, ""10010100011"": 1, ""11000010000"": 1, ""11000010011"": 1, ""11000011111"": 1, ""11000101001"": 1, ""11001011011"": 1, ""11111011000"": 1}"
1784,019e10f7-661a-7b53-a524-395406f5783c,18,84,ZXZZZYYIXIX,XIXIYYZZZXZ,-0.00048828124999999913,10,0.9999999999999999,0.6,-0.3999999999999999,-0.0004882812499999991,-0.00029296874999999945,0.00019531249999999963,0.3999999999999999,0.00019531249999999963,"{""00000000000"": 1, ""00111110111"": 1, ""01100000111"": 1, ""01100011100"": 1, ""10011001011"": 1, ""10101010111"": 1, ""10101110111"": 1, ""11000000111"": 1, ""11000011011"": 1, ""11001111011"": 1}"
1785,019e10f7-661a-7b53-a524-395406f5783c,18,85,ZXZZZYYIXZI,IZXIYYZZZXZ,-0.00048828124999999913,10,0.9999999999999999,0.4,-0.5999999999999999,-0.0004882812499999991,-0.00019531249999999966,0.0002929687499999994,0.5999999999999999,0.0002929687499999994,"{""01010110001"": 1, ""01011110000"": 1, ""01101010111"": 1, ""01101100110"": 1, ""10000110001"": 1, ""10100000111"": 1, ""10100110000"": 1, ""11000101100"": 1, ""11000110100"": 1, ""11001010000"": 1}"
1786,019e10f7-661a-7b53-a524-395406f5783c,18,86,ZXZZZYYIYXY,YXYIYYZZZXZ,0.00048828124999999913,10,-0.9999999999999999,0.0,0.9999999999999999,-0.0004882812499999991,0.0,0.0004882812499999991,0.9999999999999999,0.0004882812499999991,"{""00000011000"": 1, ""00110011011"": 1, ""00111100101"": 1, ""01101001101"": 1, ""10010011011"": 1, ""10011011000"": 1, ""10011111101"": 1, ""10100111101"": 1, ""11011100111"": 1, ""11101001000"": 1}"
1787,019e10f7-661a-7b53-a524-395406f5783c,18,87,ZXZZZYYIYYZ,ZYYIYYZZZXZ,-0.00048828124999999913,10,0.9999999999999999,0.2,-0.7999999999999998,-0.0004882812499999991,-9.765624999999983e-05,0.00039062499999999926,0.7999999999999998,0.00039062499999999926,"{""00110101101"": 1, ""00111100101"": 1, ""01010101100"": 1, ""01100101100"": 1, ""01101001111"": 1, ""01101010110"": 1, ""01101111011"": 1, ""01111010000"": 1, ""11100110101"": 1, ""11110101010"": 1}"
1788,019e10f7-661a-7b53-a524-395406f5783c,18,88,ZXZZZYYZIII,IIIZYYZZZXZ,-0.00048828124999999913,10,0.9999999999999999,0.6,-0.3999999999999999,-0.0004882812499999991,-0.00029296874999999945,0.00019531249999999963,0.3999999999999999,0.00019531249999999963,"{""00110110010"": 1, ""01100001101"": 1, ""10010011110"": 1, ""10011010101"": 1, ""10101010011"": 1, ""10110000111"": 1, ""11000011001"": 1, ""11000101110"": 1, ""11001010110"": 1, ""11001100111"": 1}"
1789,019e10f7-661a-7b53-a524-395406f5783c,18,89,ZXZZZYYZIZX,XZIZYYZZZXZ,-0.00048828124999999913,10,0.9999999999999999,0.4,-0.5999999999999999,-0.0004882812499999991,-0.00019531249999999966,0.0002929687499999994,0.5999999999999999,0.0002929687499999994,"{""00000011111"": 1, ""01011110100"": 1, ""10010110000"": 1, ""10100110000"": 1, ""10101000100"": 1, ""10101001000"": 1, ""10110101011"": 1, ""11000011100"": 1, ""11110101011"": 1, ""11110101111"": 1}"
1790,019e10f7-661a-7b53-a524-395406f5783c,18,90,ZXZZZYYZZXZ,ZXZZYYZZZXZ,-0.00048828124999999913,10,0.9999999999999999,0.8,-0.19999999999999984,-0.0004882812499999991,-0.0003906249999999993,9.765624999999976e-05,0.19999999999999984,9.765624999999976e-05,"{""00000011011"": 1, ""00001010101"": 1, ""01010101000"": 1, ""01011010001"": 1, ""01101001011"": 1, ""10010000011"": 1, ""10011010110"": 1, ""10101111101"": 1, ""11000101110"": 1, ""11110110110"": 1}"
1791,019e10f7-661a-7b53-a524-395406f5783c,18,91,ZXZZZYYZZYY,YYZZYYZZZXZ,-0.00048828124999999913,10,0.9999999999999999,0.8,-0.19999999999999984,-0.0004882812499999991,-0.0003906249999999993,9.765624999999976e-05,0.19999999999999984,9.765624999999976e-05,"{""00001010000"": 1, ""00011000101"": 1, ""01100101101"": 1, ""01101111011"": 1, ""10010000110"": 1, ""10010010110"": 1, ""10011100000"": 1, ""11000101110"": 1, ""11101011101"": 1, ""11110101110"": 1}"
1792,019e10f7-661a-7b53-a524-395406f5783c,18,92,ZYIYXIXIXIX,XIXIXIXYIYZ,-0.00048828124999999913,10,0.9999999999999999,0.6,-0.3999999999999999,-0.0004882812499999991,-0.00029296874999999945,0.00019531249999999963,0.3999999999999999,0.00019531249999999963,"{""00000000000"": 1, ""00001101011"": 1, ""00111000111"": 1, ""01011110111"": 2, ""01100011011"": 1, ""10011100101"": 1, ""10011110000"": 1, ""10100110000"": 1, ""11111111011"": 1}"
1793,019e10f7-661a-7b53-a524-395406f5783c,18,93,ZYIYXIXIXZI,IZXIXIXYIYZ,-0.00048828124999999913,10,0.9999999999999999,0.0,-0.9999999999999999,-0.0004882812499999991,-0.0,0.0004882812499999991,0.9999999999999999,0.0004882812499999991,"{""00101000010"": 1, ""01011110001"": 1, ""01011110110"": 1, ""01100000001"": 1, ""01100011011"": 1, ""01101000000"": 1, ""01101101011"": 1, ""10010010011"": 1, ""10010101011"": 1, ""11000011001"": 1}"
1794,019e10f7-661a-7b53-a524-395406f5783c,18,94,ZYIYXIXIYXY,YXYIXIXYIYZ,0.00048828124999999913,10,-0.9999999999999999,-0.6,0.3999999999999999,-0.0004882812499999991,-0.00029296874999999945,0.00019531249999999963,0.3999999999999999,0.00019531249999999963,"{""00000000010"": 1, ""01011101101"": 1, ""01100101011"": 1, ""10010011101"": 1, ""10010011110"": 1, ""11010000001"": 1, ""11010011101"": 1, ""11101001000"": 1, ""11110101101"": 1, ""11111000001"": 1}"
1795,019e10f7-661a-7b53-a524-395406f5783c,18,95,ZYIYXIXIYYZ,ZYYIXIXYIYZ,-0.00048828124999999913,10,0.9999999999999999,0.0,-0.9999999999999999,-0.0004882812499999991,-0.0,0.0004882812499999991,0.9999999999999999,0.0004882812499999991,"{""01010011100"": 1, ""01100000101"": 1, ""01100101000"": 1, ""01100101110"": 1, ""10010000101"": 1, ""10101000101"": 1, ""11000011100"": 1, ""11001101010"": 1, ""11010011111"": 1, ""11100101001"": 1}"
1796,019e10f7-661a-7b53-a524-395406f5783c,18,96,ZYIYXIXZIII,IIIZXIXYIYZ,-0.00048828124999999913,10,0.9999999999999999,1.0,1.1102230246251565e-16,-0.0004882812499999991,-0.00048828124999999913,-5.421010862427522e-20,1.1102230246251565e-16,5.421010862427522e-20,"{""00000011000"": 1, ""00001010011"": 1, ""01011101110"": 1, ""01011110011"": 1, ""01100101011"": 1, ""01100110000"": 1, ""01100110111"": 1, ""10010011010"": 1, ""11000000001"": 1, ""11111000110"": 1}"
1797,019e10f7-661a-7b53-a524-395406f5783c,18,97,ZYIYXIXZIZX,XZIZXIXYIYZ,-0.00048828124999999913,10,0.9999999999999999,0.8,-0.19999999999999984,-0.0004882812499999991,-0.0003906249999999993,9.765624999999976e-05,0.19999999999999984,9.765624999999976e-05,"{""00000000111"": 1, ""00111000011"": 1, ""00111011000"": 1, ""01010000000"": 1, ""10000101000"": 1, ""10100110011"": 1, ""10101011000"": 1, ""11001110111"": 1, ""11001111100"": 1, ""11111011000"": 1}"
1798,019e10f7-661a-7b53-a524-395406f5783c,18,98,ZYIYXIXZZXZ,ZXZZXIXYIYZ,-0.00048828124999999913,10,0.9999999999999999,0.2,-0.7999999999999998,-0.0004882812499999991,-9.765624999999983e-05,0.00039062499999999926,0.7999999999999998,0.00039062499999999926,"{""00000000011"": 1, ""00001000000"": 1, ""00001110110"": 1, ""00111011101"": 1, ""01101011011"": 1, ""01101110011"": 1, ""10000101000"": 1, ""10010110000"": 1, ""10100011000"": 1, ""11110101011"": 1}"
1799,019e10f7-661a-7b53-a524-395406f5783c,18,99,ZYIYXIXZZYY,YYZZXIXYIYZ,-0.00048828124999999913,10,0.9999999999999999,0.4,-0.5999999999999999,-0.0004882812499999991,-0.00019531249999999966,0.0002929687499999994,0.5999999999999999,0.0002929687499999994,"{""00010000101"": 1, ""00110101101"": 1, ""01011000101"": 1, ""10000110110"": 1, ""10001000101"": 1, ""10010011110"": 1, ""10011011000"": 1, ""10100110000"": 1, ""11110101000"": 1, ""11110101110"": 1}"
1800,019e10f7-782d-7e11-ae6a-3f6e8eb13e0c,19,0,ZYIYXIYXXXY,YXXXYIXYIYZ,0.00048828124999999913,10,-0.9999999999999999,-0.6,0.3999999999999999,-0.0004882812499999991,-0.00029296874999999945,0.00019531249999999963,0.3999999999999999,0.00019531249999999963,"{""00011011010"": 1, ""00110101001"": 1, ""00111000100"": 1, ""00111001110"": 1, ""01101011100"": 1, ""10010110000"": 1, ""10101110010"": 1, ""11010110000"": 1, ""11101001010"": 1, ""11111001000"": 1}"
1801,019e10f7-782d-7e11-ae6a-3f6e8eb13e0c,19,1,ZYIYXIYXXYZ,ZYXXYIXYIYZ,-0.00048828124999999913,10,0.9999999999999999,1.0,1.1102230246251565e-16,-0.0004882812499999991,-0.00048828124999999913,-5.421010862427522e-20,1.1102230246251565e-16,5.421010862427522e-20,"{""00000010111"": 1, ""00000011101"": 1, ""00110111010"": 1, ""00110111100"": 1, ""00111001001"": 1, ""01000011111"": 1, ""01011100100"": 1, ""01101011101"": 1, ""10010011011"": 1, ""11111100011"": 1}"
1802,019e10f7-782d-7e11-ae6a-3f6e8eb13e0c,19,2,ZYIYXIYXYIX,XIYXYIXYIYZ,0.00048828124999999913,10,-0.9999999999999999,-0.2,0.7999999999999998,-0.0004882812499999991,-9.765624999999983e-05,0.00039062499999999926,0.7999999999999998,0.00039062499999999926,"{""00101011100"": 1, ""00110101011"": 1, ""01010011101"": 1, ""01011011011"": 1, ""01100100000"": 1, ""01100111111"": 1, ""01101000011"": 1, ""10011010111"": 1, ""10011101100"": 1, ""10101000011"": 1}"
1803,019e10f7-782d-7e11-ae6a-3f6e8eb13e0c,19,3,ZYIYXIYXYZI,IZYXYIXYIYZ,0.00048828124999999913,10,-0.9999999999999999,-0.6,0.3999999999999999,-0.0004882812499999991,-0.00029296874999999945,0.00019531249999999963,0.3999999999999999,0.00019531249999999963,"{""00000001001"": 1, ""00001100101"": 1, ""01010010111"": 1, ""01011101100"": 1, ""01100111111"": 1, ""01101010110"": 1, ""01101011100"": 1, ""10010101101"": 1, ""10101001111"": 1, ""11110101011"": 1}"
1804,019e10f7-782d-7e11-ae6a-3f6e8eb13e0c,19,4,ZYIYXIYYIXZ,ZXIYYIXYIYZ,-0.00048828124999999913,10,0.9999999999999999,0.6,-0.3999999999999999,-0.0004882812499999991,-0.00029296874999999945,0.00019531249999999963,0.3999999999999999,0.00019531249999999963,"{""00000000011"": 1, ""01011100101"": 1, ""01100101011"": 1, ""01101100001"": 1, ""10000000000"": 1, ""10010000011"": 1, ""11000001110"": 1, ""11000010101"": 1, ""11001100110"": 1, ""11111001101"": 1}"
1805,019e10f7-782d-7e11-ae6a-3f6e8eb13e0c,19,5,ZYIYXIYYIYY,YYIYYIXYIYZ,-0.00048828124999999913,10,0.9999999999999999,0.2,-0.7999999999999998,-0.0004882812499999991,-9.765624999999983e-05,0.00039062499999999926,0.7999999999999998,0.00039062499999999926,"{""00100101011"": 1, ""00111010110"": 1, ""01011101110"": 1, ""01101101000"": 1, ""10011100110"": 1, ""10101011011"": 1, ""11110001101"": 1, ""11110010011"": 1, ""11110110011"": 1, ""11111000000"": 1}"
1806,019e10f7-782d-7e11-ae6a-3f6e8eb13e0c,19,6,ZYIYXIYYZII,IIZYYIXYIYZ,-0.00048828124999999913,10,0.9999999999999999,0.2,-0.7999999999999998,-0.0004882812499999991,-9.765624999999983e-05,0.00039062499999999926,0.7999999999999998,0.00039062499999999926,"{""00000010110"": 1, ""00010001110"": 1, ""00011110000"": 1, ""00111000010"": 1, ""01010011011"": 1, ""01110101011"": 1, ""10010110000"": 1, ""10100110010"": 1, ""11110001000"": 1, ""11110101010"": 1}"
1807,019e10f7-782d-7e11-ae6a-3f6e8eb13e0c,19,7,ZYIYXIYYZZX,XZZYYIXYIYZ,-0.00048828124999999913,10,0.9999999999999999,0.2,-0.7999999999999998,-0.0004882812499999991,-9.765624999999983e-05,0.00039062499999999926,0.7999999999999998,0.00039062499999999926,"{""00111001100"": 1, ""10011000000"": 1, ""10111000011"": 1, ""11000001000"": 1, ""11000001100"": 1, ""11001010000"": 1, ""11001110000"": 1, ""11001110011"": 1, ""11011101011"": 1, ""11110101000"": 1}"
1808,019e10f7-782d-7e11-ae6a-3f6e8eb13e0c,19,8,ZYIYXZIIIII,IIIIIZXYIYZ,-0.00048828124999999913,10,0.9999999999999999,0.6,-0.3999999999999999,-0.0004882812499999991,-0.00029296874999999945,0.00019531249999999963,0.3999999999999999,0.00019531249999999963,"{""00001101100"": 1, ""00010010101"": 1, ""00111010111"": 1, ""00111100011"": 1, ""01100111011"": 1, ""01101010000"": 1, ""10101001110"": 1, ""11001100010"": 1, ""11110100010"": 1, ""11110110101"": 1}"
1809,019e10f7-782d-7e11-ae6a-3f6e8eb13e0c,19,9,ZYIYXZIIIZX,XZIIIZXYIYZ,-0.00048828124999999913,10,0.9999999999999999,0.4,-0.5999999999999999,-0.0004882812499999991,-0.00019531249999999966,0.0002929687499999994,0.5999999999999999,0.0002929687499999994,"{""00010101100"": 1, ""00110100111"": 1, ""01011110101"": 1, ""01100110100"": 1, ""01100111100"": 1, ""10010011000"": 1, ""10011011111"": 1, ""10101010011"": 1, ""11010100111"": 1, ""11110011100"": 1}"
1810,019e10f7-782d-7e11-ae6a-3f6e8eb13e0c,19,10,ZYIYXZIIZXZ,ZXZIIZXYIYZ,-0.00048828124999999913,10,0.9999999999999999,0.4,-0.5999999999999999,-0.0004882812499999991,-0.00019531249999999966,0.0002929687499999994,0.5999999999999999,0.0002929687499999994,"{""00000011101"": 1, ""00110000000"": 1, ""01011011011"": 1, ""01100100110"": 1, ""01101000110"": 1, ""01101010101"": 1, ""10010010110"": 1, ""10100100101"": 1, ""11110001101"": 1, ""11110100011"": 1}"
1811,019e10f7-782d-7e11-ae6a-3f6e8eb13e0c,19,11,ZYIYXZIIZYY,YYZIIZXYIYZ,-0.00048828124999999913,10,0.9999999999999999,0.6,-0.3999999999999999,-0.0004882812499999991,-0.00029296874999999945,0.00019531249999999963,0.3999999999999999,0.00019531249999999963,"{""00001100000"": 1, ""00100011101"": 1, ""00100110011"": 1, ""01010010110"": 1, ""01011101011"": 1, ""10011110000"": 1, ""10011110101"": 1, ""10101001101"": 1, ""10110111110"": 1, ""11111000000"": 1}"
1812,019e10f7-782d-7e11-ae6a-3f6e8eb13e0c,19,12,ZYIYXZIZXIX,XIXZIZXYIYZ,-0.00048828124999999913,10,0.9999999999999999,0.6,-0.3999999999999999,-0.0004882812499999991,-0.00029296874999999945,0.00019531249999999963,0.3999999999999999,0.00019531249999999963,"{""00001110000"": 1, ""01010001100"": 1, ""01100111011"": 1, ""01101010000"": 1, ""10000011011"": 1, ""10010000111"": 1, ""10010010000"": 1, ""10110111011"": 1, ""11111000111"": 1, ""11111001011"": 1}"
1813,019e10f7-782d-7e11-ae6a-3f6e8eb13e0c,19,13,ZYIYXZIZXZI,IZXZIZXYIYZ,-0.00048828124999999913,10,0.9999999999999999,-0.2,-1.2,-0.0004882812499999991,9.765624999999983e-05,0.0005859374999999989,1.2,0.0005859374999999989,"{""00001100001"": 1, ""00110001010"": 1, ""00110111010"": 1, ""00111001011"": 1, ""00111010001"": 1, ""01100001011"": 1, ""10010001000"": 1, ""10101001110"": 1, ""10101101011"": 1, ""11001000000"": 1}"
1814,019e10f7-782d-7e11-ae6a-3f6e8eb13e0c,19,14,ZYIYXZIZYXY,YXYZIZXYIYZ,0.00048828124999999913,10,-0.9999999999999999,-0.6,0.3999999999999999,-0.0004882812499999991,-0.00029296874999999945,0.00019531249999999963,0.3999999999999999,0.00019531249999999963,"{""00001101110"": 1, ""00110110001"": 1, ""00111000001"": 1, ""01101001000"": 1, ""01101100110"": 1, ""10000011011"": 1, ""10101110001"": 1, ""11000010100"": 1, ""11000010111"": 1, ""11110111011"": 1}"
1815,019e10f7-782d-7e11-ae6a-3f6e8eb13e0c,19,15,ZYIYXZIZYYZ,ZYYZIZXYIYZ,-0.00048828124999999913,10,0.9999999999999999,0.2,-0.7999999999999998,-0.0004882812499999991,-9.765624999999983e-05,0.00039062499999999926,0.7999999999999998,0.00039062499999999926,"{""00000000000"": 1, ""00001110001"": 1, ""00010010100"": 1, ""00110100101"": 1, ""01100110011"": 1, ""01110101111"": 1, ""10100110001"": 1, ""10100110100"": 1, ""11001100011"": 1, ""11100100010"": 1}"
1816,019e10f7-782d-7e11-ae6a-3f6e8eb13e0c,19,16,ZYIYXZZXIXZ,ZXIXZZXYIYZ,-0.00048828124999999913,10,0.9999999999999999,0.4,-0.5999999999999999,-0.0004882812499999991,-0.00019531249999999966,0.0002929687499999994,0.5999999999999999,0.0002929687499999994,"{""00000001110"": 1, ""00010011011"": 1, ""00011110110"": 1, ""00110101110"": 1, ""00111001101"": 1, ""00111010110"": 1, ""01100100011"": 1, ""01101010100"": 1, ""10101010101"": 1, ""11001110110"": 1}"
1817,019e10f7-782d-7e11-ae6a-3f6e8eb13e0c,19,17,ZYIYXZZXIYY,YYIXZZXYIYZ,-0.00048828124999999913,10,0.9999999999999999,0.2,-0.7999999999999998,-0.0004882812499999991,-9.765624999999983e-05,0.00039062499999999926,0.7999999999999998,0.00039062499999999926,"{""00000000011"": 1, ""00011100000"": 1, ""00110101101"": 1, ""00111001001"": 1, ""01100101101"": 1, ""01100101110"": 1, ""01110101101"": 1, ""10000010101"": 1, ""11001110110"": 1, ""11010010101"": 1}"
1818,019e10f7-782d-7e11-ae6a-3f6e8eb13e0c,19,18,ZYIYXZZXZII,IIZXZZXYIYZ,-0.00048828124999999913,10,0.9999999999999999,0.2,-0.7999999999999998,-0.0004882812499999991,-9.765624999999983e-05,0.00039062499999999926,0.7999999999999998,0.00039062499999999926,"{""00100111010"": 1, ""01010000000"": 1, ""01100001110"": 1, ""01100100001"": 1, ""10001110110"": 1, ""10101000000"": 1, ""11001101100"": 1, ""11010000110"": 1, ""11011111001"": 1, ""11111001111"": 1}"
1819,019e10f7-782d-7e11-ae6a-3f6e8eb13e0c,19,19,ZYIYXZZXZZX,XZZXZZXYIYZ,-0.00048828124999999913,10,0.9999999999999999,0.8,-0.19999999999999984,-0.0004882812499999991,-0.0003906249999999993,9.765624999999976e-05,0.19999999999999984,9.765624999999976e-05,"{""00001111011"": 1, ""01100111000"": 1, ""01111001101"": 1, ""10010001111"": 1, ""10010010111"": 1, ""10010011011"": 1, ""10011111000"": 1, ""10100100011"": 1, ""11011100000"": 1, ""11110111011"": 1}"
1820,019e10f7-782d-7e11-ae6a-3f6e8eb13e0c,19,20,ZYIYXZZYXXY,YXXYZZXYIYZ,-0.00048828124999999913,10,0.9999999999999999,0.0,-0.9999999999999999,-0.0004882812499999991,-0.0,0.0004882812499999991,0.9999999999999999,0.0004882812499999991,"{""00000101100"": 1, ""00111011011"": 1, ""01110110101"": 1, ""10100010100"": 1, ""11000000011"": 1, ""11000011000"": 1, ""11011110100"": 1, ""11011111000"": 1, ""11101100011"": 1, ""11111100110"": 1}"
1821,019e10f7-782d-7e11-ae6a-3f6e8eb13e0c,19,21,ZYIYXZZYXYZ,ZYXYZZXYIYZ,0.00048828124999999913,10,-0.9999999999999999,-0.6,0.3999999999999999,-0.0004882812499999991,-0.00029296874999999945,0.00019531249999999963,0.3999999999999999,0.00019531249999999963,"{""00110001000"": 1, ""00110111111"": 1, ""00111010101"": 1, ""01010000100"": 1, ""01100101110"": 1, ""01100110110"": 1, ""10000001111"": 1, ""10100101000"": 1, ""11000101001"": 1, ""11010010101"": 1}"
1822,019e10f7-782d-7e11-ae6a-3f6e8eb13e0c,19,22,ZYIYXZZYYIX,XIYYZZXYIYZ,-0.00048828124999999913,10,0.9999999999999999,0.6,-0.3999999999999999,-0.0004882812499999991,-0.00029296874999999945,0.00019531249999999963,0.3999999999999999,0.00019531249999999963,"{""00011111111"": 1, ""00111010100"": 1, ""01010001011"": 1, ""01010110100"": 1, ""01011110100"": 2, ""01100110011"": 1, ""10010001100"": 1, ""10101010011"": 1, ""11001110011"": 1}"
1823,019e10f7-782d-7e11-ae6a-3f6e8eb13e0c,19,23,ZYIYXZZYYZI,IZYYZZXYIYZ,-0.00048828124999999913,10,0.9999999999999999,0.6,-0.3999999999999999,-0.0004882812499999991,-0.00029296874999999945,0.00019531249999999963,0.3999999999999999,0.00019531249999999963,"{""00001101011"": 1, ""01010101100"": 1, ""01011111111"": 1, ""01110101010"": 1, ""10011100000"": 1, ""10101010101"": 1, ""11000000000"": 1, ""11001100110"": 1, ""11111010010"": 1, ""11111011111"": 1}"
1824,019e10f7-782d-7e11-ae6a-3f6e8eb13e0c,19,24,ZYIYYXXXXXY,YXXXXXYYIYZ,0.00048828124999999913,10,-0.9999999999999999,-0.4,0.5999999999999999,-0.0004882812499999991,-0.00019531249999999966,0.0002929687499999994,0.5999999999999999,0.0002929687499999994,"{""00000000010"": 1, ""00100001010"": 1, ""01010110100"": 1, ""01010111011"": 1, ""01110011110"": 1, ""10010011010"": 1, ""10101000000"": 1, ""11001111100"": 1, ""11110001010"": 1, ""11111101111"": 1}"
1825,019e10f7-782d-7e11-ae6a-3f6e8eb13e0c,19,25,ZYIYYXXXXYZ,ZYXXXXYYIYZ,-0.00048828124999999913,10,0.9999999999999999,0.2,-0.7999999999999998,-0.0004882812499999991,-9.765624999999983e-05,0.00039062499999999926,0.7999999999999998,0.00039062499999999926,"{""00001110000"": 1, ""00101001011"": 1, ""00110011001"": 1, ""00111111010"": 1, ""01010100101"": 1, ""01100111000"": 1, ""01111010010"": 1, ""10011100101"": 1, ""10100001000"": 1, ""11000010110"": 1}"
1826,019e10f7-782d-7e11-ae6a-3f6e8eb13e0c,19,26,ZYIYYXXXYIX,XIYXXXYYIYZ,0.00048828124999999913,10,-0.9999999999999999,-0.2,0.7999999999999998,-0.0004882812499999991,-9.765624999999983e-05,0.00039062499999999926,0.7999999999999998,0.00039062499999999926,"{""00000000011"": 1, ""00000001000"": 1, ""00000011111"": 1, ""00110001111"": 1, ""10010100000"": 1, ""10011100000"": 1, ""10101111000"": 1, ""11000011011"": 1, ""11000100111"": 1, ""11010011011"": 1}"
1827,019e10f7-782d-7e11-ae6a-3f6e8eb13e0c,19,27,ZYIYYXXXYZI,IZYXXXYYIYZ,0.00048828124999999913,10,-0.9999999999999999,-0.2,0.7999999999999998,-0.0004882812499999991,-9.765624999999983e-05,0.00039062499999999926,0.7999999999999998,0.00039062499999999926,"{""00001100010"": 1, ""00010010011"": 1, ""00111010011"": 1, ""00111011100"": 1, ""00111111101"": 1, ""01001000110"": 1, ""01100101011"": 1, ""11001010011"": 1, ""11110101110"": 1, ""11111011101"": 1}"
1828,019e10f7-782d-7e11-ae6a-3f6e8eb13e0c,19,28,ZYIYYXXYIXZ,ZXIYXXYYIYZ,-0.00048828124999999913,10,0.9999999999999999,0.6,-0.3999999999999999,-0.0004882812499999991,-0.00029296874999999945,0.00019531249999999963,0.3999999999999999,0.00019531249999999963,"{""00010111101"": 1, ""01000010011"": 1, ""01010100110"": 1, ""01011001000"": 1, ""01011110101"": 1, ""01100001011"": 1, ""10011101110"": 1, ""11100100011"": 1, ""11110110101"": 1, ""11111000000"": 1}"
1829,019e10f7-782d-7e11-ae6a-3f6e8eb13e0c,19,29,ZYIYYXXYIYY,YYIYXXYYIYZ,-0.00048828124999999913,10,0.9999999999999999,0.6,-0.3999999999999999,-0.0004882812499999991,-0.00029296874999999945,0.00019531249999999963,0.3999999999999999,0.00019531249999999963,"{""00001101010"": 1, ""00110001011"": 1, ""01001101110"": 1, ""01010011101"": 1, ""01011101101"": 1, ""01100001011"": 1, ""01101100101"": 1, ""01101101000"": 1, ""10010010101"": 1, ""11111011011"": 1}"
1830,019e10f7-782d-7e11-ae6a-3f6e8eb13e0c,19,30,ZYIYYXXYZII,IIZYXXYYIYZ,-0.00048828124999999913,10,0.9999999999999999,0.0,-0.9999999999999999,-0.0004882812499999991,-0.0,0.0004882812499999991,0.9999999999999999,0.0004882812499999991,"{""00001000011"": 1, ""00001001010"": 1, ""00101011000"": 1, ""00110011110"": 1, ""01011001001"": 1, ""01100010111"": 1, ""10010101011"": 1, ""10011010110"": 1, ""10100010011"": 1, ""10100100101"": 1}"
1831,019e10f7-782d-7e11-ae6a-3f6e8eb13e0c,19,31,ZYIYYXXYZZX,XZZYXXYYIYZ,-0.00048828124999999913,10,0.9999999999999999,0.6,-0.3999999999999999,-0.0004882812499999991,-0.00029296874999999945,0.00019531249999999963,0.3999999999999999,0.00019531249999999963,"{""00000010111"": 1, ""01010011111"": 1, ""01010111111"": 2, ""10010010011"": 1, ""11001010000"": 1, ""11011110011"": 1, ""11111010111"": 1, ""11111101011"": 1, ""11111111100"": 1}"
1832,019e10f7-782d-7e11-ae6a-3f6e8eb13e0c,19,32,ZYIYYXYIXIX,XIXIYXYYIYZ,0.00048828124999999913,10,-0.9999999999999999,-0.6,0.3999999999999999,-0.0004882812499999991,-0.00029296874999999945,0.00019531249999999963,0.3999999999999999,0.00019531249999999963,"{""00001101100"": 1, ""00011000000"": 1, ""01010010000"": 1, ""01101111011"": 1, ""10011011100"": 1, ""10011101011"": 1, ""10011110000"": 1, ""10100011011"": 1, ""11000010111"": 1, ""11001001011"": 1}"
1833,019e10f7-782d-7e11-ae6a-3f6e8eb13e0c,19,33,ZYIYYXYIXZI,IZXIYXYYIYZ,0.00048828124999999913,10,-0.9999999999999999,-0.4,0.5999999999999999,-0.0004882812499999991,-0.00019531249999999966,0.0002929687499999994,0.5999999999999999,0.0002929687499999994,"{""00100110110"": 1, ""01010001010"": 1, ""01010011100"": 1, ""10010010100"": 1, ""10011110111"": 1, ""10100011011"": 1, ""10101100000"": 1, ""10101100110"": 1, ""11001000000"": 1, ""11111111101"": 1}"
1834,019e10f7-782d-7e11-ae6a-3f6e8eb13e0c,19,34,ZYIYYXYIYXY,YXYIYXYYIYZ,-0.00048828124999999913,10,0.9999999999999999,0.6,-0.3999999999999999,-0.0004882812499999991,-0.00029296874999999945,0.00019531249999999963,0.3999999999999999,0.00019531249999999963,"{""00000001101"": 1, ""00000010100"": 1, ""00001110100"": 1, ""01101000001"": 1, ""01101111011"": 1, ""10010001110"": 1, ""10010111110"": 1, ""10011110111"": 1, ""11101111101"": 1, ""11111001110"": 1}"
1835,019e10f7-782d-7e11-ae6a-3f6e8eb13e0c,19,35,ZYIYYXYIYYZ,ZYYIYXYYIYZ,0.00048828124999999913,10,-0.9999999999999999,-0.4,0.5999999999999999,-0.0004882812499999991,-0.00019531249999999966,0.0002929687499999994,0.5999999999999999,0.0002929687499999994,"{""00001000110"": 1, ""00011110110"": 1, ""00111001111"": 1, ""00111111100"": 1, ""01010001100"": 1, ""01100010110"": 1, ""01101111010"": 1, ""10101001100"": 1, ""11111010110"": 1, ""11111101100"": 1}"
1836,019e10f7-782d-7e11-ae6a-3f6e8eb13e0c,19,36,ZYIYYXYZIII,IIIZYXYYIYZ,0.00048828124999999913,10,-0.9999999999999999,-0.4,0.5999999999999999,-0.0004882812499999991,-0.00019531249999999966,0.0002929687499999994,0.5999999999999999,0.0002929687499999994,"{""00000001110"": 1, ""00000010101"": 1, ""00001001111"": 1, ""00110010011"": 1, ""01100011001"": 1, ""10100000110"": 1, ""10100011111"": 1, ""10110001111"": 1, ""11100101000"": 1, ""11110110110"": 1}"
1837,019e10f7-782d-7e11-ae6a-3f6e8eb13e0c,19,37,ZYIYYXYZIZX,XZIZYXYYIYZ,0.00048828124999999913,10,-0.9999999999999999,-0.4,0.5999999999999999,-0.0004882812499999991,-0.00019531249999999966,0.0002929687499999994,0.5999999999999999,0.0002929687499999994,"{""00111010101"": 1, ""01000001100"": 1, ""01010001100"": 1, ""01011110000"": 1, ""01100101011"": 1, ""10000000011"": 1, ""10100101100"": 1, ""10101001111"": 1, ""10101100011"": 1, ""11100011000"": 1}"
1838,019e10f7-782d-7e11-ae6a-3f6e8eb13e0c,19,38,ZYIYYXYZZXZ,ZXZZYXYYIYZ,0.00048828124999999913,10,-0.9999999999999999,-0.2,0.7999999999999998,-0.0004882812499999991,-9.765624999999983e-05,0.00039062499999999926,0.7999999999999998,0.00039062499999999926,"{""00001011110"": 1, ""00111010100"": 1, ""01010010000"": 1, ""01010011101"": 1, ""01010100011"": 1, ""01100111011"": 1, ""01101001101"": 1, ""10010100010"": 1, ""10010111101"": 1, ""11111010011"": 1}"
1839,019e10f7-782d-7e11-ae6a-3f6e8eb13e0c,19,39,ZYIYYXYZZYY,YYZZYXYYIYZ,0.00048828124999999913,10,-0.9999999999999999,-0.4,0.5999999999999999,-0.0004882812499999991,-0.00019531249999999966,0.0002929687499999994,0.5999999999999999,0.0002929687499999994,"{""00000010110"": 1, ""01000111000"": 1, ""01010111000"": 1, ""01011011011"": 1, ""01100011101"": 1, ""01101100011"": 1, ""11000100101"": 1, ""11011011110"": 1, ""11101010011"": 1, ""11110101011"": 1}"
1840,019e10f7-782d-7e11-ae6a-3f6e8eb13e0c,19,40,ZYIYYYIXIXZ,ZXIXIYYYIYZ,-0.00048828124999999913,10,0.9999999999999999,0.6,-0.3999999999999999,-0.0004882812499999991,-0.00029296874999999945,0.00019531249999999963,0.3999999999999999,0.00019531249999999963,"{""00111000011"": 1, ""01101111011"": 1, ""10000001110"": 1, ""10010000011"": 2, ""10010010101"": 1, ""10101001101"": 1, ""10101110101"": 1, ""11000111000"": 1, ""11000111011"": 1}"
1841,019e10f7-782d-7e11-ae6a-3f6e8eb13e0c,19,41,ZYIYYYIXIYY,YYIXIYYYIYZ,-0.00048828124999999913,10,0.9999999999999999,0.6,-0.3999999999999999,-0.0004882812499999991,-0.00029296874999999945,0.00019531249999999963,0.3999999999999999,0.00019531249999999963,"{""00000001110"": 1, ""00011010110"": 1, ""00100101110"": 1, ""00110101101"": 1, ""01010000011"": 1, ""01011010110"": 1, ""01100011000"": 1, ""10010001101"": 1, ""10100101110"": 1, ""10101111011"": 1}"
1842,019e10f7-782d-7e11-ae6a-3f6e8eb13e0c,19,42,ZYIYYYIXZII,IIZXIYYYIYZ,-0.00048828124999999913,10,0.9999999999999999,0.4,-0.5999999999999999,-0.0004882812499999991,-0.00019531249999999966,0.0002929687499999994,0.5999999999999999,0.0002929687499999994,"{""00000100110"": 1, ""00001000000"": 1, ""00111001100"": 1, ""00111111010"": 1, ""10000001101"": 1, ""10011100000"": 1, ""10101000010"": 1, ""11000001010"": 1, ""11000111010"": 1, ""11011001110"": 1}"
1843,019e10f7-782d-7e11-ae6a-3f6e8eb13e0c,19,43,ZYIYYYIXZZX,XZZXIYYYIYZ,-0.00048828124999999913,10,0.9999999999999999,0.2,-0.7999999999999998,-0.0004882812499999991,-9.765624999999983e-05,0.00039062499999999926,0.7999999999999998,0.00039062499999999926,"{""00000000011"": 1, ""00000110111"": 1, ""00111001111"": 1, ""01010000000"": 1, ""01100001111"": 1, ""10010000111"": 1, ""10100101111"": 1, ""11001011000"": 1, ""11010111011"": 1, ""11011010100"": 1}"
1844,019e10f7-782d-7e11-ae6a-3f6e8eb13e0c,19,44,ZYIYYYIYXXY,YXXYIYYYIYZ,-0.00048828124999999913,10,0.9999999999999999,0.0,-0.9999999999999999,-0.0004882812499999991,-0.0,0.0004882812499999991,0.9999999999999999,0.0004882812499999991,"{""00000111101"": 1, ""00010000101"": 1, ""01000001100"": 1, ""10001101111"": 1, ""10011100000"": 1, ""10100001111"": 1, ""11000010001"": 1, ""11001000111"": 1, ""11001010111"": 1, ""11110101111"": 1}"
1845,019e10f7-782d-7e11-ae6a-3f6e8eb13e0c,19,45,ZYIYYYIYXYZ,ZYXYIYYYIYZ,0.00048828124999999913,10,-0.9999999999999999,-0.8,0.19999999999999984,-0.0004882812499999991,-0.0003906249999999993,9.765624999999976e-05,0.19999999999999984,9.765624999999976e-05,"{""00001100100"": 1, ""00001101101"": 1, ""00110011101"": 1, ""01010001110"": 1, ""01011101110"": 1, ""10010001101"": 1, ""10100000011"": 1, ""11011110011"": 1, ""11110100111"": 1, ""11111111001"": 1}"
1846,019e10f7-782d-7e11-ae6a-3f6e8eb13e0c,19,46,ZYIYYYIYYIX,XIYYIYYYIYZ,-0.00048828124999999913,10,0.9999999999999999,0.2,-0.7999999999999998,-0.0004882812499999991,-9.765624999999983e-05,0.00039062499999999926,0.7999999999999998,0.00039062499999999926,"{""00000001100"": 1, ""00000111111"": 1, ""00111001011"": 1, ""01000110100"": 1, ""01110101011"": 1, ""10001011000"": 1, ""10100101111"": 1, ""11001100000"": 1, ""11001101011"": 1, ""11111110100"": 1}"
1847,019e10f7-782d-7e11-ae6a-3f6e8eb13e0c,19,47,ZYIYYYIYYZI,IZYYIYYYIYZ,-0.00048828124999999913,10,0.9999999999999999,0.6,-0.3999999999999999,-0.0004882812499999991,-0.00029296874999999945,0.00019531249999999963,0.3999999999999999,0.00019531249999999963,"{""00000000111"": 1, ""00000111100"": 1, ""00110011010"": 1, ""01010000110"": 1, ""01101001101"": 1, ""10010000000"": 1, ""10101001010"": 1, ""11000001011"": 1, ""11001010011"": 1, ""11110010101"": 1}"
1848,019e10f7-782d-7e11-ae6a-3f6e8eb13e0c,19,48,ZYIYYYZIIII,IIIIZYYYIYZ,-0.00048828124999999913,10,0.9999999999999999,0.2,-0.7999999999999998,-0.0004882812499999991,-9.765624999999983e-05,0.00039062499999999926,0.7999999999999998,0.00039062499999999926,"{""00111000101"": 1, ""00111010101"": 1, ""00111110100"": 1, ""01000001100"": 1, ""01011011111"": 1, ""01101110110"": 1, ""10000000100"": 1, ""10000110000"": 1, ""10101110111"": 1, ""11111111101"": 1}"
1849,019e10f7-782d-7e11-ae6a-3f6e8eb13e0c,19,49,ZYIYYYZIIZX,XZIIZYYYIYZ,-0.00048828124999999913,10,0.9999999999999999,0.8,-0.19999999999999984,-0.0004882812499999991,-0.0003906249999999993,9.765624999999976e-05,0.19999999999999984,9.765624999999976e-05,"{""00000110000"": 1, ""00111000011"": 1, ""00111000100"": 1, ""01011010111"": 1, ""01100100011"": 1, ""01111110000"": 1, ""10010000011"": 1, ""10010110100"": 1, ""11100001111"": 1, ""11110010011"": 1}"
1850,019e10f7-782d-7e11-ae6a-3f6e8eb13e0c,19,50,ZYIYYYZIZXZ,ZXZIZYYYIYZ,-0.00048828124999999913,10,0.9999999999999999,0.6,-0.3999999999999999,-0.0004882812499999991,-0.00029296874999999945,0.00019531249999999963,0.3999999999999999,0.00019531249999999963,"{""00000001110"": 1, ""00010000011"": 1, ""00011011011"": 1, ""01011011000"": 1, ""01011011011"": 1, ""01100011011"": 1, ""10100101011"": 1, ""11000000101"": 1, ""11000001000"": 1, ""11110010101"": 1}"
1851,019e10f7-782d-7e11-ae6a-3f6e8eb13e0c,19,51,ZYIYYYZIZYY,YYZIZYYYIYZ,-0.00048828124999999913,10,0.9999999999999999,0.4,-0.5999999999999999,-0.0004882812499999991,-0.00019531249999999966,0.0002929687499999994,0.5999999999999999,0.0002929687499999994,"{""00000000000"": 1, ""00000100000"": 1, ""00110100011"": 1, ""00110100111"": 1, ""01011010110"": 1, ""10001100101"": 1, ""10010111101"": 1, ""10100100110"": 1, ""11110010101"": 1, ""11111111011"": 1}"
1852,019e10f7-782d-7e11-ae6a-3f6e8eb13e0c,19,52,ZYIYYYZZXIX,XIXZZYYYIYZ,-0.00048828124999999913,10,0.9999999999999999,0.4,-0.5999999999999999,-0.0004882812499999991,-0.00019531249999999966,0.0002929687499999994,0.5999999999999999,0.0002929687499999994,"{""00000000111"": 1, ""01010000000"": 1, ""01010001100"": 1, ""01010100111"": 1, ""10100001100"": 1, ""10100011011"": 1, ""10100101011"": 1, ""10110101011"": 1, ""11001101100"": 1, ""11110100000"": 1}"
1853,019e10f7-782d-7e11-ae6a-3f6e8eb13e0c,19,53,ZYIYYYZZXZI,IZXZZYYYIYZ,-0.00048828124999999913,10,0.9999999999999999,0.2,-0.7999999999999998,-0.0004882812499999991,-9.765624999999983e-05,0.00039062499999999926,0.7999999999999998,0.00039062499999999926,"{""00000001001"": 1, ""00000011010"": 1, ""00001101100"": 1, ""00111111100"": 1, ""01100000001"": 1, ""01111000111"": 1, ""10100010001"": 1, ""10101110110"": 1, ""11000000110"": 1, ""11111000110"": 1}"
1854,019e10f7-782d-7e11-ae6a-3f6e8eb13e0c,19,54,ZYIYYYZZYXY,YXYZZYYYIYZ,0.00048828124999999913,10,-0.9999999999999999,-0.4,0.5999999999999999,-0.0004882812499999991,-0.00019531249999999966,0.0002929687499999994,0.5999999999999999,0.0002929687499999994,"{""00001101011"": 1, ""00111100111"": 1, ""00111110010"": 1, ""01010101000"": 1, ""01010111101"": 1, ""01011011011"": 1, ""01011011101"": 1, ""10010001000"": 1, ""10010001011"": 1, ""11100010001"": 1}"
1855,019e10f7-782d-7e11-ae6a-3f6e8eb13e0c,19,55,ZYIYYYZZYYZ,ZYYZZYYYIYZ,-0.00048828124999999913,10,0.9999999999999999,0.6,-0.3999999999999999,-0.0004882812499999991,-0.00029296874999999945,0.00019531249999999963,0.3999999999999999,0.00019531249999999963,"{""00001011111"": 1, ""00111111010"": 1, ""01010001100"": 1, ""01101110110"": 1, ""10000001010"": 1, ""10101100110"": 1, ""11000000000"": 1, ""11000001111"": 1, ""11110101010"": 1, ""11111111111"": 1}"
1856,019e10f7-782d-7e11-ae6a-3f6e8eb13e0c,19,56,ZYXZXXXXXXY,YXXXXXXZXYZ,0.00048828124999999913,10,-0.9999999999999999,-0.4,0.5999999999999999,-0.0004882812499999991,-0.00019531249999999966,0.0002929687499999994,0.5999999999999999,0.0002929687499999994,"{""00000001111"": 1, ""00011010010"": 1, ""00101001000"": 1, ""00101011100"": 1, ""01111101100"": 1, ""10001110101"": 1, ""10111111011"": 1, ""11000010011"": 1, ""11011011100"": 1, ""11111100111"": 1}"
1857,019e10f7-782d-7e11-ae6a-3f6e8eb13e0c,19,57,ZYXZXXXXXYZ,ZYXXXXXZXYZ,-0.00048828124999999913,10,0.9999999999999999,0.4,-0.5999999999999999,-0.0004882812499999991,-0.00019531249999999966,0.0002929687499999994,0.5999999999999999,0.0002929687499999994,"{""00001000100"": 1, ""00001010010"": 1, ""00010101010"": 1, ""01000110010"": 1, ""01010111111"": 1, ""01110000100"": 1, ""10000011111"": 1, ""10001000001"": 1, ""10011011011"": 1, ""11001011010"": 1}"
1858,019e10f7-782d-7e11-ae6a-3f6e8eb13e0c,19,58,ZYXZXXXXYIX,XIYXXXXZXYZ,0.00048828124999999913,10,-0.9999999999999999,0.0,0.9999999999999999,-0.0004882812499999991,0.0,0.0004882812499999991,0.9999999999999999,0.0004882812499999991,"{""00010101100"": 1, ""00110101000"": 1, ""01000000000"": 1, ""01000100011"": 1, ""01011011011"": 1, ""10000101100"": 1, ""10111000011"": 1, ""11010001011"": 1, ""11010111011"": 1, ""11011110111"": 1}"
1859,019e10f7-782d-7e11-ae6a-3f6e8eb13e0c,19,59,ZYXZXXXXYZI,IZYXXXXZXYZ,0.00048828124999999913,10,-0.9999999999999999,-0.2,0.7999999999999998,-0.0004882812499999991,-9.765624999999983e-05,0.00039062499999999926,0.7999999999999998,0.00039062499999999926,"{""00000001000"": 1, ""00010010001"": 1, ""01000110011"": 1, ""01001001110"": 1, ""01110001000"": 1, ""10001010000"": 1, ""10100001000"": 1, ""10101010000"": 1, ""10101111100"": 1, ""10110101111"": 1}"
1860,019e10f7-782d-7e11-ae6a-3f6e8eb13e0c,19,60,ZYXZXXXYIXZ,ZXIYXXXZXYZ,-0.00048828124999999913,10,0.9999999999999999,0.6,-0.3999999999999999,-0.0004882812499999991,-0.00029296874999999945,0.00019531249999999963,0.3999999999999999,0.00019531249999999963,"{""00001111000"": 1, ""00101111110"": 1, ""01000100011"": 1, ""01011001101"": 1, ""01110110101"": 1, ""01111101011"": 1, ""10010010101"": 1, ""11010111011"": 1, ""11101000101"": 1, ""11110000000"": 1}"
1861,019e10f7-782d-7e11-ae6a-3f6e8eb13e0c,19,61,ZYXZXXXYIYY,YYIYXXXZXYZ,-0.00048828124999999913,10,0.9999999999999999,0.6,-0.3999999999999999,-0.0004882812499999991,-0.00029296874999999945,0.00019531249999999963,0.3999999999999999,0.00019531249999999963,"{""00000011000"": 1, ""00101001110"": 1, ""01110101101"": 1, ""01111001101"": 1, ""10101010011"": 1, ""10111000001"": 1, ""11011111011"": 1, ""11100000110"": 1, ""11101010010"": 1, ""11111100000"": 1}"
1862,019e10f7-782d-7e11-ae6a-3f6e8eb13e0c,19,62,ZYXZXXXYZII,IIZYXXXZXYZ,-0.00048828124999999913,10,0.9999999999999999,0.8,-0.19999999999999984,-0.0004882812499999991,-0.0003906249999999993,9.765624999999976e-05,0.19999999999999984,9.765624999999976e-05,"{""00011011011"": 1, ""00101101011"": 1, ""01000100110"": 1, ""01001110011"": 1, ""01100101011"": 1, ""01101111011"": 1, ""10001010101"": 1, ""11100011101"": 1, ""11101010110"": 1, ""11101111100"": 1}"
1863,019e10f7-782d-7e11-ae6a-3f6e8eb13e0c,19,63,ZYXZXXXYZZX,XZZYXXXZXYZ,-0.00048828124999999913,10,0.9999999999999999,0.8,-0.19999999999999984,-0.0004882812499999991,-0.0003906249999999993,9.765624999999976e-05,0.19999999999999984,9.765624999999976e-05,"{""00010110100"": 1, ""00110001111"": 1, ""00111110100"": 1, ""01000000001"": 1, ""01000101001"": 1, ""10010101000"": 1, ""10011000000"": 1, ""10011110111"": 1, ""10110101100"": 1, ""11001011111"": 1}"
1864,019e10f7-782d-7e11-ae6a-3f6e8eb13e0c,19,64,ZYXZXXYIXIX,XIXIYXXZXYZ,0.00048828124999999913,10,-0.9999999999999999,-0.4,0.5999999999999999,-0.0004882812499999991,-0.00019531249999999966,0.0002929687499999994,0.5999999999999999,0.0002929687499999994,"{""00001110101"": 1, ""00101100111"": 1, ""00110001100"": 1, ""01000000111"": 1, ""01000111100"": 1, ""01001000000"": 1, ""01010100111"": 1, ""10001111001"": 1, ""11001111100"": 1, ""11110100111"": 1}"
1865,019e10f7-782d-7e11-ae6a-3f6e8eb13e0c,19,65,ZYXZXXYIXZI,IZXIYXXZXYZ,0.00048828124999999913,10,-0.9999999999999999,-0.4,0.5999999999999999,-0.0004882812499999991,-0.00019531249999999966,0.0002929687499999994,0.5999999999999999,0.0002929687499999994,"{""00011100111"": 1, ""01011000010"": 1, ""01100111100"": 1, ""01111100001"": 1, ""10000011101"": 1, ""10011111010"": 1, ""10100010110"": 1, ""10111010000"": 1, ""11001001101"": 1, ""11110001010"": 1}"
1866,019e10f7-782d-7e11-ae6a-3f6e8eb13e0c,19,66,ZYXZXXYIYXY,YXYIYXXZXYZ,-0.00048828124999999913,10,0.9999999999999999,0.6,-0.3999999999999999,-0.0004882812499999991,-0.00029296874999999945,0.00019531249999999963,0.3999999999999999,0.00019531249999999963,"{""00001110111"": 1, ""00100000100"": 1, ""00110001011"": 1, ""00111010100"": 1, ""00111011111"": 1, ""01101101101"": 1, ""01101101110"": 1, ""10010011001"": 1, ""11001101011"": 1, ""11001101101"": 1}"
1867,019e10f7-782d-7e11-ae6a-3f6e8eb13e0c,19,67,ZYXZXXYIYYZ,ZYYIYXXZXYZ,0.00048828124999999913,10,-0.9999999999999999,0.2,1.2,-0.0004882812499999991,9.765624999999983e-05,0.0005859374999999989,1.2,0.0005859374999999989,"{""00010101010"": 1, ""00010111001"": 1, ""00011001011"": 1, ""00011011111"": 1, ""00110001001"": 1, ""10000000100"": 1, ""10001001010"": 1, ""10110101011"": 1, ""11000011001"": 1, ""11101100101"": 1}"
1868,019e10f7-782d-7e11-ae6a-3f6e8eb13e0c,19,68,ZYXZXXYZIII,IIIZYXXZXYZ,0.00048828124999999913,10,-0.9999999999999999,-0.8,0.19999999999999984,-0.0004882812499999991,-0.0003906249999999993,9.765624999999976e-05,0.19999999999999984,9.765624999999976e-05,"{""00000010000"": 1, ""00101111101"": 1, ""01001010010"": 1, ""10101001001"": 1, ""10101011000"": 1, ""10110000000"": 1, ""10111001110"": 1, ""11000111010"": 1, ""11001101010"": 1, ""11011010001"": 1}"
1869,019e10f7-782d-7e11-ae6a-3f6e8eb13e0c,19,69,ZYXZXXYZIZX,XZIZYXXZXYZ,0.00048828124999999913,10,-0.9999999999999999,0.2,1.2,-0.0004882812499999991,9.765624999999983e-05,0.0005859374999999989,1.2,0.0005859374999999989,"{""00011001000"": 1, ""00110010110"": 1, ""01001011111"": 1, ""01001100011"": 1, ""10011001000"": 1, ""10011001100"": 1, ""10011010100"": 1, ""11010110000"": 1, ""11100011100"": 1, ""11100111100"": 1}"
1870,019e10f7-782d-7e11-ae6a-3f6e8eb13e0c,19,70,ZYXZXXYZZXZ,ZXZZYXXZXYZ,0.00048828124999999913,10,-0.9999999999999999,-0.2,0.7999999999999998,-0.0004882812499999991,-9.765624999999983e-05,0.00039062499999999926,0.7999999999999998,0.00039062499999999926,"{""00100111110"": 1, ""00110110011"": 1, ""00110111100"": 1, ""01100100101"": 1, ""01101110110"": 1, ""01110011000"": 1, ""01111010110"": 1, ""10000000110"": 1, ""10011001110"": 1, ""10101101101"": 1}"
1871,019e10f7-782d-7e11-ae6a-3f6e8eb13e0c,19,71,ZYXZXXYZZYY,YYZZYXXZXYZ,0.00048828124999999913,10,-0.9999999999999999,-0.4,0.5999999999999999,-0.0004882812499999991,-0.00019531249999999966,0.0002929687499999994,0.5999999999999999,0.0002929687499999994,"{""00011000110"": 1, ""00110001011"": 1, ""00110010000"": 1, ""10001000110"": 1, ""10001001110"": 1, ""10100111011"": 1, ""10101100110"": 1, ""10110011000"": 1, ""10110101011"": 1, ""11001101011"": 1}"
1872,019e10f7-782d-7e11-ae6a-3f6e8eb13e0c,19,72,ZYXZXYIXIXZ,ZXIXIYXZXYZ,-0.00048828124999999913,10,0.9999999999999999,0.2,-0.7999999999999998,-0.0004882812499999991,-9.765624999999983e-05,0.00039062499999999926,0.7999999999999998,0.00039062499999999926,"{""00001000011"": 1, ""00010000011"": 1, ""00100010101"": 1, ""00111010110"": 1, ""01001000000"": 1, ""01101011011"": 1, ""10100111001"": 1, ""10111111000"": 1, ""11010001110"": 1, ""11011000011"": 1}"
1873,019e10f7-782d-7e11-ae6a-3f6e8eb13e0c,19,73,ZYXZXYIXIYY,YYIXIYXZXYZ,-0.00048828124999999913,10,0.9999999999999999,-0.2,-1.2,-0.0004882812499999991,9.765624999999983e-05,0.0005859374999999989,1.2,0.0005859374999999989,"{""00000110101"": 1, ""00010000011"": 1, ""10000011011"": 1, ""10000111000"": 1, ""10011011001"": 1, ""10101010100"": 1, ""10101010101"": 1, ""11101100000"": 1, ""11101111010"": 1, ""11111010110"": 1}"
1874,019e10f7-782d-7e11-ae6a-3f6e8eb13e0c,19,74,ZYXZXYIXZII,IIZXIYXZXYZ,-0.00048828124999999913,10,0.9999999999999999,0.8,-0.19999999999999984,-0.0004882812499999991,-0.0003906249999999993,9.765624999999976e-05,0.19999999999999984,9.765624999999976e-05,"{""00010010111"": 1, ""01001000010"": 1, ""01110110010"": 1, ""10000100001"": 1, ""10111001110"": 1, ""11000000010"": 1, ""11000000011"": 1, ""11001011010"": 1, ""11100101110"": 1, ""11111110101"": 1}"
1875,019e10f7-782d-7e11-ae6a-3f6e8eb13e0c,19,75,ZYXZXYIXZZX,XZZXIYXZXYZ,-0.00048828124999999913,10,0.9999999999999999,0.6,-0.3999999999999999,-0.0004882812499999991,-0.00029296874999999945,0.00019531249999999963,0.3999999999999999,0.00019531249999999963,"{""00001011011"": 1, ""00110111011"": 1, ""01000011011"": 2, ""01011001111"": 1, ""01101100000"": 1, ""10100001111"": 1, ""10101000000"": 1, ""11001010111"": 1, ""11010001000"": 1}"
1876,019e10f7-782d-7e11-ae6a-3f6e8eb13e0c,19,76,ZYXZXYIYXXY,YXXYIYXZXYZ,-0.00048828124999999913,10,0.9999999999999999,0.4,-0.5999999999999999,-0.0004882812499999991,-0.00019531249999999966,0.0002929687499999994,0.5999999999999999,0.0002929687499999994,"{""00001011000"": 1, ""00010010100"": 1, ""00100100011"": 1, ""01010100000"": 1, ""01101011101"": 1, ""01111100000"": 1, ""10111001100"": 1, ""10111101100"": 1, ""10111111000"": 1, ""11101000110"": 1}"
1877,019e10f7-782d-7e11-ae6a-3f6e8eb13e0c,19,77,ZYXZXYIYXYZ,ZYXYIYXZXYZ,0.00048828124999999913,10,-0.9999999999999999,0.0,0.9999999999999999,-0.0004882812499999991,0.0,0.0004882812499999991,0.9999999999999999,0.0004882812499999991,"{""00000001000"": 1, ""00001100101"": 1, ""00110000111"": 1, ""00110110101"": 1, ""01001111110"": 1, ""01010100100"": 1, ""10001000001"": 1, ""11000011010"": 1, ""11001100100"": 1, ""11111111010"": 1}"
1878,019e10f7-782d-7e11-ae6a-3f6e8eb13e0c,19,78,ZYXZXYIYYIX,XIYYIYXZXYZ,-0.00048828124999999913,10,0.9999999999999999,0.0,-0.9999999999999999,-0.0004882812499999991,-0.0,0.0004882812499999991,0.9999999999999999,0.0004882812499999991,"{""00011110100"": 1, ""01001001011"": 1, ""01001001100"": 1, ""01010101011"": 1, ""10000000000"": 1, ""10110101011"": 1, ""11000001000"": 1, ""11000011000"": 1, ""11010011101"": 1, ""11100111111"": 1}"
1879,019e10f7-782d-7e11-ae6a-3f6e8eb13e0c,19,79,ZYXZXYIYYZI,IZYYIYXZXYZ,-0.00048828124999999913,10,0.9999999999999999,0.8,-0.19999999999999984,-0.0004882812499999991,-0.0003906249999999993,9.765624999999976e-05,0.19999999999999984,9.765624999999976e-05,"{""00000001010"": 1, ""00110000001"": 1, ""10000101100"": 1, ""10001001010"": 1, ""10110011001"": 1, ""11000000111"": 1, ""11000001101"": 1, ""11001001101"": 1, ""11001011111"": 1, ""11010101101"": 1}"
1880,019e10f7-782d-7e11-ae6a-3f6e8eb13e0c,19,80,ZYXZXYZIIII,IIIIZYXZXYZ,-0.00048828124999999913,10,0.9999999999999999,0.2,-0.7999999999999998,-0.0004882812499999991,-9.765624999999983e-05,0.00039062499999999926,0.7999999999999998,0.00039062499999999926,"{""00010100000"": 1, ""00100010101"": 1, ""01001000100"": 1, ""01010010000"": 1, ""01101000110"": 1, ""01110000001"": 1, ""10010001010"": 1, ""10010100000"": 1, ""11100100110"": 1, ""11111010101"": 1}"
1881,019e10f7-782d-7e11-ae6a-3f6e8eb13e0c,19,81,ZYXZXYZIIZX,XZIIZYXZXYZ,-0.00048828124999999913,10,0.9999999999999999,0.6,-0.3999999999999999,-0.0004882812499999991,-0.00029296874999999945,0.00019531249999999963,0.3999999999999999,0.00019531249999999963,"{""00010000000"": 1, ""00111100011"": 1, ""01000101100"": 1, ""01010111100"": 1, ""01110101000"": 1, ""10100111011"": 1, ""11011000011"": 1, ""11100101100"": 1, ""11110001011"": 1, ""11110111110"": 1}"
1882,019e10f7-782d-7e11-ae6a-3f6e8eb13e0c,19,82,ZYXZXYZIZXZ,ZXZIZYXZXYZ,-0.00048828124999999913,10,0.9999999999999999,0.6,-0.3999999999999999,-0.0004882812499999991,-0.00029296874999999945,0.00019531249999999963,0.3999999999999999,0.00019531249999999963,"{""00001010000"": 1, ""00001110101"": 1, ""00100010110"": 1, ""00100011110"": 1, ""01011011101"": 1, ""01101010101"": 1, ""10010101110"": 1, ""10110010110"": 1, ""11000110101"": 1, ""11010010000"": 1}"
1883,019e10f7-782d-7e11-ae6a-3f6e8eb13e0c,19,83,ZYXZXYZIZYY,YYZIZYXZXYZ,-0.00048828124999999913,10,0.9999999999999999,0.4,-0.5999999999999999,-0.0004882812499999991,-0.00019531249999999966,0.0002929687499999994,0.5999999999999999,0.0002929687499999994,"{""00001110101"": 1, ""00011110000"": 1, ""00110001101"": 1, ""00110111101"": 1, ""01101011110"": 1, ""10000001000"": 1, ""10001110101"": 1, ""11000011101"": 1, ""11001111100"": 1, ""11011000000"": 1}"
1884,019e10f7-782d-7e11-ae6a-3f6e8eb13e0c,19,84,ZYXZXYZZXIX,XIXZZYXZXYZ,-0.00048828124999999913,10,0.9999999999999999,0.4,-0.5999999999999999,-0.0004882812499999991,-0.00019531249999999966,0.0002929687499999994,0.5999999999999999,0.0002929687499999994,"{""00010100111"": 1, ""00100100000"": 1, ""01001001111"": 1, ""01100110000"": 1, ""01110010000"": 1, ""10010010111"": 1, ""10011100000"": 1, ""10011101011"": 1, ""11010011011"": 1, ""11111000111"": 1}"
1885,019e10f7-782d-7e11-ae6a-3f6e8eb13e0c,19,85,ZYXZXYZZXZI,IZXZZYXZXYZ,-0.00048828124999999913,10,0.9999999999999999,0.4,-0.5999999999999999,-0.0004882812499999991,-0.00019531249999999966,0.0002929687499999994,0.5999999999999999,0.0002929687499999994,"{""00001100100"": 1, ""00010010111"": 1, ""01001111101"": 1, ""10000001011"": 1, ""10101011101"": 1, ""10110101100"": 1, ""11000001100"": 1, ""11001110100"": 1, ""11010000001"": 1, ""11010100001"": 1}"
1886,019e10f7-782d-7e11-ae6a-3f6e8eb13e0c,19,86,ZYXZXYZZYXY,YXYZZYXZXYZ,0.00048828124999999913,10,-0.9999999999999999,-0.6,0.3999999999999999,-0.0004882812499999991,-0.00029296874999999945,0.00019531249999999963,0.3999999999999999,0.00019531249999999963,"{""00001011000"": 1, ""00111101110"": 1, ""01000000111"": 1, ""01010111000"": 1, ""01100000111"": 1, ""01100110100"": 1, ""01101101110"": 1, ""10000000111"": 1, ""10110100100"": 1, ""11111011110"": 1}"
1887,019e10f7-782d-7e11-ae6a-3f6e8eb13e0c,19,87,ZYXZXYZZYYZ,ZYYZZYXZXYZ,-0.00048828124999999913,10,0.9999999999999999,0.2,-0.7999999999999998,-0.0004882812499999991,-9.765624999999983e-05,0.00039062499999999926,0.7999999999999998,0.00039062499999999926,"{""00110110101"": 1, ""00111011001"": 1, ""01110101111"": 1, ""10000111100"": 1, ""10010101100"": 1, ""10110011000"": 1, ""10111100000"": 1, ""11001101100"": 1, ""11010101010"": 1, ""11011111001"": 1}"
1888,019e10f7-782d-7e11-ae6a-3f6e8eb13e0c,19,88,ZYXZYIXIXIX,XIXIXIYZXYZ,0.00048828124999999913,10,-0.9999999999999999,-0.4,0.5999999999999999,-0.0004882812499999991,-0.00019531249999999966,0.0002929687499999994,0.5999999999999999,0.0002929687499999994,"{""00111110000"": 1, ""01011000100"": 1, ""01110011011"": 1, ""01111110000"": 1, ""10100101100"": 1, ""10101000000"": 1, ""10101011100"": 1, ""10111110100"": 1, ""11010011100"": 1, ""11011101100"": 1}"
1889,019e10f7-782d-7e11-ae6a-3f6e8eb13e0c,19,89,ZYXZYIXIXZI,IZXIXIYZXYZ,0.00048828124999999913,10,-0.9999999999999999,-0.8,0.19999999999999984,-0.0004882812499999991,-0.0003906249999999993,9.765624999999976e-05,0.19999999999999984,9.765624999999976e-05,"{""00000101110"": 1, ""00001011011"": 1, ""01000000001"": 1, ""01100110110"": 1, ""10011011011"": 1, ""10110000001"": 1, ""11001000111"": 1, ""11110110001"": 1, ""11110110110"": 1, ""11111011101"": 1}"
1890,019e10f7-782d-7e11-ae6a-3f6e8eb13e0c,19,90,ZYXZYIXIYXY,YXYIXIYZXYZ,-0.00048828124999999913,10,0.9999999999999999,0.8,-0.19999999999999984,-0.0004882812499999991,-0.0003906249999999993,9.765624999999976e-05,0.19999999999999984,9.765624999999976e-05,"{""00110101110"": 1, ""01000011011"": 1, ""01011000010"": 1, ""01101011101"": 1, ""10010011011"": 1, ""10111101011"": 1, ""10111101110"": 1, ""11000101000"": 1, ""11100011011"": 1, ""11101101000"": 1}"
1891,019e10f7-782d-7e11-ae6a-3f6e8eb13e0c,19,91,ZYXZYIXIYYZ,ZYYIXIYZXYZ,0.00048828124999999913,10,-0.9999999999999999,-0.4,0.5999999999999999,-0.0004882812499999991,-0.00019531249999999966,0.0002929687499999994,0.5999999999999999,0.0002929687499999994,"{""00001000101"": 1, ""00111000000"": 1, ""01010100001"": 1, ""01101011110"": 1, ""01111110101"": 1, ""10010011100"": 1, ""10100101001"": 1, ""10100101100"": 1, ""11000110101"": 1, ""11111000010"": 1}"
1892,019e10f7-782d-7e11-ae6a-3f6e8eb13e0c,19,92,ZYXZYIXZIII,IIIZXIYZXYZ,0.00048828124999999913,10,-0.9999999999999999,-0.2,0.7999999999999998,-0.0004882812499999991,-9.765624999999983e-05,0.00039062499999999926,0.7999999999999998,0.00039062499999999926,"{""00001110101"": 1, ""00010000010"": 1, ""00101101010"": 1, ""01000101101"": 1, ""01100101110"": 1, ""01101001101"": 1, ""01111110101"": 1, ""10001111011"": 1, ""11010000011"": 1, ""11110101010"": 1}"
1893,019e10f7-782d-7e11-ae6a-3f6e8eb13e0c,19,93,ZYXZYIXZIZX,XZIZXIYZXYZ,0.00048828124999999913,10,-0.9999999999999999,-0.8,0.19999999999999984,-0.0004882812499999991,-0.0003906249999999993,9.765624999999976e-05,0.19999999999999984,9.765624999999976e-05,"{""00101101111"": 1, ""00110101011"": 1, ""00111011100"": 1, ""01001110100"": 1, ""01110000011"": 1, ""10010101100"": 1, ""10011110111"": 1, ""10110000111"": 1, ""10110011111"": 1, ""11100000111"": 1}"
1894,019e10f7-782d-7e11-ae6a-3f6e8eb13e0c,19,94,ZYXZYIXZZXZ,ZXZZXIYZXYZ,0.00048828124999999913,10,-0.9999999999999999,-0.6,0.3999999999999999,-0.0004882812499999991,-0.00029296874999999945,0.00019531249999999963,0.3999999999999999,0.00019531249999999963,"{""00010000110"": 1, ""00011000000"": 1, ""00111011011"": 1, ""01011110011"": 1, ""10001000100"": 1, ""10100110110"": 1, ""10110000110"": 1, ""11000001000"": 1, ""11101110000"": 1, ""11111011101"": 1}"
1895,019e10f7-782d-7e11-ae6a-3f6e8eb13e0c,19,95,ZYXZYIXZZYY,YYZZXIYZXYZ,0.00048828124999999913,10,-0.9999999999999999,-0.6,0.3999999999999999,-0.0004882812499999991,-0.00029296874999999945,0.00019531249999999963,0.3999999999999999,0.00019531249999999963,"{""00001001000"": 1, ""01011011101"": 1, ""01100101011"": 1, ""01100110011"": 1, ""10100011110"": 1, ""10110000000"": 1, ""10110110010"": 1, ""10111101011"": 1, ""11001000110"": 1, ""11001011101"": 1}"
1896,019e10f7-782d-7e11-ae6a-3f6e8eb13e0c,19,96,ZYXZYIYXXXY,YXXXYIYZXYZ,-0.00048828124999999913,10,0.9999999999999999,0.2,-0.7999999999999998,-0.0004882812499999991,-9.765624999999983e-05,0.00039062499999999926,0.7999999999999998,0.00039062499999999926,"{""00100001101"": 1, ""00110101010"": 1, ""01001010000"": 1, ""01100110010"": 1, ""01101011010"": 1, ""10011010011"": 1, ""10100011111"": 1, ""10100111010"": 1, ""11100010001"": 1, ""11101101100"": 1}"
1897,019e10f7-782d-7e11-ae6a-3f6e8eb13e0c,19,97,ZYXZYIYXXYZ,ZYXXYIYZXYZ,0.00048828124999999913,10,-0.9999999999999999,-0.4,0.5999999999999999,-0.0004882812499999991,-0.00019531249999999966,0.0002929687499999994,0.5999999999999999,0.0002929687499999994,"{""00000001001"": 1, ""01000000011"": 1, ""01011010100"": 1, ""01011011000"": 1, ""10100110100"": 1, ""10100110101"": 1, ""10111000110"": 1, ""10111110110"": 1, ""11101100001"": 1, ""11111010111"": 1}"
1898,019e10f7-782d-7e11-ae6a-3f6e8eb13e0c,19,98,ZYXZYIYXYIX,XIYXYIYZXYZ,-0.00048828124999999913,10,0.9999999999999999,0.6,-0.3999999999999999,-0.0004882812499999991,-0.00029296874999999945,0.00019531249999999963,0.3999999999999999,0.00019531249999999963,"{""00010001000"": 1, ""01001101100"": 1, ""01100110000"": 1, ""10101000011"": 1, ""10110000100"": 1, ""11001100100"": 1, ""11011001111"": 1, ""11101111000"": 1, ""11110111111"": 1, ""11111000011"": 1}"
1899,019e10f7-782d-7e11-ae6a-3f6e8eb13e0c,19,99,ZYXZYIYXYZI,IZYXYIYZXYZ,-0.00048828124999999913,10,0.9999999999999999,0.4,-0.5999999999999999,-0.0004882812499999991,-0.00019531249999999966,0.0002929687499999994,0.5999999999999999,0.0002929687499999994,"{""00011101011"": 1, ""00011110001"": 1, ""01101001000"": 1, ""10000000000"": 1, ""10001111000"": 1, ""10010111000"": 1, ""10101000101"": 1, ""10110011101"": 1, ""10111111111"": 1, ""11011001110"": 1}"
1900,019e10f7-8a91-74b1-b4b5-370aa30dd3cc,20,0,ZYXZYIYYIXZ,ZXIYYIYZXYZ,0.00048828124999999913,10,-0.9999999999999999,0.0,0.9999999999999999,-0.0004882812499999991,0.0,0.0004882812499999991,0.9999999999999999,0.0004882812499999991,"{""00001110000"": 1, ""00110111000"": 1, ""01010010110"": 1, ""01101000011"": 1, ""01110001000"": 1, ""10000000000"": 1, ""10111101000"": 1, ""11000100110"": 1, ""11010010110"": 1, ""11111101011"": 1}"
1901,019e10f7-8a91-74b1-b4b5-370aa30dd3cc,20,1,ZYXZYIYYIYY,YYIYYIYZXYZ,0.00048828124999999913,10,-0.9999999999999999,-0.2,0.7999999999999998,-0.0004882812499999991,-9.765624999999983e-05,0.00039062499999999926,0.7999999999999998,0.00039062499999999926,"{""00111010010"": 1, ""00111010011"": 1, ""00111110000"": 1, ""01110111101"": 1, ""10000011011"": 1, ""10001000010"": 1, ""10001101011"": 1, ""10100101000"": 1, ""11001010101"": 1, ""11010010000"": 1}"
1902,019e10f7-8a91-74b1-b4b5-370aa30dd3cc,20,2,ZYXZYIYYZII,IIZYYIYZXYZ,0.00048828124999999913,10,-0.9999999999999999,-0.6,0.3999999999999999,-0.0004882812499999991,-0.00029296874999999945,0.00019531249999999963,0.3999999999999999,0.00019531249999999963,"{""00101011100"": 1, ""00101101001"": 1, ""01000010111"": 1, ""01001110101"": 1, ""10001110001"": 1, ""10010110000"": 1, ""10011011000"": 1, ""10110111101"": 1, ""11000100100"": 1, ""11110100110"": 1}"
1903,019e10f7-8a91-74b1-b4b5-370aa30dd3cc,20,3,ZYXZYIYYZZX,XZZYYIYZXYZ,0.00048828124999999913,10,-0.9999999999999999,-0.6,0.3999999999999999,-0.0004882812499999991,-0.00029296874999999945,0.00019531249999999963,0.3999999999999999,0.00019531249999999963,"{""00010010011"": 1, ""00010011011"": 1, ""00011110000"": 1, ""01101001111"": 1, ""01110000000"": 1, ""10101010100"": 1, ""10101010111"": 1, ""10110100100"": 1, ""11011110000"": 1, ""11011111111"": 1}"
1904,019e10f7-8a91-74b1-b4b5-370aa30dd3cc,20,4,ZYXZYZIIIII,IIIIIZYZXYZ,0.00048828124999999913,10,-0.9999999999999999,-0.6,0.3999999999999999,-0.0004882812499999991,-0.00029296874999999945,0.00019531249999999963,0.3999999999999999,0.00019531249999999963,"{""00000001010"": 1, ""00000100111"": 1, ""01010100001"": 1, ""01010101100"": 1, ""01111100100"": 1, ""10000101000"": 1, ""10001101111"": 1, ""10011010011"": 1, ""10100100111"": 1, ""10100101001"": 1}"
1905,019e10f7-8a91-74b1-b4b5-370aa30dd3cc,20,5,ZYXZYZIIIZX,XZIIIZYZXYZ,0.00048828124999999913,10,-0.9999999999999999,-0.2,0.7999999999999998,-0.0004882812499999991,-9.765624999999983e-05,0.00039062499999999926,0.7999999999999998,0.00039062499999999926,"{""00000001011"": 1, ""00111001000"": 1, ""01010010011"": 1, ""01010101000"": 1, ""01100100000"": 2, ""10100101000"": 1, ""10110010101"": 1, ""11000011100"": 1, ""11101100100"": 1}"
1906,019e10f7-8a91-74b1-b4b5-370aa30dd3cc,20,6,ZYXZYZIIZXZ,ZXZIIZYZXYZ,0.00048828124999999913,10,-0.9999999999999999,0.0,0.9999999999999999,-0.0004882812499999991,0.0,0.0004882812499999991,0.9999999999999999,0.0004882812499999991,"{""00110111000"": 1, ""01010001000"": 1, ""10000001110"": 1, ""11010100101"": 1, ""11010101000"": 1, ""11100000010"": 1, ""11101110110"": 1, ""11101111000"": 1, ""11110000011"": 1, ""11111011000"": 1}"
1907,019e10f7-8a91-74b1-b4b5-370aa30dd3cc,20,7,ZYXZYZIIZYY,YYZIIZYZXYZ,0.00048828124999999913,10,-0.9999999999999999,-0.8,0.19999999999999984,-0.0004882812499999991,-0.0003906249999999993,9.765624999999976e-05,0.19999999999999984,9.765624999999976e-05,"{""01010110110"": 1, ""10001010110"": 1, ""10001101000"": 1, ""10010111011"": 1, ""10100100000"": 1, ""10101001110"": 1, ""10110001101"": 1, ""10110010101"": 1, ""11011100000"": 1, ""11100000101"": 1}"
1908,019e10f7-8a91-74b1-b4b5-370aa30dd3cc,20,8,ZYXZYZIZXIX,XIXZIZYZXYZ,0.00048828124999999913,10,-0.9999999999999999,-0.4,0.5999999999999999,-0.0004882812499999991,-0.00019531249999999966,0.0002929687499999994,0.5999999999999999,0.0002929687499999994,"{""00100001101"": 1, ""00111010000"": 1, ""01010101100"": 1, ""01100110111"": 1, ""10100101001"": 1, ""11001110000"": 1, ""11010010000"": 1, ""11010011100"": 1, ""11101010000"": 1, ""11101101100"": 1}"
1909,019e10f7-8a91-74b1-b4b5-370aa30dd3cc,20,9,ZYXZYZIZXZI,IZXZIZYZXYZ,0.00048828124999999913,10,-0.9999999999999999,-0.8,0.19999999999999984,-0.0004882812499999991,-0.0003906249999999993,9.765624999999976e-05,0.19999999999999984,9.765624999999976e-05,"{""00001000111"": 1, ""00110101010"": 1, ""01000000000"": 1, ""01011001011"": 1, ""10000001010"": 1, ""10010001010"": 1, ""10010111010"": 1, ""10010111011"": 1, ""10100100001"": 1, ""11111000001"": 1}"
1910,019e10f7-8a91-74b1-b4b5-370aa30dd3cc,20,10,ZYXZYZIZYXY,YXYZIZYZXYZ,-0.00048828124999999913,10,0.9999999999999999,0.6,-0.3999999999999999,-0.0004882812499999991,-0.00029296874999999945,0.00019531249999999963,0.3999999999999999,0.00019531249999999963,"{""00011101000"": 1, ""00111011110"": 1, ""01001101000"": 1, ""01100101100"": 1, ""01111101011"": 1, ""01111110100"": 1, ""10000100010"": 1, ""10011010010"": 1, ""10011111100"": 1, ""10110000010"": 1}"
1911,019e10f7-8a91-74b1-b4b5-370aa30dd3cc,20,11,ZYXZYZIZYYZ,ZYYZIZYZXYZ,0.00048828124999999913,10,-0.9999999999999999,-0.4,0.5999999999999999,-0.0004882812499999991,-0.00019531249999999966,0.0002929687499999994,0.5999999999999999,0.0002929687499999994,"{""00001001010"": 1, ""01000011111"": 1, ""01001001100"": 1, ""01100100000"": 1, ""10111100110"": 1, ""10111101111"": 1, ""11000011001"": 1, ""11001001001"": 1, ""11001110101"": 1, ""11111011001"": 1}"
1912,019e10f7-8a91-74b1-b4b5-370aa30dd3cc,20,12,ZYXZYZZXIXZ,ZXIXZZYZXYZ,0.00048828124999999913,10,-0.9999999999999999,-0.4,0.5999999999999999,-0.0004882812499999991,-0.00019531249999999966,0.0002929687499999994,0.5999999999999999,0.0002929687499999994,"{""00011010101"": 1, ""00101100000"": 1, ""00101110110"": 1, ""01011000011"": 1, ""01011111011"": 1, ""10001000011"": 1, ""10011010110"": 1, ""10101001101"": 1, ""10111111011"": 1, ""11000101110"": 1}"
1913,019e10f7-8a91-74b1-b4b5-370aa30dd3cc,20,13,ZYXZYZZXIYY,YYIXZZYZXYZ,0.00048828124999999913,10,-0.9999999999999999,-0.6,0.3999999999999999,-0.0004882812499999991,-0.00029296874999999945,0.00019531249999999963,0.3999999999999999,0.00019531249999999963,"{""00101101101"": 1, ""00101111011"": 1, ""00110111011"": 1, ""01010110110"": 1, ""01011011000"": 1, ""10000011011"": 1, ""10101010101"": 1, ""11000100011"": 1, ""11001000101"": 1, ""11011000011"": 1}"
1914,019e10f7-8a91-74b1-b4b5-370aa30dd3cc,20,14,ZYXZYZZXZII,IIZXZZYZXYZ,0.00048828124999999913,10,-0.9999999999999999,-0.6,0.3999999999999999,-0.0004882812499999991,-0.00029296874999999945,0.00019531249999999963,0.3999999999999999,0.00019531249999999963,"{""00001001111"": 1, ""01000100011"": 1, ""01000101100"": 1, ""01011000010"": 1, ""01011001101"": 1, ""01100110111"": 1, ""01101000011"": 1, ""01110001100"": 1, ""10110000000"": 1, ""11101111001"": 1}"
1915,019e10f7-8a91-74b1-b4b5-370aa30dd3cc,20,15,ZYXZYZZXZZX,XZZXZZYZXYZ,0.00048828124999999913,10,-0.9999999999999999,-0.8,0.19999999999999984,-0.0004882812499999991,-0.0003906249999999993,9.765624999999976e-05,0.19999999999999984,9.765624999999976e-05,"{""00010001100"": 1, ""00100000011"": 1, ""00111000000"": 1, ""01011000011"": 1, ""10000010100"": 1, ""10010010111"": 1, ""10100100011"": 1, ""11010011011"": 1, ""11011110111"": 1, ""11111001111"": 1}"
1916,019e10f7-8a91-74b1-b4b5-370aa30dd3cc,20,16,ZYXZYZZYXXY,YXXYZZYZXYZ,0.00048828124999999913,10,-0.9999999999999999,-0.4,0.5999999999999999,-0.0004882812499999991,-0.00019531249999999966,0.0002929687499999994,0.5999999999999999,0.0002929687499999994,"{""00101100110"": 2, ""01001011110"": 1, ""10010110111"": 1, ""10101010010"": 1, ""10110011000"": 1, ""11000111000"": 1, ""11001100100"": 1, ""11001101111"": 1, ""11001111011"": 1}"
1917,019e10f7-8a91-74b1-b4b5-370aa30dd3cc,20,17,ZYXZYZZYXYZ,ZYXYZZYZXYZ,-0.00048828124999999913,10,0.9999999999999999,0.4,-0.5999999999999999,-0.0004882812499999991,-0.00019531249999999966,0.0002929687499999994,0.5999999999999999,0.0002929687499999994,"{""00001110101"": 1, ""00010010110"": 1, ""00010011001"": 1, ""01000011011"": 1, ""01011010110"": 1, ""01100110000"": 1, ""10100010000"": 1, ""10100110000"": 1, ""10100110101"": 1, ""11000100111"": 1}"
1918,019e10f7-8a91-74b1-b4b5-370aa30dd3cc,20,18,ZYXZYZZYYIX,XIYYZZYZXYZ,0.00048828124999999913,10,-0.9999999999999999,-0.8,0.19999999999999984,-0.0004882812499999991,-0.0003906249999999993,9.765624999999976e-05,0.19999999999999984,9.765624999999976e-05,"{""00100001110"": 1, ""01011001100"": 1, ""01110010011"": 1, ""01111100000"": 1, ""10010101100"": 1, ""10011011000"": 1, ""10100111000"": 1, ""10101011111"": 1, ""11000100011"": 1, ""11100011000"": 1}"
1919,019e10f7-8a91-74b1-b4b5-370aa30dd3cc,20,19,ZYXZYZZYYZI,IZYYZZYZXYZ,0.00048828124999999913,10,-0.9999999999999999,-0.6,0.3999999999999999,-0.0004882812499999991,-0.00029296874999999945,0.00019531249999999963,0.3999999999999999,0.00019531249999999963,"{""00000101100"": 1, ""00010000001"": 1, ""00010010100"": 1, ""00111000101"": 1, ""01110001101"": 1, ""01111100111"": 1, ""10011111001"": 1, ""10101010101"": 1, ""10101011110"": 1, ""11000100000"": 1}"
1920,019e10f7-8a91-74b1-b4b5-370aa30dd3cc,20,20,ZYYZIXIXIXZ,ZXIXIXIZYYZ,-0.00048828124999999913,10,0.9999999999999999,1.0,1.1102230246251565e-16,-0.0004882812499999991,-0.00048828124999999913,-5.421010862427522e-20,1.1102230246251565e-16,5.421010862427522e-20,"{""00110001101"": 1, ""00110111011"": 1, ""01010110101"": 1, ""01100110101"": 1, ""01111010101"": 1, ""01111011000"": 1, ""11000000000"": 1, ""11011010101"": 1, ""11101101101"": 1, ""11111010100"": 1}"
1921,019e10f7-8a91-74b1-b4b5-370aa30dd3cc,20,21,ZYYZIXIXIYY,YYIXIXIZYYZ,-0.00048828124999999913,10,0.9999999999999999,0.8,-0.19999999999999984,-0.0004882812499999991,-0.0003906249999999993,9.765624999999976e-05,0.19999999999999984,9.765624999999976e-05,"{""00000000011"": 1, ""00011010101"": 1, ""00011010110"": 1, ""00011101101"": 1, ""00101100011"": 1, ""00110110110"": 1, ""01001010111"": 1, ""10010100101"": 1, ""11000000011"": 1, ""11011011000"": 1}"
1922,019e10f7-8a91-74b1-b4b5-370aa30dd3cc,20,22,ZYYZIXIXZII,IIZXIXIZYYZ,-0.00048828124999999913,10,0.9999999999999999,1.0,1.1102230246251565e-16,-0.0004882812499999991,-0.00048828124999999913,-5.421010862427522e-20,1.1102230246251565e-16,5.421010862427522e-20,"{""00000110111"": 1, ""00101011001"": 1, ""01001010101"": 1, ""01010000000"": 1, ""01100000000"": 1, ""01111010110"": 1, ""10111011010"": 1, ""11000000000"": 1, ""11000000010"": 1, ""11101011001"": 1}"
1923,019e10f7-8a91-74b1-b4b5-370aa30dd3cc,20,23,ZYYZIXIXZZX,XZZXIXIZYYZ,-0.00048828124999999913,10,0.9999999999999999,0.8,-0.19999999999999984,-0.0004882812499999991,-0.0003906249999999993,9.765624999999976e-05,0.19999999999999984,9.765624999999976e-05,"{""00011001011"": 1, ""00011100000"": 1, ""00110111011"": 1, ""10000001100"": 1, ""10010111000"": 1, ""10110101100"": 1, ""10111011011"": 1, ""10111101100"": 1, ""11000000011"": 1, ""11101010111"": 1}"
1924,019e10f7-8a91-74b1-b4b5-370aa30dd3cc,20,24,ZYYZIXIYXXY,YXXYIXIZYYZ,-0.00048828124999999913,10,0.9999999999999999,0.4,-0.5999999999999999,-0.0004882812499999991,-0.00019531249999999966,0.0002929687499999994,0.5999999999999999,0.0002929687499999994,"{""00110001001"": 1, ""01001100000"": 1, ""01100110100"": 1, ""01100111011"": 1, ""10000110001"": 1, ""10001010001"": 1, ""10001101000"": 1, ""11000111110"": 1, ""11110000100"": 1, ""11110110001"": 1}"
1925,019e10f7-8a91-74b1-b4b5-370aa30dd3cc,20,25,ZYYZIXIYXYZ,ZYXYIXIZYYZ,0.00048828124999999913,10,-0.9999999999999999,-0.4,0.5999999999999999,-0.0004882812499999991,-0.00019531249999999966,0.0002929687499999994,0.5999999999999999,0.0002929687499999994,"{""00011011001"": 1, ""00011100001"": 1, ""01010000100"": 1, ""01101100100"": 1, ""10001101110"": 1, ""10011101000"": 1, ""10111010011"": 1, ""11000001011"": 1, ""11000010101"": 1, ""11000111010"": 1}"
1926,019e10f7-8a91-74b1-b4b5-370aa30dd3cc,20,26,ZYYZIXIYYIX,XIYYIXIZYYZ,-0.00048828124999999913,10,0.9999999999999999,0.2,-0.7999999999999998,-0.0004882812499999991,-9.765624999999983e-05,0.00039062499999999926,0.7999999999999998,0.00039062499999999926,"{""00001011111"": 1, ""01100001100"": 1, ""01100011111"": 1, ""01110000111"": 1, ""01111011010"": 1, ""10110110100"": 1, ""10111100000"": 1, ""11011011000"": 1, ""11101010100"": 1, ""11110011011"": 1}"
1927,019e10f7-8a91-74b1-b4b5-370aa30dd3cc,20,27,ZYYZIXIYYZI,IZYYIXIZYYZ,-0.00048828124999999913,10,0.9999999999999999,0.6,-0.3999999999999999,-0.0004882812499999991,-0.00029296874999999945,0.00019531249999999963,0.3999999999999999,0.00019531249999999963,"{""00111011111"": 1, ""01001010100"": 1, ""01010111101"": 1, ""01111010100"": 2, ""10010110100"": 1, ""10100110101"": 1, ""11000111111"": 1, ""11011100000"": 1, ""11110000111"": 1}"
1928,019e10f7-8a91-74b1-b4b5-370aa30dd3cc,20,28,ZYYZIXZIIII,IIIIZXIZYYZ,-0.00048828124999999913,10,0.9999999999999999,0.4,-0.5999999999999999,-0.0004882812499999991,-0.00019531249999999966,0.0002929687499999994,0.5999999999999999,0.0002929687499999994,"{""00101101101"": 1, ""00110001001"": 1, ""01010011010"": 1, ""01010101100"": 1, ""01110000110"": 1, ""10001100001"": 1, ""11000000101"": 1, ""11000001111"": 1, ""11101100110"": 1, ""11101100111"": 1}"
1929,019e10f7-8a91-74b1-b4b5-370aa30dd3cc,20,29,ZYYZIXZIIZX,XZIIZXIZYYZ,-0.00048828124999999913,10,0.9999999999999999,0.0,-0.9999999999999999,-0.0004882812499999991,-0.0,0.0004882812499999991,0.9999999999999999,0.0004882812499999991,"{""00000001011"": 2, ""00000111011"": 1, ""01000001111"": 1, ""01100110011"": 1, ""01101100011"": 1, ""10000000011"": 1, ""10111100001"": 1, ""11001011111"": 1, ""11110111100"": 1}"
1930,019e10f7-8a91-74b1-b4b5-370aa30dd3cc,20,30,ZYYZIXZIZXZ,ZXZIZXIZYYZ,-0.00048828124999999913,10,0.9999999999999999,0.0,-0.9999999999999999,-0.0004882812499999991,-0.0,0.0004882812499999991,0.9999999999999999,0.0004882812499999991,"{""01111011000"": 1, ""10001100101"": 1, ""10010010000"": 1, ""11000001010"": 1, ""11000001101"": 1, ""11001010101"": 1, ""11101100110"": 1, ""11110001110"": 1, ""11110010110"": 1, ""11110110010"": 1}"
1931,019e10f7-8a91-74b1-b4b5-370aa30dd3cc,20,31,ZYYZIXZIZYY,YYZIZXIZYYZ,-0.00048828124999999913,10,0.9999999999999999,0.2,-0.7999999999999998,-0.0004882812499999991,-9.765624999999983e-05,0.00039062499999999926,0.7999999999999998,0.00039062499999999926,"{""00100001101"": 1, ""00111100110"": 1, ""01100001000"": 1, ""01111010101"": 1, ""10100111110"": 1, ""10111100001"": 1, ""10111101101"": 1, ""11101011101"": 1, ""11110110001"": 1, ""11110110110"": 1}"
1932,019e10f7-8a91-74b1-b4b5-370aa30dd3cc,20,32,ZYYZIXZZXIX,XIXZZXIZYYZ,-0.00048828124999999913,10,0.9999999999999999,0.8,-0.19999999999999984,-0.0004882812499999991,-0.0003906249999999993,9.765624999999976e-05,0.19999999999999984,9.765624999999976e-05,"{""00011010111"": 1, ""00011011101"": 1, ""01001011011"": 1, ""01100001011"": 1, ""01100110111"": 1, ""10010110111"": 1, ""10100111011"": 1, ""10100111100"": 1, ""10111010000"": 1, ""11011101100"": 1}"
1933,019e10f7-8a91-74b1-b4b5-370aa30dd3cc,20,33,ZYYZIXZZXZI,IZXZZXIZYYZ,-0.00048828124999999913,10,0.9999999999999999,1.0,1.1102230246251565e-16,-0.0004882812499999991,-0.00048828124999999913,-5.421010862427522e-20,1.1102230246251565e-16,5.421010862427522e-20,"{""00000001100"": 1, ""01010000000"": 1, ""01010110110"": 1, ""01111100111"": 1, ""10001011011"": 1, ""10100110000"": 1, ""10111100111"": 1, ""11000000110"": 1, ""11000110110"": 1, ""11101010111"": 1}"
1934,019e10f7-8a91-74b1-b4b5-370aa30dd3cc,20,34,ZYYZIXZZYXY,YXYZZXIZYYZ,0.00048828124999999913,10,-0.9999999999999999,-0.8,0.19999999999999984,-0.0004882812499999991,-0.0003906249999999993,9.765624999999976e-05,0.19999999999999984,9.765624999999976e-05,"{""00011010001"": 1, ""00011100010"": 1, ""00101101000"": 1, ""01010001101"": 1, ""01111010111"": 1, ""10111101000"": 1, ""11000110010"": 1, ""11101010100"": 1, ""11101010110"": 1, ""11101010111"": 1}"
1935,019e10f7-8a91-74b1-b4b5-370aa30dd3cc,20,35,ZYYZIXZZYYZ,ZYYZZXIZYYZ,-0.00048828124999999913,10,0.9999999999999999,0.4,-0.5999999999999999,-0.0004882812499999991,-0.00019531249999999966,0.0002929687499999994,0.5999999999999999,0.0002929687499999994,"{""00000000101"": 1, ""00001011111"": 1, ""00011011111"": 1, ""00101010000"": 1, ""01000001001"": 1, ""01001010011"": 1, ""01010111001"": 1, ""01110000110"": 1, ""10001011111"": 1, ""11111001100"": 1}"
1936,019e10f7-8a91-74b1-b4b5-370aa30dd3cc,20,36,ZYYZIYXXXXY,YXXXXYIZYYZ,-0.00048828124999999913,10,0.9999999999999999,0.2,-0.7999999999999998,-0.0004882812499999991,-9.765624999999983e-05,0.00039062499999999926,0.7999999999999998,0.00039062499999999926,"{""00110110111"": 1, ""01001111110"": 1, ""01010100100"": 1, ""01100100001"": 1, ""01110110110"": 1, ""01111001110"": 1, ""10010101110"": 1, ""11000010110"": 1, ""11000101110"": 1, ""11110110010"": 1}"
1937,019e10f7-8a91-74b1-b4b5-370aa30dd3cc,20,37,ZYYZIYXXXYZ,ZYXXXYIZYYZ,0.00048828124999999913,10,-0.9999999999999999,-0.4,0.5999999999999999,-0.0004882812499999991,-0.00019531249999999966,0.0002929687499999994,0.5999999999999999,0.0002929687499999994,"{""00000000110"": 1, ""00011101000"": 1, ""01001000101"": 1, ""01010111011"": 1, ""01110000100"": 1, ""10010110100"": 1, ""10100110111"": 1, ""10111000001"": 1, ""10111001001"": 1, ""10111011101"": 1}"
1938,019e10f7-8a91-74b1-b4b5-370aa30dd3cc,20,38,ZYYZIYXXYIX,XIYXXYIZYYZ,-0.00048828124999999913,10,0.9999999999999999,0.2,-0.7999999999999998,-0.0004882812499999991,-9.765624999999983e-05,0.00039062499999999926,0.7999999999999998,0.00039062499999999926,"{""00000100000"": 1, ""00000100011"": 2, ""01010010111"": 1, ""10110011111"": 1, ""10111010000"": 1, ""10111100111"": 1, ""11101001000"": 1, ""11101110011"": 1, ""11110101110"": 1}"
1939,019e10f7-8a91-74b1-b4b5-370aa30dd3cc,20,39,ZYYZIYXXYZI,IZYXXYIZYYZ,-0.00048828124999999913,10,0.9999999999999999,0.6,-0.3999999999999999,-0.0004882812499999991,-0.00029296874999999945,0.00019531249999999963,0.3999999999999999,0.00019531249999999963,"{""00011100111"": 1, ""00100011100"": 1, ""00110101100"": 1, ""01010110000"": 1, ""01100000000"": 1, ""10010110000"": 1, ""11000110111"": 1, ""11010101111"": 1, ""11101011010"": 1, ""11101101101"": 1}"
1940,019e10f7-8a91-74b1-b4b5-370aa30dd3cc,20,40,ZYYZIYXYIXZ,ZXIYXYIZYYZ,0.00048828124999999913,10,-0.9999999999999999,-1.0,-1.1102230246251565e-16,-0.0004882812499999991,-0.00048828124999999913,-5.421010862427522e-20,1.1102230246251565e-16,5.421010862427522e-20,"{""00011110011"": 1, ""00101100110"": 1, ""00110100000"": 1, ""01100100011"": 1, ""01111010101"": 1, ""10001001001"": 1, ""10111010110"": 1, ""10111011000"": 1, ""11011100101"": 1, ""11101011000"": 1}"
1941,019e10f7-8a91-74b1-b4b5-370aa30dd3cc,20,41,ZYYZIYXYIYY,YYIYXYIZYYZ,0.00048828124999999913,10,-0.9999999999999999,-0.4,0.5999999999999999,-0.0004882812499999991,-0.00019531249999999966,0.0002929687499999994,0.5999999999999999,0.0002929687499999994,"{""00000111011"": 1, ""00011100110"": 1, ""00101101000"": 1, ""10011011011"": 1, ""10100100011"": 1, ""10111000011"": 1, ""10111011000"": 1, ""11001110000"": 1, ""11011000011"": 1, ""11100000110"": 1}"
1942,019e10f7-8a91-74b1-b4b5-370aa30dd3cc,20,42,ZYYZIYXYZII,IIZYXYIZYYZ,0.00048828124999999913,10,-0.9999999999999999,-0.8,0.19999999999999984,-0.0004882812499999991,-0.0003906249999999993,9.765624999999976e-05,0.19999999999999984,9.765624999999976e-05,"{""01000100001"": 1, ""01001100101"": 1, ""01010010010"": 1, ""01111010110"": 1, ""10010010001"": 1, ""10010011111"": 1, ""10100000101"": 1, ""10111001100"": 1, ""11011101010"": 1, ""11101111100"": 1}"
1943,019e10f7-8a91-74b1-b4b5-370aa30dd3cc,20,43,ZYYZIYXYZZX,XZZYXYIZYYZ,0.00048828124999999913,10,-0.9999999999999999,-0.2,0.7999999999999998,-0.0004882812499999991,-9.765624999999983e-05,0.00039062499999999926,0.7999999999999998,0.00039062499999999926,"{""00010010000"": 1, ""00101000011"": 1, ""00101111011"": 1, ""00110101111"": 1, ""01100101101"": 1, ""10001000000"": 1, ""10110010011"": 1, ""10111010100"": 1, ""10111011000"": 1, ""11110010000"": 1}"
1944,019e10f7-8a91-74b1-b4b5-370aa30dd3cc,20,44,ZYYZIYYIXIX,XIXIYYIZYYZ,-0.00048828124999999913,10,0.9999999999999999,0.2,-0.7999999999999998,-0.0004882812499999991,-9.765624999999983e-05,0.00039062499999999926,0.7999999999999998,0.00039062499999999926,"{""00000101100"": 1, ""00011001100"": 1, ""00110101011"": 1, ""01001101100"": 1, ""01011010000"": 1, ""01100000111"": 1, ""10010001011"": 1, ""10111010000"": 1, ""11101010111"": 1, ""11101111000"": 1}"
1945,019e10f7-8a91-74b1-b4b5-370aa30dd3cc,20,45,ZYYZIYYIXZI,IZXIYYIZYYZ,-0.00048828124999999913,10,0.9999999999999999,0.8,-0.19999999999999984,-0.0004882812499999991,-0.0003906249999999993,9.765624999999976e-05,0.19999999999999984,9.765624999999976e-05,"{""00100011101"": 1, ""01010011010"": 1, ""01010110000"": 1, ""01101001001"": 1, ""10010011100"": 1, ""10111010001"": 1, ""10111010110"": 1, ""11011001100"": 1, ""11011010001"": 1, ""11110110001"": 1}"
1946,019e10f7-8a91-74b1-b4b5-370aa30dd3cc,20,46,ZYYZIYYIYXY,YXYIYYIZYYZ,0.00048828124999999913,10,-0.9999999999999999,-0.2,0.7999999999999998,-0.0004882812499999991,-9.765624999999983e-05,0.00039062499999999926,0.7999999999999998,0.00039062499999999926,"{""00100101101"": 1, ""00101001011"": 1, ""00110101110"": 1, ""01001010101"": 1, ""01010011111"": 1, ""01100110001"": 1, ""10010110100"": 1, ""11011010111"": 1, ""11100000001"": 1, ""11101111110"": 1}"
1947,019e10f7-8a91-74b1-b4b5-370aa30dd3cc,20,47,ZYYZIYYIYYZ,ZYYIYYIZYYZ,-0.00048828124999999913,10,0.9999999999999999,0.2,-0.7999999999999998,-0.0004882812499999991,-9.765624999999983e-05,0.00039062499999999926,0.7999999999999998,0.00039062499999999926,"{""00010101100"": 1, ""00110101100"": 1, ""01010110110"": 1, ""01100110110"": 1, ""10001010101"": 1, ""10001110110"": 1, ""10010110011"": 1, ""10010110111"": 1, ""11000110101"": 1, ""11101101111"": 1}"
1948,019e10f7-8a91-74b1-b4b5-370aa30dd3cc,20,48,ZYYZIYYZIII,IIIZYYIZYYZ,-0.00048828124999999913,10,0.9999999999999999,1.0,1.1102230246251565e-16,-0.0004882812499999991,-0.00048828124999999913,-5.421010862427522e-20,1.1102230246251565e-16,5.421010862427522e-20,"{""00101100001"": 1, ""00101111110"": 1, ""00110110010"": 1, ""01010000101"": 1, ""01100000000"": 1, ""01111111101"": 1, ""10001100111"": 1, ""10010000011"": 1, ""10100101101"": 1, ""11000000110"": 1}"
1949,019e10f7-8a91-74b1-b4b5-370aa30dd3cc,20,49,ZYYZIYYZIZX,XZIZYYIZYYZ,-0.00048828124999999913,10,0.9999999999999999,0.2,-0.7999999999999998,-0.0004882812499999991,-9.765624999999983e-05,0.00039062499999999926,0.7999999999999998,0.00039062499999999926,"{""00110101100"": 1, ""01001010111"": 1, ""01001111100"": 1, ""01100011100"": 1, ""10010001011"": 1, ""10100100011"": 1, ""10100101000"": 1, ""10111100111"": 1, ""11000010100"": 1, ""11010000011"": 1}"
1950,019e10f7-8a91-74b1-b4b5-370aa30dd3cc,20,50,ZYYZIYYZZXZ,ZXZZYYIZYYZ,-0.00048828124999999913,10,0.9999999999999999,0.2,-0.7999999999999998,-0.0004882812499999991,-9.765624999999983e-05,0.00039062499999999926,0.7999999999999998,0.00039062499999999926,"{""00011001000"": 1, ""01010000000"": 1, ""01111100011"": 1, ""10001010000"": 1, ""10101100101"": 1, ""11000011000"": 1, ""11000101110"": 1, ""11010000011"": 1, ""11100011101"": 1, ""11111100000"": 1}"
1951,019e10f7-8a91-74b1-b4b5-370aa30dd3cc,20,51,ZYYZIYYZZYY,YYZZYYIZYYZ,-0.00048828124999999913,10,0.9999999999999999,0.2,-0.7999999999999998,-0.0004882812499999991,-9.765624999999983e-05,0.00039062499999999926,0.7999999999999998,0.00039062499999999926,"{""00011011000"": 1, ""00110011110"": 1, ""01010011101"": 1, ""01110011011"": 1, ""01110110000"": 1, ""10011001101"": 1, ""11000011110"": 1, ""11101010000"": 1, ""11101010110"": 1, ""11110011000"": 1}"
1952,019e10f7-8a91-74b1-b4b5-370aa30dd3cc,20,52,ZYYZZIIIIII,IIIIIIZZYYZ,-0.00048828124999999913,10,0.9999999999999999,0.8,-0.19999999999999984,-0.0004882812499999991,-0.0003906249999999993,9.765624999999976e-05,0.19999999999999984,9.765624999999976e-05,"{""00001011010"": 1, ""00110011111"": 1, ""01100011110"": 1, ""01100101101"": 1, ""01100111111"": 1, ""01111000100"": 1, ""10010110111"": 1, ""11000010001"": 1, ""11011101101"": 1, ""11110000000"": 1}"
1953,019e10f7-8a91-74b1-b4b5-370aa30dd3cc,20,53,ZYYZZIIIIZX,XZIIIIZZYYZ,-0.00048828124999999913,10,0.9999999999999999,0.2,-0.7999999999999998,-0.0004882812499999991,-9.765624999999983e-05,0.00039062499999999926,0.7999999999999998,0.00039062499999999926,"{""00000000111"": 1, ""00110011100"": 1, ""00111110000"": 1, ""01010000011"": 1, ""01100000100"": 1, ""01100001001"": 1, ""01100011100"": 1, ""01101111000"": 1, ""10110110000"": 1, ""10111000011"": 1}"
1954,019e10f7-8a91-74b1-b4b5-370aa30dd3cc,20,54,ZYYZZIIIZXZ,ZXZIIIZZYYZ,-0.00048828124999999913,10,0.9999999999999999,0.2,-0.7999999999999998,-0.0004882812499999991,-9.765624999999983e-05,0.00039062499999999926,0.7999999999999998,0.00039062499999999926,"{""01000111110"": 1, ""01001101011"": 1, ""01010010110"": 1, ""01010111101"": 1, ""01101001011"": 1, ""10000011011"": 1, ""10000011110"": 1, ""11011001101"": 1, ""11011001110"": 1, ""11110000110"": 1}"
1955,019e10f7-8a91-74b1-b4b5-370aa30dd3cc,20,55,ZYYZZIIIZYY,YYZIIIZZYYZ,-0.00048828124999999913,10,0.9999999999999999,0.8,-0.19999999999999984,-0.0004882812499999991,-0.0003906249999999993,9.765624999999976e-05,0.19999999999999984,9.765624999999976e-05,"{""00110101000"": 1, ""01001010111"": 1, ""01010011110"": 1, ""01100110110"": 1, ""01111110011"": 1, ""10100000101"": 1, ""10111000011"": 1, ""10111100101"": 1, ""10111110110"": 1, ""11101000011"": 1}"
1956,019e10f7-8a91-74b1-b4b5-370aa30dd3cc,20,56,ZYYZZIIZXIX,XIXZIIZZYYZ,-0.00048828124999999913,10,0.9999999999999999,0.6,-0.3999999999999999,-0.0004882812499999991,-0.00029296874999999945,0.00019531249999999963,0.3999999999999999,0.00019531249999999963,"{""00000101011"": 1, ""00000111011"": 1, ""00011000100"": 1, ""00011101101"": 1, ""00011111011"": 1, ""01001100000"": 1, ""01100100000"": 1, ""10010001001"": 1, ""10010110111"": 1, ""11101011100"": 1}"
1957,019e10f7-8a91-74b1-b4b5-370aa30dd3cc,20,57,ZYYZZIIZXZI,IZXZIIZZYYZ,-0.00048828124999999913,10,0.9999999999999999,1.0,1.1102230246251565e-16,-0.0004882812499999991,-0.00048828124999999913,-5.421010862427522e-20,1.1102230246251565e-16,5.421010862427522e-20,"{""00011111011"": 1, ""00011111101"": 1, ""00101111011"": 1, ""00110001010"": 1, ""00110001101"": 1, ""00110111101"": 1, ""01100110001"": 1, ""01100111101"": 1, ""01111000001"": 1, ""10010110111"": 1}"
1958,019e10f7-8a91-74b1-b4b5-370aa30dd3cc,20,58,ZYYZZIIZYXY,YXYZIIZZYYZ,0.00048828124999999913,10,-0.9999999999999999,0.2,1.2,-0.0004882812499999991,9.765624999999983e-05,0.0005859374999999989,1.2,0.0005859374999999989,"{""00001011110"": 1, ""00100011011"": 1, ""00101100010"": 1, ""01000100110"": 1, ""01001101101"": 1, ""01010011100"": 1, ""01100000000"": 1, ""10011011101"": 1, ""10100101011"": 1, ""10110001000"": 1}"
1959,019e10f7-8a91-74b1-b4b5-370aa30dd3cc,20,59,ZYYZZIIZYYZ,ZYYZIIZZYYZ,-0.00048828124999999913,10,0.9999999999999999,1.0,1.1102230246251565e-16,-0.0004882812499999991,-0.00048828124999999913,-5.421010862427522e-20,1.1102230246251565e-16,5.421010862427522e-20,"{""00000100000"": 1, ""00011001001"": 1, ""00011010101"": 1, ""00101101100"": 1, ""00101111111"": 1, ""01100011010"": 1, ""10010010011"": 1, ""10111010101"": 1, ""10111100101"": 1, ""11011010101"": 1}"
1960,019e10f7-8a91-74b1-b4b5-370aa30dd3cc,20,60,ZYYZZIZXIXZ,ZXIXZIZZYYZ,-0.00048828124999999913,10,0.9999999999999999,0.8,-0.19999999999999984,-0.0004882812499999991,-0.0003906249999999993,9.765624999999976e-05,0.19999999999999984,9.765624999999976e-05,"{""01010000011"": 1, ""01100010101"": 1, ""01100100011"": 1, ""01111100000"": 1, ""10001110110"": 1, ""10100101110"": 1, ""10110010110"": 1, ""10111010110"": 1, ""11000101110"": 1, ""11110010101"": 1}"
1961,019e10f7-8a91-74b1-b4b5-370aa30dd3cc,20,61,ZYYZZIZXIYY,YYIXZIZZYYZ,-0.00048828124999999913,10,0.9999999999999999,0.6,-0.3999999999999999,-0.0004882812499999991,-0.00029296874999999945,0.00019531249999999963,0.3999999999999999,0.00019531249999999963,"{""01010000011"": 1, ""01010101110"": 1, ""01010111001"": 1, ""10001000011"": 1, ""10010000011"": 2, ""10100110110"": 1, ""10101110110"": 1, ""11000011000"": 1, ""11101110101"": 1}"
1962,019e10f7-8a91-74b1-b4b5-370aa30dd3cc,20,62,ZYYZZIZXZII,IIZXZIZZYYZ,-0.00048828124999999913,10,0.9999999999999999,0.6,-0.3999999999999999,-0.0004882812499999991,-0.00029296874999999945,0.00019531249999999963,0.3999999999999999,0.00019531249999999963,"{""00000101100"": 1, ""00100111010"": 1, ""00110010111"": 1, ""00110101110"": 1, ""01100001111"": 1, ""10010111010"": 1, ""10011110111"": 1, ""10100110101"": 1, ""11101000011"": 1, ""11110111001"": 1}"
1963,019e10f7-8a91-74b1-b4b5-370aa30dd3cc,20,63,ZYYZZIZXZZX,XZZXZIZZYYZ,-0.00048828124999999913,10,0.9999999999999999,0.4,-0.5999999999999999,-0.0004882812499999991,-0.00019531249999999966,0.0002929687499999994,0.5999999999999999,0.0002929687499999994,"{""00011000011"": 1, ""00101111111"": 1, ""01011100011"": 1, ""01100011011"": 1, ""01110010111"": 1, ""10001010100"": 1, ""10010110111"": 1, ""10100000011"": 1, ""10111010100"": 1, ""11000100000"": 1}"
1964,019e10f7-8a91-74b1-b4b5-370aa30dd3cc,20,64,ZYYZZIZYXXY,YXXYZIZZYYZ,-0.00048828124999999913,10,0.9999999999999999,0.8,-0.19999999999999984,-0.0004882812499999991,-0.0003906249999999993,9.765624999999976e-05,0.19999999999999984,9.765624999999976e-05,"{""00000010010"": 1, ""00011000110"": 1, ""01001100011"": 1, ""01100110001"": 1, ""01111001010"": 1, ""10001001001"": 1, ""11000011000"": 1, ""11101001001"": 1, ""11101011011"": 1, ""11110101011"": 1}"
1965,019e10f7-8a91-74b1-b4b5-370aa30dd3cc,20,65,ZYYZZIZYXYZ,ZYXYZIZZYYZ,0.00048828124999999913,10,-0.9999999999999999,-0.6,0.3999999999999999,-0.0004882812499999991,-0.00029296874999999945,0.00019531249999999963,0.3999999999999999,0.00019531249999999963,"{""00001111100"": 1, ""00011011001"": 1, ""00011011010"": 2, ""01010110011"": 1, ""01011101110"": 1, ""01111010011"": 1, ""10001011100"": 1, ""11000101011"": 1, ""11000110000"": 1}"
1966,019e10f7-8a91-74b1-b4b5-370aa30dd3cc,20,66,ZYYZZIZYYIX,XIYYZIZZYYZ,-0.00048828124999999913,10,0.9999999999999999,0.8,-0.19999999999999984,-0.0004882812499999991,-0.0003906249999999993,9.765624999999976e-05,0.19999999999999984,9.765624999999976e-05,"{""00000001011"": 1, ""00011001011"": 1, ""01010011000"": 1, ""01100101100"": 1, ""10001101011"": 1, ""10111100000"": 1, ""11000001011"": 1, ""11011011011"": 1, ""11101101011"": 1, ""11101111111"": 1}"
1967,019e10f7-8a91-74b1-b4b5-370aa30dd3cc,20,67,ZYYZZIZYYZI,IZYYZIZZYYZ,-0.00048828124999999913,10,0.9999999999999999,0.2,-0.7999999999999998,-0.0004882812499999991,-9.765624999999983e-05,0.00039062499999999926,0.7999999999999998,0.00039062499999999926,"{""00000101011"": 1, ""00001100110"": 1, ""01111001010"": 1, ""10001101100"": 1, ""10001110011"": 1, ""10010010000"": 1, ""10011101010"": 1, ""10100101100"": 1, ""11000001010"": 1, ""11111100000"": 1}"
1968,019e10f7-8a91-74b1-b4b5-370aa30dd3cc,20,68,ZYYZZZXIXIX,XIXIXZZZYYZ,-0.00048828124999999913,10,0.9999999999999999,0.4,-0.5999999999999999,-0.0004882812499999991,-0.00019531249999999966,0.0002929687499999994,0.5999999999999999,0.0002929687499999994,"{""00000011011"": 1, ""00110100111"": 1, ""00110110000"": 1, ""01001011100"": 1, ""01010101100"": 1, ""10001111100"": 1, ""10010000111"": 1, ""10100011000"": 1, ""10100101011"": 1, ""11101011011"": 1}"
1969,019e10f7-8a91-74b1-b4b5-370aa30dd3cc,20,69,ZYYZZZXIXZI,IZXIXZZZYYZ,-0.00048828124999999913,10,0.9999999999999999,0.4,-0.5999999999999999,-0.0004882812499999991,-0.00019531249999999966,0.0002929687499999994,0.5999999999999999,0.0002929687499999994,"{""00011110000"": 1, ""00011110010"": 1, ""00110000001"": 1, ""00110011100"": 1, ""01010011010"": 1, ""01100011111"": 1, ""10001011011"": 1, ""11000010001"": 1, ""11000110000"": 1, ""11110011100"": 1}"
1970,019e10f7-8a91-74b1-b4b5-370aa30dd3cc,20,70,ZYYZZZXIYXY,YXYIXZZZYYZ,0.00048828124999999913,10,-0.9999999999999999,0.0,0.9999999999999999,-0.0004882812499999991,0.0,0.0004882812499999991,0.9999999999999999,0.0004882812499999991,"{""00000101000"": 1, ""00000110111"": 1, ""00100101000"": 1, ""00101110101"": 1, ""01100110010"": 1, ""10001110000"": 1, ""10010010011"": 1, ""10010101001"": 1, ""11000101110"": 1, ""11110001000"": 1}"
1971,019e10f7-8a91-74b1-b4b5-370aa30dd3cc,20,71,ZYYZZZXIYYZ,ZYYIXZZZYYZ,-0.00048828124999999913,10,0.9999999999999999,0.2,-0.7999999999999998,-0.0004882812499999991,-9.765624999999983e-05,0.00039062499999999926,0.7999999999999998,0.00039062499999999926,"{""00001110000"": 1, ""00101101011"": 1, ""00110000000"": 1, ""01001110011"": 1, ""01010110101"": 1, ""01111010011"": 1, ""10001101111"": 1, ""10010000000"": 1, ""11000101010"": 1, ""11001110000"": 1}"
1972,019e10f7-8a91-74b1-b4b5-370aa30dd3cc,20,72,ZYYZZZXZIII,IIIZXZZZYYZ,-0.00048828124999999913,10,0.9999999999999999,0.0,-0.9999999999999999,-0.0004882812499999991,-0.0,0.0004882812499999991,0.9999999999999999,0.0004882812499999991,"{""00001000111"": 1, ""00011011101"": 1, ""00011101010"": 1, ""01000011100"": 1, ""01101101110"": 1, ""10001101001"": 1, ""10010100000"": 1, ""10010110001"": 1, ""11010000110"": 1, ""11110000001"": 1}"
1973,019e10f7-8a91-74b1-b4b5-370aa30dd3cc,20,73,ZYYZZZXZIZX,XZIZXZZZYYZ,-0.00048828124999999913,10,0.9999999999999999,0.4,-0.5999999999999999,-0.0004882812499999991,-0.00019531249999999966,0.0002929687499999994,0.5999999999999999,0.0002929687499999994,"{""01011000100"": 1, ""01101101100"": 1, ""10000000100"": 1, ""10001000111"": 1, ""10001110011"": 1, ""11000011100"": 1, ""11000101111"": 1, ""11011000011"": 1, ""11101000011"": 1, ""11101011011"": 1}"
1974,019e10f7-8a91-74b1-b4b5-370aa30dd3cc,20,74,ZYYZZZXZZXZ,ZXZZXZZZYYZ,-0.00048828124999999913,10,0.9999999999999999,0.8,-0.19999999999999984,-0.0004882812499999991,-0.0003906249999999993,9.765624999999976e-05,0.19999999999999984,9.765624999999976e-05,"{""00001011000"": 1, ""00011011011"": 1, ""00110000011"": 1, ""01001101101"": 1, ""01100000011"": 1, ""01100101000"": 1, ""10001101110"": 1, ""10010000101"": 1, ""11000011101"": 1, ""11101110110"": 1}"
1975,019e10f7-8a91-74b1-b4b5-370aa30dd3cc,20,75,ZYYZZZXZZYY,YYZZXZZZYYZ,-0.00048828124999999913,10,0.9999999999999999,0.4,-0.5999999999999999,-0.0004882812499999991,-0.00019531249999999966,0.0002929687499999994,0.5999999999999999,0.0002929687499999994,"{""00000000101"": 1, ""00000100110"": 1, ""00110001000"": 1, ""00110101101"": 1, ""01001010011"": 1, ""10010011101"": 1, ""10100011101"": 1, ""10111000110"": 1, ""11000011000"": 1, ""11101000101"": 1}"
1976,019e10f7-8a91-74b1-b4b5-370aa30dd3cc,20,76,ZYYZZZYXXXY,YXXXYZZZYYZ,0.00048828124999999913,10,-0.9999999999999999,-0.8,0.19999999999999984,-0.0004882812499999991,-0.0003906249999999993,9.765624999999976e-05,0.19999999999999984,9.765624999999976e-05,"{""00000101111"": 1, ""00101001110"": 1, ""01001000111"": 1, ""01010011010"": 1, ""01111101010"": 1, ""01111110111"": 1, ""10001010000"": 1, ""10010011110"": 1, ""11011100101"": 1, ""11111110011"": 1}"
1977,019e10f7-8a91-74b1-b4b5-370aa30dd3cc,20,77,ZYYZZZYXXYZ,ZYXXYZZZYYZ,-0.00048828124999999913,10,0.9999999999999999,0.2,-0.7999999999999998,-0.0004882812499999991,-9.765624999999983e-05,0.00039062499999999926,0.7999999999999998,0.00039062499999999926,"{""00000001111"": 1, ""01011001100"": 1, ""01100011001"": 1, ""01100110000"": 1, ""01111010010"": 1, ""10000011101"": 1, ""10010000001"": 1, ""11011010010"": 1, ""11101110011"": 1, ""11110001010"": 1}"
1978,019e10f7-8a91-74b1-b4b5-370aa30dd3cc,20,78,ZYYZZZYXYIX,XIYXYZZZYYZ,0.00048828124999999913,10,-0.9999999999999999,-0.2,0.7999999999999998,-0.0004882812499999991,-9.765624999999983e-05,0.00039062499999999926,0.7999999999999998,0.00039062499999999926,"{""01010011100"": 1, ""01100110000"": 1, ""10010001111"": 1, ""10100010000"": 1, ""10100011011"": 1, ""10100101000"": 1, ""10111110111"": 1, ""11000100001"": 1, ""11011111000"": 1, ""11110111101"": 1}"
1979,019e10f7-8a91-74b1-b4b5-370aa30dd3cc,20,79,ZYYZZZYXYZI,IZYXYZZZYYZ,0.00048828124999999913,10,-0.9999999999999999,0.0,0.9999999999999999,-0.0004882812499999991,0.0,0.0004882812499999991,0.9999999999999999,0.0004882812499999991,"{""00000001001"": 1, ""00011111110"": 1, ""00110101000"": 1, ""01010000011"": 1, ""01010111010"": 1, ""01100000101"": 1, ""10011001011"": 1, ""11000001010"": 1, ""11100011011"": 1, ""11101110111"": 1}"
1980,019e10f7-8a91-74b1-b4b5-370aa30dd3cc,20,80,ZYYZZZYYIXZ,ZXIYYZZZYYZ,-0.00048828124999999913,10,0.9999999999999999,0.6,-0.3999999999999999,-0.0004882812499999991,-0.00029296874999999945,0.00019531249999999963,0.3999999999999999,0.00019531249999999963,"{""00011000010"": 1, ""00011111101"": 1, ""00110100011"": 1, ""01001000011"": 1, ""01010100101"": 1, ""10100000111"": 1, ""10100101011"": 1, ""11000100101"": 1, ""11000101011"": 1, ""11010001011"": 1}"
1981,019e10f7-8a91-74b1-b4b5-370aa30dd3cc,20,81,ZYYZZZYYIYY,YYIYYZZZYYZ,-0.00048828124999999913,10,0.9999999999999999,0.4,-0.5999999999999999,-0.0004882812499999991,-0.00019531249999999966,0.0002929687499999994,0.5999999999999999,0.0002929687499999994,"{""00000011000"": 1, ""00000111101"": 1, ""00011110011"": 1, ""00101100101"": 1, ""00110000101"": 1, ""01111000011"": 1, ""10010010000"": 1, ""10010011000"": 1, ""11101011011"": 1, ""11110100000"": 1}"
1982,019e10f7-8a91-74b1-b4b5-370aa30dd3cc,20,82,ZYYZZZYYZII,IIZYYZZZYYZ,-0.00048828124999999913,10,0.9999999999999999,0.8,-0.19999999999999984,-0.0004882812499999991,-0.0003906249999999993,9.765624999999976e-05,0.19999999999999984,9.765624999999976e-05,"{""00000000100"": 1, ""00110001101"": 1, ""00110110001"": 1, ""01100001100"": 1, ""01100111100"": 1, ""10001011011"": 1, ""10010101001"": 1, ""10111001110"": 1, ""11000111110"": 1, ""11101111101"": 1}"
1983,019e10f7-8a91-74b1-b4b5-370aa30dd3cc,20,83,ZYYZZZYYZZX,XZZYYZZZYYZ,-0.00048828124999999913,10,0.9999999999999999,0.4,-0.5999999999999999,-0.0004882812499999991,-0.00019531249999999966,0.0002929687499999994,0.5999999999999999,0.0002929687499999994,"{""00101101000"": 1, ""00110010011"": 1, ""01100010100"": 1, ""01111101000"": 1, ""01111101011"": 1, ""10010100100"": 1, ""10101000011"": 1, ""10101111100"": 1, ""10111101011"": 1, ""11101110000"": 1}"
1984,019e10f7-8a91-74b1-b4b5-370aa30dd3cc,20,84,ZYZYIIIIIII,IIIIIIIYZYZ,-0.00048828124999999913,10,0.9999999999999999,0.8,-0.19999999999999984,-0.0004882812499999991,-0.0003906249999999993,9.765624999999976e-05,0.19999999999999984,9.765624999999976e-05,"{""00000010111"": 1, ""00110001010"": 1, ""00110110010"": 1, ""00111010111"": 1, ""01010111111"": 1, ""01100101011"": 1, ""01101000000"": 1, ""01101100111"": 1, ""11011110010"": 1, ""11111000010"": 1}"
1985,019e10f7-8a91-74b1-b4b5-370aa30dd3cc,20,85,ZYZYIIIIIZX,XZIIIIIYZYZ,-0.00048828124999999913,10,0.9999999999999999,0.8,-0.19999999999999984,-0.0004882812499999991,-0.0003906249999999993,9.765624999999976e-05,0.19999999999999984,9.765624999999976e-05,"{""00000101011"": 1, ""00001111100"": 1, ""00111011000"": 1, ""00111111100"": 1, ""10001011100"": 1, ""10011001111"": 1, ""10100000011"": 1, ""10101010111"": 1, ""11000001000"": 1, ""11001010111"": 1}"
1986,019e10f7-8a91-74b1-b4b5-370aa30dd3cc,20,86,ZYZYIIIIZXZ,ZXZIIIIYZYZ,-0.00048828124999999913,10,0.9999999999999999,0.6,-0.3999999999999999,-0.0004882812499999991,-0.00029296874999999945,0.00019531249999999963,0.3999999999999999,0.00019531249999999963,"{""00001100110"": 1, ""00111001011"": 1, ""00111100100"": 1, ""00111101000"": 1, ""01101010000"": 1, ""01101100000"": 2, ""10100111101"": 1, ""10111111110"": 1, ""11110000000"": 1}"
1987,019e10f7-8a91-74b1-b4b5-370aa30dd3cc,20,87,ZYZYIIIIZYY,YYZIIIIYZYZ,-0.00048828124999999913,10,0.9999999999999999,0.4,-0.5999999999999999,-0.0004882812499999991,-0.00019531249999999966,0.0002929687499999994,0.5999999999999999,0.0002929687499999994,"{""00001001011"": 1, ""01001011011"": 1, ""01011011101"": 1, ""01100111011"": 1, ""10011001011"": 1, ""10110000110"": 1, ""11000001000"": 1, ""11000110101"": 1, ""11010001110"": 1, ""11110000011"": 1}"
1988,019e10f7-8a91-74b1-b4b5-370aa30dd3cc,20,88,ZYZYIIIZXIX,XIXZIIIYZYZ,-0.00048828124999999913,10,0.9999999999999999,0.6,-0.3999999999999999,-0.0004882812499999991,-0.00029296874999999945,0.00019531249999999963,0.3999999999999999,0.00019531249999999963,"{""00001111011"": 1, ""00111000111"": 1, ""01010110111"": 1, ""01100100110"": 1, ""01101010111"": 1, ""01101100111"": 1, ""10010100000"": 1, ""10101111011"": 1, ""11000001100"": 1, ""11011010000"": 1}"
1989,019e10f7-8a91-74b1-b4b5-370aa30dd3cc,20,89,ZYZYIIIZXZI,IZXZIIIYZYZ,-0.00048828124999999913,10,0.9999999999999999,0.6,-0.3999999999999999,-0.0004882812499999991,-0.00029296874999999945,0.00019531249999999963,0.3999999999999999,0.00019531249999999963,"{""00001100110"": 1, ""00100110110"": 1, ""00111101011"": 1, ""10100110111"": 1, ""10110100111"": 1, ""11000010111"": 1, ""11000100001"": 1, ""11110111010"": 1, ""11111100110"": 2}"
1990,019e10f7-8a91-74b1-b4b5-370aa30dd3cc,20,90,ZYZYIIIZYXY,YXYZIIIYZYZ,0.00048828124999999913,10,-0.9999999999999999,-0.4,0.5999999999999999,-0.0004882812499999991,-0.00019531249999999966,0.0002929687499999994,0.5999999999999999,0.0002929687499999994,"{""00000011100"": 1, ""01011100111"": 1, ""01100100011"": 1, ""01100111101"": 1, ""01101000111"": 1, ""10011010010"": 1, ""10101000000"": 1, ""11110100001"": 1, ""11110101011"": 1, ""11110111000"": 1}"
1991,019e10f7-8a91-74b1-b4b5-370aa30dd3cc,20,91,ZYZYIIIZYYZ,ZYYZIIIYZYZ,-0.00048828124999999913,10,0.9999999999999999,0.8,-0.19999999999999984,-0.0004882812499999991,-0.0003906249999999993,9.765624999999976e-05,0.19999999999999984,9.765624999999976e-05,"{""00000111100"": 1, ""00101000110"": 1, ""00111101001"": 1, ""01000011110"": 1, ""01010100000"": 1, ""01100100011"": 1, ""10011111100"": 1, ""11000010110"": 1, ""11000011010"": 1, ""11110010101"": 1}"
1992,019e10f7-8a91-74b1-b4b5-370aa30dd3cc,20,92,ZYZYIIZXIXZ,ZXIXZIIYZYZ,-0.00048828124999999913,10,0.9999999999999999,0.8,-0.19999999999999984,-0.0004882812499999991,-0.0003906249999999993,9.765624999999976e-05,0.19999999999999984,9.765624999999976e-05,"{""00000010101"": 1, ""00111010110"": 1, ""01011110110"": 1, ""01100011000"": 1, ""01101000000"": 1, ""01101000011"": 1, ""10010000001"": 1, ""10010110101"": 1, ""11001000011"": 1, ""11001110101"": 1}"
1993,019e10f7-8a91-74b1-b4b5-370aa30dd3cc,20,93,ZYZYIIZXIYY,YYIXZIIYZYZ,-0.00048828124999999913,10,0.9999999999999999,0.2,-0.7999999999999998,-0.0004882812499999991,-9.765624999999983e-05,0.00039062499999999926,0.7999999999999998,0.00039062499999999926,"{""00001010110"": 1, ""00111101011"": 1, ""01100010101"": 1, ""10010011011"": 1, ""10010101101"": 1, ""10011111101"": 1, ""10101101101"": 1, ""11001001101"": 1, ""11100110110"": 1, ""11110111010"": 1}"
1994,019e10f7-8a91-74b1-b4b5-370aa30dd3cc,20,94,ZYZYIIZXZII,IIZXZIIYZYZ,-0.00048828124999999913,10,0.9999999999999999,0.8,-0.19999999999999984,-0.0004882812499999991,-0.0003906249999999993,9.765624999999976e-05,0.19999999999999984,9.765624999999976e-05,"{""00000001101"": 1, ""00000010100"": 1, ""00110110101"": 1, ""00111000011"": 1, ""01010111010"": 1, ""01100101111"": 1, ""01100110101"": 1, ""10000110100"": 1, ""10101111011"": 1, ""11000010101"": 1}"
1995,019e10f7-8a91-74b1-b4b5-370aa30dd3cc,20,95,ZYZYIIZXZZX,XZZXZIIYZYZ,-0.00048828124999999913,10,0.9999999999999999,0.8,-0.19999999999999984,-0.0004882812499999991,-0.0003906249999999993,9.765624999999976e-05,0.19999999999999984,9.765624999999976e-05,"{""00001111011"": 1, ""00110000100"": 1, ""00110101100"": 1, ""01011000011"": 1, ""10010000011"": 1, ""10100000011"": 1, ""10101010100"": 1, ""11001100000"": 1, ""11110001100"": 1, ""11111000000"": 1}"
1996,019e10f7-8a91-74b1-b4b5-370aa30dd3cc,20,96,ZYZYIIZYXXY,YXXYZIIYZYZ,-0.00048828124999999913,10,0.9999999999999999,0.6,-0.3999999999999999,-0.0004882812499999991,-0.00029296874999999945,0.00019531249999999963,0.3999999999999999,0.00019531249999999963,"{""00000010111"": 1, ""00110111011"": 1, ""01011000000"": 1, ""01100100000"": 1, ""01111100110"": 1, ""10000010111"": 1, ""10011000000"": 1, ""10011100011"": 1, ""11110011011"": 1, ""11111101111"": 1}"
1997,019e10f7-8a91-74b1-b4b5-370aa30dd3cc,20,97,ZYZYIIZYXYZ,ZYXYZIIYZYZ,0.00048828124999999913,10,-0.9999999999999999,-0.4,0.5999999999999999,-0.0004882812499999991,-0.00019531249999999966,0.0002929687499999994,0.5999999999999999,0.0002929687499999994,"{""00110110000"": 1, ""00111110101"": 1, ""01010100100"": 1, ""01010100111"": 1, ""01011100001"": 1, ""01111101011"": 1, ""10000001110"": 1, ""10101001000"": 1, ""10101101011"": 1, ""11110001111"": 1}"
1998,019e10f7-8a91-74b1-b4b5-370aa30dd3cc,20,98,ZYZYIIZYYIX,XIYYZIIYZYZ,-0.00048828124999999913,10,0.9999999999999999,0.6,-0.3999999999999999,-0.0004882812499999991,-0.00029296874999999945,0.00019531249999999963,0.3999999999999999,0.00019531249999999963,"{""00000001100"": 1, ""01010111111"": 1, ""01101000000"": 1, ""01101011111"": 1, ""01111010100"": 1, ""10010111111"": 1, ""10011010011"": 1, ""11000011000"": 1, ""11011010100"": 1, ""11111110100"": 1}"
1999,019e10f7-8a91-74b1-b4b5-370aa30dd3cc,20,99,ZYZYIIZYYZI,IZYYZIIYZYZ,-0.00048828124999999913,10,0.9999999999999999,-0.2,-1.2,-0.0004882812499999991,9.765624999999983e-05,0.0005859374999999989,1.2,0.0005859374999999989,"{""00010010010"": 1, ""00111010001"": 1, ""00111110100"": 1, ""01100001101"": 1, ""01111010100"": 1, ""10000011001"": 1, ""10011000001"": 1, ""10100001111"": 1, ""11000011111"": 1, ""11010111111"": 1}"
2000,019e10f7-93d0-7b41-bc26-9b6b40d5ee89,21,0,ZYZYIZXIXIX,XIXIXZIYZYZ,-0.00048828124999999913,10,0.9999999999999999,0.8,-0.19999999999999984,-0.0004882812499999991,-0.0003906249999999993,9.765624999999976e-05,0.19999999999999984,9.765624999999976e-05,"{""00000011100"": 1, ""00001011011"": 1, ""00110101100"": 1, ""00110101111"": 1, ""00111110000"": 1, ""10010110000"": 1, ""10011000111"": 1, ""10101110111"": 1, ""11001011011"": 1, ""11110000111"": 1}"
2001,019e10f7-93d0-7b41-bc26-9b6b40d5ee89,21,1,ZYZYIZXIXZI,IZXIXZIYZYZ,-0.00048828124999999913,10,0.9999999999999999,0.4,-0.5999999999999999,-0.0004882812499999991,-0.00019531249999999966,0.0002929687499999994,0.5999999999999999,0.0002929687499999994,"{""00000101100"": 1, ""00001110110"": 1, ""00010110100"": 1, ""00100101101"": 1, ""01101011010"": 1, ""10010101110"": 1, ""10011000001"": 1, ""10101010001"": 1, ""10101101010"": 1, ""11110011100"": 1}"
2002,019e10f7-93d0-7b41-bc26-9b6b40d5ee89,21,2,ZYZYIZXIYXY,YXYIXZIYZYZ,0.00048828124999999913,10,-0.9999999999999999,-0.2,0.7999999999999998,-0.0004882812499999991,-9.765624999999983e-05,0.00039062499999999926,0.7999999999999998,0.00039062499999999926,"{""00000001011"": 1, ""00000100111"": 1, ""00000110001"": 1, ""00110000001"": 1, ""00111100001"": 1, ""10101000100"": 1, ""11000101000"": 1, ""11001011110"": 1, ""11010011110"": 1, ""11110101101"": 1}"
2003,019e10f7-93d0-7b41-bc26-9b6b40d5ee89,21,3,ZYZYIZXIYYZ,ZYYIXZIYZYZ,-0.00048828124999999913,10,0.9999999999999999,0.8,-0.19999999999999984,-0.0004882812499999991,-0.0003906249999999993,9.765624999999976e-05,0.19999999999999984,9.765624999999976e-05,"{""00000000000"": 1, ""00001101101"": 1, ""00110101010"": 1, ""01010110110"": 1, ""01100000101"": 1, ""11000000110"": 1, ""11001110011"": 1, ""11011010101"": 1, ""11111011010"": 1, ""11111110110"": 1}"
2004,019e10f7-93d0-7b41-bc26-9b6b40d5ee89,21,4,ZYZYIZXZIII,IIIZXZIYZYZ,-0.00048828124999999913,10,0.9999999999999999,0.4,-0.5999999999999999,-0.0004882812499999991,-0.00019531249999999966,0.0002929687499999994,0.5999999999999999,0.0002929687499999994,"{""00001000011"": 1, ""00001110111"": 1, ""00111000111"": 1, ""01010100011"": 1, ""01010101110"": 1, ""01011000101"": 1, ""10010001000"": 1, ""10010101010"": 1, ""11001101011"": 1, ""11011101111"": 1}"
2005,019e10f7-93d0-7b41-bc26-9b6b40d5ee89,21,5,ZYZYIZXZIZX,XZIZXZIYZYZ,-0.00048828124999999913,10,0.9999999999999999,0.6,-0.3999999999999999,-0.0004882812499999991,-0.00029296874999999945,0.00019531249999999963,0.3999999999999999,0.00019531249999999963,"{""00111000011"": 1, ""01001011000"": 1, ""01101110011"": 1, ""10011000100"": 1, ""10100011000"": 1, ""10100101100"": 1, ""10110110111"": 1, ""11000011000"": 1, ""11000101100"": 1, ""11000110100"": 1}"
2006,019e10f7-93d0-7b41-bc26-9b6b40d5ee89,21,6,ZYZYIZXZZXZ,ZXZZXZIYZYZ,-0.00048828124999999913,10,0.9999999999999999,1.0,1.1102230246251565e-16,-0.0004882812499999991,-0.00048828124999999913,-5.421010862427522e-20,1.1102230246251565e-16,5.421010862427522e-20,"{""00001000000"": 1, ""00001101011"": 1, ""00001110110"": 1, ""00110110000"": 1, ""00111110110"": 1, ""01010011011"": 1, ""01010101011"": 1, ""10011110000"": 1, ""11000110110"": 1, ""11111110011"": 1}"
2007,019e10f7-93d0-7b41-bc26-9b6b40d5ee89,21,7,ZYZYIZXZZYY,YYZZXZIYZYZ,-0.00048828124999999913,10,0.9999999999999999,0.8,-0.19999999999999984,-0.0004882812499999991,-0.0003906249999999993,9.765624999999976e-05,0.19999999999999984,9.765624999999976e-05,"{""00000000011"": 1, ""00000110000"": 1, ""01010011101"": 1, ""01100000101"": 1, ""01100000110"": 1, ""01100011000"": 1, ""10000011011"": 1, ""10010000101"": 1, ""10100011000"": 1, ""11001101110"": 1}"
2008,019e10f7-93d0-7b41-bc26-9b6b40d5ee89,21,8,ZYZYIZYXXXY,YXXXYZIYZYZ,0.00048828124999999913,10,-0.9999999999999999,-0.2,0.7999999999999998,-0.0004882812499999991,-9.765624999999983e-05,0.00039062499999999926,0.7999999999999998,0.00039062499999999926,"{""00000100100"": 1, ""00011001011"": 1, ""00110110001"": 1, ""00111010110"": 1, ""01100011000"": 1, ""11000000001"": 1, ""11110100000"": 1, ""11111010111"": 1, ""11111101100"": 1, ""11111110111"": 1}"
2009,019e10f7-93d0-7b41-bc26-9b6b40d5ee89,21,9,ZYZYIZYXXYZ,ZYXXYZIYZYZ,-0.00048828124999999913,10,0.9999999999999999,0.6,-0.3999999999999999,-0.0004882812499999991,-0.00029296874999999945,0.00019531249999999963,0.3999999999999999,0.00019531249999999963,"{""00000011000"": 1, ""00001100100"": 1, ""00100111001"": 1, ""01001100001"": 1, ""01011111010"": 1, ""01100001001"": 1, ""01100110011"": 1, ""01101000000"": 1, ""01101001111"": 1, ""10100111010"": 1}"
2010,019e10f7-93d0-7b41-bc26-9b6b40d5ee89,21,10,ZYZYIZYXYIX,XIYXYZIYZYZ,0.00048828124999999913,10,-0.9999999999999999,-0.4,0.5999999999999999,-0.0004882812499999991,-0.00019531249999999966,0.0002929687499999994,0.5999999999999999,0.0002929687499999994,"{""00000101100"": 1, ""00110101011"": 1, ""00111011111"": 1, ""00111110111"": 1, ""01010111000"": 1, ""01100111111"": 1, ""10010010000"": 1, ""10011101100"": 1, ""10100101100"": 1, ""11000001100"": 1}"
2011,019e10f7-93d0-7b41-bc26-9b6b40d5ee89,21,11,ZYZYIZYXYZI,IZYXYZIYZYZ,0.00048828124999999913,10,-0.9999999999999999,-0.6,0.3999999999999999,-0.0004882812499999991,-0.00029296874999999945,0.00019531249999999963,0.3999999999999999,0.00019531249999999963,"{""00000001000"": 1, ""00001010110"": 1, ""00101011100"": 1, ""00110001110"": 1, ""00110010110"": 1, ""01011100000"": 1, ""10011011010"": 1, ""11001011011"": 1, ""11001111011"": 1, ""11110101101"": 1}"
2012,019e10f7-93d0-7b41-bc26-9b6b40d5ee89,21,12,ZYZYIZYYIXZ,ZXIYYZIYZYZ,-0.00048828124999999913,10,0.9999999999999999,0.6,-0.3999999999999999,-0.0004882812499999991,-0.00029296874999999945,0.00019531249999999963,0.3999999999999999,0.00019531249999999963,"{""00001100110"": 1, ""00110110100"": 1, ""00111011000"": 1, ""00111100101"": 1, ""01001001101"": 1, ""10010110000"": 1, ""10101110011"": 1, ""11000100101"": 1, ""11001001110"": 1, ""11111100011"": 1}"
2013,019e10f7-93d0-7b41-bc26-9b6b40d5ee89,21,13,ZYZYIZYYIYY,YYIYYZIYZYZ,-0.00048828124999999913,10,0.9999999999999999,0.4,-0.5999999999999999,-0.0004882812499999991,-0.00019531249999999966,0.0002929687499999994,0.5999999999999999,0.0002929687499999994,"{""00111001110"": 1, ""01010110000"": 1, ""01100001100"": 1, ""01100010110"": 1, ""01101000110"": 1, ""01111011101"": 1, ""10100100101"": 1, ""11000011011"": 1, ""11001000101"": 1, ""11110111101"": 1}"
2014,019e10f7-93d0-7b41-bc26-9b6b40d5ee89,21,14,ZYZYIZYYZII,IIZYYZIYZYZ,-0.00048828124999999913,10,0.9999999999999999,0.2,-0.7999999999999998,-0.0004882812499999991,-9.765624999999983e-05,0.00039062499999999926,0.7999999999999998,0.00039062499999999926,"{""00000001101"": 1, ""00110010100"": 1, ""00110111100"": 1, ""01010110000"": 1, ""10000001100"": 1, ""10001000001"": 1, ""10010000001"": 1, ""10100110010"": 1, ""10110001111"": 1, ""10110101010"": 1}"
2015,019e10f7-93d0-7b41-bc26-9b6b40d5ee89,21,15,ZYZYIZYYZZX,XZZYYZIYZYZ,-0.00048828124999999913,10,0.9999999999999999,0.6,-0.3999999999999999,-0.0004882812499999991,-0.00029296874999999945,0.00019531249999999963,0.3999999999999999,0.00019531249999999963,"{""00000001011"": 1, ""00001011100"": 1, ""00111000000"": 1, ""00111011000"": 1, ""00111110011"": 1, ""01101111100"": 1, ""10010001100"": 1, ""10100100111"": 1, ""11001010111"": 1, ""11111000000"": 1}"
2016,019e10f7-93d0-7b41-bc26-9b6b40d5ee89,21,16,ZYZYZXIXIXZ,ZXIXIXZYZYZ,-0.00048828124999999913,10,0.9999999999999999,0.2,-0.7999999999999998,-0.0004882812499999991,-9.765624999999983e-05,0.00039062499999999926,0.7999999999999998,0.00039062499999999926,"{""00000110000"": 1, ""00000110101"": 1, ""00110000011"": 1, ""00111100110"": 1, ""01011100000"": 1, ""01101010110"": 1, ""10111101110"": 1, ""11001101110"": 1, ""11110000000"": 1, ""11111011010"": 1}"
2017,019e10f7-93d0-7b41-bc26-9b6b40d5ee89,21,17,ZYZYZXIXIYY,YYIXIXZYZYZ,-0.00048828124999999913,10,0.9999999999999999,0.6,-0.3999999999999999,-0.0004882812499999991,-0.00029296874999999945,0.00019531249999999963,0.3999999999999999,0.00019531249999999963,"{""00110110101"": 1, ""00110111011"": 2, ""00111010101"": 1, ""01100000000"": 1, ""10001010101"": 1, ""10010110110"": 1, ""10010111011"": 1, ""10011001110"": 1, ""10110100011"": 1}"
2018,019e10f7-93d0-7b41-bc26-9b6b40d5ee89,21,18,ZYZYZXIXZII,IIZXIXZYZYZ,-0.00048828124999999913,10,0.9999999999999999,0.6,-0.3999999999999999,-0.0004882812499999991,-0.00029296874999999945,0.00019531249999999963,0.3999999999999999,0.00019531249999999963,"{""00111100001"": 1, ""01101100010"": 1, ""10001101111"": 1, ""10010001111"": 1, ""10010110100"": 2, ""10011101100"": 1, ""10101010011"": 1, ""11000001110"": 1, ""11111101100"": 1}"
2019,019e10f7-93d0-7b41-bc26-9b6b40d5ee89,21,19,ZYZYZXIXZZX,XZZXIXZYZYZ,-0.00048828124999999913,10,0.9999999999999999,0.8,-0.19999999999999984,-0.0004882812499999991,-0.0003906249999999993,9.765624999999976e-05,0.19999999999999984,9.765624999999976e-05,"{""00111011011"": 1, ""01010000011"": 1, ""01101100000"": 1, ""10010000011"": 1, ""10100000011"": 1, ""10100110000"": 1, ""11000000011"": 1, ""11000111011"": 1, ""11110001100"": 1, ""11111010111"": 1}"
2020,019e10f7-93d0-7b41-bc26-9b6b40d5ee89,21,20,ZYZYZXIYXXY,YXXYIXZYZYZ,-0.00048828124999999913,10,0.9999999999999999,0.4,-0.5999999999999999,-0.0004882812499999991,-0.00019531249999999966,0.0002929687499999994,0.5999999999999999,0.0002929687499999994,"{""00000001010"": 1, ""00001011001"": 1, ""01010001100"": 1, ""01010111101"": 1, ""01011101001"": 1, ""01101010000"": 1, ""10010111000"": 1, ""10011010100"": 1, ""10100000110"": 1, ""10110110111"": 1}"
2021,019e10f7-93d0-7b41-bc26-9b6b40d5ee89,21,21,ZYZYZXIYXYZ,ZYXYIXZYZYZ,0.00048828124999999913,10,-0.9999999999999999,-0.4,0.5999999999999999,-0.0004882812499999991,-0.00019531249999999966,0.0002929687499999994,0.5999999999999999,0.0002929687499999994,"{""00110001110"": 1, ""00110010101"": 1, ""00111011010"": 1, ""01011101111"": 1, ""01100001011"": 1, ""01100111010"": 1, ""10011100111"": 1, ""10101011010"": 1, ""10101101000"": 1, ""11001011101"": 1}"
2022,019e10f7-93d0-7b41-bc26-9b6b40d5ee89,21,22,ZYZYZXIYYIX,XIYYIXZYZYZ,-0.00048828124999999913,10,0.9999999999999999,0.6,-0.3999999999999999,-0.0004882812499999991,-0.00029296874999999945,0.00019531249999999963,0.3999999999999999,0.00019531249999999963,"{""00000001100"": 1, ""01010001011"": 1, ""01100110011"": 1, ""10100110100"": 1, ""10100111111"": 1, ""10101011000"": 1, ""10110111000"": 1, ""11001101011"": 1, ""11010001100"": 1, ""11111101011"": 1}"
2023,019e10f7-93d0-7b41-bc26-9b6b40d5ee89,21,23,ZYZYZXIYYZI,IZYYIXZYZYZ,-0.00048828124999999913,10,0.9999999999999999,0.8,-0.19999999999999984,-0.0004882812499999991,-0.0003906249999999993,9.765624999999976e-05,0.19999999999999984,9.765624999999976e-05,"{""00001011111"": 1, ""00001101010"": 1, ""00001101101"": 1, ""00111101001"": 1, ""01010110101"": 1, ""01101100000"": 1, ""10011010101"": 1, ""10100111000"": 1, ""11000000001"": 1, ""11110000110"": 1}"
2024,019e10f7-93d0-7b41-bc26-9b6b40d5ee89,21,24,ZYZYZXZIIII,IIIIZXZYZYZ,-0.00048828124999999913,10,0.9999999999999999,0.6,-0.3999999999999999,-0.0004882812499999991,-0.00029296874999999945,0.00019531249999999963,0.3999999999999999,0.00019531249999999963,"{""00001100011"": 1, ""00110111010"": 1, ""01011010100"": 1, ""01100001110"": 1, ""01100111110"": 1, ""10001100110"": 1, ""10100101000"": 1, ""11110001101"": 1, ""11110110000"": 1, ""11111010110"": 1}"
2025,019e10f7-93d0-7b41-bc26-9b6b40d5ee89,21,25,ZYZYZXZIIZX,XZIIZXZYZYZ,-0.00048828124999999913,10,0.9999999999999999,0.6,-0.3999999999999999,-0.0004882812499999991,-0.00029296874999999945,0.00019531249999999963,0.3999999999999999,0.00019531249999999963,"{""00000001000"": 1, ""01000110000"": 1, ""01010111000"": 1, ""01010111011"": 1, ""01011010111"": 1, ""01101100100"": 1, ""10011010011"": 1, ""10101010111"": 1, ""11001100111"": 1, ""11010000000"": 1}"
2026,019e10f7-93d0-7b41-bc26-9b6b40d5ee89,21,26,ZYZYZXZIZXZ,ZXZIZXZYZYZ,-0.00048828124999999913,10,0.9999999999999999,0.2,-0.7999999999999998,-0.0004882812499999991,-9.765624999999983e-05,0.00039062499999999926,0.7999999999999998,0.00039062499999999926,"{""00000100101"": 1, ""00001000011"": 1, ""00001010010"": 1, ""00110111011"": 1, ""01010110000"": 1, ""01010111000"": 1, ""01011010000"": 1, ""01011011011"": 1, ""10010000110"": 1, ""10100011000"": 1}"
2027,019e10f7-93d0-7b41-bc26-9b6b40d5ee89,21,27,ZYZYZXZIZYY,YYZIZXZYZYZ,-0.00048828124999999913,10,0.9999999999999999,0.8,-0.19999999999999984,-0.0004882812499999991,-0.0003906249999999993,9.765624999999976e-05,0.19999999999999984,9.765624999999976e-05,"{""00110111110"": 1, ""01010111000"": 1, ""01010111011"": 1, ""01011101110"": 1, ""01100001011"": 1, ""11000001000"": 2, ""11000110011"": 2, ""11011011000"": 1}"
2028,019e10f7-93d0-7b41-bc26-9b6b40d5ee89,21,28,ZYZYZXZZXIX,XIXZZXZYZYZ,-0.00048828124999999913,10,0.9999999999999999,0.6,-0.3999999999999999,-0.0004882812499999991,-0.00029296874999999945,0.00019531249999999963,0.3999999999999999,0.00019531249999999963,"{""00000000000"": 1, ""00000011100"": 1, ""00110001000"": 1, ""00111010111"": 1, ""00111101100"": 1, ""01011011011"": 1, ""10011101011"": 1, ""11001010111"": 1, ""11001111111"": 1, ""11111010111"": 1}"
2029,019e10f7-93d0-7b41-bc26-9b6b40d5ee89,21,29,ZYZYZXZZXZI,IZXZZXZYZYZ,-0.00048828124999999913,10,0.9999999999999999,0.4,-0.5999999999999999,-0.0004882812499999991,-0.00019531249999999966,0.0002929687499999994,0.5999999999999999,0.0002929687499999994,"{""00110110011"": 1, ""01100110010"": 1, ""10010001101"": 1, ""10011010001"": 1, ""10100000000"": 1, ""10100111100"": 1, ""11000110110"": 1, ""11000111101"": 1, ""11111011001"": 1, ""11111011101"": 1}"
2030,019e10f7-93d0-7b41-bc26-9b6b40d5ee89,21,30,ZYZYZXZZYXY,YXYZZXZYZYZ,0.00048828124999999913,10,-0.9999999999999999,0.0,0.9999999999999999,-0.0004882812499999991,0.0,0.0004882812499999991,0.9999999999999999,0.0004882812499999991,"{""00110110000"": 1, ""01101010100"": 2, ""01101010101"": 1, ""01101101000"": 1, ""10000001101"": 1, ""10010111101"": 1, ""10100001011"": 1, ""11001011001"": 1, ""11100111101"": 1}"
2031,019e10f7-93d0-7b41-bc26-9b6b40d5ee89,21,31,ZYZYZXZZYYZ,ZYYZZXZYZYZ,-0.00048828124999999913,10,0.9999999999999999,0.8,-0.19999999999999984,-0.0004882812499999991,-0.0003906249999999993,9.765624999999976e-05,0.19999999999999984,9.765624999999976e-05,"{""01010000000"": 1, ""01010001100"": 2, ""01011100110"": 1, ""01101100110"": 1, ""10000011111"": 1, ""10010000011"": 1, ""11000001010"": 1, ""11000110000"": 1, ""11010010001"": 1}"
2032,019e10f7-93d0-7b41-bc26-9b6b40d5ee89,21,32,ZYZYZYXXXXY,YXXXXYZYZYZ,-0.00048828124999999913,10,0.9999999999999999,0.0,-0.9999999999999999,-0.0004882812499999991,-0.0,0.0004882812499999991,0.9999999999999999,0.0004882812499999991,"{""00000000101"": 1, ""00111101001"": 1, ""01010100010"": 1, ""01100000000"": 1, ""01100110001"": 1, ""01111001110"": 1, ""10100101111"": 1, ""10101110110"": 1, ""11010101101"": 1, ""11110000000"": 1}"
2033,019e10f7-93d0-7b41-bc26-9b6b40d5ee89,21,33,ZYZYZYXXXYZ,ZYXXXYZYZYZ,0.00048828124999999913,10,-0.9999999999999999,-0.4,0.5999999999999999,-0.0004882812499999991,-0.00019531249999999966,0.0002929687499999994,0.5999999999999999,0.0002929687499999994,"{""00000010101"": 1, ""00001110110"": 1, ""00111000010"": 1, ""01011101111"": 1, ""01101010100"": 1, ""10011000110"": 1, ""10011001111"": 1, ""10100010110"": 1, ""10101101000"": 1, ""11001100110"": 1}"
2034,019e10f7-93d0-7b41-bc26-9b6b40d5ee89,21,34,ZYZYZYXXYIX,XIYXXYZYZYZ,-0.00048828124999999913,10,0.9999999999999999,0.0,-0.9999999999999999,-0.0004882812499999991,-0.0,0.0004882812499999991,0.9999999999999999,0.0004882812499999991,"{""00111011100"": 1, ""00111011111"": 1, ""00111111000"": 1, ""01010100011"": 1, ""01011101011"": 1, ""10010001011"": 1, ""10100010000"": 1, ""10100100101"": 1, ""11011111111"": 1, ""11110000011"": 1}"
2035,019e10f7-93d0-7b41-bc26-9b6b40d5ee89,21,35,ZYZYZYXXYZI,IZYXXYZYZYZ,-0.00048828124999999913,10,0.9999999999999999,0.4,-0.5999999999999999,-0.0004882812499999991,-0.00019531249999999966,0.0002929687499999994,0.5999999999999999,0.0002929687499999994,"{""00110001011"": 1, ""00111110101"": 1, ""01010100110"": 1, ""01101001001"": 1, ""10011110000"": 1, ""10100110000"": 1, ""10101100100"": 1, ""10101100111"": 1, ""11001010111"": 1, ""11111001111"": 1}"
2036,019e10f7-93d0-7b41-bc26-9b6b40d5ee89,21,36,ZYZYZYXYIXZ,ZXIYXYZYZYZ,0.00048828124999999913,10,-0.9999999999999999,-0.8,0.19999999999999984,-0.0004882812499999991,-0.0003906249999999993,9.765624999999976e-05,0.19999999999999984,9.765624999999976e-05,"{""00001001110"": 1, ""00110111000"": 1, ""01010000101"": 1, ""01100010101"": 1, ""01101001110"": 1, ""10010111000"": 1, ""10100010011"": 1, ""10100110110"": 1, ""11000000110"": 1, ""11111101000"": 1}"
2037,019e10f7-93d0-7b41-bc26-9b6b40d5ee89,21,37,ZYZYZYXYIYY,YYIYXYZYZYZ,0.00048828124999999913,10,-0.9999999999999999,-0.4,0.5999999999999999,-0.0004882812499999991,-0.00019531249999999966,0.0002929687499999994,0.5999999999999999,0.0002929687499999994,"{""00011111101"": 1, ""00100011101"": 1, ""00110111011"": 1, ""00111111101"": 1, ""01010011101"": 1, ""10001110101"": 1, ""10010100110"": 1, ""10100100011"": 1, ""10101110011"": 1, ""10101111101"": 1}"
2038,019e10f7-93d0-7b41-bc26-9b6b40d5ee89,21,38,ZYZYZYXYZII,IIZYXYZYZYZ,0.00048828124999999913,10,-0.9999999999999999,-0.8,0.19999999999999984,-0.0004882812499999991,-0.0003906249999999993,9.765624999999976e-05,0.19999999999999984,9.765624999999976e-05,"{""00001001111"": 1, ""00001011000"": 1, ""01011110010"": 1, ""01101001110"": 1, ""10101001101"": 1, ""10110000101"": 1, ""11000101101"": 1, ""11001000000"": 1, ""11001101010"": 1, ""11001111110"": 1}"
2039,019e10f7-93d0-7b41-bc26-9b6b40d5ee89,21,39,ZYZYZYXYZZX,XZZYXYZYZYZ,0.00048828124999999913,10,-0.9999999999999999,-0.2,0.7999999999999998,-0.0004882812499999991,-9.765624999999983e-05,0.00039062499999999926,0.7999999999999998,0.00039062499999999926,"{""00000010011"": 1, ""00000011100"": 1, ""00000100011"": 1, ""00011111100"": 1, ""01010111100"": 1, ""10010111111"": 1, ""10011001100"": 1, ""10011100100"": 1, ""11001110000"": 1, ""11010101100"": 1}"
2040,019e10f7-93d0-7b41-bc26-9b6b40d5ee89,21,40,ZYZYZYYIXIX,XIXIYYZYZYZ,-0.00048828124999999913,10,0.9999999999999999,0.6,-0.3999999999999999,-0.0004882812499999991,-0.00029296874999999945,0.00019531249999999963,0.3999999999999999,0.00019531249999999963,"{""00111010111"": 1, ""01010000000"": 1, ""01011001100"": 1, ""01100110011"": 1, ""01101100000"": 1, ""10100101011"": 1, ""11001010111"": 1, ""11110000000"": 1, ""11110010111"": 1, ""11110110000"": 1}"
2041,019e10f7-93d0-7b41-bc26-9b6b40d5ee89,21,41,ZYZYZYYIXZI,IZXIYYZYZYZ,-0.00048828124999999913,10,0.9999999999999999,-0.4,-1.4,-0.0004882812499999991,0.00019531249999999966,0.0006835937499999988,1.4,0.0006835937499999988,"{""00110101010"": 1, ""01001010000"": 1, ""01101001011"": 1, ""10010100001"": 1, ""10010111011"": 1, ""10100011010"": 1, ""10111010001"": 1, ""11000010110"": 1, ""11000100001"": 1, ""11110100110"": 1}"
2042,019e10f7-93d0-7b41-bc26-9b6b40d5ee89,21,42,ZYZYZYYIYXY,YXYIYYZYZYZ,0.00048828124999999913,10,-0.9999999999999999,0.0,0.9999999999999999,-0.0004882812499999991,0.0,0.0004882812499999991,0.9999999999999999,0.0004882812499999991,"{""00110111101"": 1, ""01000011000"": 1, ""01011010000"": 1, ""01011010011"": 1, ""01011010111"": 1, ""01100011110"": 1, ""01110110100"": 1, ""11001001011"": 1, ""11001111011"": 1, ""11111010010"": 1}"
2043,019e10f7-93d0-7b41-bc26-9b6b40d5ee89,21,43,ZYZYZYYIYYZ,ZYYIYYZYZYZ,-0.00048828124999999913,10,0.9999999999999999,0.2,-0.7999999999999998,-0.0004882812499999991,-9.765624999999983e-05,0.00039062499999999926,0.7999999999999998,0.00039062499999999926,"{""00110000101"": 1, ""01000010000"": 1, ""01010011100"": 1, ""01101111001"": 1, ""10001010110"": 1, ""10111001001"": 1, ""11001111100"": 1, ""11010000000"": 1, ""11111010001"": 1, ""11111111001"": 1}"
2044,019e10f7-93d0-7b41-bc26-9b6b40d5ee89,21,44,ZYZYZYYZIII,IIIZYYZYZYZ,-0.00048828124999999913,10,0.9999999999999999,0.4,-0.5999999999999999,-0.0004882812499999991,-0.00019531249999999966,0.0002929687499999994,0.5999999999999999,0.0002929687499999994,"{""00000000010"": 1, ""00000001001"": 1, ""00111001011"": 1, ""00111111001"": 1, ""01010111000"": 1, ""01100110010"": 1, ""10011001101"": 1, ""10100110100"": 1, ""10101100001"": 1, ""11011111010"": 1}"
2045,019e10f7-93d0-7b41-bc26-9b6b40d5ee89,21,45,ZYZYZYYZIZX,XZIZYYZYZYZ,-0.00048828124999999913,10,0.9999999999999999,0.4,-0.5999999999999999,-0.0004882812499999991,-0.00019531249999999966,0.0002929687499999994,0.5999999999999999,0.0002929687499999994,"{""00000000000"": 1, ""00001010111"": 1, ""00001100101"": 1, ""00101100100"": 1, ""00110110011"": 1, ""11000000111"": 1, ""11000101011"": 1, ""11110110100"": 1, ""11110111111"": 1, ""11111010100"": 1}"
2046,019e10f7-93d0-7b41-bc26-9b6b40d5ee89,21,46,ZYZYZYYZZXZ,ZXZZYYZYZYZ,-0.00048828124999999913,10,0.9999999999999999,0.6,-0.3999999999999999,-0.0004882812499999991,-0.00029296874999999945,0.00019531249999999963,0.3999999999999999,0.00019531249999999963,"{""00000011101"": 1, ""00000100000"": 1, ""00000111000"": 1, ""00001001011"": 1, ""00110000000"": 1, ""00111001000"": 1, ""01101010000"": 1, ""11001010000"": 1, ""11001010011"": 1, ""11110101011"": 1}"
2047,019e10f7-93d0-7b41-bc26-9b6b40d5ee89,21,47,ZYZYZYYZZYY,YYZZYYZYZYZ,-0.00048828124999999913,10,0.9999999999999999,0.6,-0.3999999999999999,-0.0004882812499999991,-0.00029296874999999945,0.00019531249999999963,0.3999999999999999,0.00019531249999999963,"{""00000011011"": 1, ""00001111101"": 1, ""00110110000"": 1, ""00111010110"": 1, ""00111110011"": 1, ""01101111110"": 1, ""10011001011"": 1, ""10100011000"": 1, ""10101001000"": 1, ""10111010110"": 1}"
