job_id,batch_index,circuit_index_in_job,term_index,pauli_label_qiskit_order,pauli_label_circuit_order,active_qubit_indices_json,coefficient_real,coefficient_imag,shots,expectation_value,counts_json
019e10ef-1958-7bb0-b370-c3c48ab35538,1,0,0,IIIIIIIIII,IIIIIIIIII,[],0.4990234374999999,0.0,10,1.0,"{""0000001100"": 1, ""0101010011"": 1, ""0110010010"": 1, ""0110100001"": 1, ""0111010111"": 1, ""1000000000"": 1, ""1000010000"": 1, ""1000101000"": 1, ""1001001110"": 1, ""1100001000"": 1}"
019e10ef-1958-7bb0-b370-c3c48ab35538,1,1,1,IIIIIIIIZX,XZIIIIIIII,"[0, 1]",-0.0009765624999999985,0.0,10,0.8,"{""0000100000"": 1, ""0001110001"": 1, ""0111000000"": 1, ""1000010100"": 1, ""1001000000"": 1, ""1010100111"": 1, ""1011100000"": 1, ""1101100011"": 1, ""1111110100"": 2}"
019e10ef-1958-7bb0-b370-c3c48ab35538,1,2,2,IIIIIIIZXZ,ZXZIIIIIII,"[0, 1, 2]",-0.0009765624999999985,0.0,10,1.0,"{""0000010011"": 1, ""0000111011"": 1, ""0100101011"": 1, ""0110100000"": 1, ""0111100011"": 1, ""1000111101"": 1, ""1001111000"": 1, ""1010100011"": 1, ""1010111011"": 1, ""1100000101"": 1}"
019e10ef-1958-7bb0-b370-c3c48ab35538,1,3,3,IIIIIIIZYY,YYZIIIIIII,"[0, 1, 2]",-0.0009765624999999985,0.0,10,0.6,"{""0001111011"": 1, ""0010111100"": 1, ""0010111101"": 1, ""0101101110"": 1, ""1000110111"": 1, ""1010011000"": 1, ""1100000011"": 1, ""1101011101"": 1, ""1110100101"": 1, ""1111001101"": 1}"
019e10ef-1958-7bb0-b370-c3c48ab35538,1,4,4,IIIIIIZXIX,XIXZIIIIII,"[0, 2, 3]",-0.0009765624999999985,0.0,10,0.6,"{""0000110000"": 1, ""0010101011"": 1, ""0011011011"": 1, ""0011111011"": 1, ""0111000000"": 1, ""1000101000"": 1, ""1001101010"": 1, ""1010000101"": 1, ""1011001100"": 1, ""1110111011"": 1}"
019e10ef-1958-7bb0-b370-c3c48ab35538,1,5,5,IIIIIIZXZI,IZXZIIIIII,"[1, 2, 3]",-0.0009765624999999985,0.0,10,1.0,"{""0001000110"": 1, ""0010001010"": 1, ""0101001100"": 1, ""0111000000"": 1, ""0111110111"": 1, ""1000111100"": 1, ""1001111011"": 1, ""1011010110"": 1, ""1101000000"": 1, ""1101111101"": 1}"
019e10ef-1958-7bb0-b370-c3c48ab35538,1,6,6,IIIIIIZYXY,YXYZIIIIII,"[0, 1, 2, 3]",0.0009765624999999985,0.0,10,-1.0,"{""0011001011"": 1, ""0011010111"": 1, ""0110000010"": 1, ""0110010010"": 1, ""0111000010"": 1, ""1001010111"": 1, ""1011010100"": 1, ""1100010100"": 1, ""1100011011"": 1, ""1110110111"": 1}"
019e10ef-1958-7bb0-b370-c3c48ab35538,1,7,7,IIIIIIZYYZ,ZYYZIIIIII,"[0, 1, 2, 3]",-0.0009765624999999985,0.0,10,1.0,"{""0000011111"": 1, ""0010000110"": 1, ""0010110110"": 1, ""0011011100"": 1, ""0101110110"": 1, ""0111000101"": 1, ""0111101010"": 1, ""1000110000"": 1, ""1110111111"": 1, ""1111110101"": 1}"
019e10ef-1958-7bb0-b370-c3c48ab35538,1,8,8,IIIIIZXIXZ,ZXIXZIIIII,"[0, 1, 3, 4]",-0.0009765624999999985,0.0,10,0.8,"{""0000011011"": 1, ""0001100011"": 1, ""0010001010"": 1, ""0011011000"": 1, ""0101000000"": 1, ""0110101010"": 1, ""1001001110"": 1, ""1100101101"": 1, ""1101000110"": 1, ""1101100011"": 1}"
019e10ef-1958-7bb0-b370-c3c48ab35538,1,9,9,IIIIIZXIYY,YYIXZIIIII,"[0, 1, 3, 4]",-0.0009765624999999985,0.0,10,0.8,"{""0011111000"": 1, ""0101101101"": 1, ""0110110110"": 1, ""0111000011"": 1, ""0111110101"": 1, ""1010101011"": 1, ""1100111000"": 1, ""1101000000"": 1, ""1111110110"": 1, ""1111111011"": 1}"
019e10ef-1958-7bb0-b370-c3c48ab35538,1,10,10,IIIIIZXZII,IIZXZIIIII,"[2, 3, 4]",-0.0009765624999999985,0.0,10,0.8,"{""0000000001"": 1, ""0000010100"": 1, ""0000100001"": 1, ""0101000010"": 1, ""0101111011"": 1, ""0110110111"": 1, ""0111000000"": 1, ""0111001101"": 1, ""1010111010"": 1, ""1101111111"": 1}"
019e10ef-1958-7bb0-b370-c3c48ab35538,1,11,11,IIIIIZXZZX,XZZXZIIIII,"[0, 1, 2, 3, 4]",-0.0009765624999999985,0.0,10,0.8,"{""0000111000"": 1, ""0100000011"": 1, ""0110001100"": 1, ""0111110100"": 1, ""1001101100"": 1, ""1010000000"": 1, ""1011110100"": 1, ""1100100100"": 1, ""1100101111"": 1, ""1101111011"": 1}"
019e10ef-1958-7bb0-b370-c3c48ab35538,1,12,12,IIIIIZYXXY,YXXYZIIIII,"[0, 1, 2, 3, 4]",-0.0009765624999999985,0.0,10,0.2,"{""0001100000"": 1, ""0001100001"": 1, ""0011010001"": 1, ""0100101111"": 1, ""0110000010"": 1, ""0110100000"": 1, ""0110111110"": 1, ""1001101111"": 1, ""1010000001"": 1, ""1011101011"": 1}"
019e10ef-1958-7bb0-b370-c3c48ab35538,1,13,13,IIIIIZYXYZ,ZYXYZIIIII,"[0, 1, 2, 3, 4]",0.0009765624999999985,0.0,10,-0.2,"{""0000000010"": 1, ""0000100101"": 1, ""0010100111"": 1, ""0011000111"": 1, ""0111010100"": 1, ""0111011010"": 1, ""1010100111"": 1, ""1011000011"": 1, ""1101010010"": 1, ""1101101101"": 1}"
019e10ef-1958-7bb0-b370-c3c48ab35538,1,14,14,IIIIIZYYIX,XIYYZIIIII,"[0, 2, 3, 4]",-0.0009765624999999985,0.0,10,0.8,"{""0001000000"": 1, ""0101110011"": 1, ""0111110100"": 1, ""1000000111"": 1, ""1000010011"": 1, ""1001010000"": 1, ""1001011111"": 1, ""1011001100"": 1, ""1100000111"": 1, ""1111001100"": 1}"
019e10ef-1958-7bb0-b370-c3c48ab35538,1,15,15,IIIIIZYYZI,IZYYZIIIII,"[1, 2, 3, 4]",-0.0009765624999999985,0.0,10,1.0,"{""0001011110"": 1, ""0101101101"": 1, ""0111111000"": 1, ""1000011001"": 1, ""1001001010"": 1, ""1001111111"": 1, ""1100000111"": 1, ""1100001010"": 1, ""1101001010"": 1, ""1111111001"": 1}"
019e10ef-1958-7bb0-b370-c3c48ab35538,1,16,16,IIIIZXIXIX,XIXIXZIIII,"[0, 2, 4, 5]",-0.0009765624999999985,0.0,10,0.2,"{""0000101011"": 1, ""0001010111"": 1, ""0111110000"": 1, ""1000001011"": 1, ""1000010000"": 1, ""1001011000"": 1, ""1001011011"": 1, ""1010110000"": 1, ""1101101100"": 1, ""1101110000"": 1}"
019e10ef-1958-7bb0-b370-c3c48ab35538,1,17,17,IIIIZXIXZI,IZXIXZIIII,"[1, 2, 4, 5]",-0.0009765624999999985,0.0,10,1.0,"{""0001011101"": 1, ""0011011011"": 1, ""0100101010"": 1, ""0111011100"": 1, ""1000011101"": 1, ""1000101010"": 1, ""1001101011"": 1, ""1001101101"": 1, ""1001110001"": 1, ""1011101100"": 1}"
019e10ef-1958-7bb0-b370-c3c48ab35538,1,18,18,IIIIZXIYXY,YXYIXZIIII,"[0, 1, 2, 4, 5]",0.0009765624999999985,0.0,10,-0.6,"{""0010101101"": 1, ""0011101101"": 1, ""0111110001"": 1, ""1001000010"": 1, ""1010101110"": 1, ""1011011001"": 1, ""1011011111"": 1, ""1100110100"": 1, ""1111011101"": 1, ""1111110111"": 1}"
019e10ef-1958-7bb0-b370-c3c48ab35538,1,19,19,IIIIZXIYYZ,ZYYIXZIIII,"[0, 1, 2, 4, 5]",-0.0009765624999999985,0.0,10,1.0,"{""0011110110"": 1, ""0101000000"": 1, ""0110110110"": 1, ""1010011001"": 1, ""1010101001"": 2, ""1010101111"": 1, ""1011011111"": 1, ""1100110000"": 1, ""1110110110"": 1}"
019e10ef-1958-7bb0-b370-c3c48ab35538,1,20,20,IIIIZXZIII,IIIZXZIIII,"[3, 4, 5]",-0.0009765624999999985,0.0,10,1.0,"{""0110000011"": 1, ""0110101011"": 1, ""0110110011"": 1, ""1010101010"": 1, ""1010110001"": 1, ""1011110001"": 1, ""1101000010"": 1, ""1101011000"": 1, ""1110110101"": 1, ""1111101111"": 1}"
019e10ef-1958-7bb0-b370-c3c48ab35538,1,21,21,IIIIZXZIZX,XZIZXZIIII,"[0, 1, 3, 4, 5]",-0.0009765624999999985,0.0,10,0.8,"{""0001101111"": 1, ""0011001111"": 1, ""0011101100"": 1, ""0011101111"": 1, ""0100000100"": 1, ""0101011100"": 1, ""0111000000"": 1, ""1000011111"": 1, ""1110000011"": 1, ""1111110100"": 1}"
019e10ef-1958-7bb0-b370-c3c48ab35538,1,22,22,IIIIZXZZXZ,ZXZZXZIIII,"[0, 1, 2, 3, 4, 5]",-0.0009765624999999985,0.0,10,0.8,"{""0001101000"": 1, ""0111011011"": 1, ""1000000000"": 1, ""1100000011"": 1, ""1100011110"": 1, ""1101110000"": 1, ""1101110011"": 1, ""1101110101"": 1, ""1111000011"": 1, ""1111100011"": 1}"
019e10ef-1958-7bb0-b370-c3c48ab35538,1,23,23,IIIIZXZZYY,YYZZXZIIII,"[0, 1, 2, 3, 4, 5]",-0.0009765624999999985,0.0,10,0.8,"{""0010110110"": 1, ""0100110101"": 1, ""1000000101"": 1, ""1000000110"": 1, ""1001110110"": 1, ""1100000000"": 1, ""1100000100"": 1, ""1111000000"": 2, ""1111000110"": 1}"
019e10ef-1958-7bb0-b370-c3c48ab35538,1,24,24,IIIIZYXXXY,YXXXYZIIII,"[0, 1, 2, 3, 4, 5]",0.0009765624999999985,0.0,10,0.0,"{""0001011001"": 1, ""0100111111"": 1, ""0101001100"": 1, ""0101011011"": 1, ""0101101101"": 1, ""1001010000"": 1, ""1010010011"": 1, ""1100100100"": 1, ""1110100000"": 1, ""1111001011"": 1}"
019e10ef-1958-7bb0-b370-c3c48ab35538,1,25,25,IIIIZYXXYZ,ZYXXYZIIII,"[0, 1, 2, 3, 4, 5]",-0.0009765624999999985,0.0,10,1.0,"{""0011111100"": 1, ""0110111001"": 1, ""1000011011"": 1, ""1000111111"": 1, ""1010001111"": 1, ""1010010100"": 1, ""1010111010"": 1, ""1101000110"": 1, ""1101011110"": 1, ""1110000000"": 1}"
019e10ef-1958-7bb0-b370-c3c48ab35538,1,26,26,IIIIZYXYIX,XIYXYZIIII,"[0, 2, 3, 4, 5]",0.0009765624999999985,0.0,10,-0.8,"{""0011011011"": 1, ""0100111000"": 1, ""0101010111"": 1, ""1001011011"": 1, ""1010101111"": 1, ""1011010111"": 2, ""1101110100"": 1, ""1110110100"": 1, ""1111101011"": 1}"
019e10ef-1958-7bb0-b370-c3c48ab35538,1,27,27,IIIIZYXYZI,IZYXYZIIII,"[1, 2, 3, 4, 5]",0.0009765624999999985,0.0,10,-1.0,"{""0001011101"": 1, ""0001100001"": 1, ""0100000101"": 1, ""0101101011"": 1, ""0110001111"": 1, ""0111100110"": 1, ""1000001110"": 1, ""1011011010"": 1, ""1111000100"": 1, ""1111110010"": 1}"
019e10ef-1958-7bb0-b370-c3c48ab35538,1,28,28,IIIIZYYIXZ,ZXIYYZIIII,"[0, 1, 3, 4, 5]",-0.0009765624999999985,0.0,10,0.6,"{""0000001110"": 1, ""0000111101"": 1, ""0001111110"": 1, ""0100010000"": 1, ""0100101011"": 1, ""0110001110"": 1, ""0111110000"": 1, ""1000001110"": 1, ""1100001111"": 1, ""1111000011"": 1}"
019e10ef-1958-7bb0-b370-c3c48ab35538,1,29,29,IIIIZYYIYY,YYIYYZIIII,"[0, 1, 3, 4, 5]",-0.0009765624999999985,0.0,10,0.8,"{""0000010110"": 1, ""0001001110"": 1, ""0010011000"": 1, ""0101000011"": 1, ""0101111110"": 1, ""0110101011"": 1, ""1000100101"": 1, ""1000101101"": 1, ""1101010010"": 1, ""1101111110"": 1}"
019e10ef-1958-7bb0-b370-c3c48ab35538,1,30,30,IIIIZYYZII,IIZYYZIIII,"[2, 3, 4, 5]",-0.0009765624999999985,0.0,10,0.8,"{""0000010111"": 1, ""0000011000"": 1, ""0001000101"": 1, ""0001111110"": 1, ""0011000011"": 1, ""0101100101"": 1, ""0101101010"": 1, ""1001100100"": 1, ""1100100101"": 1, ""1101100100"": 1}"
019e10ef-1958-7bb0-b370-c3c48ab35538,1,31,31,IIIIZYYZZX,XZZYYZIIII,"[0, 1, 2, 3, 4, 5]",-0.0009765624999999985,0.0,10,0.4,"{""0000110011"": 1, ""0001101100"": 1, ""0010001100"": 1, ""0101010111"": 1, ""0101100100"": 1, ""0111001111"": 1, ""1000100111"": 1, ""1001100100"": 1, ""1010111011"": 1, ""1111011111"": 1}"
019e10ef-1958-7bb0-b370-c3c48ab35538,1,32,32,IIXXIXIXIX,XIXIXIXXII,"[0, 2, 4, 6, 7]",-0.0009765624999999985,0.0,10,1.0,"{""0000000111"": 1, ""0000011100"": 2, ""0010101011"": 1, ""0010101100"": 2, ""1000011100"": 1, ""1010101100"": 1, ""1101101100"": 1, ""1101110000"": 1}"
019e10ef-1958-7bb0-b370-c3c48ab35538,1,33,33,IIXXIXIXZI,IZXIXIXXII,"[1, 2, 4, 6, 7]",-0.0009765624999999985,0.0,10,0.4,"{""0010101100"": 1, ""0100010111"": 1, ""0100101100"": 1, ""0101110000"": 1, ""0111000001"": 1, ""0111011100"": 1, ""0111011101"": 1, ""1000011100"": 1, ""1101100001"": 1, ""1111000001"": 1}"
019e10ef-1958-7bb0-b370-c3c48ab35538,1,34,34,IIXXIXIYXY,YXYIXIXXII,"[0, 1, 2, 4, 6, 7]",0.0009765624999999985,0.0,10,-0.4,"{""0010101101"": 1, ""0101101000"": 2, ""0101110001"": 1, ""0111000001"": 1, ""0111010111"": 1, ""1010101010"": 1, ""1010110100"": 1, ""1111000000"": 1, ""1111000001"": 1}"
019e10ef-1958-7bb0-b370-c3c48ab35538,1,35,35,IIXXIXIYYZ,ZYYIXIXXII,"[0, 1, 2, 4, 6, 7]",-0.0009765624999999985,0.0,10,0.8,"{""0010101010"": 1, ""0010101100"": 1, ""0101110000"": 1, ""0101110011"": 1, ""0111000000"": 1, ""1101101010"": 2, ""1101110000"": 1, ""1111000001"": 1, ""1111011111"": 1}"
019e10ef-1958-7bb0-b370-c3c48ab35538,1,36,36,IIXXIXZIII,IIIZXIXXII,"[3, 4, 6, 7]",-0.0009765624999999985,0.0,10,1.0,"{""0000000110"": 1, ""0010101110"": 1, ""0101110000"": 1, ""0111000000"": 1, ""1000000000"": 1, ""1010010101"": 1, ""1010010111"": 1, ""1010110100"": 1, ""1111000010"": 1, ""1111011001"": 1}"
019e10ef-1958-7bb0-b370-c3c48ab35538,1,37,37,IIXXIXZIZX,XZIZXIXXII,"[0, 1, 3, 4, 6, 7]",-0.0009765624999999985,0.0,10,0.8,"{""0000011100"": 1, ""0101110111"": 1, ""1000000100"": 1, ""1000000111"": 1, ""1010110111"": 1, ""1101000100"": 1, ""1101101000"": 2, ""1101110000"": 1, ""1111000011"": 1}"
019e10ef-1958-7bb0-b370-c3c48ab35538,1,38,38,IIXXIXZZXZ,ZXZZXIXXII,"[0, 1, 2, 3, 4, 6, 7]",-0.0009765624999999985,0.0,10,1.0,"{""0000000011"": 1, ""0000011110"": 1, ""0010101011"": 1, ""0010101101"": 1, ""0101101101"": 1, ""0101110110"": 1, ""0111000101"": 1, ""1010110110"": 1, ""1101110000"": 1, ""1111011011"": 1}"
019e10ef-1958-7bb0-b370-c3c48ab35538,1,39,39,IIXXIXZZYY,YYZZXIXXII,"[0, 1, 2, 3, 4, 6, 7]",-0.0009765624999999985,0.0,10,0.8,"{""0000000110"": 2, ""0101101101"": 1, ""0101110000"": 1, ""0101110011"": 1, ""0101111111"": 1, ""0111011101"": 1, ""1000011101"": 1, ""1101101011"": 1, ""1111011111"": 1}"
019e10ef-1958-7bb0-b370-c3c48ab35538,1,40,40,IIXXIYXXXY,YXXXYIXXII,"[0, 1, 2, 3, 4, 6, 7]",0.0009765624999999985,0.0,10,-0.4,"{""0000011101"": 1, ""0010101111"": 1, ""0101110011"": 1, ""0111011100"": 1, ""1000001000"": 1, ""1000110000"": 1, ""1010111110"": 1, ""1101100000"": 1, ""1101101010"": 1, ""1111001111"": 1}"
019e10ef-1958-7bb0-b370-c3c48ab35538,1,41,41,IIXXIYXXYZ,ZYXXYIXXII,"[0, 1, 2, 3, 4, 6, 7]",-0.0009765624999999985,0.0,10,0.6,"{""0000101110"": 1, ""0111001001"": 1, ""0111011011"": 1, ""0111011100"": 1, ""1000000000"": 1, ""1000001001"": 1, ""1000001100"": 1, ""1000011000"": 1, ""1010010000"": 1, ""1111000101"": 1}"
019e10ef-1958-7bb0-b370-c3c48ab35538,1,42,42,IIXXIYXYIX,XIYXYIXXII,"[0, 2, 3, 4, 6, 7]",0.0009765624999999985,0.0,10,-0.6,"{""0010001001"": 1, ""0010100111"": 1, ""0010110011"": 1, ""0101111011"": 1, ""0111001110"": 1, ""0111010000"": 1, ""1010100000"": 1, ""1010110011"": 1, ""1101100111"": 1, ""1101111000"": 1}"
019e10ef-1958-7bb0-b370-c3c48ab35538,1,43,43,IIXXIYXYZI,IZYXYIXXII,"[1, 2, 3, 4, 6, 7]",0.0009765624999999985,0.0,10,-0.8,"{""0000000100"": 1, ""0010101010"": 1, ""0101100011"": 1, ""0111010110"": 1, ""1000001111"": 1, ""1000010110"": 1, ""1010100001"": 1, ""1010100110"": 1, ""1101100001"": 1, ""1111010001"": 1}"
019e10ef-1958-7bb0-b370-c3c48ab35538,1,44,44,IIXXIYYIXZ,ZXIYYIXXII,"[0, 1, 3, 4, 6, 7]",-0.0009765624999999985,0.0,10,0.6,"{""0010101110"": 1, ""0010110011"": 2, ""0101101011"": 1, ""1000010110"": 1, ""1010100101"": 1, ""1010100110"": 1, ""1101111111"": 1, ""1111000011"": 1, ""1111010110"": 1}"
019e10ef-1958-7bb0-b370-c3c48ab35538,1,45,45,IIXXIYYIYY,YYIYYIXXII,"[0, 1, 3, 4, 6, 7]",-0.0009765624999999985,0.0,10,0.8,"{""0010111101"": 1, ""0011000101"": 1, ""0101100101"": 1, ""0110100110"": 1, ""0111010101"": 1, ""1000001110"": 1, ""1000011000"": 1, ""1010110000"": 1, ""1010111101"": 1, ""1101111110"": 1}"
019e10ef-1958-7bb0-b370-c3c48ab35538,1,46,46,IIXXIYYZII,IIZYYIXXII,"[2, 3, 4, 6, 7]",-0.0009765624999999985,0.0,10,1.0,"{""0010100110"": 1, ""0010110011"": 1, ""0010111101"": 1, ""0101101001"": 1, ""0101110001"": 1, ""0101111101"": 2, ""1000011011"": 1, ""1010111111"": 1, ""1111001101"": 1}"
019e10ef-1958-7bb0-b370-c3c48ab35538,1,47,47,IIXXIYYZZX,XZZYYIXXII,"[0, 1, 2, 3, 4, 6, 7]",-0.0009765624999999985,0.0,10,0.4,"{""0000010111"": 1, ""0010100100"": 1, ""0100010000"": 1, ""0111001100"": 1, ""0111011001"": 1, ""1000001111"": 1, ""1000010011"": 1, ""1101101011"": 1, ""1111000011"": 1, ""1111011000"": 1}"
019e10ef-1958-7bb0-b370-c3c48ab35538,1,48,48,IIXXZIIIII,IIIIIZXXII,"[5, 6, 7]",-0.0009765624999999985,0.0,10,0.4,"{""0000000000"": 1, ""0000100111"": 1, ""0010011110"": 1, ""0111000111"": 1, ""0111001111"": 1, ""0111011111"": 1, ""1010001010"": 1, ""1101111000"": 1, ""1101111110"": 1, ""1111011111"": 1}"
019e10ef-1958-7bb0-b370-c3c48ab35538,1,49,49,IIXXZIIIZX,XZIIIZXXII,"[0, 1, 5, 6, 7]",-0.0009765624999999985,0.0,10,0.8,"{""0000001010"": 1, ""0010100011"": 1, ""0010101111"": 1, ""0101111111"": 1, ""0111010000"": 1, ""0111010100"": 1, ""1010100111"": 1, ""1101100111"": 1, ""1101101100"": 1, ""1101111011"": 1}"
019e10ef-1958-7bb0-b370-c3c48ab35538,1,50,50,IIXXZIIZXZ,ZXZIIZXXII,"[0, 1, 2, 5, 6, 7]",-0.0009765624999999985,0.0,10,1.0,"{""0010100101"": 1, ""0010110000"": 1, ""0010111000"": 2, ""0101101110"": 1, ""0101110011"": 1, ""1010101000"": 1, ""1010110110"": 1, ""1101100101"": 1, ""1101111101"": 1}"
019e10ef-1958-7bb0-b370-c3c48ab35538,1,51,51,IIXXZIIZYY,YYZIIZXXII,"[0, 1, 2, 5, 6, 7]",-0.0009765624999999985,0.0,10,0.4,"{""0000010101"": 1, ""0010000011"": 1, ""0011100011"": 1, ""0101110000"": 1, ""1000011000"": 1, ""1010100101"": 1, ""1010111110"": 1, ""1101111011"": 1, ""1110000011"": 1, ""1111001011"": 1}"
019e10ef-1958-7bb0-b370-c3c48ab35538,1,52,52,IIXXZIZXIX,XIXZIZXXII,"[0, 2, 3, 5, 6, 7]",-0.0009765624999999985,0.0,10,1.0,"{""0000001100"": 2, ""0000010111"": 1, ""0010110111"": 1, ""0010111100"": 1, ""0101000110"": 1, ""0111000000"": 1, ""1010111100"": 1, ""1111000111"": 1, ""1111010000"": 1}"
019e10ef-1958-7bb0-b370-c3c48ab35538,1,53,53,IIXXZIZXZI,IZXZIZXXII,"[1, 2, 3, 5, 6, 7]",-0.0009765624999999985,0.0,10,1.0,"{""0000000000"": 1, ""0010100110"": 1, ""0010101100"": 1, ""0010110110"": 1, ""0101100111"": 1, ""0101101100"": 1, ""0101110111"": 1, ""0111010001"": 1, ""1000001011"": 1, ""1101100001"": 1}"
019e10ef-1958-7bb0-b370-c3c48ab35538,1,54,54,IIXXZIZYXY,YXYZIZXXII,"[0, 1, 2, 3, 5, 6, 7]",0.0009765624999999985,0.0,10,-0.6,"{""0000000111"": 1, ""0000010010"": 1, ""0010111000"": 1, ""1010100001"": 1, ""1010101011"": 1, ""1010111010"": 1, ""1100001101"": 1, ""1111000111"": 1, ""1111010000"": 1, ""1111011110"": 1}"
019e10ef-1958-7bb0-b370-c3c48ab35538,1,55,55,IIXXZIZYYZ,ZYYZIZXXII,"[0, 1, 2, 3, 5, 6, 7]",-0.0009765624999999985,0.0,10,0.8,"{""0010110011"": 1, ""0101101010"": 1, ""0111000000"": 1, ""0111000111"": 1, ""0111010101"": 1, ""0111010110"": 1, ""1000101000"": 1, ""1101100000"": 1, ""1101110011"": 1, ""1111010110"": 1}"
019e10ef-1958-7bb0-b370-c3c48ab35538,1,56,56,IIXXZZXIXZ,ZXIXZZXXII,"[0, 1, 3, 4, 5, 6, 7]",-0.0009765624999999985,0.0,10,0.2,"{""0010101101"": 1, ""0101100110"": 1, ""0101111011"": 1, ""0111000000"": 1, ""0111001110"": 1, ""0111011001"": 1, ""1000000001"": 1, ""1000011000"": 1, ""1000011101"": 1, ""1101110110"": 1}"
019e10ef-1958-7bb0-b370-c3c48ab35538,1,57,57,IIXXZZXIYY,YYIXZZXXII,"[0, 1, 3, 4, 5, 6, 7]",-0.0009765624999999985,0.0,10,0.8,"{""0000000011"": 1, ""0010101110"": 1, ""0010111000"": 1, ""1000000000"": 1, ""1000001110"": 1, ""1010100011"": 1, ""1010101101"": 1, ""1100100011"": 1, ""1101110101"": 2}"
019e10ef-1958-7bb0-b370-c3c48ab35538,1,58,58,IIXXZZXZII,IIZXZZXXII,"[2, 3, 4, 5, 6, 7]",-0.0009765624999999985,0.0,10,0.8,"{""0000001111"": 1, ""0010111011"": 1, ""0111000011"": 1, ""0111010100"": 1, ""1010101100"": 2, ""1010110011"": 1, ""1101101111"": 1, ""1101110110"": 1, ""1111000011"": 1}"
019e10ef-1958-7bb0-b370-c3c48ab35538,1,59,59,IIXXZZXZZX,XZZXZZXXII,"[0, 1, 2, 3, 4, 5, 6, 7]",-0.0009765624999999985,0.0,10,0.8,"{""0000011011"": 1, ""0010010000"": 1, ""0101100000"": 1, ""0101100010"": 1, ""0111001100"": 1, ""1000000000"": 1, ""1010100011"": 1, ""1101100000"": 2, ""1101100011"": 1}"
019e10ef-1958-7bb0-b370-c3c48ab35538,1,60,60,IIXXZZYXXY,YXXYZZXXII,"[0, 1, 2, 3, 4, 5, 6, 7]",-0.0009765624999999985,0.0,10,0.6,"{""0000001100"": 1, ""0000011000"": 1, ""0010101100"": 1, ""0010110011"": 1, ""0111010111"": 1, ""1001000001"": 1, ""1010110010"": 1, ""1101101101"": 1, ""1101111101"": 1, ""1111001001"": 1}"
019e10ef-1958-7bb0-b370-c3c48ab35538,1,61,61,IIXXZZYXYZ,ZYXYZZXXII,"[0, 1, 2, 3, 4, 5, 6, 7]",0.0009765624999999985,0.0,10,-0.6,"{""0001011110"": 1, ""0010000110"": 1, ""0010101011"": 1, ""0010110001"": 1, ""0101110010"": 1, ""0111000100"": 1, ""0111010101"": 1, ""0111010110"": 1, ""1101101011"": 1, ""1111011111"": 1}"
019e10ef-1958-7bb0-b370-c3c48ab35538,1,62,62,IIXXZZYYIX,XIYYZZXXII,"[0, 2, 3, 4, 5, 6, 7]",-0.0009765624999999985,0.0,10,0.6,"{""0000010011"": 1, ""0000010100"": 1, ""0001010100"": 1, ""0010101001"": 1, ""0010110100"": 1, ""1000010011"": 1, ""1010101011"": 1, ""1010111111"": 1, ""1011110011"": 1, ""1101100111"": 1}"
019e10ef-1958-7bb0-b370-c3c48ab35538,1,63,63,IIXXZZYYZI,IZYYZZXXII,"[1, 2, 3, 4, 5, 6, 7]",-0.0009765624999999985,0.0,10,0.8,"{""0000011001"": 1, ""0101101011"": 1, ""0111011000"": 1, ""1000011000"": 1, ""1010100000"": 1, ""1010110011"": 1, ""1101100111"": 1, ""1101101010"": 1, ""1110010010"": 1, ""1111000001"": 1}"
019e10ef-1958-7bb0-b370-c3c48ab35538,1,64,64,IIYXXXXXXY,YXXXXXXYII,"[0, 1, 2, 3, 4, 5, 6, 7]",0.0009765624999999985,0.0,10,-0.6,"{""0000100001"": 1, ""0010001100"": 1, ""0010111111"": 1, ""0111001110"": 1, ""1000000111"": 1, ""1000110010"": 1, ""1000111000"": 1, ""1010000111"": 1, ""1101001010"": 1, ""1111001110"": 1}"
019e10ef-1958-7bb0-b370-c3c48ab35538,1,65,65,IIYXXXXXYZ,ZYXXXXXYII,"[0, 1, 2, 3, 4, 5, 6, 7]",-0.0009765624999999985,0.0,10,0.0,"{""0000101001"": 1, ""0010010010"": 1, ""0011000010"": 1, ""0101110111"": 1, ""0111000101"": 1, ""0111101011"": 1, ""1010110011"": 1, ""1101101010"": 1, ""1111101011"": 1, ""1111110100"": 1}"
019e10ef-1958-7bb0-b370-c3c48ab35538,1,66,66,IIYXXXXYIX,XIYXXXXYII,"[0, 2, 3, 4, 5, 6, 7]",0.0009765624999999985,0.0,10,-0.6,"{""0000110011"": 1, ""0000111000"": 1, ""0011101011"": 1, ""0111010000"": 2, ""0111011011"": 1, ""0111111011"": 1, ""1101010011"": 1, ""1111000111"": 1, ""1111110100"": 1}"
019e10ef-1958-7bb0-b370-c3c48ab35538,1,67,67,IIYXXXXYZI,IZYXXXXYII,"[1, 2, 3, 4, 5, 6, 7]",0.0009765624999999985,0.0,10,-0.8,"{""0010101000"": 1, ""0010101001"": 1, ""0101000110"": 1, ""0101101111"": 1, ""0101110001"": 2, ""0111011010"": 1, ""1000010111"": 1, ""1000100000"": 1, ""1101101101"": 1}"
019e10ef-1958-7bb0-b370-c3c48ab35538,1,68,68,IIYXXXYIXZ,ZXIYXXXYII,"[0, 1, 3, 4, 5, 6, 7]",-0.0009765624999999985,0.0,10,0.8,"{""0000001101"": 1, ""0010101110"": 1, ""0111000011"": 1, ""0111010110"": 1, ""0111100000"": 1, ""0111110000"": 1, ""1000001101"": 1, ""1000100110"": 1, ""1000111110"": 1, ""1010011110"": 1}"
019e10ef-1958-7bb0-b370-c3c48ab35538,1,69,69,IIYXXXYIYY,YYIYXXXYII,"[0, 1, 3, 4, 5, 6, 7]",-0.0009765624999999985,0.0,10,0.6,"{""0000111101"": 1, ""0010110101"": 1, ""0101111011"": 1, ""1000010110"": 1, ""1011000000"": 1, ""1101101101"": 1, ""1111000000"": 1, ""1111000101"": 1, ""1111101110"": 1, ""1111110011"": 1}"
019e10ef-1958-7bb0-b370-c3c48ab35538,1,70,70,IIYXXXYZII,IIZYXXXYII,"[2, 3, 4, 5, 6, 7]",-0.0009765624999999985,0.0,10,0.4,"{""0000000011"": 1, ""0010001011"": 1, ""0010110110"": 1, ""0100010010"": 1, ""1000010101"": 1, ""1000101001"": 1, ""1010001111"": 1, ""1101010100"": 1, ""1111001111"": 1, ""1111011000"": 1}"
019e10ef-1958-7bb0-b370-c3c48ab35538,1,71,71,IIYXXXYZZX,XZZYXXXYII,"[0, 1, 2, 3, 4, 5, 6, 7]",-0.0009765624999999985,0.0,10,0.4,"{""0000011000"": 1, ""0010101100"": 1, ""0101101100"": 1, ""0111000010"": 1, ""0111100111"": 1, ""1000000111"": 1, ""1000001110"": 1, ""1101100011"": 1, ""1101101111"": 1, ""1101111011"": 1}"
019e10ef-1958-7bb0-b370-c3c48ab35538,1,72,72,IIYXXYIXIX,XIXIYXXYII,"[0, 2, 4, 5, 6, 7]",0.0009765624999999985,0.0,10,-0.4,"{""0010000000"": 1, ""0010101100"": 1, ""0101101100"": 1, ""1000111111"": 1, ""1010110000"": 1, ""1101110111"": 1, ""1111010000"": 1, ""1111010011"": 1, ""1111010111"": 1, ""1111111111"": 1}"
019e10ef-1958-7bb0-b370-c3c48ab35538,1,73,73,IIYXXYIXZI,IZXIYXXYII,"[1, 2, 4, 5, 6, 7]",0.0009765624999999985,0.0,10,-0.6,"{""0010011010"": 1, ""0010100110"": 1, ""0101000000"": 1, ""0101101100"": 2, ""0111000111"": 1, ""1000111010"": 1, ""1000111011"": 1, ""1101000000"": 1, ""1101000111"": 1}"
019e10ef-1958-7bb0-b370-c3c48ab35538,1,74,74,IIYXXYIYXY,YXYIYXXYII,"[0, 1, 2, 4, 5, 6, 7]",-0.0009765624999999985,0.0,10,0.6,"{""0000001101"": 1, ""0000010011"": 1, ""0000111000"": 1, ""0101000010"": 1, ""0101101000"": 1, ""0111011011"": 1, ""1000100001"": 1, ""1000100111"": 1, ""1010000010"": 1, ""1101011101"": 1}"
019e10ef-1958-7bb0-b370-c3c48ab35538,1,75,75,IIYXXYIYYZ,ZYYIYXXYII,"[0, 1, 2, 4, 5, 6, 7]",0.0009765624999999985,0.0,10,-0.4,"{""0000010100"": 1, ""0010110000"": 1, ""0010110011"": 1, ""0101011010"": 1, ""0101110110"": 1, ""1010000110"": 1, ""1010110111"": 1, ""1101000110"": 1, ""1111000011"": 1, ""1111100011"": 1}"
019e10ef-1958-7bb0-b370-c3c48ab35538,1,76,76,IIYXXYZIII,IIIZYXXYII,"[3, 4, 5, 6, 7]",0.0009765624999999985,0.0,10,-0.8,"{""0000111000"": 1, ""0010000010"": 1, ""0010011101"": 1, ""0010101111"": 1, ""0010110010"": 1, ""0101000110"": 1, ""0101101111"": 1, ""1010110111"": 1, ""1101001110"": 1, ""1111111011"": 1}"
019e10ef-1958-7bb0-b370-c3c48ab35538,1,77,77,IIYXXYZIZX,XZIZYXXYII,"[0, 1, 3, 4, 5, 6, 7]",0.0009765624999999985,0.0,10,-0.8,"{""0001110100"": 1, ""0010000000"": 1, ""0010101110"": 1, ""0101000100"": 1, ""0101011000"": 1, ""1000001100"": 1, ""1010101000"": 1, ""1010101011"": 1, ""1101011100"": 1, ""1111001000"": 1}"
019e10ef-1958-7bb0-b370-c3c48ab35538,1,78,78,IIYXXYZZXZ,ZXZZYXXYII,"[0, 1, 2, 3, 4, 5, 6, 7]",0.0009765624999999985,0.0,10,-0.6,"{""0010000011"": 1, ""0010011010"": 1, ""0111100000"": 1, ""1000001011"": 1, ""1000100101"": 1, ""1010011000"": 1, ""1011001011"": 1, ""1101011011"": 1, ""1111100110"": 1, ""1111110011"": 1}"
019e10ef-1958-7bb0-b370-c3c48ab35538,1,79,79,IIYXXYZZYY,YYZZYXXYII,"[0, 1, 2, 3, 4, 5, 6, 7]",0.0009765624999999985,0.0,10,-0.2,"{""0000001110"": 1, ""0000111001"": 1, ""0010101100"": 1, ""0100101110"": 1, ""1010101011"": 1, ""1101001011"": 1, ""1101011011"": 1, ""1101011110"": 1, ""1101110110"": 1, ""1111010011"": 1}"
019e10ef-1958-7bb0-b370-c3c48ab35538,1,80,80,IIYXYIXIXZ,ZXIXIYXYII,"[0, 1, 3, 5, 6, 7]",-0.0009765624999999985,0.0,10,0.6,"{""0000001110"": 1, ""0000110100"": 1, ""0010100000"": 1, ""0111111011"": 1, ""1101010101"": 1, ""1101011000"": 1, ""1101011011"": 1, ""1111011000"": 1, ""1111110101"": 1, ""1111111000"": 1}"
019e10ef-1958-7bb0-b370-c3c48ab35538,1,81,81,IIYXYIXIYY,YYIXIYXYII,"[0, 1, 3, 5, 6, 7]",-0.0009765624999999985,0.0,10,0.0,"{""0010000011"": 1, ""0010010110"": 1, ""1000001110"": 1, ""1000010110"": 1, ""1010000011"": 1, ""1010010110"": 1, ""1101010101"": 1, ""1111000001"": 1, ""1111001101"": 1, ""1111110011"": 1}"
019e10ef-1958-7bb0-b370-c3c48ab35538,1,82,82,IIYXYIXZII,IIZXIYXYII,"[2, 3, 5, 6, 7]",-0.0009765624999999985,0.0,10,0.6,"{""0000000001"": 1, ""0000111011"": 1, ""0010000011"": 1, ""1010010100"": 1, ""1010100011"": 1, ""1010101101"": 1, ""1101010111"": 1, ""1101011000"": 1, ""1101101111"": 1, ""1101111010"": 1}"
019e10ef-1958-7bb0-b370-c3c48ab35538,1,83,83,IIYXYIXZZX,XZZXIYXYII,"[0, 1, 2, 3, 5, 6, 7]",-0.0009765624999999985,0.0,10,0.6,"{""0010000011"": 1, ""0010011110"": 1, ""0101010111"": 1, ""0111110100"": 1, ""1000111000"": 1, ""1010010000"": 1, ""1010100011"": 1, ""1111110111"": 2, ""1111111011"": 1}"
019e10ef-1958-7bb0-b370-c3c48ab35538,1,84,84,IIYXYIYXXY,YXXYIYXYII,"[0, 1, 2, 3, 5, 6, 7]",-0.0009765624999999985,0.0,10,0.4,"{""0010100000"": 1, ""0010111110"": 1, ""0101101001"": 1, ""0111000110"": 1, ""0111001000"": 1, ""1000000000"": 1, ""1000000011"": 1, ""1000111011"": 1, ""1111001001"": 1, ""1111101100"": 1}"
019e10ef-1958-7bb0-b370-c3c48ab35538,1,85,85,IIYXYIYXYZ,ZYXYIYXYII,"[0, 1, 2, 3, 5, 6, 7]",0.0009765624999999985,0.0,10,-0.4,"{""0000000100"": 1, ""0010010010"": 1, ""0101011100"": 1, ""1000000011"": 1, ""1000000111"": 1, ""1000011100"": 1, ""1010001111"": 1, ""1010011100"": 1, ""1101000110"": 1, ""1111111100"": 1}"
019e10ef-1958-7bb0-b370-c3c48ab35538,1,86,86,IIYXYIYYIX,XIYYIYXYII,"[0, 2, 3, 5, 6, 7]",-0.0009765624999999985,0.0,10,0.8,"{""0000111000"": 1, ""0010010011"": 1, ""0101010011"": 1, ""0101100011"": 1, ""0101100111"": 1, ""1010011000"": 1, ""1010100000"": 1, ""1010101011"": 1, ""1111000111"": 1, ""1111111000"": 1}"
019e10ef-1958-7bb0-b370-c3c48ab35538,1,87,87,IIYXYIYYZI,IZYYIYXYII,"[1, 2, 3, 5, 6, 7]",-0.0009765624999999985,0.0,10,0.8,"{""0000000000"": 1, ""0000111111"": 1, ""0010011000"": 1, ""0010100001"": 1, ""1000001010"": 1, ""1000101011"": 1, ""1010100001"": 1, ""1010101011"": 1, ""1101100111"": 1, ""1111111001"": 1}"
019e10ef-1958-7bb0-b370-c3c48ab35538,1,88,88,IIYXYZIIII,IIIIZYXYII,"[4, 5, 6, 7]",-0.0009765624999999985,0.0,10,0.8,"{""0010011011"": 1, ""0011100100"": 1, ""0111000110"": 1, ""0111001000"": 1, ""1000000101"": 1, ""1010011001"": 1, ""1010011011"": 2, ""1010100010"": 1, ""1111001001"": 1}"
019e10ef-1958-7bb0-b370-c3c48ab35538,1,89,89,IIYXYZIIZX,XZIIZYXYII,"[0, 1, 4, 5, 6, 7]",-0.0009765624999999985,0.0,10,0.6,"{""0000000011"": 1, ""0001111111"": 1, ""0010010000"": 1, ""0010011011"": 1, ""0010100100"": 1, ""0010101111"": 1, ""0101100011"": 1, ""0111110000"": 1, ""1111001100"": 1, ""1111011000"": 1}"
019e10ef-1958-7bb0-b370-c3c48ab35538,1,90,90,IIYXYZIZXZ,ZXZIZYXYII,"[0, 1, 2, 4, 5, 6, 7]",-0.0009765624999999985,0.0,10,0.8,"{""0000000011"": 1, ""0000001101"": 1, ""0010100000"": 1, ""0010101101"": 1, ""0101010110"": 1, ""1000001010"": 1, ""1100111011"": 1, ""1101100000"": 1, ""1111000101"": 1, ""1111110110"": 1}"
019e10ef-1958-7bb0-b370-c3c48ab35538,1,91,91,IIYXYZIZYY,YYZIZYXYII,"[0, 1, 2, 4, 5, 6, 7]",-0.0009765624999999985,0.0,10,0.4,"{""0010100010"": 1, ""0010101101"": 1, ""0111100111"": 1, ""0111110110"": 1, ""1000110101"": 1, ""1000111001"": 1, ""1010011100"": 1, ""1010101110"": 1, ""1101010011"": 1, ""1101101000"": 1}"
019e10ef-1958-7bb0-b370-c3c48ab35538,1,92,92,IIYXYZZXIX,XIXZZYXYII,"[0, 2, 3, 4, 5, 6, 7]",-0.0009765624999999985,0.0,10,1.0,"{""0000000111"": 1, ""0010011100"": 2, ""0111111011"": 1, ""1000001100"": 1, ""1000110111"": 1, ""1101100000"": 1, ""1111110111"": 2, ""1111111100"": 1}"
019e10ef-1958-7bb0-b370-c3c48ab35538,1,93,93,IIYXYZZXZI,IZXZZYXYII,"[1, 2, 3, 4, 5, 6, 7]",-0.0009765624999999985,0.0,10,0.8,"{""0000000111"": 1, ""0000111010"": 1, ""0010010000"": 1, ""0010010001"": 1, ""0010101011"": 1, ""0100100001"": 1, ""0101010000"": 1, ""0111110111"": 1, ""1000001011"": 1, ""1111001100"": 1}"
019e10ef-1958-7bb0-b370-c3c48ab35538,1,94,94,IIYXYZZYXY,YXYZZYXYII,"[0, 1, 2, 3, 4, 5, 6, 7]",0.0009765624999999985,0.0,10,-0.4,"{""0010010010"": 1, ""0010011101"": 1, ""0010011111"": 1, ""0101000111"": 1, ""0101100001"": 1, ""1010011011"": 1, ""1010100001"": 1, ""1101010010"": 1, ""1101100001"": 1, ""1110111110"": 1}"
019e10ef-1958-7bb0-b370-c3c48ab35538,1,95,95,IIYXYZZYYZ,ZYYZZYXYII,"[0, 1, 2, 3, 4, 5, 6, 7]",-0.0009765624999999985,0.0,10,0.8,"{""0000111100"": 1, ""0101010000"": 1, ""0101011001"": 1, ""0101100011"": 1, ""0111110101"": 1, ""0111111010"": 1, ""1000111001"": 1, ""1010011101"": 1, ""1100000101"": 1, ""1111000101"": 1}"
019e10ef-1958-7bb0-b370-c3c48ab35538,1,96,96,IIZIXIXIXZ,ZXIXIXIZII,"[0, 1, 3, 5, 7]",-0.0009765624999999985,0.0,10,0.8,"{""0000101101"": 1, ""0000110101"": 1, ""0100110110"": 1, ""0110100011"": 1, ""0111100011"": 1, ""1000000111"": 1, ""1001001101"": 1, ""1010010110"": 1, ""1010011000"": 1, ""1100110101"": 1}"
019e10ef-1958-7bb0-b370-c3c48ab35538,1,97,97,IIZIXIXIYY,YYIXIXIZII,"[0, 1, 3, 5, 7]",-0.0009765624999999985,0.0,10,0.8,"{""0001000000"": 1, ""0001001010"": 1, ""0011101110"": 1, ""0101100110"": 1, ""0111100011"": 1, ""1000111000"": 1, ""1010010111"": 1, ""1101000011"": 1, ""1110011000"": 1, ""1111010101"": 1}"
019e10ef-1958-7bb0-b370-c3c48ab35538,1,98,98,IIZIXIXZII,IIZXIXIZII,"[2, 3, 5, 7]",-0.0009765624999999985,0.0,10,0.4,"{""0001101111"": 1, ""0101110110"": 1, ""0110010111"": 1, ""1000110111"": 1, ""1001100001"": 1, ""1001111000"": 1, ""1011011111"": 1, ""1100110111"": 1, ""1101111011"": 1, ""1111101110"": 1}"
019e10ef-1958-7bb0-b370-c3c48ab35538,1,99,99,IIZIXIXZZX,XZZXIXIZII,"[0, 1, 2, 3, 5, 7]",-0.0009765624999999985,0.0,10,0.8,"{""0000000011"": 1, ""0100111011"": 1, ""0101001011"": 1, ""0111011011"": 1, ""1001000011"": 1, ""1001001111"": 1, ""1001111011"": 1, ""1100000000"": 1, ""1101001100"": 1, ""1110010111"": 1}"
019e10ef-1cdb-7b93-bd1e-f99edec1bb66,2,0,100,IIZIXIYXXY,YXXYIXIZII,"[0, 1, 2, 3, 5, 7]",-0.0009765624999999985,0.0,10,0.8,"{""0001110111"": 1, ""0110010111"": 1, ""0110101111"": 1, ""1010010001"": 1, ""1010011101"": 1, ""1011100000"": 1, ""1011101000"": 1, ""1100111011"": 1, ""1101000000"": 1, ""1110010001"": 1}"
019e10ef-1cdb-7b93-bd1e-f99edec1bb66,2,1,101,IIZIXIYXYZ,ZYXYIXIZII,"[0, 1, 2, 3, 5, 7]",0.0009765624999999985,0.0,10,-0.8,"{""0010011111"": 1, ""0110100000"": 1, ""0111101101"": 1, ""1000001011"": 1, ""1000110011"": 1, ""1000111010"": 1, ""1001000001"": 1, ""1001101100"": 1, ""1010011010"": 1, ""1011100100"": 1}"
019e10ef-1cdb-7b93-bd1e-f99edec1bb66,2,2,102,IIZIXIYYIX,XIYYIXIZII,"[0, 2, 3, 5, 7]",-0.0009765624999999985,0.0,10,0.6,"{""0000000111"": 1, ""0000110011"": 1, ""0010001100"": 1, ""0011010011"": 1, ""0011010100"": 1, ""0101110100"": 1, ""1000111111"": 1, ""1011101011"": 1, ""1100111000"": 1, ""1101111011"": 1}"
019e10ef-1cdb-7b93-bd1e-f99edec1bb66,2,3,103,IIZIXIYYZI,IZYYIXIZII,"[1, 2, 3, 5, 7]",-0.0009765624999999985,0.0,10,1.0,"{""0010011110"": 1, ""0011100000"": 1, ""0110010011"": 1, ""0110101010"": 1, ""0111100000"": 1, ""1010011000"": 1, ""1011110110"": 1, ""1100110101"": 1, ""1110011000"": 1, ""1111100111"": 1}"
019e10ef-1cdb-7b93-bd1e-f99edec1bb66,2,4,104,IIZIXZIIII,IIIIZXIZII,"[4, 5, 7]",-0.0009765624999999985,0.0,10,1.0,"{""0010011110"": 1, ""0110100100"": 1, ""0111100111"": 1, ""1000111011"": 1, ""1001000101"": 1, ""1010100111"": 1, ""1100110000"": 1, ""1101110111"": 1, ""1101111111"": 1, ""1111010111"": 1}"
019e10ef-1cdb-7b93-bd1e-f99edec1bb66,2,5,105,IIZIXZIIZX,XZIIZXIZII,"[0, 1, 4, 5, 7]",-0.0009765624999999985,0.0,10,0.8,"{""0000100000"": 1, ""0000111011"": 1, ""0001110111"": 1, ""0011010100"": 1, ""0011101011"": 1, ""1010100011"": 1, ""1011010111"": 1, ""1100110111"": 1, ""1101001100"": 1, ""1111011111"": 1}"
019e10ef-1cdb-7b93-bd1e-f99edec1bb66,2,6,106,IIZIXZIZXZ,ZXZIZXIZII,"[0, 1, 2, 4, 5, 7]",-0.0009765624999999985,0.0,10,0.2,"{""0001001000"": 1, ""0001001111"": 1, ""0010011011"": 1, ""0110101110"": 1, ""1000101000"": 1, ""1010001011"": 1, ""1010010000"": 1, ""1010100011"": 1, ""1100001011"": 1, ""1110000000"": 1}"
019e10ef-1cdb-7b93-bd1e-f99edec1bb66,2,7,107,IIZIXZIZYY,YYZIZXIZII,"[0, 1, 2, 4, 5, 7]",-0.0009765624999999985,0.0,10,1.0,"{""0000110110"": 1, ""0001001101"": 1, ""0011011011"": 1, ""0100111101"": 1, ""0101111011"": 1, ""0110101000"": 1, ""1011010000"": 1, ""1011010110"": 1, ""1100000011"": 1, ""1100000110"": 1}"
019e10ef-1cdb-7b93-bd1e-f99edec1bb66,2,8,108,IIZIXZZXIX,XIXZZXIZII,"[0, 2, 3, 4, 5, 7]",-0.0009765624999999985,0.0,10,0.8,"{""0010101100"": 1, ""0100110000"": 1, ""0100111011"": 1, ""0101111011"": 1, ""0110010000"": 1, ""1000111100"": 1, ""1011011010"": 1, ""1101001011"": 1, ""1101111011"": 1, ""1111101011"": 1}"
019e10ef-1cdb-7b93-bd1e-f99edec1bb66,2,9,109,IIZIXZZXZI,IZXZZXIZII,"[1, 2, 3, 4, 5, 7]",-0.0009765624999999985,0.0,10,1.0,"{""0000000110"": 1, ""0010100110"": 1, ""0010100111"": 1, ""0010101101"": 1, ""0011101101"": 1, ""0101001011"": 1, ""0111101011"": 1, ""1000110110"": 1, ""1000111100"": 1, ""1011011101"": 1}"
019e10ef-1cdb-7b93-bd1e-f99edec1bb66,2,10,110,IIZIXZZYXY,YXYZZXIZII,"[0, 1, 2, 3, 4, 5, 7]",0.0009765624999999985,0.0,10,-0.8,"{""0000001100"": 1, ""0000001110"": 1, ""0011011011"": 1, ""0100000001"": 1, ""1001000001"": 1, ""1001001110"": 1, ""1001110100"": 1, ""1011011110"": 1, ""1101110100"": 1, ""1111011101"": 1}"
019e10ef-1cdb-7b93-bd1e-f99edec1bb66,2,11,111,IIZIXZZYYZ,ZYYZZXIZII,"[0, 1, 2, 3, 4, 5, 7]",-0.0009765624999999985,0.0,10,1.0,"{""0010011100"": 1, ""0011101001"": 1, ""0100110110"": 1, ""0101110000"": 1, ""0110101100"": 1, ""1001000000"": 1, ""1010000100"": 1, ""1010010011"": 1, ""1010010110"": 1, ""1110010011"": 1}"
019e10ef-1cdb-7b93-bd1e-f99edec1bb66,2,12,112,IIZIYXXXXY,YXXXXYIZII,"[0, 1, 2, 3, 4, 5, 7]",-0.0009765624999999985,0.0,10,-0.2,"{""0100001011"": 1, ""0100111110"": 1, ""0101001111"": 1, ""0101011010"": 1, ""0111010011"": 1, ""1001111111"": 1, ""1011000011"": 1, ""1100100100"": 1, ""1101111101"": 1, ""1111110000"": 1}"
019e10ef-1cdb-7b93-bd1e-f99edec1bb66,2,13,113,IIZIYXXXYZ,ZYXXXYIZII,"[0, 1, 2, 3, 4, 5, 7]",0.0009765624999999985,0.0,10,-0.8,"{""0010100111"": 1, ""0011001010"": 1, ""0011111111"": 1, ""0111101011"": 1, ""1000011000"": 1, ""1011010010"": 1, ""1100000001"": 1, ""1101101010"": 1, ""1110110101"": 1, ""1110110110"": 1}"
019e10ef-1cdb-7b93-bd1e-f99edec1bb66,2,14,114,IIZIYXXYIX,XIYXXYIZII,"[0, 2, 3, 4, 5, 7]",-0.0009765624999999985,0.0,10,0.8,"{""0010110110"": 1, ""0011011011"": 1, ""0100000011"": 1, ""0111001000"": 1, ""1010110011"": 1, ""1011010111"": 1, ""1100000000"": 1, ""1110011011"": 1, ""1110100111"": 1, ""1111001101"": 1}"
019e10ef-1cdb-7b93-bd1e-f99edec1bb66,2,15,115,IIZIYXXYZI,IZYXXYIZII,"[1, 2, 3, 4, 5, 7]",-0.0009765624999999985,0.0,10,0.6,"{""0000110000"": 1, ""0001000000"": 1, ""0001010011"": 1, ""0010111110"": 1, ""0101100010"": 1, ""1000010100"": 1, ""1000101010"": 1, ""1001100011"": 1, ""1100111001"": 1, ""1111001111"": 1}"
019e10ef-1cdb-7b93-bd1e-f99edec1bb66,2,16,116,IIZIYXYIXZ,ZXIYXYIZII,"[0, 1, 3, 4, 5, 7]",0.0009765624999999985,0.0,10,-0.8,"{""0110010101"": 1, ""0110010110"": 1, ""0111011011"": 1, ""1001001101"": 1, ""1010000011"": 1, ""1100000101"": 1, ""1101101010"": 1, ""1110001101"": 1, ""1111010110"": 2}"
019e10ef-1cdb-7b93-bd1e-f99edec1bb66,2,17,117,IIZIYXYIYY,YYIYXYIZII,"[0, 1, 3, 4, 5, 7]",0.0009765624999999985,0.0,10,-0.4,"{""0000100000"": 1, ""0000101110"": 1, ""0001010000"": 1, ""0010000011"": 1, ""0010001101"": 1, ""0010100101"": 1, ""0011100000"": 1, ""0101001110"": 1, ""0110101011"": 1, ""1010101110"": 1}"
019e10ef-1cdb-7b93-bd1e-f99edec1bb66,2,18,118,IIZIYXYZII,IIZYXYIZII,"[2, 3, 4, 5, 7]",0.0009765624999999985,0.0,10,-0.6,"{""0000010100"": 1, ""0000100010"": 1, ""0010111100"": 1, ""0011001100"": 1, ""0101111010"": 1, ""0110101011"": 1, ""1000100000"": 1, ""1010000010"": 1, ""1010011101"": 1, ""1101111000"": 1}"
019e10ef-1cdb-7b93-bd1e-f99edec1bb66,2,19,119,IIZIYXYZZX,XZZYXYIZII,"[0, 1, 2, 3, 4, 5, 7]",0.0009765624999999985,0.0,10,-0.8,"{""0100011000"": 1, ""0100011100"": 1, ""0111101011"": 1, ""0111110011"": 1, ""1010001111"": 1, ""1101111011"": 1, ""1110111100"": 1, ""1111001111"": 1, ""1111010111"": 1, ""1111011000"": 1}"
019e10ef-1cdb-7b93-bd1e-f99edec1bb66,2,20,120,IIZIYYIXIX,XIXIYYIZII,"[0, 2, 4, 5, 7]",-0.0009765624999999985,0.0,10,1.0,"{""0000011100"": 1, ""0010010111"": 1, ""0011100000"": 1, ""0100101100"": 1, ""0100110000"": 1, ""0101101100"": 1, ""1010100000"": 1, ""1011111011"": 1, ""1100110111"": 1, ""1110010111"": 1}"
019e10ef-1cdb-7b93-bd1e-f99edec1bb66,2,21,121,IIZIYYIXZI,IZXIYYIZII,"[1, 2, 4, 5, 7]",-0.0009765624999999985,0.0,10,1.0,"{""0000110000"": 1, ""0011001101"": 1, ""0101000110"": 1, ""0101011010"": 1, ""0111100111"": 1, ""1000000111"": 2, ""1010001011"": 1, ""1100011101"": 1, ""1101110001"": 1}"
019e10ef-1cdb-7b93-bd1e-f99edec1bb66,2,22,122,IIZIYYIYXY,YXYIYYIZII,"[0, 1, 2, 4, 5, 7]",0.0009765624999999985,0.0,10,-0.4,"{""0010100010"": 1, ""0010110001"": 1, ""0011111011"": 1, ""0100010100"": 1, ""0100011000"": 1, ""0101011101"": 1, ""0110100100"": 1, ""1001000111"": 1, ""1010111000"": 1, ""1011100101"": 1}"
019e10ef-1cdb-7b93-bd1e-f99edec1bb66,2,23,123,IIZIYYIYYZ,ZYYIYYIZII,"[0, 1, 2, 4, 5, 7]",-0.0009765624999999985,0.0,10,0.8,"{""0001000000"": 1, ""0100011010"": 1, ""0110010000"": 1, ""0111010110"": 1, ""1001000011"": 1, ""1011010000"": 1, ""1011100011"": 1, ""1011111010"": 1, ""1111011111"": 1, ""1111111001"": 1}"
019e10ef-1cdb-7b93-bd1e-f99edec1bb66,2,24,124,IIZIYYZIII,IIIZYYIZII,"[3, 4, 5, 7]",-0.0009765624999999985,0.0,10,0.6,"{""0001011100"": 1, ""0011011011"": 1, ""1011001001"": 1, ""1011101001"": 1, ""1100110111"": 1, ""1101000010"": 1, ""1110111001"": 1, ""1110111111"": 1, ""1111100001"": 1, ""1111100110"": 1}"
019e10ef-1cdb-7b93-bd1e-f99edec1bb66,2,25,125,IIZIYYZIZX,XZIZYYIZII,"[0, 1, 3, 4, 5, 7]",-0.0009765624999999985,0.0,10,0.8,"{""0010001011"": 1, ""0010010111"": 1, ""0010111100"": 1, ""0101110111"": 1, ""1001111011"": 1, ""1011010011"": 1, ""1011010111"": 1, ""1011111000"": 1, ""1101101111"": 1, ""1111100011"": 1}"
019e10ef-1cdb-7b93-bd1e-f99edec1bb66,2,26,126,IIZIYYZZXZ,ZXZZYYIZII,"[0, 1, 2, 3, 4, 5, 7]",-0.0009765624999999985,0.0,10,0.8,"{""0001101110"": 1, ""0010100011"": 1, ""0101000000"": 1, ""0111001110"": 1, ""0111010000"": 1, ""1000110011"": 1, ""1101101000"": 1, ""1110010110"": 1, ""1111010111"": 1, ""1111100101"": 1}"
019e10ef-1cdb-7b93-bd1e-f99edec1bb66,2,27,127,IIZIYYZZYY,YYZZYYIZII,"[0, 1, 2, 3, 4, 5, 7]",-0.0009765624999999985,0.0,10,0.6,"{""0001101110"": 1, ""0011111000"": 1, ""0111001011"": 1, ""1000101101"": 1, ""1001000101"": 1, ""1101000011"": 1, ""1101000110"": 1, ""1101011001"": 1, ""1110111001"": 1, ""1111001000"": 1}"
019e10ef-1cdb-7b93-bd1e-f99edec1bb66,2,28,128,IZIXIIIIII,IIIIIIXIZI,"[6, 8]",-0.0009765624999999985,0.0,10,1.0,"{""0010000001"": 1, ""0010011011"": 1, ""0111110011"": 1, ""1010101000"": 1, ""1101001101"": 1, ""1101010100"": 1, ""1101011110"": 1, ""1101111011"": 1, ""1111010010"": 1, ""1111111111"": 1}"
019e10ef-1cdb-7b93-bd1e-f99edec1bb66,2,29,129,IZIXIIIIZX,XZIIIIXIZI,"[0, 1, 6, 8]",-0.0009765624999999985,0.0,10,1.0,"{""0000011111"": 1, ""0000111000"": 1, ""0010010000"": 1, ""0101000111"": 1, ""0111000000"": 1, ""1010010111"": 1, ""1010100111"": 1, ""1101110011"": 1, ""1101110111"": 1, ""1111000111"": 1}"
019e10ef-1cdb-7b93-bd1e-f99edec1bb66,2,30,130,IZIXIIIZXZ,ZXZIIIXIZI,"[0, 1, 2, 6, 8]",-0.0009765624999999985,0.0,10,0.6,"{""0000100011"": 1, ""0000101000"": 1, ""0000101101"": 1, ""0101001110"": 1, ""0111011101"": 1, ""0111111101"": 1, ""0111111110"": 1, ""1000110111"": 1, ""1010000101"": 1, ""1110001000"": 1}"
019e10ef-1cdb-7b93-bd1e-f99edec1bb66,2,31,131,IZIXIIIZYY,YYZIIIXIZI,"[0, 1, 2, 6, 8]",-0.0009765624999999985,0.0,10,1.0,"{""0000101011"": 1, ""0101010000"": 1, ""0101101000"": 1, ""0111110110"": 1, ""1000100011"": 1, ""1010011011"": 1, ""1010101101"": 1, ""1101000011"": 1, ""1101110101"": 1, ""1111000000"": 1}"
019e10ef-1cdb-7b93-bd1e-f99edec1bb66,2,32,132,IZIXIIZXIX,XIXZIIXIZI,"[0, 2, 3, 6, 8]",-0.0009765624999999985,0.0,10,1.0,"{""0010010111"": 2, ""0010110111"": 1, ""0010111100"": 1, ""0101010000"": 1, ""0101110111"": 1, ""0111001011"": 1, ""1000011011"": 1, ""1101010000"": 1, ""1111010111"": 1}"
019e10ef-1cdb-7b93-bd1e-f99edec1bb66,2,33,133,IZIXIIZXZI,IZXZIIXIZI,"[1, 2, 3, 6, 8]",-0.0009765624999999985,0.0,10,0.8,"{""0000110111"": 1, ""0001100001"": 1, ""0101010001"": 1, ""0101010110"": 1, ""0101100000"": 1, ""0111001011"": 1, ""0111110000"": 1, ""1000010000"": 1, ""1000100001"": 1, ""1010011100"": 1}"
019e10ef-1cdb-7b93-bd1e-f99edec1bb66,2,34,134,IZIXIIZYXY,YXYZIIXIZI,"[0, 1, 2, 3, 6, 8]",0.0009765624999999985,0.0,10,-0.6,"{""0000100100"": 1, ""0000101110"": 1, ""0001100001"": 1, ""0010011000"": 1, ""0101111111"": 1, ""0111100100"": 1, ""1000100100"": 1, ""1101010100"": 1, ""1101101011"": 1, ""1101110010"": 1}"
019e10ef-1cdb-7b93-bd1e-f99edec1bb66,2,35,135,IZIXIIZYYZ,ZYYZIIXIZI,"[0, 1, 2, 3, 6, 8]",-0.0009765624999999985,0.0,10,1.0,"{""0000001010"": 1, ""0000110011"": 1, ""0000111100"": 1, ""0010001001"": 1, ""0010010110"": 1, ""0011001011"": 1, ""0111100000"": 1, ""1000100110"": 1, ""1010000101"": 1, ""1111100101"": 1}"
019e10ef-1cdb-7b93-bd1e-f99edec1bb66,2,36,136,IZIXIZXIXZ,ZXIXZIXIZI,"[0, 1, 3, 4, 6, 8]",-0.0009765624999999985,0.0,10,0.4,"{""0101010101"": 1, ""0111000110"": 1, ""1000010101"": 1, ""1000100000"": 1, ""1000101000"": 1, ""1000101100"": 1, ""1000110101"": 1, ""1010011000"": 1, ""1101010110"": 1, ""1101100000"": 1}"
019e10ef-1cdb-7b93-bd1e-f99edec1bb66,2,37,137,IZIXIZXIYY,YYIXZIXIZI,"[0, 1, 3, 4, 6, 8]",-0.0009765624999999985,0.0,10,0.6,"{""0000010101"": 2, ""0000111011"": 1, ""0010001011"": 1, ""0101100000"": 1, ""1010001110"": 2, ""1011110000"": 1, ""1101011010"": 1, ""1101110101"": 1}"
019e10ef-1cdb-7b93-bd1e-f99edec1bb66,2,38,138,IZIXIZXZII,IIZXZIXIZI,"[2, 3, 4, 6, 8]",-0.0009765624999999985,0.0,10,0.4,"{""0000100011"": 1, ""0000111111"": 1, ""1000100000"": 1, ""1010001110"": 1, ""1010101110"": 1, ""1010111000"": 1, ""1101101010"": 1, ""1111000010"": 1, ""1111010001"": 1, ""1111100001"": 1}"
019e10ef-1cdb-7b93-bd1e-f99edec1bb66,2,39,139,IZIXIZXZZX,XZZXZIXIZI,"[0, 1, 2, 3, 4, 6, 8]",-0.0009765624999999985,0.0,10,0.2,"{""0010000001"": 1, ""0010010100"": 1, ""0101000111"": 1, ""1000001100"": 1, ""1000111111"": 1, ""1010100000"": 1, ""1101010100"": 1, ""1111000111"": 1, ""1111110111"": 2}"
019e10ef-1cdb-7b93-bd1e-f99edec1bb66,2,40,140,IZIXIZYXXY,YXXYZIXIZI,"[0, 1, 2, 3, 4, 6, 8]",-0.0009765624999999985,0.0,10,0.4,"{""0010101011"": 1, ""0111000110"": 1, ""0111001111"": 1, ""0111101010"": 1, ""1000000100"": 1, ""1010100110"": 1, ""1010101000"": 1, ""1101000000"": 1, ""1101011000"": 1, ""1101111011"": 1}"
019e10ef-1cdb-7b93-bd1e-f99edec1bb66,2,41,141,IZIXIZYXYZ,ZYXYZIXIZI,"[0, 1, 2, 3, 4, 6, 8]",0.0009765624999999985,0.0,10,-0.6,"{""0010100010"": 1, ""0101010001"": 1, ""0101011111"": 1, ""1000100110"": 1, ""1000101110"": 1, ""1010010000"": 1, ""1010100010"": 1, ""1101011010"": 1, ""1111001011"": 1, ""1111011111"": 1}"
019e10ef-1cdb-7b93-bd1e-f99edec1bb66,2,42,142,IZIXIZYYIX,XIYYZIXIZI,"[0, 2, 3, 4, 6, 8]",-0.0009765624999999985,0.0,10,1.0,"{""0000010100"": 2, ""0000110100"": 1, ""0000111000"": 1, ""0010100111"": 1, ""0111001011"": 1, ""0111011111"": 1, ""1000010011"": 1, ""1000110011"": 1, ""1101010011"": 1}"
019e10ef-1cdb-7b93-bd1e-f99edec1bb66,2,43,143,IZIXIZYYZI,IZYYZIXIZI,"[1, 2, 3, 4, 6, 8]",-0.0009765624999999985,0.0,10,0.8,"{""0000100111"": 1, ""0010011111"": 1, ""0010111000"": 1, ""0101101011"": 1, ""0111011001"": 1, ""0111011100"": 1, ""0111110100"": 1, ""1000010010"": 1, ""1111011000"": 1, ""1111100110"": 1}"
019e10ef-1cdb-7b93-bd1e-f99edec1bb66,2,44,144,IZIXZXIXIX,XIXIXZXIZI,"[0, 2, 4, 5, 6, 8]",-0.0009765624999999985,0.0,10,0.4,"{""0010110111"": 1, ""0111000000"": 1, ""0111101100"": 1, ""1000000000"": 1, ""1000110001"": 1, ""1001110111"": 1, ""1010101011"": 1, ""1101101101"": 1, ""1101110111"": 1, ""1111110000"": 1}"
019e10ef-1cdb-7b93-bd1e-f99edec1bb66,2,45,145,IZIXZXIXZI,IZXIXZXIZI,"[1, 2, 4, 5, 6, 8]",-0.0009765624999999985,0.0,10,0.6,"{""0000101101"": 1, ""0011011011"": 1, ""0111001100"": 1, ""1000101100"": 1, ""1010011101"": 1, ""1101101010"": 1, ""1101101101"": 1, ""1101110110"": 1, ""1111011011"": 2}"
019e10ef-1cdb-7b93-bd1e-f99edec1bb66,2,46,146,IZIXZXIYXY,YXYIXZXIZI,"[0, 1, 2, 4, 5, 6, 8]",0.0009765624999999985,0.0,10,-0.8,"{""0010001000"": 1, ""0101000100"": 1, ""0111110001"": 1, ""1000011011"": 1, ""1010000100"": 1, ""1010101000"": 1, ""1010101011"": 1, ""1111000100"": 1, ""1111011101"": 1, ""1111110010"": 1}"
019e10ef-1cdb-7b93-bd1e-f99edec1bb66,2,47,147,IZIXZXIYYZ,ZYYIXZXIZI,"[0, 1, 2, 4, 5, 6, 8]",-0.0009765624999999985,0.0,10,0.6,"{""0000000111"": 1, ""0010000101"": 1, ""0010101100"": 1, ""0101011010"": 1, ""1000000110"": 1, ""1000110000"": 1, ""1000110110"": 1, ""1010110101"": 1, ""1010110111"": 1, ""1111100100"": 1}"
019e10ef-1cdb-7b93-bd1e-f99edec1bb66,2,48,148,IZIXZXZIII,IIIZXZXIZI,"[3, 4, 5, 6, 8]",-0.0009765624999999985,0.0,10,1.0,"{""0010011010"": 1, ""0101000001"": 1, ""0101110001"": 1, ""0101110100"": 1, ""1000101111"": 1, ""1000110011"": 1, ""1010011011"": 1, ""1010011111"": 1, ""1101011010"": 1, ""1111000111"": 1}"
019e10ef-1cdb-7b93-bd1e-f99edec1bb66,2,49,149,IZIXZXZIZX,XZIZXZXIZI,"[0, 1, 3, 4, 5, 6, 8]",-0.0009765624999999985,0.0,10,0.8,"{""0010110111"": 1, ""0101000111"": 1, ""0101011100"": 1, ""0111000011"": 2, ""1010011100"": 1, ""1010110100"": 1, ""1100000100"": 1, ""1101000000"": 1, ""1111011111"": 1}"
019e10ef-1cdb-7b93-bd1e-f99edec1bb66,2,50,150,IZIXZXZZXZ,ZXZZXZXIZI,"[0, 1, 2, 3, 4, 5, 6, 8]",-0.0009765624999999985,0.0,10,0.8,"{""0010110000"": 1, ""0101000110"": 1, ""0101101101"": 1, ""0111011110"": 1, ""0111011111"": 1, ""0111101110"": 1, ""1000000011"": 1, ""1010000000"": 1, ""1101110110"": 1, ""1111101011"": 1}"
019e10ef-1cdb-7b93-bd1e-f99edec1bb66,2,51,151,IZIXZXZZYY,YYZZXZXIZI,"[0, 1, 2, 3, 4, 5, 6, 8]",-0.0009765624999999985,0.0,10,0.6,"{""0000000011"": 1, ""0010000110"": 1, ""0101000110"": 1, ""0101010011"": 1, ""0101011110"": 1, ""0111000100"": 1, ""0111000101"": 1, ""1000110101"": 1, ""1101101110"": 1, ""1101110000"": 1}"
019e10ef-1cdb-7b93-bd1e-f99edec1bb66,2,52,152,IZIXZYXXXY,YXXXYZXIZI,"[0, 1, 2, 3, 4, 5, 6, 8]",0.0009765624999999985,0.0,10,0.0,"{""0000101010"": 1, ""0010000011"": 1, ""0010011101"": 1, ""0010101110"": 1, ""0110001001"": 1, ""0111001000"": 1, ""0111101000"": 1, ""0111110111"": 1, ""1100111110"": 1, ""1101110010"": 1}"
019e10ef-1cdb-7b93-bd1e-f99edec1bb66,2,53,153,IZIXZYXXYZ,ZYXXYZXIZI,"[0, 1, 2, 3, 4, 5, 6, 8]",-0.0009765624999999985,0.0,10,0.6,"{""0000001111"": 1, ""0010100001"": 1, ""0100000111"": 1, ""0111001010"": 1, ""0111010000"": 1, ""1010011000"": 1, ""1010111111"": 1, ""1101101101"": 1, ""1110100100"": 1, ""1111110000"": 1}"
019e10ef-1cdb-7b93-bd1e-f99edec1bb66,2,54,154,IZIXZYXYIX,XIYXYZXIZI,"[0, 2, 3, 4, 5, 6, 8]",0.0009765624999999985,0.0,10,-1.0,"{""0000011100"": 1, ""0000110011"": 1, ""0010010000"": 1, ""0101011011"": 1, ""0101111111"": 1, ""0111000011"": 1, ""1010010000"": 1, ""1010010111"": 1, ""1010111111"": 1, ""1111101100"": 1}"
019e10ef-1cdb-7b93-bd1e-f99edec1bb66,2,55,155,IZIXZYXYZI,IZYXYZXIZI,"[1, 2, 3, 4, 5, 6, 8]",0.0009765624999999985,0.0,10,-0.4,"{""0010001000"": 1, ""0010101011"": 1, ""0111000001"": 1, ""0111010111"": 1, ""0111011100"": 1, ""1000101000"": 1, ""1010111111"": 1, ""1011100110"": 1, ""1101101010"": 1, ""1111101101"": 1}"
019e10ef-1cdb-7b93-bd1e-f99edec1bb66,2,56,156,IZIXZYYIXZ,ZXIYYZXIZI,"[0, 1, 3, 4, 5, 6, 8]",-0.0009765624999999985,0.0,10,0.4,"{""0000011011"": 1, ""0000101000"": 1, ""0000101010"": 1, ""0000110011"": 1, ""1010001000"": 1, ""1010011011"": 1, ""1111001101"": 1, ""1111010101"": 1, ""1111011001"": 1, ""1111101000"": 1}"
019e10ef-1cdb-7b93-bd1e-f99edec1bb66,2,57,157,IZIXZYYIYY,YYIYYZXIZI,"[0, 1, 3, 4, 5, 6, 8]",-0.0009765624999999985,0.0,10,0.4,"{""0000101110"": 1, ""0010100011"": 1, ""0101000000"": 1, ""0101011000"": 1, ""0101111101"": 1, ""0111111101"": 1, ""0111111110"": 1, ""1000011001"": 1, ""1010010101"": 1, ""1101010101"": 1}"
019e10ef-1cdb-7b93-bd1e-f99edec1bb66,2,58,158,IZIXZYYZII,IIZYYZXIZI,"[2, 3, 4, 5, 6, 8]",-0.0009765624999999985,0.0,10,0.6,"{""0010000101"": 1, ""0101110001"": 1, ""1000000010"": 1, ""1000100110"": 1, ""1010011011"": 1, ""1101001010"": 1, ""1101010101"": 1, ""1111001110"": 1, ""1111101000"": 1, ""1111101011"": 1}"
019e10ef-1cdb-7b93-bd1e-f99edec1bb66,2,59,159,IZIXZYYZZX,XZZYYZXIZI,"[0, 1, 2, 3, 4, 5, 6, 8]",-0.0009765624999999985,0.0,10,0.6,"{""0000000000"": 1, ""0000101011"": 1, ""0010101000"": 1, ""0111101011"": 1, ""1000000000"": 1, ""1010101011"": 1, ""1101000011"": 1, ""1101101001"": 1, ""1110010100"": 1, ""1111100111"": 1}"
019e10ef-1cdb-7b93-bd1e-f99edec1bb66,2,60,160,IZXIIXIXIX,XIXIXIIXZI,"[0, 2, 4, 7, 8]",-0.0009765624999999985,0.0,10,1.0,"{""0001000000"": 1, ""0011110111"": 1, ""0100101011"": 1, ""0100110111"": 1, ""0110000000"": 1, ""0110000111"": 1, ""0110011011"": 1, ""0111000111"": 1, ""1000000111"": 1, ""1010110111"": 1}"
019e10ef-1cdb-7b93-bd1e-f99edec1bb66,2,61,161,IZXIIXIXZI,IZXIXIIXZI,"[1, 2, 4, 7, 8]",-0.0009765624999999985,0.0,10,0.8,"{""0001011010"": 1, ""0011110110"": 1, ""0100110000"": 1, ""0101101100"": 1, ""1000011100"": 1, ""1010110110"": 1, ""1111000010"": 1, ""1111000110"": 1, ""1111000111"": 1, ""1111011100"": 1}"
019e10ef-1cdb-7b93-bd1e-f99edec1bb66,2,62,162,IZXIIXIYXY,YXYIXIIXZI,"[0, 1, 2, 4, 7, 8]",0.0009765624999999985,0.0,10,-0.6,"{""0000001010"": 1, ""0000101110"": 1, ""0001000010"": 1, ""0010110001"": 1, ""0010110111"": 1, ""0011110111"": 1, ""0101110001"": 1, ""1100011101"": 1, ""1100101110"": 1, ""1101101011"": 1}"
019e10ef-1cdb-7b93-bd1e-f99edec1bb66,2,63,163,IZXIIXIYYZ,ZYYIXIIXZI,"[0, 1, 2, 4, 7, 8]",-0.0009765624999999985,0.0,10,1.0,"{""0011101100"": 1, ""0100110011"": 2, ""0110110010"": 1, ""0111011100"": 1, ""1001000011"": 1, ""1001000110"": 1, ""1100110110"": 1, ""1101101010"": 1, ""1110000110"": 1}"
019e10ef-1cdb-7b93-bd1e-f99edec1bb66,2,64,164,IZXIIXZIII,IIIZXIIXZI,"[3, 4, 7, 8]",-0.0009765624999999985,0.0,10,0.8,"{""0100110101"": 1, ""0110011000"": 1, ""1001000100"": 1, ""1001000101"": 1, ""1001001011"": 1, ""1001011010"": 1, ""1100101101"": 1, ""1100110110"": 1, ""1110000001"": 1, ""1111000001"": 1}"
019e10ef-1cdb-7b93-bd1e-f99edec1bb66,2,65,165,IZXIIXZIZX,XZIZXIIXZI,"[0, 1, 3, 4, 7, 8]",-0.0009765624999999985,0.0,10,0.8,"{""0000010100"": 1, ""0001011111"": 1, ""0010101100"": 1, ""0101101000"": 1, ""0111000100"": 1, ""1001011011"": 1, ""1010101011"": 1, ""1011101100"": 1, ""1110011011"": 1, ""1111011100"": 1}"
019e10ef-1cdb-7b93-bd1e-f99edec1bb66,2,66,166,IZXIIXZZXZ,ZXZZXIIXZI,"[0, 1, 2, 3, 4, 7, 8]",-0.0009765624999999985,0.0,10,1.0,"{""0001000101"": 1, ""0010101011"": 1, ""0101101011"": 1, ""0101110000"": 1, ""1001000110"": 1, ""1010101000"": 1, ""1101110110"": 1, ""1110000011"": 1, ""1111000000"": 1, ""1111000011"": 1}"
019e10ef-1cdb-7b93-bd1e-f99edec1bb66,2,67,167,IZXIIXZZYY,YYZZXIIXZI,"[0, 1, 2, 3, 4, 7, 8]",-0.0009765624999999985,0.0,10,1.0,"{""0001000110"": 1, ""0011110011"": 1, ""0100110101"": 1, ""0110000101"": 1, ""0110000110"": 1, ""0111001100"": 1, ""1001000101"": 1, ""1100110101"": 1, ""1101110000"": 1, ""1101110101"": 1}"
019e10ef-1cdb-7b93-bd1e-f99edec1bb66,2,68,168,IZXIIYXXXY,YXXXYIIXZI,"[0, 1, 2, 3, 4, 7, 8]",0.0009765624999999985,0.0,10,-0.6,"{""0000011010"": 1, ""0001000001"": 1, ""0010101011"": 1, ""0100111010"": 1, ""0111000100"": 1, ""0111010110"": 1, ""1101100000"": 1, ""1110001000"": 1, ""1110001101"": 1, ""1110010000"": 1}"
019e10ef-1cdb-7b93-bd1e-f99edec1bb66,2,69,169,IZXIIYXXYZ,ZYXXYIIXZI,"[0, 1, 2, 3, 4, 7, 8]",-0.0009765624999999985,0.0,10,0.4,"{""0000000100"": 1, ""0010111010"": 1, ""0011111100"": 1, ""0101100100"": 1, ""1001010111"": 1, ""1100100010"": 1, ""1100100100"": 1, ""1100110010"": 1, ""1101110001"": 1, ""1110010111"": 1}"
019e10ef-1cdb-7b93-bd1e-f99edec1bb66,2,70,170,IZXIIYXYIX,XIYXYIIXZI,"[0, 2, 3, 4, 7, 8]",0.0009765624999999985,0.0,10,-1.0,"{""0000011100"": 1, ""0010101011"": 1, ""0011100000"": 1, ""0100100000"": 1, ""0100101100"": 1, ""0101101100"": 1, ""0110011100"": 1, ""1011110100"": 1, ""1101101100"": 1, ""1101111101"": 1}"
019e10ef-1cdb-7b93-bd1e-f99edec1bb66,2,71,171,IZXIIYXYZI,IZYXYIIXZI,"[1, 2, 3, 4, 7, 8]",0.0009765624999999985,0.0,10,-0.8,"{""0001011010"": 1, ""0010101010"": 1, ""0010101101"": 1, ""0011100110"": 1, ""0110010101"": 1, ""0110010110"": 1, ""1010110100"": 1, ""1100111111"": 1, ""1110001110"": 1, ""1111001110"": 1}"
019e10ef-1cdb-7b93-bd1e-f99edec1bb66,2,72,172,IZXIIYYIXZ,ZXIYYIIXZI,"[0, 1, 3, 4, 7, 8]",-0.0009765624999999985,0.0,10,0.8,"{""0001001001"": 1, ""0010110000"": 1, ""0010111110"": 1, ""0011101011"": 1, ""0011111000"": 1, ""0101110000"": 1, ""1000011011"": 1, ""1010100101"": 1, ""1010110011"": 1, ""1111011000"": 1}"
019e10ef-1cdb-7b93-bd1e-f99edec1bb66,2,73,173,IZXIIYYIYY,YYIYYIIXZI,"[0, 1, 3, 4, 7, 8]",-0.0009765624999999985,0.0,10,0.6,"{""0000000101"": 1, ""0100101011"": 1, ""0100110000"": 1, ""0110010101"": 1, ""1000010101"": 1, ""1000010110"": 1, ""1010110011"": 1, ""1011101000"": 1, ""1101100000"": 1, ""1101110011"": 1}"
019e10ef-1cdb-7b93-bd1e-f99edec1bb66,2,74,174,IZXIIYYZII,IIZYYIIXZI,"[2, 3, 4, 7, 8]",-0.0009765624999999985,0.0,10,0.6,"{""0001010100"": 2, ""0011111100"": 1, ""0011111111"": 1, ""0100000110"": 1, ""0100100001"": 1, ""0101111101"": 1, ""1010111101"": 1, ""1100100001"": 1, ""1101101000"": 1}"
019e10ef-1cdb-7b93-bd1e-f99edec1bb66,2,75,175,IZXIIYYZZX,XZZYYIIXZI,"[0, 1, 2, 3, 4, 7, 8]",-0.0009765624999999985,0.0,10,0.8,"{""0001010111"": 1, ""0101011011"": 1, ""0101100111"": 1, ""0101101011"": 1, ""0110010111"": 1, ""1000001111"": 1, ""1010101000"": 1, ""1100110011"": 1, ""1110000011"": 1, ""1111011000"": 1}"
019e10ef-1cdb-7b93-bd1e-f99edec1bb66,2,76,176,IZXIZIIIII,IIIIIZIXZI,"[5, 7, 8]",-0.0009765624999999985,0.0,10,1.0,"{""0010100111"": 1, ""0110011011"": 1, ""1000001010"": 1, ""1000010110"": 1, ""1001000011"": 1, ""1001001001"": 1, ""1001010010"": 1, ""1101110000"": 1, ""1101111110"": 1, ""1111011100"": 1}"
019e10ef-1cdb-7b93-bd1e-f99edec1bb66,2,77,177,IZXIZIIIZX,XZIIIZIXZI,"[0, 1, 5, 7, 8]",-0.0009765624999999985,0.0,10,0.6,"{""0001010100"": 1, ""0100010000"": 1, ""0101100100"": 1, ""0110010111"": 1, ""0111000011"": 1, ""0111000111"": 2, ""1000001111"": 1, ""1001011101"": 1, ""1010110000"": 1}"
019e10ef-1cdb-7b93-bd1e-f99edec1bb66,2,78,178,IZXIZIIZXZ,ZXZIIZIXZI,"[0, 1, 2, 5, 7, 8]",-0.0009765624999999985,0.0,10,1.0,"{""0010101110"": 1, ""0100110101"": 1, ""0101111000"": 1, ""0110000101"": 1, ""0110010000"": 1, ""1000001110"": 1, ""1001010110"": 1, ""1010110110"": 1, ""1011101101"": 1, ""1011111000"": 1}"
019e10ef-1cdb-7b93-bd1e-f99edec1bb66,2,79,179,IZXIZIIZYY,YYZIIZIXZI,"[0, 1, 2, 5, 7, 8]",-0.0009765624999999985,0.0,10,0.8,"{""0000010001"": 1, ""0001011011"": 1, ""0010100101"": 1, ""0010101011"": 1, ""0111010101"": 1, ""1000000110"": 1, ""1010100011"": 1, ""1010110000"": 1, ""1101111011"": 1, ""1110001110"": 1}"
019e10ef-1cdb-7b93-bd1e-f99edec1bb66,2,80,180,IZXIZIZXIX,XIXZIZIXZI,"[0, 2, 3, 5, 7, 8]",-0.0009765624999999985,0.0,10,0.8,"{""0001001100"": 1, ""0010111100"": 1, ""0101101100"": 1, ""0101110000"": 1, ""0111010000"": 1, ""1001011011"": 1, ""1010011011"": 1, ""1010101100"": 1, ""1101111011"": 1, ""1111011100"": 1}"
019e10ef-1cdb-7b93-bd1e-f99edec1bb66,2,81,181,IZXIZIZXZI,IZXZIZIXZI,"[1, 2, 3, 5, 7, 8]",-0.0009765624999999985,0.0,10,0.4,"{""0100011010"": 1, ""0100101010"": 1, ""0100110101"": 1, ""0101100110"": 1, ""1001001000"": 1, ""1001001010"": 1, ""1001011101"": 1, ""1010111011"": 1, ""1110001011"": 1, ""1111011011"": 1}"
019e10ef-1cdb-7b93-bd1e-f99edec1bb66,2,82,182,IZXIZIZYXY,YXYZIZIXZI,"[0, 1, 2, 3, 5, 7, 8]",0.0009765624999999985,0.0,10,-0.8,"{""0010100010"": 1, ""0011110010"": 1, ""0110000111"": 1, ""1001001110"": 1, ""1001010010"": 1, ""1010111110"": 1, ""1011100001"": 1, ""1100010100"": 1, ""1101101000"": 1, ""1101111000"": 1}"
019e10ef-1cdb-7b93-bd1e-f99edec1bb66,2,83,183,IZXIZIZYYZ,ZYYZIZIXZI,"[0, 1, 2, 3, 5, 7, 8]",-0.0009765624999999985,0.0,10,0.4,"{""0000010100"": 1, ""0000011110"": 1, ""1001010011"": 1, ""1010001001"": 1, ""1011110011"": 1, ""1100110101"": 1, ""1101100011"": 1, ""1110000110"": 1, ""1111000011"": 1, ""1111001010"": 1}"
019e10ef-1cdb-7b93-bd1e-f99edec1bb66,2,84,184,IZXIZZXIXZ,ZXIXZZIXZI,"[0, 1, 3, 4, 5, 7, 8]",-0.0009765624999999985,0.0,10,0.6,"{""0010100010"": 1, ""0010110101"": 1, ""0010111011"": 1, ""0100100011"": 1, ""0110010111"": 1, ""1001001101"": 1, ""1010100000"": 1, ""1011101101"": 1, ""1110011000"": 1, ""1110011011"": 1}"
019e10ef-1cdb-7b93-bd1e-f99edec1bb66,2,85,185,IZXIZZXIYY,YYIXZZIXZI,"[0, 1, 3, 4, 5, 7, 8]",-0.0009765624999999985,0.0,10,1.0,"{""0000000000"": 1, ""0010111000"": 2, ""0100110101"": 2, ""1001000011"": 2, ""1001011000"": 1, ""1010110101"": 1, ""1110010110"": 1}"
019e10ef-1cdb-7b93-bd1e-f99edec1bb66,2,86,186,IZXIZZXZII,IIZXZZIXZI,"[2, 3, 4, 5, 7, 8]",-0.0009765624999999985,0.0,10,0.8,"{""0000001100"": 1, ""0011100010"": 1, ""0110000101"": 1, ""0111001100"": 1, ""0111001101"": 1, ""0111010110"": 1, ""1001000000"": 1, ""1001001110"": 1, ""1011101110"": 1, ""1111001101"": 1}"
019e10ef-1cdb-7b93-bd1e-f99edec1bb66,2,87,187,IZXIZZXZZX,XZZXZZIXZI,"[0, 1, 2, 3, 4, 5, 7, 8]",-0.0009765624999999985,0.0,10,0.8,"{""0000010111"": 1, ""0010101111"": 1, ""0011110111"": 1, ""0101100011"": 1, ""0111010111"": 1, ""0111011000"": 1, ""1001011011"": 1, ""1011100010"": 1, ""1011111011"": 1, ""1100111011"": 1}"
019e10ef-1cdb-7b93-bd1e-f99edec1bb66,2,88,188,IZXIZZYXXY,YXXYZZIXZI,"[0, 1, 2, 3, 4, 5, 7, 8]",-0.0009765624999999985,0.0,10,0.2,"{""0000001100"": 1, ""0011111101"": 1, ""0100100000"": 1, ""0110000010"": 1, ""1000000000"": 1, ""1000000010"": 1, ""1000001001"": 1, ""1001001011"": 1, ""1100111110"": 1, ""1110011001"": 1}"
019e10ef-1cdb-7b93-bd1e-f99edec1bb66,2,89,189,IZXIZZYXYZ,ZYXYZZIXZI,"[0, 1, 2, 3, 4, 5, 7, 8]",0.0009765624999999985,0.0,10,-1.0,"{""0110000111"": 1, ""0110010000"": 1, ""0111011100"": 1, ""1000000010"": 1, ""1010101000"": 1, ""1011110101"": 1, ""1100111111"": 1, ""1101101011"": 1, ""1111000100"": 1, ""1111011111"": 1}"
019e10ef-1cdb-7b93-bd1e-f99edec1bb66,2,90,190,IZXIZZYYIX,XIYYZZIXZI,"[0, 2, 3, 4, 5, 7, 8]",-0.0009765624999999985,0.0,10,0.6,"{""0001011110"": 1, ""0010100111"": 1, ""0110000111"": 1, ""1000000111"": 1, ""1001011000"": 1, ""1010101011"": 2, ""1011100101"": 1, ""1100101011"": 1, ""1110011001"": 1}"
019e10ef-1cdb-7b93-bd1e-f99edec1bb66,2,91,191,IZXIZZYYZI,IZYYZZIXZI,"[1, 2, 3, 4, 5, 7, 8]",-0.0009765624999999985,0.0,10,0.6,"{""0000011110"": 1, ""1000011001"": 1, ""1001000001"": 1, ""1001001100"": 1, ""1001010101"": 1, ""1001101100"": 1, ""1010110010"": 1, ""1110000011"": 1, ""1110001011"": 1, ""1110010101"": 1}"
019e10ef-1cdb-7b93-bd1e-f99edec1bb66,2,92,192,IZYIXXXXXY,YXXXXXIYZI,"[0, 1, 2, 3, 4, 5, 7, 8]",0.0009765624999999985,0.0,10,-0.6,"{""0000101101"": 1, ""0011011110"": 1, ""0011110101"": 1, ""0100110110"": 1, ""0110110001"": 1, ""0111111011"": 1, ""1010100001"": 1, ""1010101010"": 1, ""1011110011"": 1, ""1110010000"": 1}"
019e10ef-1cdb-7b93-bd1e-f99edec1bb66,2,93,193,IZYIXXXXYZ,ZYXXXXIYZI,"[0, 1, 2, 3, 4, 5, 7, 8]",-0.0009765624999999985,0.0,10,0.4,"{""0000001010"": 1, ""0000110100"": 1, ""0100001110"": 1, ""1000111101"": 1, ""1010001101"": 1, ""1101001110"": 1, ""1101111101"": 1, ""1110010010"": 1, ""1110101010"": 1, ""1110111001"": 1}"
019e10ef-1cdb-7b93-bd1e-f99edec1bb66,2,94,194,IZYIXXXYIX,XIYXXXIYZI,"[0, 2, 3, 4, 5, 7, 8]",0.0009765624999999985,0.0,10,-0.6,"{""0001000100"": 1, ""0001110011"": 1, ""0100000000"": 1, ""0100100011"": 1, ""0100100111"": 2, ""1011100100"": 1, ""1011110111"": 1, ""1100111011"": 1, ""1100111100"": 1}"
019e10ef-1cdb-7b93-bd1e-f99edec1bb66,2,95,195,IZYIXXXYZI,IZYXXXIYZI,"[1, 2, 3, 4, 5, 7, 8]",0.0009765624999999985,0.0,10,-1.0,"{""0010110000"": 1, ""0011000110"": 1, ""0111100000"": 1, ""0111100111"": 1, ""1000001000"": 1, ""1000111111"": 1, ""1001010111"": 1, ""1001110011"": 1, ""1010001011"": 1, ""1100000000"": 1}"
019e10ef-1cdb-7b93-bd1e-f99edec1bb66,2,96,196,IZYIXXYIXZ,ZXIYXXIYZI,"[0, 1, 3, 4, 5, 7, 8]",-0.0009765624999999985,0.0,10,0.6,"{""0010010011"": 1, ""0100111011"": 1, ""0110011000"": 1, ""0110101000"": 1, ""0111001110"": 1, ""1010000110"": 1, ""1100111011"": 1, ""1101100011"": 1, ""1101111101"": 1, ""1111000010"": 1}"
019e10ef-1cdb-7b93-bd1e-f99edec1bb66,2,97,197,IZYIXXYIYY,YYIYXXIYZI,"[0, 1, 3, 4, 5, 7, 8]",-0.0009765624999999985,0.0,10,1.0,"{""0000010110"": 1, ""0001010101"": 1, ""0001100110"": 1, ""0100000110"": 1, ""0101001000"": 1, ""1000110000"": 1, ""1001111110"": 1, ""1010010000"": 1, ""1100001011"": 1, ""1111011000"": 1}"
019e10ef-1cdb-7b93-bd1e-f99edec1bb66,2,98,198,IZYIXXYZII,IIZYXXIYZI,"[2, 3, 4, 5, 7, 8]",-0.0009765624999999985,0.0,10,0.4,"{""0010111001"": 1, ""0011000010"": 1, ""0011111110"": 1, ""0100111000"": 1, ""0101000110"": 1, ""0101111001"": 1, ""1010101011"": 1, ""1011111010"": 1, ""1100100000"": 1, ""1110010101"": 1}"
019e10ef-1cdb-7b93-bd1e-f99edec1bb66,2,99,199,IZYIXXYZZX,XZZYXXIYZI,"[0, 1, 2, 3, 4, 5, 7, 8]",-0.0009765624999999985,0.0,10,0.6,"{""0001101111"": 1, ""0001110000"": 1, ""0010011111"": 1, ""1000011000"": 1, ""1001001100"": 1, ""1010011100"": 1, ""1101000111"": 1, ""1101111001"": 1, ""1110100100"": 1, ""1111101000"": 1}"
019e10ef-20b4-7fd2-8d11-60e50a59b02e,3,0,200,IZYIXYIXIX,XIXIYXIYZI,"[0, 2, 4, 5, 7, 8]",0.0009765624999999985,0.0,10,-0.6,"{""0100000000"": 1, ""0100101011"": 1, ""0101000000"": 1, ""0110000000"": 1, ""1010000000"": 1, ""1011000111"": 1, ""1011100000"": 1, ""1101101011"": 1, ""1110100111"": 1, ""1111001011"": 1}"
019e10ef-20b4-7fd2-8d11-60e50a59b02e,3,1,201,IZYIXYIXZI,IZXIYXIYZI,"[1, 2, 4, 5, 7, 8]",0.0009765624999999985,0.0,10,-0.6,"{""0011011011"": 1, ""0100101011"": 1, ""0101110110"": 1, ""1001000110"": 1, ""1011101101"": 1, ""1100101100"": 1, ""1100110000"": 1, ""1110000000"": 1, ""1110100001"": 1, ""1110100111"": 1}"
019e10ef-20b4-7fd2-8d11-60e50a59b02e,3,2,202,IZYIXYIYXY,YXYIYXIYZI,"[0, 1, 2, 4, 5, 7, 8]",-0.0009765624999999985,0.0,10,0.6,"{""0010101011"": 1, ""0011011010"": 1, ""0101000111"": 1, ""0101101101"": 1, ""1001001011"": 1, ""1010111101"": 1, ""1011110111"": 1, ""1101000111"": 1, ""1101011000"": 1, ""1110010010"": 1}"
019e10ef-20b4-7fd2-8d11-60e50a59b02e,3,3,203,IZYIXYIYYZ,ZYYIYXIYZI,"[0, 1, 2, 4, 5, 7, 8]",0.0009765624999999985,0.0,10,-0.2,"{""0001100001"": 1, ""0001111000"": 1, ""0010110101"": 1, ""0101111001"": 1, ""0111001001"": 1, ""1011000101"": 2, ""1011011010"": 1, ""1100110101"": 1, ""1100111010"": 1}"
019e10ef-20b4-7fd2-8d11-60e50a59b02e,3,4,204,IZYIXYZIII,IIIZYXIYZI,"[3, 4, 5, 7, 8]",0.0009765624999999985,0.0,10,-1.0,"{""0001010100"": 1, ""0101011001"": 1, ""0110001110"": 1, ""0110010111"": 1, ""1000010010"": 1, ""1001010011"": 1, ""1011101111"": 1, ""1110001100"": 1, ""1110100010"": 1, ""1111100101"": 1}"
019e10ef-20b4-7fd2-8d11-60e50a59b02e,3,5,205,IZYIXYZIZX,XZIZYXIYZI,"[0, 1, 3, 4, 5, 7, 8]",0.0009765624999999985,0.0,10,-0.8,"{""0000010000"": 1, ""0001001011"": 1, ""0001100000"": 1, ""0010110111"": 1, ""0011000100"": 1, ""0101011000"": 1, ""0101101000"": 1, ""1001111011"": 1, ""1011110111"": 1, ""1011111111"": 1}"
019e10ef-20b4-7fd2-8d11-60e50a59b02e,3,6,206,IZYIXYZZXZ,ZXZZYXIYZI,"[0, 1, 2, 3, 4, 5, 7, 8]",0.0009765624999999985,0.0,10,-0.8,"{""0000001111"": 1, ""0000111011"": 1, ""0001100101"": 1, ""0100011101"": 1, ""0101011101"": 1, ""1001111000"": 1, ""1011110011"": 1, ""1101000101"": 1, ""1110010101"": 1, ""1111001101"": 1}"
019e10ef-20b4-7fd2-8d11-60e50a59b02e,3,7,207,IZYIXYZZYY,YYZZYXIYZI,"[0, 1, 2, 3, 4, 5, 7, 8]",0.0009765624999999985,0.0,10,-0.8,"{""0010011101"": 1, ""0010011110"": 1, ""0011011101"": 1, ""0011101000"": 1, ""1000001010"": 1, ""1001001000"": 1, ""1100110000"": 1, ""1111001000"": 1, ""1111100000"": 1, ""1111100110"": 1}"
019e10ef-20b4-7fd2-8d11-60e50a59b02e,3,8,208,IZYIYIXIXZ,ZXIXIYIYZI,"[0, 1, 3, 5, 7, 8]",-0.0009765624999999985,0.0,10,0.4,"{""0011001110"": 1, ""0101001110"": 1, ""0110000000"": 1, ""1000110101"": 1, ""1000110110"": 1, ""1010001100"": 1, ""1011010110"": 1, ""1101010110"": 1, ""1110110110"": 1, ""1111111001"": 1}"
019e10ef-20b4-7fd2-8d11-60e50a59b02e,3,9,209,IZYIYIXIYY,YYIXIYIYZI,"[0, 1, 3, 5, 7, 8]",-0.0009765624999999985,0.0,10,0.4,"{""0000110110"": 1, ""0000111100"": 1, ""0100011000"": 1, ""1001001110"": 1, ""1010100011"": 1, ""1100000110"": 1, ""1100010100"": 1, ""1100011000"": 1, ""1101001101"": 1, ""1111001011"": 1}"
019e10ef-20b4-7fd2-8d11-60e50a59b02e,3,10,210,IZYIYIXZII,IIZXIYIYZI,"[2, 3, 5, 7, 8]",-0.0009765624999999985,0.0,10,0.2,"{""0000000000"": 1, ""0001111000"": 1, ""0101001100"": 1, ""0101101101"": 1, ""0110000001"": 1, ""0111111110"": 1, ""1000110001"": 1, ""1001000010"": 1, ""1110001010"": 1, ""1111111000"": 1}"
019e10ef-20b4-7fd2-8d11-60e50a59b02e,3,11,211,IZYIYIXZZX,XZZXIYIYZI,"[0, 1, 2, 3, 5, 7, 8]",-0.0009765624999999985,0.0,10,0.4,"{""0001001100"": 1, ""0011101111"": 1, ""0011111011"": 1, ""0101010100"": 1, ""1010010100"": 1, ""1011001111"": 1, ""1011101100"": 1, ""1110000011"": 1, ""1110001000"": 1, ""1110110100"": 1}"
019e10ef-20b4-7fd2-8d11-60e50a59b02e,3,12,212,IZYIYIYXXY,YXXYIYIYZI,"[0, 1, 2, 3, 5, 7, 8]",-0.0009765624999999985,0.0,10,0.6,"{""0001001111"": 1, ""0101100101"": 1, ""0110000010"": 1, ""1001110100"": 1, ""1001111011"": 1, ""1010011110"": 1, ""1011100101"": 1, ""1100010111"": 1, ""1100100111"": 1, ""1101011110"": 1}"
019e10ef-20b4-7fd2-8d11-60e50a59b02e,3,13,213,IZYIYIYXYZ,ZYXYIYIYZI,"[0, 1, 2, 3, 5, 7, 8]",0.0009765624999999985,0.0,10,-0.4,"{""0001001011"": 1, ""0100011001"": 1, ""0101000010"": 1, ""0101100001"": 1, ""0110100111"": 1, ""1010010000"": 1, ""1011011010"": 1, ""1101000111"": 1, ""1101101110"": 1, ""1111001000"": 1}"
019e10ef-20b4-7fd2-8d11-60e50a59b02e,3,14,214,IZYIYIYYIX,XIYYIYIYZI,"[0, 2, 3, 5, 7, 8]",-0.0009765624999999985,0.0,10,0.4,"{""0011100000"": 1, ""0100110100"": 1, ""0101010100"": 1, ""0101101100"": 1, ""1000111000"": 1, ""1001000111"": 1, ""1001101100"": 1, ""1011010010"": 1, ""1100100111"": 1, ""1111111111"": 1}"
019e10ef-20b4-7fd2-8d11-60e50a59b02e,3,15,215,IZYIYIYYZI,IZYYIYIYZI,"[1, 2, 3, 5, 7, 8]",-0.0009765624999999985,0.0,10,0.4,"{""0000110000"": 1, ""0001001010"": 1, ""0010011111"": 1, ""0010100000"": 1, ""1001000010"": 1, ""1010101100"": 1, ""1011011001"": 1, ""1101001010"": 1, ""1101101101"": 1, ""1111000111"": 1}"
019e10ef-20b4-7fd2-8d11-60e50a59b02e,3,16,216,IZYIYZIIII,IIIIZYIYZI,"[4, 5, 7, 8]",-0.0009765624999999985,0.0,10,0.8,"{""0000101100"": 1, ""0000111110"": 1, ""0001000101"": 1, ""0111110000"": 1, ""0111111010"": 1, ""1000110100"": 1, ""1011101110"": 1, ""1100100101"": 1, ""1100101101"": 1, ""1111110101"": 1}"
019e10ef-20b4-7fd2-8d11-60e50a59b02e,3,17,217,IZYIYZIIZX,XZIIZYIYZI,"[0, 1, 4, 5, 7, 8]",-0.0009765624999999985,0.0,10,0.8,"{""0100101011"": 1, ""0111000111"": 1, ""0111110000"": 1, ""1000001111"": 1, ""1010110000"": 1, ""1011011100"": 1, ""1011100000"": 1, ""1100100100"": 1, ""1110000100"": 1, ""1110110011"": 1}"
019e10ef-20b4-7fd2-8d11-60e50a59b02e,3,18,218,IZYIYZIZXZ,ZXZIZYIYZI,"[0, 1, 2, 4, 5, 7, 8]",-0.0009765624999999985,0.0,10,0.4,"{""0000001110"": 1, ""0011001011"": 1, ""0011010110"": 1, ""0100011110"": 1, ""0110001000"": 1, ""0110110101"": 1, ""1001100101"": 1, ""1001111010"": 1, ""1010011011"": 1, ""1100101000"": 1}"
019e10ef-20b4-7fd2-8d11-60e50a59b02e,3,19,219,IZYIYZIZYY,YYZIZYIYZI,"[0, 1, 2, 4, 5, 7, 8]",-0.0009765624999999985,0.0,10,0.8,"{""0010101011"": 1, ""0110110011"": 1, ""0111000011"": 1, ""0111001101"": 1, ""0111110000"": 1, ""1001110101"": 1, ""1010101011"": 1, ""1010101110"": 1, ""1101011011"": 1, ""1111100110"": 1}"
019e10ef-20b4-7fd2-8d11-60e50a59b02e,3,20,220,IZYIYZZXIX,XIXZZYIYZI,"[0, 2, 3, 4, 5, 7, 8]",-0.0009765624999999985,0.0,10,0.6,"{""0001000000"": 1, ""0010000000"": 1, ""0100101100"": 1, ""0111110111"": 1, ""1001110110"": 1, ""1001110111"": 1, ""1100101100"": 1, ""1110000000"": 1, ""1111000000"": 1, ""1111111011"": 1}"
019e10ef-20b4-7fd2-8d11-60e50a59b02e,3,21,221,IZYIYZZXZI,IZXZZYIYZI,"[1, 2, 3, 4, 5, 7, 8]",-0.0009765624999999985,0.0,10,1.0,"{""0000110001"": 1, ""0010011010"": 1, ""0100100110"": 1, ""0101010110"": 1, ""1000111100"": 1, ""1001110111"": 1, ""1010010111"": 1, ""1110110001"": 1, ""1111000000"": 1, ""1111110000"": 1}"
019e10ef-20b4-7fd2-8d11-60e50a59b02e,3,22,222,IZYIYZZYXY,YXYZZYIYZI,"[0, 1, 2, 3, 4, 5, 7, 8]",0.0009765624999999985,0.0,10,-0.8,"{""0000001101"": 1, ""0001110010"": 1, ""0010011011"": 1, ""0011101110"": 1, ""0101101110"": 1, ""0110000100"": 1, ""1001110010"": 1, ""1010000001"": 1, ""1011101011"": 1, ""1100011101"": 1}"
019e10ef-20b4-7fd2-8d11-60e50a59b02e,3,23,223,IZYIYZZYYZ,ZYYZZYIYZI,"[0, 1, 2, 3, 4, 5, 7, 8]",-0.0009765624999999985,0.0,10,0.8,"{""0000111010"": 1, ""0001001100"": 1, ""0010101010"": 1, ""0011101011"": 1, ""0011101100"": 1, ""1010100000"": 1, ""1010100011"": 1, ""1011100101"": 1, ""1100010110"": 1, ""1101010011"": 1}"
019e10ef-20b4-7fd2-8d11-60e50a59b02e,3,24,224,IZZXXIXIXZ,ZXIXIXXZZI,"[0, 1, 3, 5, 6, 7, 8]",-0.0009765624999999985,0.0,10,0.8,"{""0010010110"": 1, ""0111010101"": 3, ""0111010110"": 1, ""0111010111"": 1, ""1010010101"": 2, ""1010011000"": 1, ""1101001010"": 1}"
019e10ef-20b4-7fd2-8d11-60e50a59b02e,3,25,225,IZZXXIXIYY,YYIXIXXZZI,"[0, 1, 3, 5, 6, 7, 8]",-0.0009765624999999985,0.0,10,0.2,"{""0000001100"": 1, ""1010010110"": 2, ""1011011000"": 1, ""1101011011"": 1, ""1110000000"": 1, ""1111001011"": 1, ""1111011011"": 1, ""1111011110"": 1, ""1111101101"": 1}"
019e10ef-20b4-7fd2-8d11-60e50a59b02e,3,26,226,IZZXXIXZII,IIZXIXXZZI,"[2, 3, 5, 6, 7, 8]",-0.0009765624999999985,0.0,10,1.0,"{""0000001110"": 1, ""0000110101"": 1, ""0010100011"": 1, ""0111010101"": 1, ""0111101101"": 1, ""1000000000"": 1, ""1000111011"": 1, ""1010100001"": 1, ""1010111111"": 1, ""1111101111"": 1}"
019e10ef-20b4-7fd2-8d11-60e50a59b02e,3,27,227,IZZXXIXZZX,XZZXIXXZZI,"[0, 1, 2, 3, 5, 6, 7, 8]",-0.0009765624999999985,0.0,10,1.0,"{""0000111011"": 1, ""0101110111"": 1, ""0101111011"": 1, ""0111101100"": 2, ""0111101111"": 1, ""1000001100"": 1, ""1101110111"": 1, ""1101111000"": 1, ""1101111011"": 1}"
019e10ef-20b4-7fd2-8d11-60e50a59b02e,3,28,228,IZZXXIYXXY,YXXYIXXZZI,"[0, 1, 2, 3, 5, 6, 7, 8]",-0.0009765624999999985,0.0,10,0.6,"{""0000000000"": 1, ""0000001100"": 1, ""0010011110"": 1, ""0010100010"": 1, ""0101001111"": 1, ""0111101001"": 1, ""1010011000"": 1, ""1010100110"": 1, ""1101111000"": 1, ""1111010101"": 1}"
019e10ef-20b4-7fd2-8d11-60e50a59b02e,3,29,229,IZZXXIYXYZ,ZYXYIXXZZI,"[0, 1, 2, 3, 5, 6, 7, 8]",0.0009765624999999985,0.0,10,0.2,"{""0000000000"": 1, ""0000011001"": 1, ""0000111001"": 1, ""0101011001"": 1, ""0111000111"": 1, ""0111100010"": 1, ""1000010000"": 1, ""1101110011"": 1, ""1111100000"": 1, ""1111100111"": 1}"
019e10ef-20b4-7fd2-8d11-60e50a59b02e,3,30,230,IZZXXIYYIX,XIYYIXXZZI,"[0, 2, 3, 5, 6, 7, 8]",-0.0009765624999999985,0.0,10,1.0,"{""0000111111"": 1, ""0101001100"": 1, ""0101110011"": 1, ""0101111111"": 1, ""0111011000"": 1, ""0111011111"": 1, ""1000000111"": 1, ""1000110100"": 1, ""1101001011"": 1, ""1111010100"": 1}"
019e10ef-20b4-7fd2-8d11-60e50a59b02e,3,31,231,IZZXXIYYZI,IZYYIXXZZI,"[1, 2, 3, 5, 6, 7, 8]",-0.0009765624999999985,0.0,10,0.8,"{""0000111111"": 1, ""0010011001"": 1, ""0010011101"": 1, ""0101001011"": 1, ""0101001101"": 1, ""0101110011"": 1, ""0111101100"": 1, ""1000001011"": 1, ""1010011000"": 1, ""1111100001"": 1}"
019e10ef-20b4-7fd2-8d11-60e50a59b02e,3,32,232,IZZXXZIIII,IIIIZXXZZI,"[4, 5, 6, 7, 8]",-0.0009765624999999985,0.0,10,0.8,"{""0000110001"": 1, ""0000111100"": 1, ""0101111110"": 1, ""1000110010"": 1, ""1010100000"": 1, ""1010101011"": 1, ""1101000100"": 1, ""1101001000"": 1, ""1101100100"": 1, ""1111010010"": 1}"
019e10ef-20b4-7fd2-8d11-60e50a59b02e,3,33,233,IZZXXZIIZX,XZIIZXXZZI,"[0, 1, 4, 5, 6, 7, 8]",-0.0009765624999999985,0.0,10,0.6,"{""0000111100"": 1, ""0000111111"": 1, ""0010101100"": 1, ""0101000011"": 1, ""0101001100"": 1, ""0101111000"": 1, ""1000001011"": 1, ""1001000111"": 1, ""1010000100"": 1, ""1101111100"": 1}"
019e10ef-20b4-7fd2-8d11-60e50a59b02e,3,34,234,IZZXXZIZXZ,ZXZIZXXZZI,"[0, 1, 2, 4, 5, 6, 7, 8]",-0.0009765624999999985,0.0,10,0.8,"{""0000111011"": 1, ""0000111101"": 1, ""0101001101"": 1, ""0111100101"": 1, ""1000001000"": 1, ""1000111101"": 1, ""1010010000"": 1, ""1010111011"": 1, ""1110011001"": 1, ""1111100011"": 1}"
019e10ef-20b4-7fd2-8d11-60e50a59b02e,3,35,235,IZZXXZIZYY,YYZIZXXZZI,"[0, 1, 2, 4, 5, 6, 7, 8]",-0.0009765624999999985,0.0,10,0.4,"{""0111010110"": 1, ""0111100110"": 1, ""1000000000"": 1, ""1010100000"": 1, ""1101001000"": 1, ""1101100011"": 1, ""1101111000"": 1, ""1111000011"": 1, ""1111011000"": 1, ""1111111101"": 1}"
019e10ef-20b4-7fd2-8d11-60e50a59b02e,3,36,236,IZZXXZZXIX,XIXZZXXZZI,"[0, 2, 3, 4, 5, 6, 7, 8]",-0.0009765624999999985,0.0,10,0.8,"{""0000000000"": 1, ""0000110111"": 1, ""0010010111"": 1, ""0010100000"": 1, ""0010101100"": 1, ""0011001100"": 1, ""0101101011"": 1, ""0101110000"": 1, ""1010010000"": 1, ""1111100111"": 1}"
019e10ef-20b4-7fd2-8d11-60e50a59b02e,3,37,237,IZZXXZZXZI,IZXZZXXZZI,"[1, 2, 3, 4, 5, 6, 7, 8]",-0.0009765624999999985,0.0,10,0.8,"{""0000101101"": 1, ""0010010000"": 1, ""0010011011"": 1, ""0111011010"": 1, ""1000001101"": 1, ""1000110111"": 1, ""1010101010"": 1, ""1010101011"": 1, ""1111011011"": 1, ""1111101010"": 1}"
019e10ef-20b4-7fd2-8d11-60e50a59b02e,3,38,238,IZZXXZZYXY,YXYZZXXZZI,"[0, 1, 2, 3, 4, 5, 6, 7, 8]",0.0009765624999999985,0.0,10,-0.4,"{""0010100100"": 1, ""0010101100"": 1, ""0010101110"": 1, ""0101001000"": 1, ""0101011000"": 1, ""0111010111"": 1, ""0111100110"": 1, ""1111010001"": 1, ""1111010010"": 1, ""1111011101"": 1}"
019e10ef-20b4-7fd2-8d11-60e50a59b02e,3,39,239,IZZXXZZYYZ,ZYYZZXXZZI,"[0, 1, 2, 3, 4, 5, 6, 7, 8]",-0.0009765624999999985,0.0,10,0.4,"{""0000011010"": 1, ""0010101100"": 1, ""0101110110"": 1, ""1000000110"": 1, ""1010011111"": 1, ""1010100110"": 1, ""1101000010"": 1, ""1101111111"": 1, ""1111011010"": 1, ""1111111010"": 1}"
019e10ef-20b4-7fd2-8d11-60e50a59b02e,3,40,240,IZZXYXXXXY,YXXXXYXZZI,"[0, 1, 2, 3, 4, 5, 6, 7, 8]",-0.0009765624999999985,0.0,10,0.6,"{""0000101110"": 1, ""0000111111"": 1, ""0010000111"": 1, ""0101001011"": 1, ""0111000001"": 1, ""0111001000"": 1, ""0111101010"": 1, ""1010000010"": 1, ""1010010111"": 1, ""1101011101"": 1}"
019e10ef-20b4-7fd2-8d11-60e50a59b02e,3,41,241,IZZXYXXXYZ,ZYXXXYXZZI,"[0, 1, 2, 3, 4, 5, 6, 7, 8]",0.0009765624999999985,0.0,10,-0.6,"{""0000001010"": 1, ""0111000110"": 1, ""0111110000"": 1, ""1000001000"": 1, ""1000010110"": 1, ""1000101011"": 1, ""1010111111"": 1, ""1111001001"": 1, ""1111011011"": 1, ""1111100010"": 1}"
019e10ef-20b4-7fd2-8d11-60e50a59b02e,3,42,242,IZZXYXXYIX,XIYXXYXZZI,"[0, 2, 3, 4, 5, 6, 7, 8]",-0.0009765624999999985,0.0,10,0.6,"{""0000011000"": 1, ""0010000100"": 2, ""0101011111"": 1, ""1000001011"": 1, ""1000110111"": 1, ""1010001011"": 1, ""1010100011"": 1, ""1101111100"": 1, ""1111110011"": 1}"
019e10ef-20b4-7fd2-8d11-60e50a59b02e,3,43,243,IZZXYXXYZI,IZYXXYXZZI,"[1, 2, 3, 4, 5, 6, 7, 8]",-0.0009765624999999985,0.0,10,0.6,"{""0000001111"": 1, ""0000101011"": 1, ""0010010001"": 1, ""0111011010"": 1, ""0111111110"": 1, ""1000011111"": 2, ""1101001101"": 1, ""1111000010"": 1, ""1111101011"": 1}"
019e10ef-20b4-7fd2-8d11-60e50a59b02e,3,44,244,IZZXYXYIXZ,ZXIYXYXZZI,"[0, 1, 3, 4, 5, 6, 7, 8]",0.0009765624999999985,0.0,10,-0.4,"{""0010001100"": 1, ""0010010101"": 1, ""0011101001"": 1, ""0101101101"": 1, ""1000011101"": 2, ""1000101110"": 1, ""1010000101"": 1, ""1101001110"": 1, ""1101100011"": 1}"
019e10ef-20b4-7fd2-8d11-60e50a59b02e,3,45,245,IZZXYXYIYY,YYIYXYXZZI,"[0, 1, 3, 4, 5, 6, 7, 8]",0.0009765624999999985,0.0,10,-0.4,"{""0000101011"": 1, ""0010100101"": 1, ""0010110011"": 1, ""0101111000"": 1, ""1000011100"": 1, ""1010001101"": 1, ""1010101000"": 1, ""1101111011"": 1, ""1111010101"": 1, ""1111010111"": 1}"
019e10ef-20b4-7fd2-8d11-60e50a59b02e,3,46,246,IZZXYXYZII,IIZYXYXZZI,"[2, 3, 4, 5, 6, 7, 8]",0.0009765624999999985,0.0,10,-0.6,"{""0000010001"": 1, ""0111100101"": 1, ""1000000111"": 1, ""1000010111"": 1, ""1010010111"": 1, ""1011110000"": 1, ""1111000000"": 1, ""1111010100"": 1, ""1111110010"": 1, ""1111111100"": 1}"
019e10ef-20b4-7fd2-8d11-60e50a59b02e,3,47,247,IZZXYXYZZX,XZZYXYXZZI,"[0, 1, 2, 3, 4, 5, 6, 7, 8]",0.0009765624999999985,0.0,10,-0.4,"{""0010010111"": 1, ""0101110100"": 1, ""0111000000"": 1, ""0111010100"": 1, ""0111101100"": 1, ""1010000011"": 1, ""1101000000"": 1, ""1111011011"": 1, ""1111110111"": 1, ""1111111111"": 1}"
019e10ef-20b4-7fd2-8d11-60e50a59b02e,3,48,248,IZZXYYIXIX,XIXIYYXZZI,"[0, 2, 4, 5, 6, 7, 8]",-0.0009765624999999985,0.0,10,0.8,"{""0000101100"": 1, ""0010010111"": 3, ""0010100111"": 1, ""0101001100"": 1, ""0101011011"": 1, ""0111100111"": 1, ""1000011011"": 1, ""1111001100"": 1}"
019e10ef-20b4-7fd2-8d11-60e50a59b02e,3,49,249,IZZXYYIXZI,IZXIYYXZZI,"[1, 2, 4, 5, 6, 7, 8]",-0.0009765624999999985,0.0,10,1.0,"{""0000000001"": 2, ""0000110000"": 1, ""0010001100"": 1, ""0010111100"": 1, ""0101110111"": 1, ""1000011100"": 1, ""1000101101"": 1, ""1010001100"": 1, ""1101011010"": 1}"
019e10ef-20b4-7fd2-8d11-60e50a59b02e,3,50,250,IZZXYYIYXY,YXYIYYXZZI,"[0, 1, 2, 4, 5, 6, 7, 8]",0.0009765624999999985,0.0,10,-0.4,"{""0000100010"": 1, ""0010010111"": 1, ""0010110100"": 1, ""0011010010"": 1, ""0101011000"": 1, ""0101011011"": 1, ""0101110010"": 1, ""1101011101"": 1, ""1101110010"": 1, ""1111111101"": 1}"
019e10ef-20b4-7fd2-8d11-60e50a59b02e,3,51,251,IZZXYYIYYZ,ZYYIYYXZZI,"[0, 1, 2, 4, 5, 6, 7, 8]",-0.0009765624999999985,0.0,10,0.6,"{""0010001001"": 1, ""0010010100"": 1, ""0010111111"": 1, ""0101000000"": 1, ""0101010010"": 1, ""0111001010"": 1, ""0111001111"": 1, ""0111100011"": 1, ""0111110101"": 1, ""1010100011"": 1}"
019e10ef-20b4-7fd2-8d11-60e50a59b02e,3,52,252,IZZXYYZIII,IIIZYYXZZI,"[3, 4, 5, 6, 7, 8]",-0.0009765624999999985,0.0,10,0.6,"{""0000101101"": 1, ""0000101111"": 1, ""0101101000"": 1, ""0111111011"": 1, ""1010001011"": 1, ""1010011000"": 1, ""1010111000"": 1, ""1111100001"": 1, ""1111101011"": 1, ""1111111100"": 1}"
019e10ef-20b4-7fd2-8d11-60e50a59b02e,3,53,253,IZZXYYZIZX,XZIZYYXZZI,"[0, 1, 3, 4, 5, 6, 7, 8]",-0.0009765624999999985,0.0,10,0.4,"{""0000000011"": 1, ""0000101000"": 1, ""0000110111"": 1, ""0010100011"": 1, ""0011100000"": 1, ""0101110101"": 1, ""0111110011"": 1, ""1000110100"": 1, ""1101000111"": 1, ""1101101011"": 1}"
019e10ef-20b4-7fd2-8d11-60e50a59b02e,3,54,254,IZZXYYZZXZ,ZXZZYYXZZI,"[0, 1, 2, 3, 4, 5, 6, 7, 8]",-0.0009765624999999985,0.0,10,0.6,"{""0000101010"": 1, ""0101101101"": 1, ""0101110110"": 1, ""0111001101"": 1, ""0111100101"": 1, ""1000011111"": 1, ""1010100101"": 1, ""1101110011"": 1, ""1111010110"": 1, ""1111100110"": 1}"
019e10ef-20b4-7fd2-8d11-60e50a59b02e,3,55,255,IZZXYYZZYY,YYZZYYXZZI,"[0, 1, 2, 3, 4, 5, 6, 7, 8]",-0.0009765624999999985,0.0,10,0.4,"{""0000000011"": 1, ""0000101000"": 1, ""0101011101"": 1, ""0111001000"": 1, ""1000000000"": 1, ""1000111011"": 1, ""1010111010"": 1, ""1010111101"": 1, ""1101011000"": 1, ""1111111010"": 1}"
019e10ef-20b4-7fd2-8d11-60e50a59b02e,3,56,256,XIIXIIIIII,IIIIIIXIIX,"[6, 9]",-0.0009765624999999985,0.0,10,1.0,"{""0000010010"": 1, ""0000010100"": 1, ""0000011010"": 1, ""0000101010"": 1, ""0000111000"": 1, ""0010111101"": 1, ""1101011001"": 1, ""1101100011"": 1, ""1101111011"": 1, ""1111001111"": 1}"
019e10ef-20b4-7fd2-8d11-60e50a59b02e,3,57,257,XIIXIIIIZX,XZIIIIXIIX,"[0, 1, 6, 9]",-0.0009765624999999985,0.0,10,0.8,"{""0000000000"": 1, ""0000100111"": 1, ""0000110100"": 1, ""0000111011"": 1, ""0000111111"": 1, ""0010000000"": 1, ""1100110111"": 1, ""1101000100"": 1, ""1101011111"": 1, ""1111111100"": 1}"
019e10ef-20b4-7fd2-8d11-60e50a59b02e,3,58,258,XIIXIIIZXZ,ZXZIIIXIIX,"[0, 1, 2, 6, 9]",-0.0009765624999999985,0.0,10,0.6,"{""0000111101"": 1, ""0010001011"": 1, ""1101001011"": 1, ""1101010110"": 1, ""1101011100"": 1, ""1101110011"": 1, ""1101110110"": 1, ""1101111110"": 1, ""1111110001"": 1, ""1111111101"": 1}"
019e10ef-20b4-7fd2-8d11-60e50a59b02e,3,59,259,XIIXIIIZYY,YYZIIIXIIX,"[0, 1, 2, 6, 9]",-0.0009765624999999985,0.0,10,0.4,"{""0000010101"": 1, ""0000110100"": 1, ""0010001001"": 1, ""0010110011"": 1, ""1101100110"": 1, ""1101101110"": 1, ""1101111101"": 1, ""1111001110"": 1, ""1111110110"": 1, ""1111111001"": 1}"
019e10ef-20b4-7fd2-8d11-60e50a59b02e,3,60,260,XIIXIIZXIX,XIXZIIXIIX,"[0, 2, 3, 6, 9]",-0.0009765624999999985,0.0,10,0.2,"{""0000001011"": 1, ""0000100001"": 1, ""0000100111"": 1, ""0010000110"": 1, ""0010100111"": 1, ""1101000011"": 1, ""1101010111"": 1, ""1101101011"": 1, ""1110111011"": 1, ""1111110000"": 1}"
019e10ef-20b4-7fd2-8d11-60e50a59b02e,3,61,261,XIIXIIZXZI,IZXZIIXIIX,"[1, 2, 3, 6, 9]",-0.0009765624999999985,0.0,10,0.8,"{""0000011010"": 1, ""0000011011"": 1, ""0000100001"": 1, ""0000101101"": 1, ""0001110000"": 1, ""1101110000"": 1, ""1101110001"": 1, ""1111101010"": 2, ""1111110111"": 1}"
019e10ef-20b4-7fd2-8d11-60e50a59b02e,3,62,262,XIIXIIZYXY,YXYZIIXIIX,"[0, 1, 2, 3, 6, 9]",0.0009765624999999985,0.0,10,-1.0,"{""0000001110"": 1, ""0000011101"": 1, ""0010100001"": 1, ""0010101000"": 1, ""1101001110"": 1, ""1101010111"": 1, ""1101111101"": 1, ""1111010010"": 1, ""1111101011"": 1, ""1111101101"": 1}"
019e10ef-20b4-7fd2-8d11-60e50a59b02e,3,63,263,XIIXIIZYYZ,ZYYZIIXIIX,"[0, 1, 2, 3, 6, 9]",-0.0009765624999999985,0.0,10,0.8,"{""0000100000"": 1, ""0000101001"": 1, ""0010011111"": 1, ""0010100000"": 1, ""1101000110"": 1, ""1101001101"": 1, ""1101101001"": 1, ""1111001010"": 1, ""1111011010"": 1, ""1111011100"": 1}"
019e10ef-20b4-7fd2-8d11-60e50a59b02e,3,64,264,XIIXIZXIXZ,ZXIXZIXIIX,"[0, 1, 3, 4, 6, 9]",-0.0009765624999999985,0.0,10,0.6,"{""0010000000"": 1, ""0010000011"": 2, ""0010001110"": 1, ""0010011010"": 1, ""0010111000"": 1, ""1010011011"": 1, ""1101001110"": 1, ""1111010101"": 1, ""1111011011"": 1}"
019e10ef-20b4-7fd2-8d11-60e50a59b02e,3,65,265,XIIXIZXIYY,YYIXZIXIIX,"[0, 1, 3, 4, 6, 9]",-0.0009765624999999985,0.0,10,0.6,"{""0000000100"": 1, ""0000110110"": 1, ""0010100000"": 1, ""1101000011"": 1, ""1111000000"": 1, ""1111100010"": 1, ""1111101101"": 2, ""1111111000"": 1, ""1111111010"": 1}"
019e10ef-20b4-7fd2-8d11-60e50a59b02e,3,66,266,XIIXIZXZII,IIZXZIXIIX,"[2, 3, 4, 6, 9]",-0.0009765624999999985,0.0,10,0.8,"{""0000001110"": 1, ""0000101111"": 1, ""0000110101"": 1, ""0010011011"": 2, ""0010101110"": 1, ""1010011011"": 1, ""1111100001"": 1, ""1111101101"": 1, ""1111111000"": 1}"
019e10ef-20b4-7fd2-8d11-60e50a59b02e,3,67,267,XIIXIZXZZX,XZZXZIXIIX,"[0, 1, 2, 3, 4, 6, 9]",-0.0009765624999999985,0.0,10,1.0,"{""0000011011"": 1, ""0001111100"": 1, ""0010001111"": 1, ""0010011000"": 2, ""1101010100"": 1, ""1101101111"": 1, ""1111101100"": 1, ""1111110111"": 1, ""1111111011"": 1}"
019e10ef-20b4-7fd2-8d11-60e50a59b02e,3,68,268,XIIXIZYXXY,YXXYZIXIIX,"[0, 1, 2, 3, 4, 6, 9]",-0.0009765624999999985,0.0,10,0.8,"{""0010001000"": 1, ""0010010111"": 1, ""0010011101"": 1, ""0010100101"": 1, ""1101000000"": 1, ""1111000110"": 2, ""1111001111"": 1, ""1111010111"": 1, ""1111101100"": 1}"
019e10ef-20b4-7fd2-8d11-60e50a59b02e,3,69,269,XIIXIZYXYZ,ZYXYZIXIIX,"[0, 1, 2, 3, 4, 6, 9]",0.0009765624999999985,0.0,10,-0.8,"{""0000011001"": 1, ""0000101011"": 1, ""0010000100"": 1, ""0010010110"": 1, ""0010100001"": 1, ""0010100100"": 1, ""0010111010"": 1, ""0011000110"": 1, ""1110010101"": 1, ""1111101110"": 1}"
019e10ef-20b4-7fd2-8d11-60e50a59b02e,3,70,270,XIIXIZYYIX,XIYYZIXIIX,"[0, 2, 3, 4, 6, 9]",-0.0009765624999999985,0.0,10,0.8,"{""0000000111"": 1, ""0000001100"": 1, ""0010101011"": 1, ""0010111111"": 1, ""0011011000"": 1, ""1101100111"": 1, ""1101101100"": 1, ""1101111111"": 2, ""1111101100"": 1}"
019e10ef-20b4-7fd2-8d11-60e50a59b02e,3,71,271,XIIXIZYYZI,IZYYZIXIIX,"[1, 2, 3, 4, 6, 9]",-0.0009765624999999985,0.0,10,0.6,"{""0000100101"": 1, ""0010011001"": 1, ""0010100001"": 1, ""0010101011"": 1, ""0010110000"": 1, ""1101101100"": 1, ""1111000000"": 1, ""1111110100"": 3}"
019e10ef-20b4-7fd2-8d11-60e50a59b02e,3,72,272,XIIXZXIXIX,XIXIXZXIIX,"[0, 2, 4, 5, 6, 9]",-0.0009765624999999985,0.0,10,0.0,"{""0010000111"": 1, ""0010110100"": 1, ""0010111100"": 1, ""0101000000"": 1, ""1000101011"": 1, ""1101011011"": 2, ""1111011011"": 1, ""1111100000"": 1, ""1111101100"": 1}"
019e10ef-20b4-7fd2-8d11-60e50a59b02e,3,73,273,XIIXZXIXZI,IZXIXZXIIX,"[1, 2, 4, 5, 6, 9]",-0.0009765624999999985,0.0,10,1.0,"{""0000011101"": 1, ""0000110110"": 1, ""0010011100"": 1, ""0010110000"": 1, ""1101000110"": 1, ""1101110000"": 1, ""1101110110"": 1, ""1111011011"": 1, ""1111011100"": 1, ""1111110001"": 1}"
019e10ef-20b4-7fd2-8d11-60e50a59b02e,3,74,274,XIIXZXIYXY,YXYIXZXIIX,"[0, 1, 2, 4, 5, 6, 9]",0.0009765624999999985,0.0,10,-0.6,"{""0000000111"": 1, ""0000011010"": 1, ""0000110001"": 1, ""0010101101"": 1, ""0101010100"": 1, ""1101000111"": 1, ""1101011110"": 1, ""1101110100"": 1, ""1111000100"": 1, ""1111101100"": 1}"
019e10ef-20b4-7fd2-8d11-60e50a59b02e,3,75,275,XIIXZXIYYZ,ZYYIXZXIIX,"[0, 1, 2, 4, 5, 6, 9]",-0.0009765624999999985,0.0,10,0.8,"{""0000110011"": 1, ""0010011001"": 1, ""0010101010"": 1, ""1101011010"": 1, ""1101011100"": 1, ""1101110110"": 1, ""1111011010"": 1, ""1111011011"": 1, ""1111011100"": 1, ""1111101010"": 1}"
019e10ef-20b4-7fd2-8d11-60e50a59b02e,3,76,276,XIIXZXZIII,IIIZXZXIIX,"[3, 4, 5, 6, 9]",-0.0009765624999999985,0.0,10,0.6,"{""0000011001"": 1, ""0000101110"": 1, ""0001011101"": 1, ""0010000000"": 1, ""0010000101"": 1, ""0010110010"": 1, ""1100000101"": 1, ""1101101011"": 1, ""1101101100"": 1, ""1101110101"": 1}"
019e10ef-20b4-7fd2-8d11-60e50a59b02e,3,77,277,XIIXZXZIZX,XZIZXZXIIX,"[0, 1, 3, 4, 5, 6, 9]",-0.0009765624999999985,0.0,10,0.4,"{""0000001100"": 1, ""0000110011"": 1, ""0000111111"": 1, ""0010000111"": 1, ""0010011100"": 1, ""0010101000"": 1, ""0010101011"": 1, ""0010110011"": 1, ""0011011000"": 1, ""1111011111"": 1}"
019e10ef-20b4-7fd2-8d11-60e50a59b02e,3,78,278,XIIXZXZZXZ,ZXZZXZXIIX,"[0, 1, 2, 3, 4, 5, 6, 9]",-0.0009765624999999985,0.0,10,0.6,"{""0000000000"": 1, ""0000011000"": 1, ""0000110110"": 1, ""0010001110"": 1, ""0010110000"": 1, ""1101110000"": 1, ""1110110000"": 1, ""1111000000"": 1, ""1111110000"": 1, ""1111110011"": 1}"
019e10ef-20b4-7fd2-8d11-60e50a59b02e,3,79,279,XIIXZXZZYY,YYZZXZXIIX,"[0, 1, 2, 3, 4, 5, 6, 9]",-0.0009765624999999985,0.0,10,0.8,"{""0010011000"": 1, ""0010101000"": 1, ""1101000000"": 2, ""1101000011"": 1, ""1101000101"": 1, ""1101101001"": 1, ""1101110101"": 1, ""1111110000"": 1, ""1111110110"": 1}"
019e10ef-20b4-7fd2-8d11-60e50a59b02e,3,80,280,XIIXZYXXXY,YXXXYZXIIX,"[0, 1, 2, 3, 4, 5, 6, 9]",0.0009765624999999985,0.0,10,-0.4,"{""0010011001"": 1, ""0010110111"": 1, ""0010111101"": 1, ""0111111011"": 1, ""1101001001"": 1, ""1111000110"": 1, ""1111000111"": 1, ""1111011100"": 1, ""1111110001"": 2}"
019e10ef-20b4-7fd2-8d11-60e50a59b02e,3,81,281,XIIXZYXXYZ,ZYXXYZXIIX,"[0, 1, 2, 3, 4, 5, 6, 9]",-0.0009765624999999985,0.0,10,0.6,"{""0000001111"": 1, ""0000011110"": 1, ""0010111011"": 1, ""1100001100"": 1, ""1101010111"": 1, ""1101011011"": 1, ""1111000110"": 1, ""1111001001"": 1, ""1111101011"": 1, ""1111111010"": 1}"
019e10ef-20b4-7fd2-8d11-60e50a59b02e,3,82,282,XIIXZYXYIX,XIYXYZXIIX,"[0, 2, 3, 4, 5, 6, 9]",0.0009765624999999985,0.0,10,-0.6,"{""0000010000"": 1, ""0000010111"": 1, ""0010000011"": 1, ""1101000111"": 1, ""1101011011"": 1, ""1101100111"": 1, ""1101101011"": 1, ""1111000011"": 1, ""1111011100"": 1, ""1111111100"": 1}"
019e10ef-20b4-7fd2-8d11-60e50a59b02e,3,83,283,XIIXZYXYZI,IZYXYZXIIX,"[1, 2, 3, 4, 5, 6, 9]",0.0009765624999999985,0.0,10,-0.4,"{""0010100000"": 1, ""0010100110"": 1, ""0010110101"": 1, ""1010001001"": 1, ""1101001111"": 1, ""1101010111"": 1, ""1101110010"": 1, ""1111000001"": 1, ""1111001011"": 1, ""1111011100"": 1}"
019e10ef-20b4-7fd2-8d11-60e50a59b02e,3,84,284,XIIXZYYIXZ,ZXIYYZXIIX,"[0, 1, 3, 4, 5, 6, 9]",-0.0009765624999999985,0.0,10,0.8,"{""0000101011"": 1, ""0000110010"": 1, ""0010010101"": 1, ""0010101000"": 1, ""0010101011"": 1, ""1101010101"": 1, ""1101100110"": 1, ""1111010101"": 1, ""1111110000"": 1, ""1111110011"": 1}"
019e10ef-20b4-7fd2-8d11-60e50a59b02e,3,85,285,XIIXZYYIYY,YYIYYZXIIX,"[0, 1, 3, 4, 5, 6, 9]",-0.0009765624999999985,0.0,10,0.6,"{""0000110001"": 1, ""0000111101"": 1, ""0010000011"": 1, ""0010010101"": 1, ""0010011011"": 1, ""1101000011"": 1, ""1101100101"": 1, ""1101110110"": 1, ""1101111110"": 1, ""1111111101"": 1}"
019e10ef-20b4-7fd2-8d11-60e50a59b02e,3,86,286,XIIXZYYZII,IIZYYZXIIX,"[2, 3, 4, 5, 6, 9]",-0.0009765624999999985,0.0,10,0.6,"{""0000010111"": 1, ""0000101010"": 1, ""0000111010"": 1, ""0010111111"": 1, ""1101010111"": 1, ""1101011011"": 1, ""1110111100"": 1, ""1111000010"": 1, ""1111111100"": 1, ""1111111110"": 1}"
019e10ef-20b4-7fd2-8d11-60e50a59b02e,3,87,287,XIIXZYYZZX,XZZYYZXIIX,"[0, 1, 2, 3, 4, 5, 6, 9]",-0.0009765624999999985,0.0,10,0.8,"{""0000000000"": 1, ""0000000011"": 1, ""0000001100"": 1, ""0010001100"": 1, ""0010101011"": 1, ""1010111111"": 1, ""1101110011"": 1, ""1111100100"": 1, ""1111100111"": 1, ""1111111100"": 1}"
019e10ef-20b4-7fd2-8d11-60e50a59b02e,3,88,288,XIXIIXIXIX,XIXIXIIXIX,"[0, 2, 4, 7, 9]",-0.0009765624999999985,0.0,10,1.0,"{""0001000101"": 1, ""0010101100"": 1, ""0010110000"": 1, ""0010110111"": 1, ""0011101011"": 1, ""1100101100"": 1, ""1110011100"": 1, ""1111000000"": 1, ""1111000111"": 1, ""1111011011"": 1}"
019e10ef-20b4-7fd2-8d11-60e50a59b02e,3,89,289,XIXIIXIXZI,IZXIXIIXIX,"[1, 2, 4, 7, 9]",-0.0009765624999999985,0.0,10,1.0,"{""0010110001"": 1, ""0011101011"": 1, ""0011110000"": 1, ""0011110110"": 1, ""1100101010"": 1, ""1101101010"": 2, ""1101101011"": 1, ""1110000000"": 2}"
019e10ef-20b4-7fd2-8d11-60e50a59b02e,3,90,290,XIXIIXIYXY,YXYIXIIXIX,"[0, 1, 2, 4, 7, 9]",0.0009765624999999985,0.0,10,-0.4,"{""0000000010"": 1, ""0000000100"": 1, ""0010110001"": 1, ""0010110100"": 1, ""0011101110"": 1, ""0101101011"": 1, ""1011001011"": 1, ""1101101000"": 1, ""1101101011"": 1, ""1110011100"": 1}"
019e10ef-20b4-7fd2-8d11-60e50a59b02e,3,91,291,XIXIIXIYYZ,ZYYIXIIXIX,"[0, 1, 2, 4, 7, 9]",-0.0009765624999999985,0.0,10,1.0,"{""0000011010"": 2, ""0001000000"": 1, ""0001011100"": 1, ""0010101010"": 1, ""0011101100"": 1, ""1100101001"": 1, ""1100110011"": 1, ""1110011100"": 1, ""1111011100"": 1}"
019e10ef-20b4-7fd2-8d11-60e50a59b02e,3,92,292,XIXIIXZIII,IIIZXIIXIX,"[3, 4, 7, 9]",-0.0009765624999999985,0.0,10,0.8,"{""0001011110"": 1, ""0001011111"": 1, ""0010100010"": 1, ""0010101000"": 1, ""0010101001"": 1, ""0010101111"": 1, ""0011101000"": 1, ""1110000010"": 1, ""1111000001"": 1, ""1111011010"": 1}"
019e10ef-20b4-7fd2-8d11-60e50a59b02e,3,93,293,XIXIIXZIZX,XZIZXIIXIX,"[0, 1, 3, 4, 7, 9]",-0.0009765624999999985,0.0,10,0.6,"{""0001011111"": 1, ""0010101100"": 1, ""1010110000"": 1, ""1101000100"": 1, ""1101101000"": 2, ""1101101011"": 1, ""1101110111"": 1, ""1110000000"": 1, ""1110011000"": 1}"
019e10ef-20b4-7fd2-8d11-60e50a59b02e,3,94,294,XIXIIXZZXZ,ZXZZXIIXIX,"[0, 1, 2, 3, 4, 7, 9]",-0.0009765624999999985,0.0,10,0.8,"{""0000011000"": 2, ""0000011011"": 1, ""0001011110"": 1, ""0010101011"": 1, ""0010101101"": 1, ""0011110101"": 1, ""1101110101"": 1, ""1110000010"": 1, ""1110011000"": 1}"
019e10ef-20b4-7fd2-8d11-60e50a59b02e,3,95,295,XIXIIXZZYY,YYZZXIIXIX,"[0, 1, 2, 3, 4, 7, 9]",-0.0009765624999999985,0.0,10,0.2,"{""0001000111"": 1, ""0010100101"": 1, ""0010101101"": 1, ""1100101000"": 1, ""1100101110"": 1, ""1101100101"": 1, ""1101101110"": 1, ""1110011101"": 1, ""1111000100"": 1, ""1111011101"": 1}"
019e10ef-20b4-7fd2-8d11-60e50a59b02e,3,96,296,XIXIIYXXXY,YXXXYIIXIX,"[0, 1, 2, 3, 4, 7, 9]",0.0009765624999999985,0.0,10,-0.6,"{""0000010100"": 1, ""0001000001"": 1, ""0001010110"": 1, ""0010101001"": 1, ""0010101011"": 1, ""0011110010"": 1, ""1101101111"": 1, ""1110001000"": 1, ""1110010101"": 1, ""1111001110"": 1}"
019e10ef-20b4-7fd2-8d11-60e50a59b02e,3,97,297,XIXIIYXXYZ,ZYXXYIIXIX,"[0, 1, 2, 3, 4, 7, 9]",-0.0009765624999999985,0.0,10,0.4,"{""0000010010"": 1, ""0000010111"": 1, ""0001000011"": 1, ""0001000110"": 1, ""0010000000"": 1, ""0010101011"": 1, ""0011101010"": 1, ""0011110001"": 1, ""1111001100"": 1, ""1111010111"": 1}"
019e10ef-20b4-7fd2-8d11-60e50a59b02e,3,98,298,XIXIIYXYIX,XIYXYIIXIX,"[0, 2, 3, 4, 7, 9]",0.0009765624999999985,0.0,10,-0.6,"{""0000011011"": 1, ""0010100111"": 1, ""0010101011"": 1, ""0010110000"": 1, ""0101101100"": 1, ""1100110100"": 1, ""1100111111"": 1, ""1101100111"": 1, ""1101101011"": 1, ""1110000011"": 1}"
019e10ef-20b4-7fd2-8d11-60e50a59b02e,3,99,299,XIXIIYXYZI,IZYXYIIXIX,"[1, 2, 3, 4, 7, 9]",0.0009765624999999985,0.0,10,-0.8,"{""0000000101"": 1, ""0000010001"": 1, ""0010100110"": 1, ""0011100000"": 1, ""0011100111"": 1, ""0011101010"": 1, ""0011111010"": 1, ""1100101100"": 1, ""1100101101"": 1, ""1110001000"": 1}"
019e10ef-2647-7a11-ab4c-e4eda33cfa65,4,0,300,XIXIIYYIXZ,ZXIYYIIXIX,"[0, 1, 3, 4, 7, 9]",-0.0009765624999999985,0.0,10,0.6,"{""0001000000"": 1, ""0001011101"": 1, ""0011110010"": 1, ""0011111110"": 1, ""1100110011"": 1, ""1101100101"": 1, ""1101100110"": 1, ""1110011011"": 1, ""1111001110"": 1, ""1111010110"": 1}"
019e10ef-2647-7a11-ab4c-e4eda33cfa65,4,1,301,XIXIIYYIYY,YYIYYIIXIX,"[0, 1, 3, 4, 7, 9]",-0.0009765624999999985,0.0,10,0.2,"{""0000000110"": 1, ""0000010000"": 1, ""0001011000"": 1, ""0010011011"": 1, ""0010110011"": 1, ""0010111101"": 1, ""1100101000"": 1, ""1101101001"": 1, ""1110000000"": 1, ""1110001110"": 1}"
019e10ef-2647-7a11-ab4c-e4eda33cfa65,4,2,302,XIXIIYYZII,IIZYYIIXIX,"[2, 3, 4, 7, 9]",-0.0009765624999999985,0.0,10,0.6,"{""0000001100"": 1, ""0001000011"": 1, ""0001011000"": 1, ""0010100000"": 1, ""0011100110"": 1, ""0011101000"": 1, ""1101100101"": 1, ""1101110111"": 1, ""1110011010"": 1, ""1111000010"": 1}"
019e10ef-2647-7a11-ab4c-e4eda33cfa65,4,3,303,XIXIIYYZZX,XZZYYIIXIX,"[0, 1, 2, 3, 4, 7, 9]",-0.0009765624999999985,0.0,10,1.0,"{""0000000011"": 1, ""0010100100"": 1, ""0011111100"": 1, ""1100100100"": 1, ""1100111100"": 1, ""1101100111"": 1, ""1110000000"": 1, ""1110000011"": 1, ""1110010100"": 1, ""1111000011"": 1}"
019e10ef-2647-7a11-ab4c-e4eda33cfa65,4,4,304,XIXIZIIIII,IIIIIZIXIX,"[5, 7, 9]",-0.0009765624999999985,0.0,10,1.0,"{""0000011110"": 1, ""0001000110"": 1, ""0001011011"": 1, ""0010111000"": 1, ""1100101101"": 1, ""1100111011"": 1, ""1111001010"": 1, ""1111010110"": 1, ""1111011000"": 1, ""1111011111"": 1}"
019e10ef-2647-7a11-ab4c-e4eda33cfa65,4,5,305,XIXIZIIIZX,XZIIIZIXIX,"[0, 1, 5, 7, 9]",-0.0009765624999999985,0.0,10,0.8,"{""0000000011"": 1, ""0000000100"": 1, ""0001000111"": 1, ""0010101011"": 1, ""0011100100"": 1, ""0011100111"": 1, ""0100100000"": 1, ""1100100111"": 1, ""1110010000"": 1, ""1111000111"": 1}"
019e10ef-2647-7a11-ab4c-e4eda33cfa65,4,6,306,XIXIZIIZXZ,ZXZIIZIXIX,"[0, 1, 2, 5, 7, 9]",-0.0009765624999999985,0.0,10,0.8,"{""0000010110"": 1, ""0000011000"": 1, ""0001010101"": 1, ""0001011110"": 1, ""0011110000"": 1, ""0111001110"": 1, ""1101101000"": 1, ""1110001000"": 1, ""1110011011"": 1, ""1111001101"": 1}"
019e10ef-2647-7a11-ab4c-e4eda33cfa65,4,7,307,XIXIZIIZYY,YYZIIZIXIX,"[0, 1, 2, 5, 7, 9]",-0.0009765624999999985,0.0,10,0.2,"{""0010100100"": 1, ""0010110111"": 1, ""0011000000"": 1, ""0011110110"": 1, ""0011111101"": 1, ""1100111101"": 1, ""1101110011"": 1, ""1111001110"": 1, ""1111011011"": 1, ""1111111000"": 1}"
019e10ef-2647-7a11-ab4c-e4eda33cfa65,4,8,308,XIXIZIZXIX,XIXZIZIXIX,"[0, 2, 3, 5, 7, 9]",-0.0009765624999999985,0.0,10,1.0,"{""0000001011"": 1, ""0000001100"": 1, ""0010100000"": 1, ""0010100101"": 1, ""0010110111"": 1, ""0011100000"": 1, ""1101100000"": 1, ""1101111011"": 1, ""1111001100"": 1, ""1111010000"": 1}"
019e10ef-2647-7a11-ab4c-e4eda33cfa65,4,9,309,XIXIZIZXZI,IZXZIZIXIX,"[1, 2, 3, 5, 7, 9]",-0.0009765624999999985,0.0,10,1.0,"{""0000000111"": 1, ""0000011011"": 1, ""0001001011"": 1, ""0011100000"": 1, ""0011101011"": 1, ""1100111100"": 2, ""1101100111"": 1, ""1101101101"": 1, ""1111001101"": 1}"
019e10ef-2647-7a11-ab4c-e4eda33cfa65,4,10,310,XIXIZIZYXY,YXYZIZIXIX,"[0, 1, 2, 3, 5, 7, 9]",0.0009765624999999985,0.0,10,-0.8,"{""0000010100"": 1, ""0000010111"": 1, ""0000011101"": 1, ""0001010000"": 1, ""0001010001"": 1, ""0001011101"": 1, ""0010101011"": 1, ""0101000100"": 1, ""1111001000"": 1, ""1111010010"": 1}"
019e10ef-2647-7a11-ab4c-e4eda33cfa65,4,11,311,XIXIZIZYYZ,ZYYZIZIXIX,"[0, 1, 2, 3, 5, 7, 9]",-0.0009765624999999985,0.0,10,0.8,"{""0000000101"": 1, ""0000010000"": 1, ""0001011001"": 1, ""0010110000"": 1, ""0011101100"": 1, ""1101100011"": 1, ""1101101010"": 1, ""1101110011"": 1, ""1101111001"": 1, ""1110010001"": 1}"
019e10ef-2647-7a11-ab4c-e4eda33cfa65,4,12,312,XIXIZZXIXZ,ZXIXZZIXIX,"[0, 1, 3, 4, 5, 7, 9]",-0.0009765624999999985,0.0,10,0.8,"{""0000001101"": 1, ""0001010110"": 1, ""0001011011"": 1, ""0011100001"": 1, ""0011101110"": 1, ""1001011110"": 1, ""1101100000"": 1, ""1110000000"": 1, ""1111010101"": 1, ""1111011011"": 1}"
019e10ef-2647-7a11-ab4c-e4eda33cfa65,4,13,313,XIXIZZXIYY,YYIXZZIXIX,"[0, 1, 3, 4, 5, 7, 9]",-0.0009765624999999985,0.0,10,0.2,"{""0000011101"": 1, ""0001001110"": 1, ""0001110110"": 1, ""0010110101"": 1, ""0011111000"": 1, ""1010100000"": 1, ""1011100011"": 1, ""1100100000"": 1, ""1110000011"": 1, ""1111000000"": 1}"
019e10ef-2647-7a11-ab4c-e4eda33cfa65,4,14,314,XIXIZZXZII,IIZXZZIXIX,"[2, 3, 4, 5, 7, 9]",-0.0009765624999999985,0.0,10,0.2,"{""0000011011"": 1, ""0010101111"": 1, ""0011110110"": 1, ""1001001101"": 1, ""1010101101"": 1, ""1101110001"": 1, ""1110001001"": 1, ""1111001100"": 1, ""1111010100"": 1, ""1111010110"": 1}"
019e10ef-2647-7a11-ab4c-e4eda33cfa65,4,15,315,XIXIZZXZZX,XZZXZZIXIX,"[0, 1, 2, 3, 4, 5, 7, 9]",-0.0009765624999999985,0.0,10,0.6,"{""0000011011"": 2, ""0001001011"": 1, ""0010100000"": 1, ""0011101111"": 1, ""0011111000"": 1, ""0100100000"": 1, ""1101110100"": 1, ""1101111000"": 1, ""1111001111"": 1}"
019e10ef-2647-7a11-ab4c-e4eda33cfa65,4,16,316,XIXIZZYXXY,YXXYZZIXIX,"[0, 1, 2, 3, 4, 5, 7, 9]",-0.0009765624999999985,0.0,10,1.0,"{""0000011110"": 1, ""0001000011"": 1, ""0001000101"": 1, ""0001011110"": 1, ""0010100011"": 1, ""0011100000"": 1, ""1011011101"": 1, ""1101000010"": 1, ""1110001100"": 1, ""1110010100"": 1}"
019e10ef-2647-7a11-ab4c-e4eda33cfa65,4,17,317,XIXIZZYXYZ,ZYXYZZIXIX,"[0, 1, 2, 3, 4, 5, 7, 9]",0.0009765624999999985,0.0,10,-0.8,"{""0000001101"": 1, ""0001010110"": 1, ""0010100111"": 1, ""1101110110"": 1, ""1110000010"": 1, ""1110000100"": 1, ""1110011100"": 1, ""1111010110"": 1, ""1111011001"": 1, ""1111011011"": 1}"
019e10ef-2647-7a11-ab4c-e4eda33cfa65,4,18,318,XIXIZZYYIX,XIYYZZIXIX,"[0, 2, 3, 4, 5, 7, 9]",-0.0009765624999999985,0.0,10,0.6,"{""0000000111"": 1, ""0001000111"": 1, ""0011111000"": 1, ""1100100001"": 1, ""1100110101"": 1, ""1101111111"": 1, ""1110000111"": 1, ""1110001100"": 1, ""1110011111"": 1, ""1111000000"": 1}"
019e10ef-2647-7a11-ab4c-e4eda33cfa65,4,19,319,XIXIZZYYZI,IZYYZZIXIX,"[1, 2, 3, 4, 5, 7, 9]",-0.0009765624999999985,0.0,10,0.6,"{""0000000001"": 1, ""0001010010"": 1, ""0011100000"": 1, ""1100100010"": 1, ""1100111010"": 1, ""1101100110"": 1, ""1101110010"": 1, ""1110010100"": 1, ""1110011110"": 1, ""1111010010"": 1}"
019e10ef-2647-7a11-ab4c-e4eda33cfa65,4,20,320,XIYIXXXXXY,YXXXXXIYIX,"[0, 1, 2, 3, 4, 5, 7, 9]",0.0009765624999999985,0.0,10,-1.0,"{""0000111110"": 1, ""0001101111"": 1, ""0011010111"": 1, ""1100001111"": 1, ""1100010111"": 1, ""1101010111"": 1, ""1101011011"": 1, ""1101100100"": 1, ""1110001101"": 1, ""1111111000"": 1}"
019e10ef-2647-7a11-ab4c-e4eda33cfa65,4,21,321,XIYIXXXXYZ,ZYXXXXIYIX,"[0, 1, 2, 3, 4, 5, 7, 9]",-0.0009765624999999985,0.0,10,0.2,"{""0000110101"": 1, ""0001010110"": 1, ""0001100111"": 1, ""0010110001"": 1, ""0011100010"": 1, ""0011111000"": 1, ""1100100101"": 1, ""1100110110"": 1, ""1101001111"": 1, ""1101101111"": 1}"
019e10ef-2647-7a11-ab4c-e4eda33cfa65,4,22,322,XIYIXXXYIX,XIYXXXIYIX,"[0, 2, 3, 4, 5, 7, 9]",0.0009765624999999985,0.0,10,-0.4,"{""0000011000"": 1, ""0001000011"": 1, ""0001011100"": 1, ""0010011111"": 1, ""1100010100"": 1, ""1101100011"": 1, ""1110010111"": 1, ""1110100000"": 1, ""1111101000"": 1, ""1111110000"": 1}"
019e10ef-2647-7a11-ab4c-e4eda33cfa65,4,23,323,XIYIXXXYZI,IZYXXXIYIX,"[1, 2, 3, 4, 5, 7, 9]",0.0009765624999999985,0.0,10,-0.6,"{""0000001011"": 1, ""0001011101"": 1, ""0010101001"": 1, ""0010101010"": 1, ""0011001100"": 1, ""1100111010"": 1, ""1110000011"": 1, ""1110011011"": 1, ""1110101010"": 1, ""1110110011"": 1}"
019e10ef-2647-7a11-ab4c-e4eda33cfa65,4,24,324,XIYIXXYIXZ,ZXIYXXIYIX,"[0, 1, 3, 4, 5, 7, 9]",-0.0009765624999999985,0.0,10,0.8,"{""0000010101"": 1, ""0000110011"": 1, ""0001011011"": 2, ""0010010011"": 1, ""1101011101"": 1, ""1101101101"": 1, ""1110101000"": 1, ""1111011000"": 1, ""1111101101"": 1}"
019e10ef-2647-7a11-ab4c-e4eda33cfa65,4,25,325,XIYIXXYIYY,YYIYXXIYIX,"[0, 1, 3, 4, 5, 7, 9]",-0.0009765624999999985,0.0,10,0.8,"{""0000011011"": 1, ""0000110011"": 1, ""0010010011"": 1, ""0010101101"": 1, ""0011001000"": 1, ""1101000000"": 1, ""1101000010"": 1, ""1101100000"": 1, ""1101111011"": 1, ""1111001101"": 1}"
019e10ef-2647-7a11-ab4c-e4eda33cfa65,4,26,326,XIYIXXYZII,IIZYXXIYIX,"[2, 3, 4, 5, 7, 9]",-0.0009765624999999985,0.0,10,0.8,"{""0000111101"": 1, ""0001101000"": 1, ""0010101101"": 1, ""0011010001"": 1, ""0011011110"": 1, ""0011101010"": 1, ""1100010010"": 1, ""1100011110"": 1, ""1110001100"": 1, ""1110101010"": 1}"
019e10ef-2647-7a11-ab4c-e4eda33cfa65,4,27,327,XIYIXXYZZX,XZZYXXIYIX,"[0, 1, 2, 3, 4, 5, 7, 9]",-0.0009765624999999985,0.0,10,0.4,"{""0000011000"": 1, ""0000011011"": 1, ""0001000111"": 1, ""0010000000"": 1, ""0010010011"": 1, ""0010110100"": 1, ""0011000100"": 1, ""1100000000"": 1, ""1100111011"": 1, ""1111011000"": 1}"
019e10ef-2647-7a11-ab4c-e4eda33cfa65,4,28,328,XIYIXYIXIX,XIXIYXIYIX,"[0, 2, 4, 5, 7, 9]",0.0009765624999999985,0.0,10,-0.2,"{""0000110000"": 1, ""0001010111"": 1, ""0010001011"": 1, ""0010001100"": 1, ""1101000000"": 2, ""1101110111"": 1, ""1110101011"": 1, ""1111010000"": 2}"
019e10ef-2647-7a11-ab4c-e4eda33cfa65,4,29,329,XIYIXYIXZI,IZXIYXIYIX,"[1, 2, 4, 5, 7, 9]",0.0009765624999999985,0.0,10,-0.8,"{""0000001001"": 1, ""0000001101"": 1, ""0000111100"": 1, ""0001010001"": 1, ""0010101011"": 1, ""0011101100"": 1, ""0011110111"": 1, ""0110011101"": 1, ""1100101010"": 1, ""1111111011"": 1}"
019e10ef-2647-7a11-ab4c-e4eda33cfa65,4,30,330,XIYIXYIYXY,YXYIYXIYIX,"[0, 1, 2, 4, 5, 7, 9]",-0.0009765624999999985,0.0,10,0.6,"{""0000100001"": 1, ""0000100010"": 1, ""0000111011"": 1, ""0000111110"": 1, ""0011011011"": 1, ""0011100001"": 1, ""1101000010"": 1, ""1101110001"": 1, ""1110011011"": 1, ""1111001011"": 1}"
019e10ef-2647-7a11-ab4c-e4eda33cfa65,4,31,331,XIYIXYIYYZ,ZYYIYXIYIX,"[0, 1, 2, 4, 5, 7, 9]",0.0009765624999999985,0.0,10,-1.0,"{""0000001111"": 1, ""0001111010"": 1, ""0010101100"": 1, ""0011000000"": 1, ""0011110000"": 1, ""1100000101"": 1, ""1101000000"": 1, ""1101101111"": 1, ""1110010000"": 1, ""1111100000"": 1}"
019e10ef-2647-7a11-ab4c-e4eda33cfa65,4,32,332,XIYIXYZIII,IIIZYXIYIX,"[3, 4, 5, 7, 9]",0.0009765624999999985,0.0,10,-0.4,"{""0010011010"": 1, ""0011100111"": 1, ""0011110001"": 1, ""0110111110"": 1, ""1001001100"": 1, ""1100101000"": 1, ""1110111011"": 1, ""1111001000"": 1, ""1111010000"": 1, ""1111010010"": 1}"
019e10ef-2647-7a11-ab4c-e4eda33cfa65,4,33,333,XIYIXYZIZX,XZIZYXIYIX,"[0, 1, 3, 4, 5, 7, 9]",0.0009765624999999985,0.0,10,-0.2,"{""0001010001"": 1, ""0001110011"": 1, ""0010101111"": 1, ""0111001000"": 1, ""0111011000"": 1, ""1100101000"": 1, ""1101101011"": 1, ""1110000111"": 1, ""1110001011"": 1, ""1111001000"": 1}"
019e10ef-2647-7a11-ab4c-e4eda33cfa65,4,34,334,XIYIXYZZXZ,ZXZZYXIYIX,"[0, 1, 2, 3, 4, 5, 7, 9]",0.0009765624999999985,0.0,10,-0.6,"{""0000010110"": 1, ""0000100011"": 1, ""0001010011"": 1, ""1100011000"": 1, ""1100011110"": 1, ""1101001110"": 1, ""1110010011"": 1, ""1110111110"": 1, ""1111010100"": 1, ""1111111000"": 1}"
019e10ef-2647-7a11-ab4c-e4eda33cfa65,4,35,335,XIYIXYZZYY,YYZZYXIYIX,"[0, 1, 2, 3, 4, 5, 7, 9]",0.0009765624999999985,0.0,10,-0.8,"{""0010000110"": 1, ""0010101000"": 1, ""0011000000"": 1, ""0101101101"": 1, ""1100110000"": 1, ""1101011011"": 1, ""1110001101"": 1, ""1110010011"": 1, ""1110100000"": 1, ""1111100101"": 1}"
019e10ef-2647-7a11-ab4c-e4eda33cfa65,4,36,336,XIYIYIXIXZ,ZXIXIYIYIX,"[0, 1, 3, 5, 7, 9]",-0.0009765624999999985,0.0,10,0.8,"{""0000111011"": 1, ""0001000000"": 1, ""0001001110"": 1, ""0001110101"": 1, ""0001111011"": 1, ""0011010011"": 1, ""1101101110"": 1, ""1101111110"": 1, ""1110111011"": 1, ""1110111100"": 1}"
019e10ef-2647-7a11-ab4c-e4eda33cfa65,4,37,337,XIYIYIXIYY,YYIXIYIYIX,"[0, 1, 3, 5, 7, 9]",-0.0009765624999999985,0.0,10,0.4,"{""0010100001"": 1, ""0010101011"": 1, ""0011011011"": 1, ""0011101101"": 1, ""0011101110"": 1, ""1100010110"": 1, ""1101010101"": 1, ""1110011011"": 1, ""1111000011"": 1, ""1111111011"": 1}"
019e10ef-2647-7a11-ab4c-e4eda33cfa65,4,38,338,XIYIYIXZII,IIZXIYIYIX,"[2, 3, 5, 7, 9]",-0.0009765624999999985,0.0,10,0.2,"{""0000010111"": 1, ""0000110100"": 1, ""0010101000"": 1, ""1100010001"": 1, ""1100100010"": 1, ""1100101011"": 1, ""1100101111"": 1, ""1101100010"": 1, ""1101101101"": 1, ""1110001111"": 1}"
019e10ef-2647-7a11-ab4c-e4eda33cfa65,4,39,339,XIYIYIXZZX,XZZXIYIYIX,"[0, 1, 2, 3, 5, 7, 9]",-0.0009765624999999985,0.0,10,0.8,"{""0000000000"": 1, ""0000001100"": 1, ""0001101000"": 1, ""0010100000"": 1, ""0011010111"": 1, ""0011100011"": 1, ""0011100100"": 1, ""1101101100"": 1, ""1110001100"": 1, ""1111111011"": 1}"
019e10ef-2647-7a11-ab4c-e4eda33cfa65,4,40,340,XIYIYIYXXY,YXXYIYIYIX,"[0, 1, 2, 3, 5, 7, 9]",-0.0009765624999999985,0.0,10,0.6,"{""0000000000"": 1, ""0011010010"": 1, ""0011011011"": 1, ""0011101100"": 1, ""0011101111"": 1, ""1100100000"": 1, ""1101011010"": 1, ""1101011110"": 1, ""1111110011"": 1, ""1111111110"": 1}"
019e10ef-2647-7a11-ab4c-e4eda33cfa65,4,41,341,XIYIYIYXYZ,ZYXYIYIYIX,"[0, 1, 2, 3, 5, 7, 9]",0.0009765624999999985,0.0,10,-0.6,"{""0000000010"": 1, ""0001111001"": 1, ""0001111101"": 1, ""0011010000"": 1, ""1100000000"": 1, ""1100100100"": 1, ""1100101000"": 1, ""1101011010"": 1, ""1101101011"": 1, ""1111100001"": 1}"
019e10ef-2647-7a11-ab4c-e4eda33cfa65,4,42,342,XIYIYIYYIX,XIYYIYIYIX,"[0, 2, 3, 5, 7, 9]",-0.0009765624999999985,0.0,10,0.6,"{""0000000111"": 2, ""0000001011"": 1, ""0001000000"": 1, ""0001111111"": 1, ""0010011111"": 1, ""1011011000"": 1, ""1100010011"": 1, ""1101101100"": 1, ""1110011111"": 1}"
019e10ef-2647-7a11-ab4c-e4eda33cfa65,4,43,343,XIYIYIYYZI,IZYYIYIYIX,"[1, 2, 3, 5, 7, 9]",-0.0009765624999999985,0.0,10,0.2,"{""0000100000"": 1, ""0001011110"": 1, ""0010011111"": 1, ""0011010100"": 1, ""0011100110"": 1, ""0110001011"": 1, ""1100010101"": 1, ""1101011110"": 1, ""1110000111"": 1, ""1111010010"": 1}"
019e10ef-2647-7a11-ab4c-e4eda33cfa65,4,44,344,XIYIYZIIII,IIIIZYIYIX,"[4, 5, 7, 9]",-0.0009765624999999985,0.0,10,1.0,"{""0000111101"": 1, ""0001110010"": 1, ""0001110110"": 1, ""0010100111"": 1, ""0011011101"": 1, ""0011100000"": 1, ""1100010110"": 1, ""1100011010"": 1, ""1100011100"": 1, ""1101101001"": 1}"
019e10ef-2647-7a11-ab4c-e4eda33cfa65,4,45,345,XIYIYZIIZX,XZIIZYIYIX,"[0, 1, 4, 5, 7, 9]",-0.0009765624999999985,0.0,10,0.8,"{""0000000110"": 1, ""0000001100"": 1, ""0001111000"": 1, ""0001111011"": 1, ""0010100000"": 1, ""0011011100"": 1, ""0011100000"": 1, ""1101010111"": 1, ""1110111100"": 1, ""1111000100"": 1}"
019e10ef-2647-7a11-ab4c-e4eda33cfa65,4,46,346,XIYIYZIZXZ,ZXZIZYIYIX,"[0, 1, 2, 4, 5, 7, 9]",-0.0009765624999999985,0.0,10,0.6,"{""0000000110"": 1, ""0001111000"": 1, ""1001111011"": 1, ""1011010110"": 1, ""1100011110"": 1, ""1110000011"": 1, ""1110001000"": 1, ""1110110110"": 1, ""1110111110"": 1, ""1111111110"": 1}"
019e10ef-2647-7a11-ab4c-e4eda33cfa65,4,47,347,XIYIYZIZYY,YYZIZYIYIX,"[0, 1, 2, 4, 5, 7, 9]",-0.0009765624999999985,0.0,10,0.2,"{""0000001000"": 1, ""0000100110"": 1, ""0000110101"": 1, ""1100000101"": 1, ""1100001000"": 1, ""1110000011"": 2, ""1110110011"": 1, ""1110111011"": 1, ""1111011110"": 1}"
019e10ef-2647-7a11-ab4c-e4eda33cfa65,4,48,348,XIYIYZZXIX,XIXZZYIYIX,"[0, 2, 3, 4, 5, 7, 9]",-0.0009765624999999985,0.0,10,0.2,"{""0001011100"": 1, ""0010000000"": 1, ""0011010000"": 1, ""0011101011"": 1, ""0011110111"": 1, ""0101110111"": 1, ""1000100111"": 1, ""1010011100"": 1, ""1100100111"": 1, ""1111000000"": 1}"
019e10ef-2647-7a11-ab4c-e4eda33cfa65,4,49,349,XIYIYZZXZI,IZXZZYIYIX,"[1, 2, 3, 4, 5, 7, 9]",-0.0009765624999999985,0.0,10,0.8,"{""0000000111"": 1, ""0000001011"": 1, ""0001000110"": 1, ""0010011010"": 1, ""0010101101"": 1, ""1100010000"": 1, ""1100010111"": 1, ""1101000000"": 1, ""1101011011"": 1, ""1101100111"": 1}"
019e10ef-2647-7a11-ab4c-e4eda33cfa65,4,50,350,XIYIYZZYXY,YXYZZYIYIX,"[0, 1, 2, 3, 4, 5, 7, 9]",0.0009765624999999985,0.0,10,-1.0,"{""0000111000"": 1, ""0000111101"": 1, ""0001000010"": 1, ""0001111000"": 1, ""0010011000"": 1, ""1100101110"": 1, ""1101011101"": 1, ""1101100010"": 1, ""1101100100"": 1, ""1111001110"": 1}"
019e10ef-2647-7a11-ab4c-e4eda33cfa65,4,51,351,XIYIYZZYYZ,ZYYZZYIYIX,"[0, 1, 2, 3, 4, 5, 7, 9]",-0.0009765624999999985,0.0,10,0.8,"{""0000000101"": 1, ""0001000011"": 1, ""0010101001"": 1, ""0010101100"": 1, ""0011001001"": 1, ""1100100101"": 1, ""1100100110"": 1, ""1101100101"": 1, ""1111000000"": 1, ""1111110000"": 1}"
019e10ef-2647-7a11-ab4c-e4eda33cfa65,4,52,352,XIZXXIXIXZ,ZXIXIXXZIX,"[0, 1, 3, 5, 6, 7, 9]",-0.0009765624999999985,0.0,10,0.0,"{""0000001110"": 1, ""0001000000"": 1, ""1101000000"": 1, ""1101101110"": 1, ""1101110000"": 1, ""1101110011"": 1, ""1111010000"": 1, ""1111100000"": 2, ""1111100011"": 1}"
019e10ef-2647-7a11-ab4c-e4eda33cfa65,4,53,353,XIZXXIXIYY,YYIXIXXZIX,"[0, 1, 3, 5, 6, 7, 9]",-0.0009765624999999985,0.0,10,0.2,"{""0000001110"": 1, ""0000011000"": 1, ""0000101101"": 1, ""0000110100"": 1, ""0010111001"": 1, ""1100001101"": 1, ""1100010110"": 1, ""1111010001"": 1, ""1111100000"": 1, ""1111101101"": 1}"
019e10ef-2647-7a11-ab4c-e4eda33cfa65,4,54,354,XIZXXIXZII,IIZXIXXZIX,"[2, 3, 5, 6, 7, 9]",-0.0009765624999999985,0.0,10,0.6,"{""0000000001"": 1, ""0000000010"": 1, ""0000110100"": 1, ""0010001100"": 1, ""0010100001"": 1, ""0010101110"": 1, ""0101110100"": 1, ""1101001110"": 1, ""1101111010"": 1, ""1111101100"": 1}"
019e10ef-2647-7a11-ab4c-e4eda33cfa65,4,55,355,XIZXXIXZZX,XZZXIXXZIX,"[0, 1, 2, 3, 5, 6, 7, 9]",-0.0009765624999999985,0.0,10,0.8,"{""0000001000"": 1, ""0000110100"": 2, ""0010011011"": 1, ""0010100000"": 1, ""0010101100"": 1, ""0010101111"": 1, ""1111010111"": 1, ""1111011000"": 1, ""1111101111"": 1}"
019e10ef-2647-7a11-ab4c-e4eda33cfa65,4,56,356,XIZXXIYXXY,YXXYIXXZIX,"[0, 1, 2, 3, 5, 6, 7, 9]",-0.0009765624999999985,0.0,10,0.6,"{""0000000110"": 1, ""0000011100"": 1, ""0001111010"": 1, ""0010001100"": 1, ""0010010001"": 1, ""0010011010"": 1, ""1101001001"": 1, ""1101001010"": 1, ""1101110111"": 1, ""1111010001"": 1}"
019e10ef-2647-7a11-ab4c-e4eda33cfa65,4,57,357,XIZXXIYXYZ,ZYXYIXXZIX,"[0, 1, 2, 3, 5, 6, 7, 9]",0.0009765624999999985,0.0,10,-0.4,"{""0000000001"": 1, ""0000110000"": 1, ""0010000010"": 1, ""0010000111"": 1, ""0010010101"": 1, ""0010010110"": 1, ""0010011101"": 1, ""0010100001"": 1, ""1111010000"": 1, ""1111101110"": 1}"
019e10ef-2647-7a11-ab4c-e4eda33cfa65,4,58,358,XIZXXIYYIX,XIYYIXXZIX,"[0, 2, 3, 5, 6, 7, 9]",-0.0009765624999999985,0.0,10,0.8,"{""0000001011"": 1, ""0000001100"": 1, ""0000010011"": 1, ""0010100111"": 1, ""0010101011"": 1, ""1101111000"": 1, ""1111010011"": 2, ""1111011000"": 1, ""1111100000"": 1}"
019e10ef-2647-7a11-ab4c-e4eda33cfa65,4,59,359,XIZXXIYYZI,IZYYIXXZIX,"[1, 2, 3, 5, 6, 7, 9]",-0.0009765624999999985,0.0,10,0.4,"{""0000000110"": 1, ""0000001001"": 1, ""0000001101"": 1, ""0000111110"": 1, ""0010001010"": 1, ""0010011000"": 1, ""1101001010"": 1, ""1101110101"": 1, ""1101111111"": 1, ""1111000111"": 1}"
019e10ef-2647-7a11-ab4c-e4eda33cfa65,4,60,360,XIZXXZIIII,IIIIZXXZIX,"[4, 5, 6, 7, 9]",-0.0009765624999999985,0.0,10,0.4,"{""0000111010"": 1, ""0000111111"": 1, ""0010111110"": 1, ""1010100111"": 1, ""1101000000"": 1, ""1101000111"": 2, ""1101001111"": 1, ""1111011011"": 1, ""1111111101"": 1}"
019e10ef-2647-7a11-ab4c-e4eda33cfa65,4,61,361,XIZXXZIIZX,XZIIZXXZIX,"[0, 1, 4, 5, 6, 7, 9]",-0.0009765624999999985,0.0,10,0.2,"{""0000011000"": 1, ""0000101111"": 1, ""0000110000"": 1, ""0000110100"": 1, ""0001001100"": 1, ""0010011011"": 1, ""0010101011"": 1, ""0010101111"": 1, ""0010111011"": 1, ""1111010111"": 1}"
019e10ef-2647-7a11-ab4c-e4eda33cfa65,4,62,362,XIZXXZIZXZ,ZXZIZXXZIX,"[0, 1, 2, 4, 5, 6, 7, 9]",-0.0009765624999999985,0.0,10,1.0,"{""0000001000"": 1, ""0000110011"": 1, ""0010101011"": 1, ""1101000000"": 1, ""1111010000"": 1, ""1111100000"": 1, ""1111101011"": 2, ""1111101101"": 1, ""1111101110"": 1}"
019e10ef-2647-7a11-ab4c-e4eda33cfa65,4,63,363,XIZXXZIZYY,YYZIZXXZIX,"[0, 1, 2, 4, 5, 6, 7, 9]",-0.0009765624999999985,0.0,10,0.4,"{""0000000011"": 1, ""0010011101"": 1, ""0010011110"": 1, ""0111100110"": 1, ""1000000110"": 1, ""1101001110"": 2, ""1101110011"": 1, ""1101110100"": 1, ""1111011110"": 1}"
019e10ef-2647-7a11-ab4c-e4eda33cfa65,4,64,364,XIZXXZZXIX,XIXZZXXZIX,"[0, 2, 3, 4, 5, 6, 7, 9]",-0.0009765624999999985,0.0,10,0.8,"{""0000001011"": 1, ""0000011100"": 1, ""0010101011"": 1, ""0010101100"": 1, ""1101000000"": 1, ""1101111100"": 1, ""1111010111"": 1, ""1111011011"": 2, ""1111100111"": 1}"
019e10ef-2647-7a11-ab4c-e4eda33cfa65,4,65,365,XIZXXZZXZI,IZXZZXXZIX,"[1, 2, 3, 4, 5, 6, 7, 9]",-0.0009765624999999985,0.0,10,0.4,"{""0000100000"": 1, ""0010000111"": 1, ""0010100000"": 1, ""0010101011"": 1, ""1101001101"": 1, ""1101010111"": 1, ""1101110110"": 1, ""1101111101"": 1, ""1111101100"": 1, ""1111101101"": 1}"
019e10ef-2647-7a11-ab4c-e4eda33cfa65,4,66,366,XIZXXZZYXY,YXYZZXXZIX,"[0, 1, 2, 3, 4, 5, 6, 7, 9]",0.0009765624999999985,0.0,10,-0.4,"{""0000111011"": 1, ""0010100111"": 1, ""1101001011"": 2, ""1101100010"": 1, ""1111000010"": 1, ""1111100011"": 1, ""1111101011"": 2, ""1111101101"": 1}"
019e10ef-2647-7a11-ab4c-e4eda33cfa65,4,67,367,XIZXXZZYYZ,ZYYZZXXZIX,"[0, 1, 2, 3, 4, 5, 6, 7, 9]",-0.0009765624999999985,0.0,10,0.6,"{""0000000000"": 1, ""0000000100"": 1, ""0000111010"": 1, ""0010011010"": 1, ""0010101000"": 1, ""1101110110"": 1, ""1111010000"": 1, ""1111011100"": 1, ""1111100011"": 1, ""1111100101"": 1}"
019e10ef-2647-7a11-ab4c-e4eda33cfa65,4,68,368,XIZXYXXXXY,YXXXXYXZIX,"[0, 1, 2, 3, 4, 5, 6, 7, 9]",-0.0009765624999999985,0.0,10,0.0,"{""0000010001"": 1, ""0000010100"": 1, ""0010101000"": 1, ""0010110011"": 1, ""0010111000"": 1, ""1101101101"": 1, ""1101110010"": 1, ""1101110111"": 1, ""1101111010"": 1, ""1110100101"": 1}"
019e10ef-2647-7a11-ab4c-e4eda33cfa65,4,69,369,XIZXYXXXYZ,ZYXXXYXZIX,"[0, 1, 2, 3, 4, 5, 6, 7, 9]",0.0009765624999999985,0.0,10,-0.2,"{""0000010011"": 1, ""1101000001"": 1, ""1101001111"": 1, ""1101110100"": 1, ""1101110110"": 1, ""1110100111"": 1, ""1111000000"": 1, ""1111010101"": 1, ""1111101110"": 1, ""1111111010"": 1}"
019e10ef-2647-7a11-ab4c-e4eda33cfa65,4,70,370,XIZXYXXYIX,XIYXXYXZIX,"[0, 2, 3, 4, 5, 6, 7, 9]",-0.0009765624999999985,0.0,10,0.4,"{""0000001100"": 1, ""0000010011"": 1, ""0000111000"": 1, ""0010101000"": 1, ""0010110100"": 1, ""0111110100"": 1, ""1101001100"": 1, ""1101100011"": 1, ""1101101000"": 1, ""1111010000"": 1}"
019e10ef-2647-7a11-ab4c-e4eda33cfa65,4,71,371,XIZXYXXYZI,IZYXXYXZIX,"[1, 2, 3, 4, 5, 6, 7, 9]",-0.0009765624999999985,0.0,10,0.4,"{""0000010001"": 1, ""0000111011"": 1, ""0000111101"": 1, ""0010000000"": 1, ""0010011000"": 1, ""0010110010"": 1, ""0010111110"": 1, ""1111000011"": 1, ""1111010001"": 1, ""1111100111"": 1}"
019e10ef-2647-7a11-ab4c-e4eda33cfa65,4,72,372,XIZXYXYIXZ,ZXIYXYXZIX,"[0, 1, 3, 4, 5, 6, 7, 9]",0.0009765624999999985,0.0,10,-0.4,"{""0000000101"": 1, ""0000010000"": 1, ""0010100000"": 1, ""0010111110"": 1, ""1101011110"": 1, ""1101100110"": 1, ""1101101110"": 1, ""1101111011"": 1, ""1111011000"": 1, ""1111111011"": 1}"
019e10ef-2647-7a11-ab4c-e4eda33cfa65,4,73,373,XIZXYXYIYY,YYIYXYXZIX,"[0, 1, 3, 4, 5, 6, 7, 9]",0.0009765624999999985,0.0,10,-0.2,"{""0000100000"": 1, ""0010001000"": 1, ""0010001110"": 1, ""0010010101"": 1, ""0010101011"": 1, ""0010101110"": 1, ""0010110001"": 1, ""1101111101"": 1, ""1111001110"": 1, ""1111100110"": 1}"
019e10ef-2647-7a11-ab4c-e4eda33cfa65,4,74,374,XIZXYXYZII,IIZYXYXZIX,"[2, 3, 4, 5, 6, 7, 9]",0.0009765624999999985,0.0,10,-0.6,"{""0000001011"": 1, ""0000100011"": 1, ""0010001000"": 1, ""0010101001"": 1, ""0010111100"": 1, ""1100011011"": 1, ""1101101000"": 1, ""1101111010"": 1, ""1111000011"": 1, ""1111101000"": 1}"
019e10ef-2647-7a11-ab4c-e4eda33cfa65,4,75,375,XIZXYXYZZX,XZZYXYXZIX,"[0, 1, 2, 3, 4, 5, 6, 7, 9]",0.0009765624999999985,0.0,10,-0.2,"{""0000100100"": 1, ""0000101100"": 1, ""0000110110"": 1, ""0000111000"": 1, ""0010011011"": 1, ""0010111000"": 1, ""1101000000"": 1, ""1101001011"": 1, ""1101111000"": 1, ""1111101000"": 1}"
019e10ef-2647-7a11-ab4c-e4eda33cfa65,4,76,376,XIZXYYIXIX,XIXIYYXZIX,"[0, 2, 4, 5, 6, 7, 9]",-0.0009765624999999985,0.0,10,0.0,"{""0000001100"": 1, ""0000111011"": 1, ""0010100111"": 1, ""0011001011"": 1, ""1010010111"": 1, ""1101011011"": 1, ""1111000000"": 1, ""1111001011"": 1, ""1111001100"": 1, ""1111010111"": 1}"
019e10ef-2647-7a11-ab4c-e4eda33cfa65,4,77,377,XIZXYYIXZI,IZXIYYXZIX,"[1, 2, 4, 5, 6, 7, 9]",-0.0009765624999999985,0.0,10,0.4,"{""0000000001"": 1, ""0000101010"": 1, ""0010011011"": 1, ""0010100001"": 1, ""0010101100"": 1, ""1101000000"": 1, ""1101000100"": 1, ""1101011101"": 1, ""1101110111"": 1, ""1111100001"": 1}"
019e10ef-2647-7a11-ab4c-e4eda33cfa65,4,78,378,XIZXYYIYXY,YXYIYYXZIX,"[0, 1, 2, 4, 5, 6, 7, 9]",0.0009765624999999985,0.0,10,0.2,"{""0000001101"": 1, ""0000101101"": 1, ""0000101110"": 1, ""0000111000"": 1, ""0111001101"": 1, ""1001011011"": 1, ""1100000111"": 1, ""1101000110"": 1, ""1101001101"": 1, ""1111001101"": 1}"
019e10ef-2647-7a11-ab4c-e4eda33cfa65,4,79,379,XIZXYYIYYZ,ZYYIYYXZIX,"[0, 1, 2, 4, 5, 6, 7, 9]",-0.0009765624999999985,0.0,10,0.2,"{""0000100011"": 1, ""0000100111"": 1, ""1101010000"": 1, ""1101101100"": 1, ""1101110110"": 1, ""1111000101"": 1, ""1111100000"": 1, ""1111101010"": 1, ""1111111100"": 1, ""1111111111"": 1}"
019e10ef-2647-7a11-ab4c-e4eda33cfa65,4,80,380,XIZXYYZIII,IIIZYYXZIX,"[3, 4, 5, 6, 7, 9]",-0.0009765624999999985,0.0,10,0.6,"{""0000110011"": 1, ""0000110100"": 1, ""0000110101"": 1, ""0010100001"": 1, ""1100110100"": 1, ""1101000000"": 1, ""1101011000"": 1, ""1101011111"": 1, ""1101100100"": 1, ""1101101100"": 1}"
019e10ef-2647-7a11-ab4c-e4eda33cfa65,4,81,381,XIZXYYZIZX,XZIZYYXZIX,"[0, 1, 3, 4, 5, 6, 7, 9]",-0.0009765624999999985,0.0,10,0.0,"{""0000100111"": 1, ""0010001011"": 1, ""0010010011"": 1, ""0010100111"": 1, ""0011100100"": 1, ""0101011111"": 1, ""1000101011"": 1, ""1101110111"": 1, ""1111001011"": 1, ""1111101111"": 1}"
019e10ef-2647-7a11-ab4c-e4eda33cfa65,4,82,382,XIZXYYZZXZ,ZXZZYYXZIX,"[0, 1, 2, 3, 4, 5, 6, 7, 9]",-0.0009765624999999985,0.0,10,0.8,"{""0000101100"": 1, ""0000101110"": 1, ""0000110101"": 1, ""1101000110"": 1, ""1101110101"": 1, ""1111001000"": 1, ""1111001101"": 1, ""1111001110"": 1, ""1111010011"": 1, ""1111010110"": 1}"
019e10ef-2647-7a11-ab4c-e4eda33cfa65,4,83,383,XIZXYYZZYY,YYZZYYXZIX,"[0, 1, 2, 3, 4, 5, 6, 7, 9]",-0.0009765624999999985,0.0,10,0.6,"{""0000000000"": 1, ""0000011011"": 1, ""1101011000"": 1, ""1101011011"": 1, ""1101101011"": 1, ""1111010010"": 1, ""1111010110"": 1, ""1111100001"": 1, ""1111100110"": 1, ""1111111101"": 1}"
019e10ef-2647-7a11-ab4c-e4eda33cfa65,4,84,384,XZIIIIIIII,IIIIIIIIZX,"[8, 9]",-0.0009765624999999985,0.0,10,0.8,"{""0000001000"": 1, ""0000100000"": 1, ""0010010111"": 1, ""0010011001"": 1, ""0010111100"": 1, ""0011000011"": 1, ""0011011110"": 1, ""1000000110"": 1, ""1100010100"": 1, ""1110110010"": 1}"
019e10ef-2647-7a11-ab4c-e4eda33cfa65,4,85,385,XZIIIIIIZX,XZIIIIIIZX,"[0, 1, 8, 9]",-0.0009765624999999985,0.0,10,0.8,"{""0000111010"": 1, ""0001100000"": 1, ""0001100111"": 1, ""0001101000"": 1, ""0010101011"": 1, ""0011001011"": 1, ""0011100000"": 1, ""1100000111"": 1, ""1101001100"": 1, ""1101111111"": 1}"
019e10ef-2647-7a11-ab4c-e4eda33cfa65,4,86,386,XZIIIIIZXZ,ZXZIIIIIZX,"[0, 1, 2, 8, 9]",-0.0009765624999999985,0.0,10,0.8,"{""0000101101"": 1, ""0000111000"": 1, ""0001101101"": 1, ""0011000011"": 1, ""0011110011"": 1, ""0111000110"": 1, ""1111001110"": 1, ""1111011110"": 1, ""1111110101"": 1, ""1111110110"": 1}"
019e10ef-2647-7a11-ab4c-e4eda33cfa65,4,87,387,XZIIIIIZYY,YYZIIIIIZX,"[0, 1, 2, 8, 9]",-0.0009765624999999985,0.0,10,0.6,"{""0001011111"": 1, ""0001100000"": 1, ""0010101011"": 1, ""0010110101"": 1, ""0010111011"": 1, ""0011000000"": 1, ""0011011101"": 1, ""1001110000"": 1, ""1100100000"": 1, ""1111001011"": 1}"
019e10ef-2647-7a11-ab4c-e4eda33cfa65,4,88,388,XZIIIIZXIX,XIXZIIIIZX,"[0, 2, 3, 8, 9]",-0.0009765624999999985,0.0,10,0.8,"{""0000011011"": 1, ""0001011010"": 1, ""0001101100"": 1, ""0001111011"": 1, ""0010001011"": 1, ""0010010111"": 1, ""1100111011"": 1, ""1101111011"": 1, ""1110001011"": 1, ""1111011100"": 1}"
019e10ef-2647-7a11-ab4c-e4eda33cfa65,4,89,389,XZIIIIZXZI,IZXZIIIIZX,"[1, 2, 3, 8, 9]",-0.0009765624999999985,0.0,10,1.0,"{""0001001011"": 1, ""0001010001"": 1, ""0001010110"": 1, ""0010001010"": 1, ""0010001101"": 1, ""0010111010"": 1, ""0011101101"": 1, ""1100110001"": 1, ""1101110000"": 1, ""1110101011"": 1}"
019e10ef-2647-7a11-ab4c-e4eda33cfa65,4,90,390,XZIIIIZYXY,YXYZIIIIZX,"[0, 1, 2, 3, 8, 9]",0.0009765624999999985,0.0,10,-0.6,"{""0000101000"": 1, ""0001010001"": 1, ""0010010000"": 1, ""0010010001"": 1, ""0011001101"": 1, ""0011011011"": 1, ""1100001111"": 1, ""1101100001"": 1, ""1110000001"": 1, ""1111011101"": 1}"
019e10ef-2647-7a11-ab4c-e4eda33cfa65,4,91,391,XZIIIIZYYZ,ZYYZIIIIZX,"[0, 1, 2, 3, 8, 9]",-0.0009765624999999985,0.0,10,0.8,"{""0001101100"": 1, ""0001111000"": 1, ""0010111001"": 1, ""0011101111"": 1, ""1100010110"": 1, ""1100100110"": 1, ""1110001010"": 1, ""1110001100"": 1, ""1111011001"": 1, ""1111111001"": 1}"
019e10ef-2647-7a11-ab4c-e4eda33cfa65,4,92,392,XZIIIZXIXZ,ZXIXZIIIZX,"[0, 1, 3, 4, 8, 9]",-0.0009765624999999985,0.0,10,0.8,"{""0001010110"": 1, ""0001100011"": 1, ""0010000011"": 1, ""0011010101"": 1, ""1100011011"": 1, ""1100101110"": 1, ""1101010110"": 1, ""1101100101"": 1, ""1110100011"": 1, ""1111001010"": 1}"
019e10ef-2647-7a11-ab4c-e4eda33cfa65,4,93,393,XZIIIZXIYY,YYIXZIIIZX,"[0, 1, 3, 4, 8, 9]",-0.0009765624999999985,0.0,10,0.4,"{""0001001101"": 1, ""0010010101"": 1, ""0011110110"": 2, ""1100101011"": 1, ""1101010010"": 1, ""1110001000"": 1, ""1111000000"": 1, ""1111001011"": 1, ""1111011000"": 1}"
019e10ef-2647-7a11-ab4c-e4eda33cfa65,4,94,394,XZIIIZXZII,IIZXZIIIZX,"[2, 3, 4, 8, 9]",-0.0009765624999999985,0.0,10,0.8,"{""0000001111"": 1, ""0001101111"": 1, ""0010010010"": 1, ""0010101111"": 1, ""0010110111"": 1, ""0010111000"": 1, ""1101101110"": 1, ""1110000000"": 1, ""1111010100"": 1, ""1111010101"": 1}"
019e10ef-2647-7a11-ab4c-e4eda33cfa65,4,95,395,XZIIIZXZZX,XZZXZIIIZX,"[0, 1, 2, 3, 4, 8, 9]",-0.0009765624999999985,0.0,10,0.8,"{""0000011000"": 1, ""0000101111"": 1, ""0001000000"": 1, ""0001101100"": 1, ""1100000011"": 1, ""1100010100"": 1, ""1110000011"": 1, ""1110001100"": 1, ""1111001100"": 1, ""1111011010"": 1}"
019e10ef-2647-7a11-ab4c-e4eda33cfa65,4,96,396,XZIIIZYXXY,YXXYZIIIZX,"[0, 1, 2, 3, 4, 8, 9]",-0.0009765624999999985,0.0,10,0.6,"{""0001010011"": 1, ""0001101010"": 1, ""0010000011"": 1, ""1000000000"": 1, ""1100011011"": 1, ""1101001010"": 1, ""1101011110"": 1, ""1111001100"": 1, ""1111101010"": 1, ""1111111101"": 1}"
019e10ef-2647-7a11-ab4c-e4eda33cfa65,4,97,397,XZIIIZYXYZ,ZYXYZIIIZX,"[0, 1, 2, 3, 4, 8, 9]",0.0009765624999999985,0.0,10,-0.4,"{""0001011000"": 1, ""0011101101"": 1, ""0011111010"": 1, ""1100101011"": 1, ""1100110110"": 1, ""1101101000"": 1, ""1110001011"": 1, ""1110001111"": 1, ""1111010110"": 1, ""1111100011"": 1}"
019e10ef-2647-7a11-ab4c-e4eda33cfa65,4,98,398,XZIIIZYYIX,XIYYZIIIZX,"[0, 2, 3, 4, 8, 9]",-0.0009765624999999985,0.0,10,1.0,"{""0010001100"": 1, ""0010010011"": 1, ""0010100000"": 1, ""0010100111"": 1, ""0011101100"": 1, ""1101010011"": 1, ""1110000111"": 1, ""1110101100"": 1, ""1111100111"": 1, ""1111111000"": 1}"
019e10ef-2647-7a11-ab4c-e4eda33cfa65,4,99,399,XZIIIZYYZI,IZYYZIIIZX,"[1, 2, 3, 4, 8, 9]",-0.0009765624999999985,0.0,10,1.0,"{""0000111001"": 1, ""0010001101"": 2, ""0011011111"": 2, ""1100001010"": 1, ""1110001010"": 1, ""1110001100"": 1, ""1111100110"": 1, ""1111101100"": 1}"
019e10ef-2ad2-7030-b7b9-c159a0604e77,5,0,400,XZIIZXIXIX,XIXIXZIIZX,"[0, 2, 4, 5, 8, 9]",-0.0009765624999999985,0.0,10,0.8,"{""0000101100"": 1, ""0011000000"": 1, ""0100011011"": 1, ""1100000000"": 1, ""1100110111"": 2, ""1101101011"": 1, ""1101110000"": 1, ""1110000000"": 1, ""1110110000"": 1}"
019e10ef-2ad2-7030-b7b9-c159a0604e77,5,1,401,XZIIZXIXZI,IZXIXZIIZX,"[1, 2, 4, 5, 8, 9]",-0.0009765624999999985,0.0,10,0.8,"{""0000011010"": 1, ""0010000001"": 1, ""0011101011"": 1, ""1101000110"": 1, ""1101000111"": 1, ""1101101100"": 1, ""1101101101"": 1, ""1101110000"": 1, ""1110101010"": 1, ""1111011001"": 1}"
019e10ef-2ad2-7030-b7b9-c159a0604e77,5,2,402,XZIIZXIYXY,YXYIXZIIZX,"[0, 1, 2, 4, 5, 8, 9]",0.0009765624999999985,0.0,10,-0.8,"{""0000110100"": 1, ""0001101011"": 1, ""0001110111"": 1, ""0011011000"": 1, ""0011100010"": 1, ""0011110010"": 1, ""0011110100"": 1, ""1110000100"": 1, ""1110011101"": 1, ""1111110010"": 1}"
019e10ef-2ad2-7030-b7b9-c159a0604e77,5,3,403,XZIIZXIYYZ,ZYYIXZIIZX,"[0, 1, 2, 4, 5, 8, 9]",-0.0009765624999999985,0.0,10,0.8,"{""0000101001"": 1, ""0001101010"": 1, ""0001101100"": 1, ""0010011010"": 1, ""0010011111"": 1, ""0011000110"": 1, ""0111110101"": 1, ""1110000011"": 1, ""1111000011"": 1, ""1111110101"": 1}"
019e10ef-2ad2-7030-b7b9-c159a0604e77,5,4,404,XZIIZXZIII,IIIZXZIIZX,"[3, 4, 5, 8, 9]",-0.0009765624999999985,0.0,10,1.0,"{""0000000000"": 1, ""0001000000"": 1, ""1100101001"": 1, ""1100101110"": 1, ""1101000000"": 1, ""1101011010"": 1, ""1101110000"": 1, ""1101110110"": 1, ""1111011101"": 1, ""1111101011"": 1}"
019e10ef-2ad2-7030-b7b9-c159a0604e77,5,5,405,XZIIZXZIZX,XZIZXZIIZX,"[0, 1, 3, 4, 5, 8, 9]",-0.0009765624999999985,0.0,10,0.4,"{""0010000111"": 1, ""0010110100"": 1, ""0011011000"": 1, ""0011011011"": 1, ""0011101000"": 1, ""0100101111"": 1, ""1100000000"": 1, ""1101011111"": 1, ""1110010100"": 2}"
019e10ef-2ad2-7030-b7b9-c159a0604e77,5,6,406,XZIIZXZZXZ,ZXZZXZIIZX,"[0, 1, 2, 3, 4, 5, 8, 9]",-0.0009765624999999985,0.0,10,0.4,"{""0000011110"": 1, ""0010011101"": 1, ""0010011110"": 1, ""0011000111"": 1, ""0011011011"": 1, ""0011110100"": 1, ""1100101101"": 1, ""1101011110"": 1, ""1101101000"": 1, ""1110101100"": 1}"
019e10ef-2ad2-7030-b7b9-c159a0604e77,5,7,407,XZIIZXZZYY,YYZZXZIIZX,"[0, 1, 2, 3, 4, 5, 8, 9]",-0.0009765624999999985,0.0,10,0.4,"{""0000110001"": 1, ""0000110101"": 1, ""0001000101"": 1, ""0010000110"": 1, ""0011011110"": 1, ""1100000000"": 1, ""1110010101"": 1, ""1111000000"": 1, ""1111110000"": 1, ""1111110001"": 1}"
019e10ef-2ad2-7030-b7b9-c159a0604e77,5,8,408,XZIIZYXXXY,YXXXYZIIZX,"[0, 1, 2, 3, 4, 5, 8, 9]",0.0009765624999999985,0.0,10,-0.4,"{""0001010010"": 1, ""0001101000"": 1, ""0010110100"": 1, ""0011110010"": 1, ""1100010110"": 1, ""1100011100"": 1, ""1101110000"": 1, ""1110000111"": 1, ""1110011010"": 1, ""1110111101"": 1}"
019e10ef-2ad2-7030-b7b9-c159a0604e77,5,9,409,XZIIZYXXYZ,ZYXXYZIIZX,"[0, 1, 2, 3, 4, 5, 8, 9]",-0.0009765624999999985,0.0,10,1.0,"{""0000000110"": 1, ""0000001100"": 1, ""0001101110"": 1, ""0001110000"": 1, ""0010000110"": 1, ""0011000011"": 1, ""0011011101"": 1, ""0011101101"": 1, ""1100100010"": 1, ""1110101011"": 1}"
019e10ef-2ad2-7030-b7b9-c159a0604e77,5,10,410,XZIIZYXYIX,XIYXYZIIZX,"[0, 2, 3, 4, 5, 8, 9]",0.0009765624999999985,0.0,10,-0.4,"{""0001110011"": 1, ""0010011000"": 1, ""0010110010"": 1, ""0011110011"": 1, ""1101000100"": 1, ""1110001000"": 1, ""1110001111"": 1, ""1110010000"": 1, ""1110110011"": 1, ""1111101010"": 1}"
019e10ef-2ad2-7030-b7b9-c159a0604e77,5,11,411,XZIIZYXYZI,IZYXYZIIZX,"[1, 2, 3, 4, 5, 8, 9]",0.0009765624999999985,0.0,10,-0.6,"{""0001001111"": 1, ""0010001111"": 1, ""0011100011"": 1, ""0011100110"": 1, ""1100010111"": 2, ""1100100001"": 1, ""1101101010"": 1, ""1110111011"": 1, ""1111001110"": 1}"
019e10ef-2ad2-7030-b7b9-c159a0604e77,5,12,412,XZIIZYYIXZ,ZXIYYZIIZX,"[0, 1, 3, 4, 5, 8, 9]",-0.0009765624999999985,0.0,10,0.2,"{""0001011000"": 2, ""0010101110"": 1, ""0011010000"": 1, ""1100011000"": 1, ""1100011100"": 1, ""1100111100"": 1, ""1101000011"": 1, ""1101110011"": 1, ""1110111011"": 1}"
019e10ef-2ad2-7030-b7b9-c159a0604e77,5,13,413,XZIIZYYIYY,YYIYYZIIZX,"[0, 1, 3, 4, 5, 8, 9]",-0.0009765624999999985,0.0,10,0.4,"{""0010100110"": 1, ""0010110110"": 1, ""0011001100"": 1, ""0011100110"": 2, ""0011111110"": 1, ""1100111101"": 1, ""1110101000"": 1, ""1110110011"": 1, ""1111101110"": 1}"
019e10ef-2ad2-7030-b7b9-c159a0604e77,5,14,414,XZIIZYYZII,IIZYYZIIZX,"[2, 3, 4, 5, 8, 9]",-0.0009765624999999985,0.0,10,0.4,"{""0000001110"": 1, ""0010001000"": 1, ""0010100110"": 1, ""0010110111"": 1, ""0011101000"": 1, ""1100000000"": 1, ""1110110001"": 1, ""1111001111"": 1, ""1111011111"": 1, ""1111110001"": 1}"
019e10ef-2ad2-7030-b7b9-c159a0604e77,5,15,415,XZIIZYYZZX,XZZYYZIIZX,"[0, 1, 2, 3, 4, 5, 8, 9]",-0.0009765624999999985,0.0,10,0.8,"{""0001011000"": 1, ""0001110000"": 1, ""0001111100"": 1, ""0011001100"": 1, ""1100000000"": 1, ""1100001100"": 1, ""1100110011"": 1, ""1101011011"": 1, ""1101111110"": 1, ""1111101011"": 1}"
019e10ef-2ad2-7030-b7b9-c159a0604e77,5,16,416,XZXXIXIXIX,XIXIXIXXZX,"[0, 2, 4, 6, 7, 8, 9]",-0.0009765624999999985,0.0,10,0.6,"{""0000000000"": 2, ""0010101100"": 1, ""0010110000"": 1, ""0010111011"": 1, ""0101101011"": 1, ""1101101100"": 1, ""1101110101"": 1, ""1111000000"": 1, ""1111011011"": 1}"
019e10ef-2ad2-7030-b7b9-c159a0604e77,5,17,417,XZXXIXIXZI,IZXIXIXXZX,"[1, 2, 4, 6, 7, 8, 9]",-0.0009765624999999985,0.0,10,0.8,"{""0000000110"": 1, ""0000011010"": 1, ""0000011011"": 1, ""0010100001"": 1, ""0010101011"": 1, ""1111000000"": 2, ""1111000111"": 1, ""1111011011"": 1, ""1111011101"": 1}"
019e10ef-2ad2-7030-b7b9-c159a0604e77,5,18,418,XZXXIXIYXY,YXYIXIXXZX,"[0, 1, 2, 4, 6, 7, 8, 9]",0.0009765624999999985,0.0,10,0.0,"{""0000000100"": 1, ""0000000111"": 1, ""0010111011"": 1, ""1010101000"": 1, ""1101101100"": 1, ""1101110101"": 1, ""1101110111"": 1, ""1111010001"": 1, ""1111011011"": 2}"
019e10ef-2ad2-7030-b7b9-c159a0604e77,5,19,419,XZXXIXIYYZ,ZYYIXIXXZX,"[0, 1, 2, 4, 6, 7, 8, 9]",-0.0009765624999999985,0.0,10,0.8,"{""0000000101"": 1, ""0010101010"": 1, ""0010101100"": 1, ""0010110000"": 1, ""0010110011"": 1, ""0101110110"": 1, ""1101101001"": 1, ""1101101111"": 1, ""1101110011"": 1, ""1111011111"": 1}"
019e10ef-2ad2-7030-b7b9-c159a0604e77,5,20,420,XZXXIXZIII,IIIZXIXXZX,"[3, 4, 6, 7, 8, 9]",-0.0009765624999999985,0.0,10,0.8,"{""0000000101"": 1, ""0000000111"": 1, ""0000010011"": 1, ""0010101100"": 1, ""0010110111"": 1, ""1101101000"": 1, ""1101101101"": 1, ""1101110011"": 1, ""1101110101"": 1, ""1111000111"": 1}"
019e10ef-2ad2-7030-b7b9-c159a0604e77,5,21,421,XZXXIXZIZX,XZIZXIXXZX,"[0, 1, 3, 4, 6, 7, 8, 9]",-0.0009765624999999985,0.0,10,0.6,"{""0000000000"": 1, ""0000000011"": 1, ""0001011011"": 1, ""0010101011"": 1, ""1100101100"": 1, ""1101101000"": 1, ""1101101011"": 1, ""1101110100"": 2, ""1111011011"": 1}"
019e10ef-2ad2-7030-b7b9-c159a0604e77,5,22,422,XZXXIXZZXZ,ZXZZXIXXZX,"[0, 1, 2, 3, 4, 6, 7, 8, 9]",-0.0009765624999999985,0.0,10,0.6,"{""0000011011"": 1, ""0000011110"": 1, ""1100110011"": 1, ""1101101110"": 1, ""1101110110"": 1, ""1101110111"": 1, ""1111000101"": 1, ""1111011011"": 2, ""1111011110"": 1}"
019e10ef-2ad2-7030-b7b9-c159a0604e77,5,23,423,XZXXIXZZYY,YYZZXIXXZX,"[0, 1, 2, 3, 4, 6, 7, 8, 9]",-0.0009765624999999985,0.0,10,0.4,"{""0000011101"": 1, ""0010101110"": 1, ""0010110000"": 1, ""0101110000"": 1, ""1101100101"": 1, ""1101101011"": 1, ""1101110101"": 1, ""1111000000"": 1, ""1111010101"": 1, ""1111011110"": 1}"
019e10ef-2ad2-7030-b7b9-c159a0604e77,5,24,424,XZXXIYXXXY,YXXXYIXXZX,"[0, 1, 2, 3, 4, 6, 7, 8, 9]",0.0009765624999999985,0.0,10,-1.0,"{""0000000100"": 1, ""0000001101"": 1, ""0000001110"": 1, ""0000010011"": 1, ""0010100101"": 1, ""0010111101"": 1, ""1111000001"": 1, ""1111001101"": 1, ""1111010011"": 1, ""1111011010"": 1}"
019e10ef-2ad2-7030-b7b9-c159a0604e77,5,25,425,XZXXIYXXYZ,ZYXXYIXXZX,"[0, 1, 2, 3, 4, 6, 7, 8, 9]",-0.0009765624999999985,0.0,10,0.6,"{""0000000000"": 1, ""0000000011"": 1, ""0000010100"": 1, ""0010110010"": 1, ""0010110110"": 1, ""0010111001"": 1, ""1101100111"": 2, ""1101101000"": 1, ""1111010000"": 1}"
019e10ef-2ad2-7030-b7b9-c159a0604e77,5,26,426,XZXXIYXYIX,XIYXYIXXZX,"[0, 2, 3, 4, 6, 7, 8, 9]",0.0009765624999999985,0.0,10,-0.4,"{""0000000100"": 1, ""0000010000"": 1, ""0011100000"": 1, ""1000011100"": 1, ""1101100111"": 1, ""1101101011"": 2, ""1101110000"": 1, ""1101111000"": 1, ""1111010111"": 1}"
019e10ef-2ad2-7030-b7b9-c159a0604e77,5,27,427,XZXXIYXYZI,IZYXYIXXZX,"[1, 2, 3, 4, 6, 7, 8, 9]",0.0009765624999999985,0.0,10,-0.4,"{""0000110010"": 1, ""1101100001"": 1, ""1101100101"": 1, ""1101110011"": 1, ""1101110100"": 1, ""1111000010"": 1, ""1111000101"": 1, ""1111010000"": 1, ""1111010010"": 1, ""1111011101"": 1}"
019e10ef-2ad2-7030-b7b9-c159a0604e77,5,28,428,XZXXIYYIXZ,ZXIYYIXXZX,"[0, 1, 3, 4, 6, 7, 8, 9]",-0.0009765624999999985,0.0,10,0.8,"{""0000001100"": 1, ""0000011000"": 1, ""0000011011"": 1, ""1101100101"": 2, ""1101101000"": 1, ""1101111110"": 2, ""1111000000"": 1, ""1111010110"": 1}"
019e10ef-2ad2-7030-b7b9-c159a0604e77,5,29,429,XZXXIYYIYY,YYIYYIXXZX,"[0, 1, 3, 4, 6, 7, 8, 9]",-0.0009765624999999985,0.0,10,0.8,"{""0000010110"": 1, ""0010100101"": 1, ""0010100110"": 2, ""0010110101"": 1, ""0010111110"": 1, ""1101100110"": 1, ""1101110000"": 1, ""1111000000"": 1, ""1111001110"": 1}"
019e10ef-2ad2-7030-b7b9-c159a0604e77,5,30,430,XZXXIYYZII,IIZYYIXXZX,"[2, 3, 4, 6, 7, 8, 9]",-0.0009765624999999985,0.0,10,0.6,"{""0000000011"": 1, ""0000010101"": 1, ""0000010110"": 1, ""0010001110"": 1, ""0010100101"": 1, ""0010110001"": 2, ""1101110011"": 1, ""1111001011"": 1, ""1111001110"": 1}"
019e10ef-2ad2-7030-b7b9-c159a0604e77,5,31,431,XZXXIYYZZX,XZZYYIXXZX,"[0, 1, 2, 3, 4, 6, 7, 8, 9]",-0.0009765624999999985,0.0,10,1.0,"{""0010100100"": 1, ""0010101011"": 1, ""0010110000"": 1, ""0010111100"": 2, ""1101100100"": 1, ""1101101011"": 1, ""1101110011"": 1, ""1111000000"": 1, ""1111000011"": 1}"
019e10ef-2ad2-7030-b7b9-c159a0604e77,5,32,432,XZXXZIIIII,IIIIIZXXZX,"[5, 6, 7, 8, 9]",-0.0009765624999999985,0.0,10,1.0,"{""0000001010"": 1, ""0000001111"": 1, ""0000010101"": 1, ""0000011010"": 1, ""0010101100"": 1, ""1101100101"": 1, ""1101110000"": 1, ""1101111001"": 1, ""1111010100"": 1, ""1111010111"": 1}"
019e10ef-2ad2-7030-b7b9-c159a0604e77,5,33,433,XZXXZIIIZX,XZIIIZXXZX,"[0, 1, 5, 6, 7, 8, 9]",-0.0009765624999999985,0.0,10,1.0,"{""0000000100"": 1, ""0010101000"": 1, ""0010101100"": 1, ""0010111011"": 1, ""0011010011"": 1, ""1101111111"": 1, ""1111001011"": 1, ""1111010000"": 1, ""1111010111"": 1, ""1111011011"": 1}"
019e10ef-2ad2-7030-b7b9-c159a0604e77,5,34,434,XZXXZIIZXZ,ZXZIIZXXZX,"[0, 1, 2, 5, 6, 7, 8, 9]",-0.0009765624999999985,0.0,10,0.8,"{""0000000101"": 1, ""0000010101"": 1, ""0010100101"": 1, ""0010101011"": 1, ""0010110110"": 1, ""1101000110"": 1, ""1101101110"": 1, ""1111010011"": 1, ""1111011101"": 1, ""1111011110"": 1}"
019e10ef-2ad2-7030-b7b9-c159a0604e77,5,35,435,XZXXZIIZYY,YYZIIZXXZX,"[0, 1, 2, 5, 6, 7, 8, 9]",-0.0009765624999999985,0.0,10,1.0,"{""0000011011"": 1, ""0010101011"": 1, ""0010111101"": 1, ""1101100000"": 1, ""1101101000"": 1, ""1101110000"": 1, ""1101110011"": 1, ""1101111011"": 1, ""1101111101"": 1, ""1111001110"": 1}"
019e10ef-2ad2-7030-b7b9-c159a0604e77,5,36,436,XZXXZIZXIX,XIXZIZXXZX,"[0, 2, 3, 5, 6, 7, 8, 9]",-0.0009765624999999985,0.0,10,0.4,"{""0000010100"": 1, ""0000011100"": 1, ""0001001100"": 1, ""0010101100"": 1, ""0010111011"": 1, ""1010101011"": 1, ""1101100000"": 1, ""1101110000"": 1, ""1101110111"": 1, ""1111000000"": 1}"
019e10ef-2ad2-7030-b7b9-c159a0604e77,5,37,437,XZXXZIZXZI,IZXZIZXXZX,"[1, 2, 3, 5, 6, 7, 8, 9]",-0.0009765624999999985,0.0,10,0.6,"{""0010100110"": 2, ""0010110110"": 1, ""0010110111"": 1, ""1101111011"": 1, ""1111000010"": 1, ""1111000110"": 1, ""1111001011"": 1, ""1111010001"": 1, ""1111111100"": 1}"
019e10ef-2ad2-7030-b7b9-c159a0604e77,5,38,438,XZXXZIZYXY,YXYZIZXXZX,"[0, 1, 2, 3, 5, 6, 7, 8, 9]",0.0009765624999999985,0.0,10,-0.4,"{""0000010100"": 1, ""0010100111"": 1, ""0010101001"": 1, ""0010101101"": 1, ""0010110111"": 1, ""0111010100"": 1, ""1101110000"": 1, ""1111001101"": 1, ""1111010001"": 1, ""1111011000"": 1}"
019e10ef-2ad2-7030-b7b9-c159a0604e77,5,39,439,XZXXZIZYYZ,ZYYZIZXXZX,"[0, 1, 2, 3, 5, 6, 7, 8, 9]",-0.0009765624999999985,0.0,10,0.4,"{""0000001010"": 1, ""0000010010"": 1, ""0010110110"": 1, ""0010111001"": 1, ""0010111111"": 1, ""1100100011"": 1, ""1101100110"": 1, ""1101110101"": 1, ""1111000001"": 1, ""1111011001"": 1}"
019e10ef-2ad2-7030-b7b9-c159a0604e77,5,40,440,XZXXZZXIXZ,ZXIXZZXXZX,"[0, 1, 3, 4, 5, 6, 7, 8, 9]",-0.0009765624999999985,0.0,10,0.4,"{""0000000001"": 1, ""0000000011"": 1, ""0000010110"": 1, ""0000011000"": 1, ""0010110110"": 1, ""1101100000"": 1, ""1101101110"": 1, ""1101110111"": 1, ""1110001110"": 1, ""1111010110"": 1}"
019e10ef-2ad2-7030-b7b9-c159a0604e77,5,41,441,XZXXZZXIYY,YYIXZZXXZX,"[0, 1, 3, 4, 5, 6, 7, 8, 9]",-0.0009765624999999985,0.0,10,0.4,"{""0000000000"": 1, ""0000001101"": 1, ""0010100101"": 1, ""1011010101"": 1, ""1101110110"": 1, ""1111000011"": 1, ""1111010110"": 2, ""1111011001"": 1, ""1111011011"": 1}"
019e10ef-2ad2-7030-b7b9-c159a0604e77,5,42,442,XZXXZZXZII,IIZXZZXXZX,"[2, 3, 4, 5, 6, 7, 8, 9]",-0.0009765624999999985,0.0,10,0.4,"{""0000011000"": 1, ""0000011010"": 1, ""0010110111"": 1, ""0111000001"": 1, ""1100111001"": 1, ""1101001100"": 1, ""1101101110"": 1, ""1101110111"": 1, ""1111000010"": 1, ""1111001110"": 1}"
019e10ef-2ad2-7030-b7b9-c159a0604e77,5,43,443,XZXXZZXZZX,XZZXZZXXZX,"[0, 1, 2, 3, 4, 5, 6, 7, 8, 9]",-0.0009765624999999985,0.0,10,0.6,"{""0000000001"": 1, ""0000001011"": 1, ""0010101100"": 1, ""0010110100"": 1, ""0010110111"": 1, ""0011100111"": 1, ""1111000000"": 3, ""1111011000"": 1}"
019e10ef-2ad2-7030-b7b9-c159a0604e77,5,44,444,XZXXZZYXXY,YXXYZZXXZX,"[0, 1, 2, 3, 4, 5, 6, 7, 8, 9]",-0.0009765624999999985,0.0,10,0.8,"{""0000000010"": 1, ""0000001100"": 1, ""0000010010"": 1, ""0000011000"": 1, ""0010100110"": 1, ""0010101010"": 1, ""0010110111"": 1, ""1111001010"": 1, ""1111010001"": 1, ""1111011000"": 1}"
019e10ef-2ad2-7030-b7b9-c159a0604e77,5,45,445,XZXXZZYXYZ,ZYXYZZXXZX,"[0, 1, 2, 3, 4, 5, 6, 7, 8, 9]",0.0009765624999999985,0.0,10,-0.6,"{""0000010000"": 1, ""0000010011"": 1, ""0000011001"": 1, ""0000011100"": 1, ""0010101010"": 1, ""0010111111"": 1, ""1100101000"": 1, ""1101101110"": 1, ""1111000100"": 1, ""1111001011"": 1}"
019e10ef-2ad2-7030-b7b9-c159a0604e77,5,46,446,XZXXZZYYIX,XIYYZZXXZX,"[0, 2, 3, 4, 5, 6, 7, 8, 9]",-0.0009765624999999985,0.0,10,0.6,"{""0000000000"": 1, ""0000000110"": 1, ""0000001000"": 1, ""0000011111"": 1, ""0010101011"": 2, ""1101101100"": 1, ""1101110011"": 1, ""1111001100"": 1, ""1111011000"": 1}"
019e10ef-2ad2-7030-b7b9-c159a0604e77,5,47,447,XZXXZZYYZI,IZYYZZXXZX,"[1, 2, 3, 4, 5, 6, 7, 8, 9]",-0.0009765624999999985,0.0,10,0.8,"{""0000001010"": 1, ""0000001101"": 1, ""0000010011"": 1, ""0010100001"": 1, ""0010110111"": 1, ""1101100110"": 1, ""1101101101"": 1, ""1111001011"": 1, ""1111001101"": 1, ""1111011110"": 1}"
019e10ef-2ad2-7030-b7b9-c159a0604e77,5,48,448,XZYXXXXXXY,YXXXXXXYZX,"[0, 1, 2, 3, 4, 5, 6, 7, 8, 9]",0.0009765624999999985,0.0,10,-0.4,"{""0000000111"": 1, ""0000010110"": 1, ""0010000101"": 1, ""0010111011"": 2, ""1101001010"": 1, ""1101110000"": 1, ""1110000101"": 1, ""1110110100"": 1, ""1111011111"": 1}"
019e10ef-2ad2-7030-b7b9-c159a0604e77,5,49,449,XZYXXXXXYZ,ZYXXXXXYZX,"[0, 1, 2, 3, 4, 5, 6, 7, 8, 9]",-0.0009765624999999985,0.0,10,0.2,"{""0000101011"": 1, ""0000111001"": 1, ""0010000011"": 1, ""0011101001"": 1, ""1101001011"": 1, ""1101011111"": 1, ""1101101111"": 1, ""1111000010"": 1, ""1111001010"": 1, ""1111101010"": 1}"
019e10ef-2ad2-7030-b7b9-c159a0604e77,5,50,450,XZYXXXXYIX,XIYXXXXYZX,"[0, 2, 3, 4, 5, 6, 7, 8, 9]",0.0009765624999999985,0.0,10,-0.6,"{""0000010000"": 1, ""0010010011"": 1, ""0010101000"": 1, ""0010111011"": 1, ""1000010111"": 1, ""1101101111"": 1, ""1101110000"": 1, ""1101110111"": 1, ""1111101000"": 1, ""1111111111"": 1}"
019e10ef-2ad2-7030-b7b9-c159a0604e77,5,51,451,XZYXXXXYZI,IZYXXXXYZX,"[1, 2, 3, 4, 5, 6, 7, 8, 9]",0.0009765624999999985,0.0,10,-0.6,"{""0000001011"": 1, ""0000111001"": 1, ""0010010100"": 1, ""0010101110"": 1, ""1101011000"": 1, ""1111000010"": 1, ""1111001001"": 1, ""1111001101"": 1, ""1111010001"": 1, ""1111110011"": 1}"
019e10ef-2ad2-7030-b7b9-c159a0604e77,5,52,452,XZYXXXYIXZ,ZXIYXXXYZX,"[0, 1, 3, 4, 5, 6, 7, 8, 9]",-0.0009765624999999985,0.0,10,0.2,"{""0010001011"": 1, ""0010010011"": 1, ""0010101110"": 1, ""0010110110"": 1, ""0010111000"": 1, ""0011111011"": 1, ""0111010110"": 1, ""1101100101"": 1, ""1101101101"": 1, ""1101110100"": 1}"
019e10ef-2ad2-7030-b7b9-c159a0604e77,5,53,453,XZYXXXYIYY,YYIYXXXYZX,"[0, 1, 3, 4, 5, 6, 7, 8, 9]",-0.0009765624999999985,0.0,10,1.0,"{""0000001101"": 1, ""0000011000"": 1, ""0000110000"": 1, ""0010010011"": 1, ""0010110110"": 1, ""1101110101"": 1, ""1101110110"": 1, ""1110110101"": 1, ""1111011011"": 1, ""1111101000"": 1}"
019e10ef-2ad2-7030-b7b9-c159a0604e77,5,54,454,XZYXXXYZII,IIZYXXXYZX,"[2, 3, 4, 5, 6, 7, 8, 9]",-0.0009765624999999985,0.0,10,0.6,"{""0000001100"": 1, ""0010000010"": 1, ""0010000101"": 1, ""0010000111"": 1, ""0010110000"": 1, ""0010110101"": 1, ""0010111001"": 1, ""1101111000"": 1, ""1111010110"": 1, ""1111110011"": 1}"
019e10ef-2ad2-7030-b7b9-c159a0604e77,5,55,455,XZYXXXYZZX,XZZYXXXYZX,"[0, 1, 2, 3, 4, 5, 6, 7, 8, 9]",-0.0009765624999999985,0.0,10,0.6,"{""0000000001"": 1, ""0000010100"": 1, ""0000011000"": 1, ""0010011111"": 1, ""0010100011"": 1, ""0010110100"": 1, ""0101001111"": 1, ""1101011100"": 1, ""1101110000"": 1, ""1111111111"": 1}"
019e10ef-2ad2-7030-b7b9-c159a0604e77,5,56,456,XZYXXYIXIX,XIXIYXXYZX,"[0, 2, 4, 5, 6, 7, 8, 9]",0.0009765624999999985,0.0,10,-0.6,"{""0000001011"": 1, ""0000011100"": 1, ""0010010000"": 1, ""0010011100"": 1, ""0010101011"": 1, ""1011101100"": 1, ""1101000000"": 1, ""1101000111"": 1, ""1101011100"": 1, ""1111001100"": 1}"
019e10ef-2ad2-7030-b7b9-c159a0604e77,5,57,457,XZYXXYIXZI,IZXIYXXYZX,"[1, 2, 4, 5, 6, 7, 8, 9]",0.0009765624999999985,0.0,10,-1.0,"{""0000010001"": 1, ""0000100111"": 1, ""0010011011"": 1, ""0010011100"": 1, ""0010110000"": 1, ""0010110110"": 1, ""1101011010"": 1, ""1101101011"": 1, ""1111010001"": 1, ""1111100110"": 1}"
019e10ef-2ad2-7030-b7b9-c159a0604e77,5,58,458,XZYXXYIYXY,YXYIYXXYZX,"[0, 1, 2, 4, 5, 6, 7, 8, 9]",-0.0009765624999999985,0.0,10,0.4,"{""0000100010"": 1, ""0000100100"": 1, ""0000111010"": 1, ""0010000111"": 1, ""0010101110"": 1, ""1100110001"": 1, ""1111001011"": 1, ""1111100100"": 1, ""1111111001"": 1, ""1111111011"": 1}"
019e10ef-2ad2-7030-b7b9-c159a0604e77,5,59,459,XZYXXYIYYZ,ZYYIYXXYZX,"[0, 1, 2, 4, 5, 6, 7, 8, 9]",0.0009765624999999985,0.0,10,-0.6,"{""0000100011"": 1, ""0000101100"": 1, ""0010000011"": 1, ""0010101100"": 2, ""0010110101"": 1, ""0010111010"": 1, ""1111001100"": 1, ""1111100000"": 1, ""1111111100"": 1}"
019e10ef-2ad2-7030-b7b9-c159a0604e77,5,60,460,XZYXXYZIII,IIIZYXXYZX,"[3, 4, 5, 6, 7, 8, 9]",0.0009765624999999985,0.0,10,-0.8,"{""0000001011"": 1, ""0000010000"": 1, ""0000010010"": 1, ""0010111110"": 1, ""1101000011"": 1, ""1101000110"": 1, ""1101000111"": 1, ""1101011110"": 1, ""1101101001"": 1, ""1101110110"": 1}"
019e10ef-2ad2-7030-b7b9-c159a0604e77,5,61,461,XZYXXYZIZX,XZIZYXXYZX,"[0, 1, 3, 4, 5, 6, 7, 8, 9]",0.0009765624999999985,0.0,10,-0.6,"{""0000111100"": 1, ""0010011111"": 2, ""1100000111"": 1, ""1101011100"": 1, ""1111001000"": 1, ""1111010000"": 2, ""1111101100"": 1, ""1111111011"": 1}"
019e10ef-2ad2-7030-b7b9-c159a0604e77,5,62,462,XZYXXYZZXZ,ZXZZYXXYZX,"[0, 1, 2, 3, 4, 5, 6, 7, 8, 9]",0.0009765624999999985,0.0,10,0.2,"{""0000001101"": 1, ""0000001110"": 1, ""0000001111"": 1, ""0001000001"": 1, ""0010110110"": 1, ""1101010000"": 1, ""1101111000"": 1, ""1111010000"": 1, ""1111111001"": 1, ""1111111010"": 1}"
019e10ef-2ad2-7030-b7b9-c159a0604e77,5,63,463,XZYXXYZZYY,YYZZYXXYZX,"[0, 1, 2, 3, 4, 5, 6, 7, 8, 9]",0.0009765624999999985,0.0,10,-0.4,"{""0000001000"": 1, ""0000100101"": 1, ""0010011110"": 1, ""0011000011"": 1, ""0011110011"": 1, ""1000010000"": 1, ""1101011000"": 1, ""1101101110"": 1, ""1111001000"": 1, ""1111100011"": 1}"
019e10ef-2ad2-7030-b7b9-c159a0604e77,5,64,464,XZYXYIXIXZ,ZXIXIYXYZX,"[0, 1, 3, 5, 6, 7, 8, 9]",-0.0009765624999999985,0.0,10,0.2,"{""0000110101"": 1, ""0010010101"": 1, ""0010010110"": 1, ""0010011000"": 1, ""0010101110"": 1, ""1101011011"": 1, ""1110000000"": 1, ""1111010110"": 2, ""1111111101"": 1}"
019e10ef-2ad2-7030-b7b9-c159a0604e77,5,65,465,XZYXYIXIYY,YYIXIYXYZX,"[0, 1, 3, 5, 6, 7, 8, 9]",-0.0009765624999999985,0.0,10,0.4,"{""0000111011"": 1, ""0010010101"": 1, ""0010010110"": 1, ""0010010111"": 1, ""0010011011"": 1, ""0010100000"": 1, ""0010100101"": 1, ""0010101101"": 1, ""0101101110"": 1, ""1111111011"": 1}"
019e10ef-2ad2-7030-b7b9-c159a0604e77,5,66,466,XZYXYIXZII,IIZXIYXYZX,"[2, 3, 5, 6, 7, 8, 9]",-0.0009765624999999985,0.0,10,0.6,"{""0000000011"": 1, ""0010001001"": 1, ""0010011011"": 1, ""1010010110"": 1, ""1101010100"": 1, ""1101011001"": 1, ""1111000000"": 1, ""1111000001"": 1, ""1111011001"": 1, ""1111111010"": 1}"
019e10ef-2ad2-7030-b7b9-c159a0604e77,5,67,467,XZYXYIXZZX,XZZXIYXYZX,"[0, 1, 2, 3, 5, 6, 7, 8, 9]",-0.0009765624999999985,0.0,10,0.4,"{""0010011000"": 1, ""0010100011"": 1, ""0010101100"": 1, ""0011001100"": 1, ""1101010100"": 2, ""1101101011"": 1, ""1111000100"": 1, ""1111100111"": 1, ""1111110011"": 1}"
019e10ef-2ad2-7030-b7b9-c159a0604e77,5,68,468,XZYXYIYXXY,YXXYIYXYZX,"[0, 1, 2, 3, 5, 6, 7, 8, 9]",-0.0009765624999999985,0.0,10,0.8,"{""0010010010"": 1, ""0010010100"": 1, ""0010011110"": 1, ""1101011000"": 1, ""1101100101"": 1, ""1111000011"": 1, ""1111001001"": 1, ""1111110000"": 1, ""1111110001"": 1, ""1111110100"": 1}"
019e10ef-2ad2-7030-b7b9-c159a0604e77,5,69,469,XZYXYIYXYZ,ZYXYIYXYZX,"[0, 1, 2, 3, 5, 6, 7, 8, 9]",0.0009765624999999985,0.0,10,-0.4,"{""0000011000"": 1, ""0000100111"": 1, ""0000110101"": 1, ""0010010110"": 1, ""0010101011"": 1, ""1101100000"": 1, ""1101100111"": 1, ""1101101101"": 1, ""1101111010"": 1, ""1111000010"": 1}"
019e10ef-2ad2-7030-b7b9-c159a0604e77,5,70,470,XZYXYIYYIX,XIYYIYXYZX,"[0, 2, 3, 5, 6, 7, 8, 9]",-0.0009765624999999985,0.0,10,0.6,"{""0000010100"": 1, ""0000110100"": 1, ""0010100111"": 1, ""1101011111"": 1, ""1101100111"": 1, ""1101101100"": 1, ""1111000000"": 1, ""1111001100"": 1, ""1111001111"": 1, ""1111110001"": 1}"
019e10ef-2ad2-7030-b7b9-c159a0604e77,5,71,471,XZYXYIYYZI,IZYYIYXYZX,"[1, 2, 3, 5, 6, 7, 8, 9]",-0.0009765624999999985,0.0,10,0.4,"{""0010000010"": 1, ""0010100110"": 2, ""0010101100"": 1, ""0111111000"": 1, ""1000110001"": 1, ""1101000000"": 1, ""1111001100"": 1, ""1111101101"": 1, ""1111110010"": 1}"
019e10ef-2ad2-7030-b7b9-c159a0604e77,5,72,472,XZYXYZIIII,IIIIZYXYZX,"[4, 5, 6, 7, 8, 9]",-0.0009765624999999985,0.0,10,0.6,"{""0000000010"": 1, ""0000000100"": 2, ""0000001101"": 1, ""0010100111"": 1, ""0011100011"": 1, ""1101000111"": 1, ""1101010000"": 1, ""1101011010"": 1, ""1111111111"": 1}"
019e10ef-2ad2-7030-b7b9-c159a0604e77,5,73,473,XZYXYZIIZX,XZIIZYXYZX,"[0, 1, 4, 5, 6, 7, 8, 9]",-0.0009765624999999985,0.0,10,0.8,"{""0000110100"": 1, ""0010010000"": 1, ""0010010011"": 1, ""0010010111"": 1, ""1101011000"": 1, ""1101100011"": 1, ""1111100011"": 1, ""1111110011"": 1, ""1111111011"": 2}"
019e10ef-2ad2-7030-b7b9-c159a0604e77,5,74,474,XZYXYZIZXZ,ZXZIZYXYZX,"[0, 1, 2, 4, 5, 6, 7, 8, 9]",-0.0009765624999999985,0.0,10,0.2,"{""0000001000"": 1, ""0000110011"": 1, ""0010010000"": 1, ""1101001101"": 1, ""1101101101"": 1, ""1101110001"": 1, ""1111100000"": 1, ""1111100011"": 1, ""1111110010"": 1, ""1111111110"": 1}"
019e10ef-2ad2-7030-b7b9-c159a0604e77,5,75,475,XZYXYZIZYY,YYZIZYXYZX,"[0, 1, 2, 4, 5, 6, 7, 8, 9]",-0.0009765624999999985,0.0,10,0.4,"{""0000000011"": 2, ""0000101000"": 1, ""0010010000"": 1, ""0101011111"": 1, ""0101100111"": 1, ""1101000101"": 1, ""1101010101"": 1, ""1111100000"": 1, ""1111110110"": 1}"
019e10ef-2ad2-7030-b7b9-c159a0604e77,5,76,476,XZYXYZZXIX,XIXZZYXYZX,"[0, 2, 3, 4, 5, 6, 7, 8, 9]",-0.0009765624999999985,0.0,10,0.6,"{""0000000000"": 1, ""0000000111"": 1, ""0000001100"": 1, ""0000111100"": 2, ""0010010111"": 1, ""1101100000"": 1, ""1111000000"": 1, ""1111010111"": 1, ""1111011100"": 1}"
019e10ef-2ad2-7030-b7b9-c159a0604e77,5,77,477,XZYXYZZXZI,IZXZZYXYZX,"[1, 2, 3, 4, 5, 6, 7, 8, 9]",-0.0009765624999999985,0.0,10,0.8,"{""0000101100"": 1, ""0010010001"": 1, ""0010100000"": 1, ""0010101100"": 1, ""1101011100"": 1, ""1101100111"": 1, ""1111001010"": 1, ""1111111010"": 2, ""1111111100"": 1}"
019e10ef-2ad2-7030-b7b9-c159a0604e77,5,78,478,XZYXYZZYXY,YXYZZYXYZX,"[0, 1, 2, 3, 4, 5, 6, 7, 8, 9]",0.0009765624999999985,0.0,10,-0.2,"{""0000001101"": 1, ""0010010100"": 1, ""0010011000"": 1, ""0010101101"": 1, ""0010110111"": 1, ""1101000001"": 1, ""1111001110"": 1, ""1111101110"": 1, ""1111110100"": 1, ""1111111111"": 1}"
019e10ef-2ad2-7030-b7b9-c159a0604e77,5,79,479,XZYXYZZYYZ,ZYYZZYXYZX,"[0, 1, 2, 3, 4, 5, 6, 7, 8, 9]",-0.0009765624999999985,0.0,10,0.6,"{""0000001111"": 1, ""0010100101"": 1, ""1101000011"": 1, ""1101001001"": 1, ""1101101111"": 2, ""1111000011"": 1, ""1111110101"": 1, ""1111110110"": 1, ""1111111010"": 1}"
019e10ef-2ad2-7030-b7b9-c159a0604e77,5,80,480,XZZIXIXIXZ,ZXIXIXIZZX,"[0, 1, 3, 5, 7, 8, 9]",-0.0009765624999999985,0.0,10,0.8,"{""0000110110"": 1, ""0010011011"": 1, ""0010101110"": 1, ""1100111000"": 1, ""1110100000"": 2, ""1110101101"": 1, ""1111010110"": 1, ""1111100101"": 1, ""1111101110"": 1}"
019e10ef-2ad2-7030-b7b9-c159a0604e77,5,81,481,XZZIXIXIYY,YYIXIXIZZX,"[0, 1, 3, 5, 7, 8, 9]",-0.0009765624999999985,0.0,10,0.2,"{""0000000000"": 1, ""0000000101"": 1, ""0000110110"": 1, ""0001000010"": 1, ""0001101000"": 1, ""0010011110"": 1, ""1011101101"": 1, ""1100110101"": 1, ""1100111011"": 1, ""1110101110"": 1}"
019e10ef-2ad2-7030-b7b9-c159a0604e77,5,82,482,XZZIXIXZII,IIZXIXIZZX,"[2, 3, 5, 7, 8, 9]",-0.0009765624999999985,0.0,10,0.8,"{""0000001101"": 1, ""0000111001"": 1, ""0001000010"": 1, ""0010101101"": 1, ""0011010001"": 1, ""0011101110"": 1, ""1100000010"": 1, ""1100110110"": 1, ""1100111000"": 1, ""1110101110"": 1}"
019e10ef-2ad2-7030-b7b9-c159a0604e77,5,83,483,XZZIXIXZZX,XZZXIXIZZX,"[0, 1, 2, 3, 5, 7, 8, 9]",-0.0009765624999999985,0.0,10,0.2,"{""0000000000"": 1, ""0001011000"": 1, ""0010000000"": 1, ""0010011011"": 1, ""0010101111"": 1, ""1011010100"": 1, ""1100000100"": 1, ""1100110100"": 1, ""1110010111"": 1, ""1111100011"": 1}"
019e10ef-2ad2-7030-b7b9-c159a0604e77,5,84,484,XZZIXIYXXY,YXXYIXIZZX,"[0, 1, 2, 3, 5, 7, 8, 9]",-0.0009765624999999985,0.0,10,0.6,"{""0000110111"": 2, ""0001000010"": 1, ""0010011101"": 1, ""0011010010"": 1, ""0011010100"": 1, ""0011010111"": 1, ""1101000011"": 1, ""1101110011"": 1, ""1111100011"": 1}"
019e10ef-2ad2-7030-b7b9-c159a0604e77,5,85,485,XZZIXIYXYZ,ZYXYIXIZZX,"[0, 1, 2, 3, 5, 7, 8, 9]",0.0009765624999999985,0.0,10,-0.2,"{""0001110110"": 1, ""0010011011"": 1, ""0010110110"": 1, ""0011011001"": 1, ""1101001001"": 1, ""1101100000"": 1, ""1110100010"": 1, ""1110100111"": 1, ""1110110011"": 1, ""1111011100"": 1}"
019e10ef-2ad2-7030-b7b9-c159a0604e77,5,86,486,XZZIXIYYIX,XIYYIXIZZX,"[0, 2, 3, 5, 7, 8, 9]",-0.0009765624999999985,0.0,10,0.2,"{""0001000111"": 1, ""0001110011"": 1, ""0001110100"": 1, ""0011100111"": 1, ""0011111000"": 1, ""1001110011"": 1, ""1010001000"": 1, ""1101110011"": 1, ""1110110011"": 1, ""1111100000"": 1}"
019e10ef-2ad2-7030-b7b9-c159a0604e77,5,87,487,XZZIXIYYZI,IZYYIXIZZX,"[1, 2, 3, 5, 7, 8, 9]",-0.0009765624999999985,0.0,10,0.8,"{""0000001100"": 1, ""0000110101"": 1, ""0001111111"": 1, ""0010010100"": 1, ""1101001100"": 1, ""1101001101"": 1, ""1101011111"": 1, ""1110010011"": 1, ""1111011001"": 1, ""1111100111"": 1}"
019e10ef-2ad2-7030-b7b9-c159a0604e77,5,88,488,XZZIXZIIII,IIIIZXIZZX,"[4, 5, 7, 8, 9]",-0.0009765624999999985,0.0,10,0.4,"{""0001001010"": 1, ""0001111001"": 1, ""0010001011"": 1, ""0010100111"": 1, ""0011100000"": 1, ""0110011100"": 1, ""1100000010"": 1, ""1110010101"": 1, ""1110110111"": 1, ""1111011110"": 1}"
019e10ef-2ad2-7030-b7b9-c159a0604e77,5,89,489,XZZIXZIIZX,XZIIZXIZZX,"[0, 1, 4, 5, 7, 8, 9]",-0.0009765624999999985,0.0,10,0.8,"{""0000000011"": 1, ""0001001000"": 1, ""0011100100"": 1, ""0011101111"": 1, ""1100000100"": 1, ""1100101011"": 1, ""1100111011"": 1, ""1101001000"": 1, ""1110100000"": 1, ""1111011011"": 1}"
019e10ef-2ad2-7030-b7b9-c159a0604e77,5,90,490,XZZIXZIZXZ,ZXZIZXIZZX,"[0, 1, 2, 4, 5, 7, 8, 9]",-0.0009765624999999985,0.0,10,0.4,"{""0000000101"": 1, ""0000010101"": 1, ""0000100101"": 1, ""0010101110"": 1, ""1011101100"": 1, ""1101000010"": 1, ""1101110101"": 1, ""1110101110"": 1, ""1111010011"": 1, ""1111100011"": 1}"
019e10ef-2ad2-7030-b7b9-c159a0604e77,5,91,491,XZZIXZIZYY,YYZIZXIZZX,"[0, 1, 2, 4, 5, 7, 8, 9]",-0.0009765624999999985,0.0,10,0.8,"{""0000110000"": 1, ""0001001110"": 1, ""0001110101"": 1, ""0010011000"": 1, ""0010011011"": 1, ""0011010000"": 1, ""0011101101"": 1, ""1101001000"": 1, ""1101010011"": 1, ""1111011101"": 1}"
019e10ef-2ad2-7030-b7b9-c159a0604e77,5,92,492,XZZIXZZXIX,XIXZZXIZZX,"[0, 2, 3, 4, 5, 7, 8, 9]",-0.0009765624999999985,0.0,10,0.6,"{""0000000000"": 1, ""0000111000"": 1, ""0001100111"": 1, ""0010100000"": 2, ""0100010000"": 1, ""1100000000"": 1, ""1110100000"": 1, ""1111000011"": 1, ""1111010111"": 1}"
019e10ef-2ad2-7030-b7b9-c159a0604e77,5,93,493,XZZIXZZXZI,IZXZZXIZZX,"[1, 2, 3, 4, 5, 7, 8, 9]",-0.0009765624999999985,0.0,10,0.4,"{""0000110001"": 1, ""0011010000"": 1, ""0011110001"": 1, ""0110011011"": 1, ""1100000000"": 1, ""1100001100"": 1, ""1100100000"": 1, ""1101000110"": 1, ""1111011010"": 1, ""1111101010"": 1}"
019e10ef-2ad2-7030-b7b9-c159a0604e77,5,94,494,XZZIXZZYXY,YXYZZXIZZX,"[0, 1, 2, 3, 4, 5, 7, 8, 9]",0.0009765624999999985,0.0,10,-0.6,"{""0000001000"": 1, ""0000110001"": 1, ""0001110001"": 1, ""0010101110"": 1, ""0011010010"": 1, ""0011011011"": 1, ""0011011110"": 1, ""1101000111"": 1, ""1101001100"": 1, ""1111001110"": 1}"
019e10ef-2ad2-7030-b7b9-c159a0604e77,5,95,495,XZZIXZZYYZ,ZYYZZXIZZX,"[0, 1, 2, 3, 4, 5, 7, 8, 9]",-0.0009765624999999985,0.0,10,0.4,"{""0000001010"": 1, ""0010010011"": 1, ""0010011111"": 1, ""0010100101"": 1, ""1100111001"": 1, ""1101101010"": 1, ""1101110110"": 1, ""1101111110"": 1, ""1110110011"": 1, ""1111011111"": 1}"
019e10ef-2ad2-7030-b7b9-c159a0604e77,5,96,496,XZZIYXXXXY,YXXXXYIZZX,"[0, 1, 2, 3, 4, 5, 7, 8, 9]",-0.0009765624999999985,0.0,10,0.8,"{""0000001100"": 1, ""0000110101"": 1, ""1100010010"": 1, ""1100110000"": 1, ""1101010010"": 1, ""1101110101"": 1, ""1110000110"": 1, ""1110110010"": 1, ""1111010000"": 1, ""1111011010"": 1}"
019e10ef-2ad2-7030-b7b9-c159a0604e77,5,97,497,XZZIYXXXYZ,ZYXXXYIZZX,"[0, 1, 2, 3, 4, 5, 7, 8, 9]",0.0009765624999999985,0.0,10,-0.2,"{""0000100101"": 1, ""0001100100"": 1, ""0001111101"": 1, ""0010000000"": 1, ""0010000010"": 1, ""0011100111"": 1, ""1100100011"": 1, ""1101100111"": 1, ""1110110000"": 1, ""1111000010"": 1}"
019e10ef-2ad2-7030-b7b9-c159a0604e77,5,98,498,XZZIYXXYIX,XIYXXYIZZX,"[0, 2, 3, 4, 5, 7, 8, 9]",-0.0009765624999999985,0.0,10,0.6,"{""0001011111"": 1, ""0001111011"": 1, ""0010000100"": 1, ""0010011100"": 1, ""0011010111"": 1, ""0100100100"": 1, ""1110011100"": 1, ""1110110011"": 1, ""1111000011"": 1, ""1111100100"": 1}"
019e10ef-2ad2-7030-b7b9-c159a0604e77,5,99,499,XZZIYXXYZI,IZYXXYIZZX,"[1, 2, 3, 4, 5, 7, 8, 9]",-0.0009765624999999985,0.0,10,0.6,"{""0000110001"": 1, ""0001001001"": 1, ""0001001100"": 1, ""0001101000"": 1, ""0010100001"": 1, ""1100111011"": 1, ""1101101000"": 1, ""1110001111"": 1, ""1110100101"": 1, ""1111011011"": 1}"
019e10ef-307b-77e0-91c9-155d80cd8a6a,6,0,500,XZZIYXYIXZ,ZXIYXYIZZX,"[0, 1, 3, 4, 5, 7, 8, 9]",0.0009765624999999985,0.0,10,-0.6,"{""0000001111"": 1, ""0001100001"": 1, ""0010110000"": 2, ""0011001101"": 1, ""0011100010"": 1, ""1011111101"": 1, ""1101101010"": 1, ""1111000000"": 1, ""1111101011"": 1}"
019e10ef-307b-77e0-91c9-155d80cd8a6a,6,1,501,XZZIYXYIYY,YYIYXYIZZX,"[0, 1, 3, 4, 5, 7, 8, 9]",0.0009765624999999985,0.0,10,-0.6,"{""0001100000"": 1, ""0010101101"": 1, ""0010110011"": 1, ""0011001110"": 1, ""0011101011"": 1, ""0011110011"": 1, ""1100100011"": 1, ""1101111000"": 1, ""1101111100"": 1, ""1111100011"": 1}"
019e10ef-307b-77e0-91c9-155d80cd8a6a,6,2,502,XZZIYXYZII,IIZYXYIZZX,"[2, 3, 4, 5, 7, 8, 9]",0.0009765624999999985,0.0,10,-0.2,"{""0000001100"": 1, ""0010011011"": 1, ""0010111110"": 1, ""0011001110"": 1, ""1100000001"": 1, ""1100111010"": 1, ""1101000001"": 1, ""1101011101"": 1, ""1110101101"": 1, ""1111001111"": 1}"
019e10ef-307b-77e0-91c9-155d80cd8a6a,6,3,503,XZZIYXYZZX,XZZYXYIZZX,"[0, 1, 2, 3, 4, 5, 7, 8, 9]",0.0009765624999999985,0.0,10,-0.4,"{""0010100100"": 1, ""0010100111"": 1, ""0010101011"": 1, ""0011001111"": 1, ""0011011000"": 1, ""1010010111"": 1, ""1100011111"": 1, ""1110111101"": 1, ""1111001100"": 1, ""1111101111"": 1}"
019e10ef-307b-77e0-91c9-155d80cd8a6a,6,4,504,XZZIYYIXIX,XIXIYYIZZX,"[0, 2, 4, 5, 7, 8, 9]",-0.0009765624999999985,0.0,10,0.4,"{""0000011011"": 1, ""0000011100"": 1, ""0001000110"": 1, ""0001001100"": 1, ""0010000001"": 1, ""0010010111"": 1, ""1100110111"": 1, ""1101001100"": 1, ""1110100111"": 1, ""1111100000"": 1}"
019e10ef-307b-77e0-91c9-155d80cd8a6a,6,5,505,XZZIYYIXZI,IZXIYYIZZX,"[1, 2, 4, 5, 7, 8, 9]",-0.0009765624999999985,0.0,10,0.6,"{""0001011100"": 1, ""0001110110"": 1, ""0010111100"": 1, ""1100000110"": 1, ""1100111101"": 1, ""1101000000"": 1, ""1110001101"": 1, ""1110100000"": 1, ""1110110110"": 1, ""1110111101"": 1}"
019e10ef-307b-77e0-91c9-155d80cd8a6a,6,6,506,XZZIYYIYXY,YXYIYYIZZX,"[0, 1, 2, 4, 5, 7, 8, 9]",0.0009765624999999985,0.0,10,-0.4,"{""0001011110"": 1, ""0001110001"": 1, ""0001110011"": 1, ""1100110111"": 1, ""1101100010"": 1, ""1101101101"": 1, ""1101110010"": 1, ""1101110100"": 1, ""1110010110"": 1, ""1110010111"": 1}"
019e10ef-307b-77e0-91c9-155d80cd8a6a,6,7,507,XZZIYYIYYZ,ZYYIYYIZZX,"[0, 1, 2, 4, 5, 7, 8, 9]",-0.0009765624999999985,0.0,10,0.6,"{""0000000110"": 1, ""0010001111"": 1, ""1001101100"": 1, ""1100011111"": 1, ""1100101010"": 1, ""1100101100"": 1, ""1100110011"": 1, ""1101100000"": 1, ""1110111001"": 1, ""1110111010"": 1}"
019e10ef-307b-77e0-91c9-155d80cd8a6a,6,8,508,XZZIYYZIII,IIIZYYIZZX,"[3, 4, 5, 7, 8, 9]",-0.0009765624999999985,0.0,10,0.6,"{""0010001100"": 1, ""0010111011"": 1, ""0011101100"": 1, ""0011111011"": 1, ""1100011110"": 1, ""1100100000"": 1, ""1101101001"": 1, ""1101110111"": 1, ""1110010001"": 1, ""1111100110"": 1}"
019e10ef-307b-77e0-91c9-155d80cd8a6a,6,9,509,XZZIYYZIZX,XZIZYYIZZX,"[0, 1, 3, 4, 5, 7, 8, 9]",-0.0009765624999999985,0.0,10,0.4,"{""0001100000"": 1, ""0001110011"": 1, ""0001110100"": 1, ""0010001100"": 2, ""1001101100"": 1, ""1100000111"": 1, ""1100011000"": 1, ""1101111000"": 1, ""1111010011"": 1}"
019e10ef-307b-77e0-91c9-155d80cd8a6a,6,10,510,XZZIYYZZXZ,ZXZZYYIZZX,"[0, 1, 2, 3, 4, 5, 7, 8, 9]",-0.0009765624999999985,0.0,10,0.6,"{""0000000011"": 1, ""0000000110"": 1, ""0000011110"": 1, ""0011001011"": 1, ""1010100110"": 1, ""1100011101"": 1, ""1100110000"": 1, ""1101110100"": 1, ""1101110101"": 1, ""1111010110"": 1}"
019e10ef-307b-77e0-91c9-155d80cd8a6a,6,11,511,XZZIYYZZYY,YYZZYYIZZX,"[0, 1, 2, 3, 4, 5, 7, 8, 9]",-0.0009765624999999985,0.0,10,0.8,"{""0010001011"": 1, ""0010100110"": 1, ""0011010101"": 1, ""1100000110"": 2, ""1101000101"": 1, ""1101001000"": 1, ""1101011011"": 1, ""1111001000"": 1, ""1111100110"": 1}"
019e10ef-307b-77e0-91c9-155d80cd8a6a,6,12,512,YXIYXIXIXZ,ZXIXIXYIXY,"[0, 1, 3, 5, 6, 8, 9]",0.0009765624999999985,0.0,10,-0.4,"{""0001110110"": 1, ""0001111000"": 1, ""0100001101"": 1, ""0100111010"": 1, ""0111101110"": 1, ""1000111000"": 2, ""1100110101"": 1, ""1101000101"": 1, ""1110000110"": 1}"
019e10ef-307b-77e0-91c9-155d80cd8a6a,6,13,513,YXIYXIXIYY,YYIXIXYIXY,"[0, 1, 3, 5, 6, 8, 9]",0.0009765624999999985,0.0,10,-0.4,"{""0001001110"": 1, ""0001111000"": 1, ""0010011011"": 1, ""0111100011"": 1, ""1000101110"": 1, ""1100001110"": 1, ""1101001110"": 1, ""1101101101"": 1, ""1101110101"": 1, ""1110101110"": 1}"
019e10ef-307b-77e0-91c9-155d80cd8a6a,6,14,514,YXIYXIXZII,IIZXIXYIXY,"[2, 3, 5, 6, 8, 9]",0.0009765624999999985,0.0,10,-0.6,"{""0001111001"": 1, ""0010011011"": 1, ""0100111000"": 1, ""0100111010"": 1, ""0101000011"": 1, ""0111011000"": 1, ""1011011000"": 1, ""1101110101"": 1, ""1101111001"": 1, ""1110000001"": 1}"
019e10ef-307b-77e0-91c9-155d80cd8a6a,6,15,515,YXIYXIXZZX,XZZXIXYIXY,"[0, 1, 2, 3, 5, 6, 8, 9]",0.0009765624999999985,0.0,10,-0.6,"{""0100000000"": 1, ""0100001111"": 1, ""0111011011"": 1, ""0111100001"": 1, ""0111101100"": 1, ""1101000011"": 2, ""1101001100"": 1, ""1101101111"": 1, ""1101111011"": 1}"
019e10ef-307b-77e0-91c9-155d80cd8a6a,6,16,516,YXIYXIYXXY,YXXYIXYIXY,"[0, 1, 2, 3, 5, 6, 8, 9]",0.0009765624999999985,0.0,10,0.4,"{""0001101100"": 1, ""0010011100"": 1, ""0011010001"": 1, ""0011010010"": 1, ""1000011101"": 1, ""1000111100"": 1, ""1101000011"": 1, ""1101001100"": 1, ""1110010111"": 1, ""1110101000"": 1}"
019e10ef-307b-77e0-91c9-155d80cd8a6a,6,17,517,YXIYXIYXYZ,ZYXYIXYIXY,"[0, 1, 2, 3, 5, 6, 8, 9]",-0.0009765624999999985,0.0,10,0.6,"{""0001101100"": 1, ""0001110110"": 1, ""0011011001"": 1, ""0110111010"": 1, ""0111011010"": 1, ""1000111001"": 1, ""1000111100"": 1, ""1011011111"": 1, ""1111001110"": 1, ""1111101000"": 1}"
019e10ef-307b-77e0-91c9-155d80cd8a6a,6,18,518,YXIYXIYYIX,XIYYIXYIXY,"[0, 2, 3, 5, 6, 8, 9]",0.0009765624999999985,0.0,10,-0.2,"{""0001001100"": 1, ""0010001011"": 1, ""0100110100"": 2, ""0100111011"": 1, ""0111010011"": 1, ""1000100111"": 1, ""1000111000"": 1, ""1010100000"": 1, ""1011010011"": 1}"
019e10ef-307b-77e0-91c9-155d80cd8a6a,6,19,519,YXIYXIYYZI,IZYYIXYIXY,"[1, 2, 3, 5, 6, 8, 9]",0.0009765624999999985,0.0,10,-0.8,"{""0001001011"": 1, ""0010010011"": 1, ""0010011001"": 1, ""0010011110"": 1, ""0111010111"": 1, ""0111011001"": 1, ""0111101101"": 1, ""1011100111"": 1, ""1101001010"": 1, ""1101001101"": 1}"
019e10ef-307b-77e0-91c9-155d80cd8a6a,6,20,520,YXIYXZIIII,IIIIZXYIXY,"[4, 5, 6, 8, 9]",0.0009765624999999985,0.0,10,-0.6,"{""0001001011"": 1, ""0001111000"": 1, ""0010011101"": 1, ""0100100000"": 1, ""0111100110"": 1, ""1000110111"": 1, ""1010110010"": 1, ""1011010111"": 1, ""1100111100"": 1, ""1101000111"": 1}"
019e10ef-307b-77e0-91c9-155d80cd8a6a,6,21,521,YXIYXZIIZX,XZIIZXYIXY,"[0, 1, 4, 5, 6, 8, 9]",0.0009765624999999985,0.0,10,0.0,"{""0001000000"": 1, ""0010100011"": 1, ""1000001100"": 1, ""1011111100"": 1, ""1101010111"": 1, ""1101011100"": 1, ""1101110011"": 1, ""1110000111"": 1, ""1110100111"": 1, ""1111010111"": 1}"
019e10ef-307b-77e0-91c9-155d80cd8a6a,6,22,522,YXIYXZIZXZ,ZXZIZXYIXY,"[0, 1, 2, 4, 5, 6, 8, 9]",0.0009765624999999985,0.0,10,-0.8,"{""0001100100"": 1, ""0001111000"": 1, ""0001111101"": 1, ""0100110110"": 1, ""0111010000"": 1, ""1000110110"": 1, ""1011011010"": 1, ""1011101000"": 1, ""1101000000"": 1, ""1110010110"": 1}"
019e10ef-307b-77e0-91c9-155d80cd8a6a,6,23,523,YXIYXZIZYY,YYZIZXYIXY,"[0, 1, 2, 4, 5, 6, 8, 9]",0.0009765624999999985,0.0,10,-0.6,"{""0001111000"": 1, ""0010010101"": 1, ""0110101110"": 1, ""0111010101"": 1, ""0111011000"": 1, ""1000001101"": 1, ""1000111110"": 1, ""1101110000"": 1, ""1101110110"": 1, ""1111010011"": 1}"
019e10ef-307b-77e0-91c9-155d80cd8a6a,6,24,524,YXIYXZZXIX,XIXZZXYIXY,"[0, 2, 3, 4, 5, 6, 8, 9]",0.0009765624999999985,0.0,10,0.2,"{""0010110111"": 1, ""0110010111"": 1, ""0110100000"": 1, ""0111001011"": 1, ""0111101100"": 1, ""1001110111"": 1, ""1001111010"": 1, ""1101000000"": 1, ""1101110110"": 1, ""1110011011"": 1}"
019e10ef-307b-77e0-91c9-155d80cd8a6a,6,25,525,YXIYXZZXZI,IZXZZXYIXY,"[1, 2, 3, 4, 5, 6, 8, 9]",0.0009765624999999985,0.0,10,-0.4,"{""0010100110"": 1, ""0100110000"": 1, ""0111101011"": 1, ""1000110111"": 1, ""1000111010"": 1, ""1000111100"": 1, ""1001000001"": 1, ""1011011000"": 1, ""1011100010"": 1, ""1110100001"": 1}"
019e10ef-307b-77e0-91c9-155d80cd8a6a,6,26,526,YXIYXZZYXY,YXYZZXYIXY,"[0, 1, 2, 3, 4, 5, 6, 8, 9]",-0.0009765624999999985,0.0,10,0.2,"{""0000001011"": 1, ""0011011101"": 1, ""0100111000"": 1, ""0111011000"": 1, ""1101110010"": 1, ""1110100100"": 1, ""1110100101"": 1, ""1110101011"": 1, ""1110101110"": 1, ""1110111101"": 1}"
019e10ef-307b-77e0-91c9-155d80cd8a6a,6,27,527,YXIYXZZYYZ,ZYYZZXYIXY,"[0, 1, 2, 3, 4, 5, 6, 8, 9]",0.0009765624999999985,0.0,10,-0.4,"{""0010010000"": 1, ""0100000000"": 1, ""0100110000"": 1, ""0111010001"": 1, ""0111100110"": 1, ""1011010011"": 1, ""1011011111"": 1, ""1101100110"": 1, ""1110011010"": 1, ""1110101000"": 1}"
019e10ef-307b-77e0-91c9-155d80cd8a6a,6,28,528,YXIYYXXXXY,YXXXXYYIXY,"[0, 1, 2, 3, 4, 5, 6, 8, 9]",0.0009765624999999985,0.0,10,-0.4,"{""0001101001"": 1, ""0010101011"": 1, ""0010111101"": 1, ""0110011110"": 1, ""0111010011"": 1, ""1000001000"": 1, ""1011000111"": 1, ""1011100000"": 1, ""1110011111"": 1, ""1110111000"": 1}"
019e10ef-307b-77e0-91c9-155d80cd8a6a,6,29,529,YXIYYXXXYZ,ZYXXXYYIXY,"[0, 1, 2, 3, 4, 5, 6, 8, 9]",-0.0009765624999999985,0.0,10,0.0,"{""0000111110"": 1, ""0001001001"": 1, ""0010100101"": 1, ""0010111001"": 1, ""0100001001"": 1, ""0111110011"": 1, ""1101001001"": 1, ""1101100011"": 1, ""1110011110"": 1, ""1110111111"": 1}"
019e10ef-307b-77e0-91c9-155d80cd8a6a,6,30,530,YXIYYXXYIX,XIYXXYYIXY,"[0, 2, 3, 4, 5, 6, 8, 9]",0.0009765624999999985,0.0,10,-1.0,"{""0010110100"": 1, ""0111001000"": 1, ""0111001111"": 1, ""0111101100"": 1, ""0111111111"": 1, ""1000000000"": 1, ""1000111011"": 1, ""1101001011"": 1, ""1101010100"": 1, ""1110011011"": 1}"
019e10ef-307b-77e0-91c9-155d80cd8a6a,6,31,531,YXIYYXXYZI,IZYXXYYIXY,"[1, 2, 3, 4, 5, 6, 8, 9]",0.0009765624999999985,0.0,10,-0.2,"{""0001000101"": 1, ""0001011110"": 1, ""0001111100"": 1, ""0010011101"": 1, ""1001000111"": 1, ""1011011011"": 1, ""1101011111"": 1, ""1110000111"": 1, ""1110110100"": 1, ""1111100110"": 1}"
019e10ef-307b-77e0-91c9-155d80cd8a6a,6,32,532,YXIYYXYIXZ,ZXIYXYYIXY,"[0, 1, 3, 4, 5, 6, 8, 9]",-0.0009765624999999985,0.0,10,0.6,"{""0001111011"": 1, ""0010001110"": 1, ""0010110011"": 1, ""0010111010"": 1, ""0101001011"": 1, ""0111101011"": 1, ""1011101101"": 1, ""1101100011"": 1, ""1110000000"": 1, ""1110101000"": 1}"
019e10ef-307b-77e0-91c9-155d80cd8a6a,6,33,533,YXIYYXYIYY,YYIYXYYIXY,"[0, 1, 3, 4, 5, 6, 8, 9]",-0.0009765624999999985,0.0,10,0.6,"{""0010001101"": 1, ""0101101000"": 1, ""1000000011"": 1, ""1010000110"": 1, ""1011000011"": 1, ""1101000101"": 1, ""1101100011"": 1, ""1101111011"": 1, ""1110000000"": 1, ""1110100000"": 1}"
019e10ef-307b-77e0-91c9-155d80cd8a6a,6,34,534,YXIYYXYZII,IIZYXYYIXY,"[2, 3, 4, 5, 6, 8, 9]",-0.0009765624999999985,0.0,10,0.4,"{""0001110100"": 1, ""0100010001"": 1, ""0100100101"": 1, ""0111011011"": 1, ""1000100111"": 1, ""1000111011"": 1, ""1001010011"": 1, ""1011010101"": 1, ""1101000100"": 1, ""1110011001"": 1}"
019e10ef-307b-77e0-91c9-155d80cd8a6a,6,35,535,YXIYYXYZZX,XZZYXYYIXY,"[0, 1, 2, 3, 4, 5, 6, 8, 9]",-0.0009765624999999985,0.0,10,0.6,"{""0001000111"": 1, ""0011111100"": 1, ""0100101100"": 1, ""0101110111"": 1, ""0111100100"": 1, ""1011001100"": 1, ""1011100111"": 1, ""1011110011"": 2, ""1110100100"": 1}"
019e10ef-307b-77e0-91c9-155d80cd8a6a,6,36,536,YXIYYYIXIX,XIXIYYYIXY,"[0, 2, 4, 5, 6, 8, 9]",0.0009765624999999985,0.0,10,-0.2,"{""0001001100"": 1, ""0001110000"": 1, ""0011001011"": 1, ""0100000000"": 1, ""1000011011"": 1, ""1100110111"": 1, ""1101110000"": 1, ""1110001010"": 1, ""1110100111"": 1, ""1110111100"": 1}"
019e10ef-307b-77e0-91c9-155d80cd8a6a,6,37,537,YXIYYYIXZI,IZXIYYYIXY,"[1, 2, 4, 5, 6, 8, 9]",0.0009765624999999985,0.0,10,0.0,"{""0001101100"": 1, ""0010001101"": 1, ""0010101100"": 1, ""0100001101"": 1, ""1000001100"": 1, ""1010010000"": 1, ""1011100111"": 1, ""1101000110"": 1, ""1101111100"": 1, ""1110000100"": 1}"
019e10ef-307b-77e0-91c9-155d80cd8a6a,6,38,538,YXIYYYIYXY,YXYIYYYIXY,"[0, 1, 2, 4, 5, 6, 8, 9]",-0.0009765624999999985,0.0,10,0.6,"{""0001000110"": 1, ""0010100111"": 1, ""0010110001"": 1, ""0010111101"": 1, ""0100000010"": 1, ""0111001000"": 1, ""1000011011"": 1, ""1011100001"": 1, ""1011111101"": 1, ""1110001101"": 1}"
019e10ef-307b-77e0-91c9-155d80cd8a6a,6,39,539,YXIYYYIYYZ,ZYYIYYYIXY,"[0, 1, 2, 4, 5, 6, 8, 9]",0.0009765624999999985,0.0,10,-0.6,"{""0001001000"": 1, ""0001101001"": 1, ""0010111001"": 1, ""0100101010"": 1, ""0111110110"": 1, ""0111111000"": 1, ""1000011111"": 1, ""1011100011"": 1, ""1101110110"": 1, ""1110100011"": 1}"
019e10ef-307b-77e0-91c9-155d80cd8a6a,6,40,540,YXIYYYZIII,IIIZYYYIXY,"[3, 4, 5, 6, 8, 9]",0.0009765624999999985,0.0,10,-0.4,"{""0001011110"": 1, ""0010001000"": 1, ""0010011111"": 1, ""0111001010"": 1, ""0111111100"": 1, ""1000000111"": 1, ""1000100000"": 1, ""1010010001"": 1, ""1110010011"": 1, ""1110010111"": 1}"
019e10ef-307b-77e0-91c9-155d80cd8a6a,6,41,541,YXIYYYZIZX,XZIZYYYIXY,"[0, 1, 3, 4, 5, 6, 8, 9]",0.0009765624999999985,0.0,10,-0.2,"{""0100110011"": 1, ""0111011011"": 1, ""0111100000"": 1, ""1000101011"": 1, ""1000110101"": 1, ""1000111000"": 1, ""1011100111"": 2, ""1110100000"": 1, ""1111111011"": 1}"
019e10ef-307b-77e0-91c9-155d80cd8a6a,6,42,542,YXIYYYZZXZ,ZXZZYYYIXY,"[0, 1, 2, 3, 4, 5, 6, 8, 9]",0.0009765624999999985,0.0,10,-0.2,"{""0001101011"": 1, ""0010011101"": 1, ""0010100000"": 1, ""0100101000"": 1, ""0100110110"": 1, ""0111010000"": 1, ""0111011101"": 1, ""1000010101"": 1, ""1101100101"": 1, ""1110010101"": 1}"
019e10ef-307b-77e0-91c9-155d80cd8a6a,6,43,543,YXIYYYZZYY,YYZZYYYIXY,"[0, 1, 2, 3, 4, 5, 6, 8, 9]",0.0009765624999999985,0.0,10,-0.4,"{""0001110110"": 1, ""0100101101"": 1, ""0100101110"": 1, ""1000000110"": 1, ""1000110011"": 1, ""1001000000"": 1, ""1011000011"": 1, ""1101011000"": 1, ""1101110101"": 1, ""1111001101"": 1}"
019e10ef-307b-77e0-91c9-155d80cd8a6a,6,44,544,YXXZXXXXXY,YXXXXXZXXY,"[0, 1, 2, 3, 4, 5, 6, 7, 8, 9]",0.0009765624999999985,0.0,10,-1.0,"{""0001011000"": 1, ""0010101110"": 1, ""0011001101"": 1, ""0011010011"": 1, ""0011101100"": 1, ""0011110100"": 1, ""0111101110"": 1, ""1000101000"": 1, ""1011010010"": 1, ""1100011010"": 1}"
019e10ef-307b-77e0-91c9-155d80cd8a6a,6,45,545,YXXZXXXXYZ,ZYXXXXZXXY,"[0, 1, 2, 3, 4, 5, 6, 7, 8, 9]",-0.0009765624999999985,0.0,10,0.4,"{""0010010101"": 1, ""0100101110"": 1, ""0101011011"": 1, ""0110011101"": 1, ""1001100001"": 1, ""1010100001"": 1, ""1011100101"": 1, ""1101010000"": 1, ""1110100010"": 1, ""1111100011"": 1}"
019e10ef-307b-77e0-91c9-155d80cd8a6a,6,46,546,YXXZXXXYIX,XIYXXXZXXY,"[0, 2, 3, 4, 5, 6, 7, 8, 9]",0.0009765624999999985,0.0,10,-0.6,"{""0010110000"": 1, ""0110100111"": 1, ""0111001100"": 1, ""1010010100"": 1, ""1011001100"": 1, ""1011111100"": 1, ""1101110000"": 1, ""1110111000"": 1, ""1111001111"": 1, ""1111011011"": 1}"
019e10ef-307b-77e0-91c9-155d80cd8a6a,6,47,547,YXXZXXXYZI,IZYXXXZXXY,"[1, 2, 3, 4, 5, 6, 7, 8, 9]",0.0009765624999999985,0.0,10,-0.4,"{""0000110001"": 1, ""0011011100"": 1, ""0100111010"": 1, ""0111011110"": 1, ""1000011110"": 1, ""1000110000"": 1, ""1011000011"": 1, ""1011110100"": 1, ""1101011001"": 1, ""1110100100"": 1}"
019e10ef-307b-77e0-91c9-155d80cd8a6a,6,48,548,YXXZXXYIXZ,ZXIYXXZXXY,"[0, 1, 3, 4, 5, 6, 7, 8, 9]",-0.0009765624999999985,0.0,10,0.4,"{""0010011101"": 1, ""0011100110"": 1, ""0100100110"": 1, ""0100101101"": 1, ""0101111011"": 1, ""0110110000"": 1, ""0111010000"": 1, ""1100000101"": 1, ""1100100101"": 1, ""1110000101"": 1}"
019e10ef-307b-77e0-91c9-155d80cd8a6a,6,49,549,YXXZXXYIYY,YYIYXXZXXY,"[0, 1, 3, 4, 5, 6, 7, 8, 9]",-0.0009765624999999985,0.0,10,0.6,"{""0000100010"": 1, ""0010001000"": 1, ""0010011101"": 1, ""0011111101"": 1, ""0100111010"": 1, ""0110011011"": 1, ""1000100000"": 1, ""1001100110"": 1, ""1110000100"": 1, ""1110111011"": 1}"
019e10ef-307b-77e0-91c9-155d80cd8a6a,6,50,550,YXXZXXYZII,IIZYXXZXXY,"[2, 3, 4, 5, 6, 7, 8, 9]",-0.0009765624999999985,0.0,10,0.8,"{""0000010110"": 1, ""0001000000"": 1, ""0001100001"": 1, ""0101101001"": 1, ""0101111110"": 1, ""0110100101"": 1, ""1001001101"": 1, ""1011100001"": 1, ""1100001111"": 1, ""1101010001"": 1}"
019e10ef-307b-77e0-91c9-155d80cd8a6a,6,51,551,YXXZXXYZZX,XZZYXXZXXY,"[0, 1, 2, 3, 4, 5, 6, 7, 8, 9]",-0.0009765624999999985,0.0,10,0.8,"{""0010011111"": 1, ""0100100011"": 1, ""0100110111"": 1, ""0110101111"": 1, ""1100010111"": 1, ""1100110000"": 1, ""1100111111"": 1, ""1101010011"": 1, ""1110000111"": 1, ""1110101111"": 1}"
019e10ef-307b-77e0-91c9-155d80cd8a6a,6,52,552,YXXZXYIXIX,XIXIYXZXXY,"[0, 2, 4, 5, 6, 7, 8, 9]",0.0009765624999999985,0.0,10,-1.0,"{""0001011011"": 1, ""0101111011"": 1, ""0110010000"": 1, ""0110100000"": 1, ""0111101100"": 1, ""1001011101"": 1, ""1011000111"": 2, ""1110000111"": 1, ""1111001011"": 1}"
019e10ef-307b-77e0-91c9-155d80cd8a6a,6,53,553,YXXZXYIXZI,IZXIYXZXXY,"[1, 2, 4, 5, 6, 7, 8, 9]",0.0009765624999999985,0.0,10,-0.8,"{""0000001011"": 1, ""0000010110"": 1, ""0001101100"": 1, ""0100001101"": 1, ""0100011011"": 1, ""0111101100"": 1, ""1001100111"": 1, ""1101101100"": 1, ""1110011011"": 1, ""1111001011"": 1}"
019e10ef-307b-77e0-91c9-155d80cd8a6a,6,54,554,YXXZXYIYXY,YXYIYXZXXY,"[0, 1, 2, 4, 5, 6, 7, 8, 9]",-0.0009765624999999985,0.0,10,0.4,"{""0000001000"": 1, ""0001101011"": 1, ""0110000100"": 1, ""1000111110"": 1, ""1001101011"": 1, ""1010001011"": 1, ""1100010111"": 1, ""1101110001"": 1, ""1111001011"": 1, ""1111010010"": 1}"
019e10ef-307b-77e0-91c9-155d80cd8a6a,6,55,555,YXXZXYIYYZ,ZYYIYXZXXY,"[0, 1, 2, 4, 5, 6, 7, 8, 9]",0.0009765624999999985,0.0,10,-0.6,"{""0110100110"": 2, ""0111011100"": 1, ""1010001111"": 1, ""1010010110"": 1, ""1010100011"": 1, ""1100001111"": 1, ""1101010110"": 1, ""1110000111"": 1, ""1111001111"": 1}"
019e10ef-307b-77e0-91c9-155d80cd8a6a,6,56,556,YXXZXYZIII,IIIZYXZXXY,"[3, 4, 5, 6, 7, 8, 9]",0.0009765624999999985,0.0,10,0.0,"{""0000111001"": 1, ""0010110001"": 1, ""0011101001"": 1, ""0100110011"": 2, ""0101000010"": 1, ""0101011000"": 1, ""1000100111"": 1, ""1101110110"": 1, ""1110100110"": 1}"
019e10ef-307b-77e0-91c9-155d80cd8a6a,6,57,557,YXXZXYZIZX,XZIZYXZXXY,"[0, 1, 3, 4, 5, 6, 7, 8, 9]",0.0009765624999999985,0.0,10,-0.4,"{""0000111100"": 1, ""0011010011"": 1, ""0100001011"": 1, ""1000100111"": 1, ""1000101100"": 1, ""1001010000"": 1, ""1001011011"": 1, ""1010010111"": 1, ""1100001000"": 1, ""1111100111"": 1}"
019e10ef-307b-77e0-91c9-155d80cd8a6a,6,58,558,YXXZXYZZXZ,ZXZZYXZXXY,"[0, 1, 2, 3, 4, 5, 6, 7, 8, 9]",0.0009765624999999985,0.0,10,-0.6,"{""0000111011"": 1, ""0011101101"": 1, ""0101001011"": 1, ""0101010101"": 1, ""0101110100"": 1, ""0111110011"": 1, ""1011110011"": 1, ""1101110000"": 1, ""1110000000"": 1, ""1110010000"": 1}"
019e10ef-307b-77e0-91c9-155d80cd8a6a,6,59,559,YXXZXYZZYY,YYZZYXZXXY,"[0, 1, 2, 3, 4, 5, 6, 7, 8, 9]",0.0009765624999999985,0.0,10,-0.2,"{""0001010110"": 1, ""0001101101"": 1, ""0100101010"": 1, ""1010001101"": 1, ""1011101100"": 1, ""1100010011"": 1, ""1100010110"": 1, ""1100011000"": 1, ""1101110101"": 1, ""1110110110"": 1}"
019e10ef-307b-77e0-91c9-155d80cd8a6a,6,60,560,YXXZYIXIXZ,ZXIXIYZXXY,"[0, 1, 3, 5, 6, 7, 8, 9]",-0.0009765624999999985,0.0,10,0.6,"{""0001111000"": 1, ""0100010101"": 1, ""0100100100"": 1, ""0101000011"": 1, ""0101111011"": 1, ""0110001110"": 1, ""0111101000"": 1, ""1100001001"": 1, ""1101100000"": 1, ""1110101110"": 1}"
019e10ef-307b-77e0-91c9-155d80cd8a6a,6,61,561,YXXZYIXIYY,YYIXIYZXXY,"[0, 1, 3, 5, 6, 7, 8, 9]",-0.0009765624999999985,0.0,10,-0.2,"{""0100011001"": 1, ""0100101101"": 1, ""0100111011"": 1, ""0110000001"": 1, ""0110001111"": 1, ""1000001101"": 1, ""1001001110"": 1, ""1001111011"": 1, ""1011111000"": 1, ""1111110110"": 1}"
019e10ef-307b-77e0-91c9-155d80cd8a6a,6,62,562,YXXZYIXZII,IIZXIYZXXY,"[2, 3, 5, 6, 7, 8, 9]",-0.0009765624999999985,0.0,10,0.0,"{""0100100001"": 1, ""0101011011"": 1, ""0101100000"": 1, ""0110001110"": 1, ""1000110101"": 1, ""1001000011"": 1, ""1001110100"": 1, ""1010101110"": 1, ""1010111110"": 1, ""1011100001"": 1}"
019e10ef-307b-77e0-91c9-155d80cd8a6a,6,63,563,YXXZYIXZZX,XZZXIYZXXY,"[0, 1, 2, 3, 5, 6, 7, 8, 9]",-0.0009765624999999985,0.0,10,0.6,"{""0001011111"": 1, ""0011100011"": 1, ""0011111011"": 1, ""0101110111"": 1, ""0110110111"": 1, ""0111101100"": 1, ""0111101111"": 1, ""1010111000"": 1, ""1011101111"": 1, ""1111110100"": 1}"
019e10ef-307b-77e0-91c9-155d80cd8a6a,6,64,564,YXXZYIYXXY,YXXYIYZXXY,"[0, 1, 2, 3, 5, 6, 7, 8, 9]",-0.0009765624999999985,0.0,10,0.6,"{""0001100011"": 1, ""0011001000"": 1, ""0111011000"": 1, ""0111100000"": 1, ""0111101100"": 1, ""1001001111"": 1, ""1001111101"": 1, ""1101100011"": 1, ""1111001111"": 1, ""1111100101"": 1}"
019e10ef-307b-77e0-91c9-155d80cd8a6a,6,65,565,YXXZYIYXYZ,ZYXYIYZXXY,"[0, 1, 2, 3, 5, 6, 7, 8, 9]",0.0009765624999999985,0.0,10,-0.4,"{""0001101010"": 1, ""0010000111"": 1, ""0100100011"": 1, ""0110110110"": 1, ""1100001000"": 1, ""1101010110"": 1, ""1101100100"": 1, ""1110011100"": 1, ""1110011111"": 1, ""1110100111"": 1}"
019e10ef-307b-77e0-91c9-155d80cd8a6a,6,66,566,YXXZYIYYIX,XIYYIYZXXY,"[0, 2, 3, 5, 6, 7, 8, 9]",-0.0009765624999999985,0.0,10,0.6,"{""0010000111"": 1, ""0010011000"": 1, ""0100010100"": 1, ""1010000111"": 1, ""1010001011"": 1, ""1100101100"": 1, ""1101011111"": 1, ""1111001011"": 1, ""1111110100"": 1, ""1111111000"": 1}"
019e10ef-307b-77e0-91c9-155d80cd8a6a,6,67,567,YXXZYIYYZI,IZYYIYZXXY,"[1, 2, 3, 5, 6, 7, 8, 9]",-0.0009765624999999985,0.0,10,0.2,"{""0000101101"": 1, ""0100011111"": 1, ""0101001101"": 1, ""0110110101"": 1, ""1000000110"": 1, ""1011011001"": 1, ""1011100000"": 1, ""1100100111"": 1, ""1101001101"": 1, ""1111000110"": 1}"
019e10ef-307b-77e0-91c9-155d80cd8a6a,6,68,568,YXXZYZIIII,IIIIZYZXXY,"[4, 5, 6, 7, 8, 9]",-0.0009765624999999985,0.0,10,0.6,"{""0001101111"": 1, ""0011110000"": 1, ""1000101101"": 1, ""1001100001"": 1, ""1010000000"": 1, ""1011101101"": 2, ""1100011110"": 1, ""1101100111"": 1, ""1111000111"": 1}"
019e10ef-307b-77e0-91c9-155d80cd8a6a,6,69,569,YXXZYZIIZX,XZIIZYZXXY,"[0, 1, 4, 5, 6, 7, 8, 9]",-0.0009765624999999985,0.0,10,1.0,"{""0000000111"": 1, ""0001010011"": 1, ""0001101011"": 1, ""0010011000"": 1, ""0100100000"": 1, ""0101001000"": 1, ""0110111011"": 1, ""1000011011"": 1, ""1010111111"": 1, ""1110101011"": 1}"
019e10ef-307b-77e0-91c9-155d80cd8a6a,6,70,570,YXXZYZIZXZ,ZXZIZYZXXY,"[0, 1, 2, 4, 5, 6, 7, 8, 9]",-0.0009765624999999985,0.0,10,0.2,"{""0001000101"": 1, ""0001010010"": 1, ""0001011101"": 1, ""0101001000"": 1, ""0110001001"": 1, ""0110111101"": 1, ""0111011011"": 1, ""1010001000"": 1, ""1010001011"": 1, ""1101111110"": 1}"
019e10ef-307b-77e0-91c9-155d80cd8a6a,6,71,571,YXXZYZIZYY,YYZIZYZXXY,"[0, 1, 2, 4, 5, 6, 7, 8, 9]",-0.0009765624999999985,0.0,10,0.2,"{""0100111011"": 1, ""0101001110"": 1, ""0110111101"": 1, ""1000000011"": 1, ""1000001101"": 1, ""1010000101"": 1, ""1010110101"": 1, ""1011100110"": 1, ""1101110010"": 1, ""1110101010"": 1}"
019e10ef-307b-77e0-91c9-155d80cd8a6a,6,72,572,YXXZYZZXIX,XIXZZYZXXY,"[0, 2, 3, 4, 5, 6, 7, 8, 9]",-0.0009765624999999985,0.0,10,0.6,"{""0000010111"": 1, ""0000111011"": 1, ""0010010000"": 1, ""0011000111"": 1, ""0101100111"": 1, ""0110110000"": 1, ""0111010111"": 1, ""1001110000"": 1, ""1101011100"": 1, ""1110010000"": 1}"
019e10ef-307b-77e0-91c9-155d80cd8a6a,6,73,573,YXXZYZZXZI,IZXZZYZXXY,"[1, 2, 3, 4, 5, 6, 7, 8, 9]",-0.0009765624999999985,0.0,10,0.2,"{""0001111101"": 1, ""0101000001"": 1, ""0101011100"": 1, ""0101110110"": 1, ""0111011100"": 1, ""1010001011"": 1, ""1011100001"": 1, ""1100010111"": 1, ""1101001010"": 1, ""1111001011"": 1}"
019e10ef-307b-77e0-91c9-155d80cd8a6a,6,74,574,YXXZYZZYXY,YXYZZYZXXY,"[0, 1, 2, 3, 4, 5, 6, 7, 8, 9]",0.0009765624999999985,0.0,10,-0.6,"{""0000000111"": 1, ""0000111011"": 1, ""0011000000"": 1, ""0101001101"": 1, ""0110111000"": 1, ""1011001101"": 1, ""1011100111"": 1, ""1011101101"": 1, ""1111000100"": 1, ""1111110111"": 1}"
019e10ef-307b-77e0-91c9-155d80cd8a6a,6,75,575,YXXZYZZYYZ,ZYYZZYZXXY,"[0, 1, 2, 3, 4, 5, 6, 7, 8, 9]",-0.0009765624999999985,0.0,10,0.4,"{""0100000101"": 1, ""0100011100"": 1, ""0110000100"": 1, ""0111101010"": 1, ""1010001111"": 1, ""1100001001"": 1, ""1100111010"": 1, ""1101101110"": 1, ""1110101010"": 1, ""1111111001"": 1}"
019e10ef-307b-77e0-91c9-155d80cd8a6a,6,76,576,YXYZIXIXIX,XIXIXIZYXY,"[0, 2, 4, 6, 7, 8, 9]",0.0009765624999999985,0.0,10,-0.6,"{""0000011100"": 1, ""0000101111"": 1, ""0011110111"": 1, ""0110101100"": 1, ""0111000111"": 1, ""1001110111"": 1, ""1100101100"": 1, ""1100110000"": 1, ""1110011011"": 1, ""1111110000"": 1}"
019e10ef-307b-77e0-91c9-155d80cd8a6a,6,77,577,YXYZIXIXZI,IZXIXIZYXY,"[1, 2, 4, 6, 7, 8, 9]",0.0009765624999999985,0.0,10,-0.8,"{""0100000001"": 1, ""0100000110"": 1, ""0100000111"": 1, ""0110101010"": 1, ""0110110111"": 1, ""1011000111"": 1, ""1100011100"": 1, ""1101000001"": 1, ""1101011010"": 1, ""1111110000"": 1}"
019e10ef-307b-77e0-91c9-155d80cd8a6a,6,78,578,YXYZIXIYXY,YXYIXIZYXY,"[0, 1, 2, 4, 6, 7, 8, 9]",-0.0009765624999999985,0.0,10,0.4,"{""0000101011"": 1, ""0001011000"": 1, ""0011101011"": 1, ""0011101101"": 1, ""0100000111"": 1, ""0101110010"": 1, ""0111000000"": 1, ""1000000001"": 1, ""1100011110"": 1, ""1110101000"": 1}"
019e10ef-307b-77e0-91c9-155d80cd8a6a,6,79,579,YXYZIXIYYZ,ZYYIXIZYXY,"[0, 1, 2, 4, 6, 7, 8, 9]",0.0009765624999999985,0.0,10,-0.8,"{""0011110000"": 1, ""0100011000"": 1, ""0101101010"": 1, ""0101110000"": 1, ""1000011100"": 2, ""1011011001"": 1, ""1100101111"": 2, ""1100110011"": 1}"
019e10ef-307b-77e0-91c9-155d80cd8a6a,6,80,580,YXYZIXZIII,IIIZXIZYXY,"[3, 4, 6, 7, 8, 9]",0.0009765624999999985,0.0,10,-0.6,"{""0001000110"": 1, ""0010011011"": 1, ""0100011011"": 1, ""0101101110"": 1, ""0110000000"": 1, ""1001110110"": 1, ""1010101011"": 1, ""1011001110"": 1, ""1100110010"": 1, ""1100110101"": 1}"
019e10ef-307b-77e0-91c9-155d80cd8a6a,6,81,581,YXYZIXZIZX,XZIZXIZYXY,"[0, 1, 3, 4, 6, 7, 8, 9]",0.0009765624999999985,0.0,10,-1.0,"{""0000101000"": 1, ""0010011100"": 1, ""0011110011"": 1, ""0100000111"": 1, ""0101001011"": 1, ""0101101111"": 1, ""1000000111"": 1, ""1010101100"": 1, ""1100101100"": 1, ""1110011000"": 1}"
019e10ef-307b-77e0-91c9-155d80cd8a6a,6,82,582,YXYZIXZZXZ,ZXZZXIZYXY,"[0, 1, 2, 3, 4, 6, 7, 8, 9]",0.0009765624999999985,0.0,10,-0.6,"{""0001000010"": 1, ""0001010101"": 1, ""0001110001"": 1, ""0101010011"": 1, ""0101010110"": 1, ""0110110101"": 1, ""1000011000"": 1, ""1001101101"": 1, ""1001110101"": 1, ""1100110011"": 1}"
019e10ef-307b-77e0-91c9-155d80cd8a6a,6,83,583,YXYZIXZZYY,YYZZXIZYXY,"[0, 1, 2, 3, 4, 6, 7, 8, 9]",0.0009765624999999985,0.0,10,-0.6,"{""0000101110"": 1, ""0010011000"": 1, ""0100011110"": 1, ""0101110001"": 1, ""0111101101"": 1, ""1000011110"": 2, ""1010101011"": 1, ""1100110110"": 1, ""1101011101"": 1}"
019e10ef-307b-77e0-91c9-155d80cd8a6a,6,84,584,YXYZIYXXXY,YXXXYIZYXY,"[0, 1, 2, 3, 4, 6, 7, 8, 9]",-0.0009765624999999985,0.0,10,0.8,"{""0000100011"": 1, ""0000101010"": 1, ""0001010101"": 1, ""0001100000"": 1, ""0010000010"": 1, ""0011011011"": 1, ""1011000010"": 1, ""1101000111"": 1, ""1110001000"": 1, ""1111110001"": 1}"
019e10ef-307b-77e0-91c9-155d80cd8a6a,6,85,585,YXYZIYXXYZ,ZYXXYIZYXY,"[0, 1, 2, 3, 4, 6, 7, 8, 9]",0.0009765624999999985,0.0,10,-0.4,"{""0000100010"": 1, ""0001000000"": 1, ""0001000101"": 1, ""0001001001"": 1, ""0001111100"": 1, ""0010000011"": 1, ""0100000110"": 1, ""0111011011"": 1, ""1000001011"": 1, ""1110000001"": 1}"
019e10ef-307b-77e0-91c9-155d80cd8a6a,6,86,586,YXYZIYXYIX,XIYXYIZYXY,"[0, 2, 3, 4, 6, 7, 8, 9]",-0.0009765624999999985,0.0,10,0.8,"{""0000111000"": 1, ""0101101100"": 1, ""1000101111"": 1, ""1001100111"": 1, ""1001110111"": 1, ""1010111111"": 1, ""1101010111"": 1, ""1110000011"": 1, ""1110001000"": 1, ""1111110100"": 1}"
019e10ef-307b-77e0-91c9-155d80cd8a6a,6,87,587,YXYZIYXYZI,IZYXYIZYXY,"[1, 2, 3, 4, 6, 7, 8, 9]",-0.0009765624999999985,0.0,10,0.8,"{""0000101100"": 1, ""0001000010"": 1, ""0001110100"": 1, ""0010011101"": 1, ""0011111111"": 1, ""0100010110"": 1, ""0100010111"": 1, ""1000001000"": 1, ""1011000100"": 1, ""1101011010"": 1}"
019e10ef-307b-77e0-91c9-155d80cd8a6a,6,88,588,YXYZIYYIXZ,ZXIYYIZYXY,"[0, 1, 3, 4, 6, 7, 8, 9]",0.0009765624999999985,0.0,10,-0.6,"{""0010001101"": 1, ""0101000011"": 1, ""0111001101"": 1, ""0111011000"": 1, ""0111100111"": 1, ""1000001110"": 1, ""1100110001"": 1, ""1110010110"": 2, ""1111101000"": 1}"
019e10ef-307b-77e0-91c9-155d80cd8a6a,6,89,589,YXYZIYYIYY,YYIYYIZYXY,"[0, 1, 3, 4, 6, 7, 8, 9]",0.0009765624999999985,0.0,10,-0.4,"{""0000110000"": 2, ""0001011000"": 1, ""0010010101"": 1, ""0010111110"": 1, ""0011110011"": 1, ""0100001111"": 1, ""1000010110"": 1, ""1001100011"": 1, ""1001101000"": 1}"
019e10ef-307b-77e0-91c9-155d80cd8a6a,6,90,590,YXYZIYYZII,IIZYYIZYXY,"[2, 3, 4, 6, 7, 8, 9]",0.0009765624999999985,0.0,10,-0.6,"{""0011110000"": 1, ""0100000001"": 1, ""0101110010"": 1, ""0110111100"": 1, ""0111001100"": 1, ""1011010100"": 1, ""1011011000"": 1, ""1100100111"": 1, ""1110110010"": 1, ""1111100001"": 1}"
019e10ef-307b-77e0-91c9-155d80cd8a6a,6,91,591,YXYZIYYZZX,XZZYYIZYXY,"[0, 1, 2, 3, 4, 6, 7, 8, 9]",0.0009765624999999985,0.0,10,-1.0,"{""0001010100"": 1, ""0010001100"": 1, ""0100001100"": 1, ""0101100111"": 1, ""0110100100"": 1, ""0111001100"": 1, ""1001110011"": 1, ""1011010111"": 1, ""1100101011"": 1, ""1101001111"": 1}"
019e10ef-307b-77e0-91c9-155d80cd8a6a,6,92,592,YXYZZIIIII,IIIIIZZYXY,"[5, 6, 7, 8, 9]",0.0009765624999999985,0.0,10,-0.8,"{""0010000011"": 1, ""0010110010"": 1, ""0011100110"": 1, ""0101110000"": 1, ""0101111010"": 1, ""1000000111"": 1, ""1000001110"": 1, ""1100111110"": 1, ""1101001100"": 1, ""1111101110"": 1}"
019e10ef-307b-77e0-91c9-155d80cd8a6a,6,93,593,YXYZZIIIZX,XZIIIZZYXY,"[0, 1, 5, 6, 7, 8, 9]",0.0009765624999999985,0.0,10,-0.8,"{""0010000100"": 1, ""0100000011"": 1, ""0100011011"": 1, ""0110100000"": 1, ""0111000011"": 1, ""1010100000"": 1, ""1011001011"": 1, ""1100110011"": 1, ""1101000100"": 1, ""1111000011"": 1}"
019e10ef-307b-77e0-91c9-155d80cd8a6a,6,94,594,YXYZZIIZXZ,ZXZIIZZYXY,"[0, 1, 2, 5, 6, 7, 8, 9]",0.0009765624999999985,0.0,10,0.0,"{""0000110101"": 1, ""0011111101"": 1, ""0100100101"": 1, ""0101101011"": 1, ""0110110010"": 1, ""1001100111"": 1, ""1100010011"": 1, ""1101000011"": 1, ""1101001011"": 1, ""1111101001"": 1}"
019e10ef-307b-77e0-91c9-155d80cd8a6a,6,95,595,YXYZZIIZYY,YYZIIZZYXY,"[0, 1, 2, 5, 6, 7, 8, 9]",0.0009765624999999985,0.0,10,-0.6,"{""0000000000"": 1, ""0001000110"": 1, ""0001011101"": 1, ""0100011011"": 1, ""0111011001"": 1, ""1010100011"": 1, ""1011000011"": 1, ""1100110110"": 1, ""1111110011"": 1, ""1111110101"": 1}"
019e10ef-307b-77e0-91c9-155d80cd8a6a,6,96,596,YXYZZIZXIX,XIXZIZZYXY,"[0, 2, 3, 5, 6, 7, 8, 9]",0.0009765624999999985,0.0,10,-0.8,"{""0000111100"": 1, ""0001000111"": 1, ""0010001011"": 1, ""0100010000"": 1, ""1000100000"": 1, ""1001101100"": 1, ""1100100000"": 1, ""1101000111"": 1, ""1110010111"": 1, ""1111101011"": 1}"
019e10ef-307b-77e0-91c9-155d80cd8a6a,6,97,597,YXYZZIZXZI,IZXZIZZYXY,"[1, 2, 3, 5, 6, 7, 8, 9]",0.0009765624999999985,0.0,10,-0.4,"{""0000110110"": 1, ""0010011001"": 1, ""0011101111"": 1, ""0011110000"": 1, ""0101101010"": 1, ""0110010110"": 1, ""1001100000"": 1, ""1001100110"": 1, ""1100100110"": 1, ""1110000001"": 1}"
019e10ef-307b-77e0-91c9-155d80cd8a6a,6,98,598,YXYZZIZYXY,YXYZIZZYXY,"[0, 1, 2, 3, 5, 6, 7, 8, 9]",-0.0009765624999999985,0.0,10,0.6,"{""0101011110"": 1, ""0110100010"": 1, ""0111000001"": 1, ""1001011110"": 1, ""1001110010"": 1, ""1010111011"": 1, ""1100100010"": 1, ""1100101011"": 1, ""1101000100"": 1, ""1101010010"": 1}"
019e10ef-307b-77e0-91c9-155d80cd8a6a,6,99,599,YXYZZIZYYZ,ZYYZIZZYXY,"[0, 1, 2, 3, 5, 6, 7, 8, 9]",0.0009765624999999985,0.0,10,-0.8,"{""0000111010"": 1, ""0011110110"": 1, ""0101101111"": 1, ""0111011111"": 1, ""1001101111"": 1, ""1001111010"": 1, ""1011011010"": 1, ""1100001001"": 1, ""1110010101"": 1, ""1110011001"": 1}"
019e10ef-355e-7db1-a938-a101d927e627,7,0,600,YXYZZZXIXZ,ZXIXZZZYXY,"[0, 1, 3, 4, 5, 6, 7, 8, 9]",0.0009765624999999985,0.0,10,-0.6,"{""0000010011"": 1, ""0000110101"": 1, ""0010000000"": 1, ""0010001110"": 1, ""0011101110"": 1, ""0100000000"": 1, ""0101110110"": 1, ""0110100010"": 1, ""1011010110"": 1, ""1111100110"": 1}"
019e10ef-355e-7db1-a938-a101d927e627,7,1,601,YXYZZZXIYY,YYIXZZZYXY,"[0, 1, 3, 4, 5, 6, 7, 8, 9]",0.0009765624999999985,0.0,10,-0.4,"{""0001000011"": 1, ""0001100001"": 1, ""0011001101"": 1, ""1011010100"": 1, ""1100111001"": 1, ""1101010101"": 1, ""1110000000"": 1, ""1110001101"": 1, ""1111010111"": 1, ""1111100000"": 1}"
019e10ef-355e-7db1-a938-a101d927e627,7,2,602,YXYZZZXZII,IIZXZZZYXY,"[2, 3, 4, 5, 6, 7, 8, 9]",0.0009765624999999985,0.0,10,-0.6,"{""0010011000"": 1, ""0101101110"": 1, ""0111000011"": 1, ""0111011001"": 1, ""1001011001"": 1, ""1010100000"": 1, ""1010110110"": 1, ""1011010100"": 1, ""1011100011"": 1, ""1100110100"": 1}"
019e10ef-355e-7db1-a938-a101d927e627,7,3,603,YXYZZZXZZX,XZZXZZZYXY,"[0, 1, 2, 3, 4, 5, 6, 7, 8, 9]",0.0009765624999999985,0.0,10,-0.8,"{""0001011011"": 1, ""0011001100"": 1, ""0011100000"": 1, ""0011101100"": 1, ""0100011000"": 1, ""0101110111"": 1, ""0110110111"": 1, ""1101010111"": 1, ""1111100000"": 1, ""1111111000"": 1}"
019e10ef-355e-7db1-a938-a101d927e627,7,4,604,YXYZZZYXXY,YXXYZZZYXY,"[0, 1, 2, 3, 4, 5, 6, 7, 8, 9]",0.0009765624999999985,0.0,10,-0.4,"{""0001001100"": 1, ""0011100011"": 1, ""0110111110"": 1, ""0111010100"": 1, ""1000001111"": 1, ""1000010100"": 1, ""1011010010"": 1, ""1101010011"": 1, ""1101011111"": 1, ""1110101100"": 1}"
019e10ef-355e-7db1-a938-a101d927e627,7,5,605,YXYZZZYXYZ,ZYXYZZZYXY,"[0, 1, 2, 3, 4, 5, 6, 7, 8, 9]",-0.0009765624999999985,0.0,10,0.6,"{""0001001101"": 1, ""0010000100"": 1, ""0011101001"": 1, ""0101100001"": 1, ""0111010101"": 1, ""1000100010"": 1, ""1000101001"": 1, ""1010100001"": 1, ""1011011100"": 1, ""1111100111"": 1}"
019e10ef-355e-7db1-a938-a101d927e627,7,6,606,YXYZZZYYIX,XIYYZZZYXY,"[0, 2, 3, 4, 5, 6, 7, 8, 9]",0.0009765624999999985,0.0,10,-1.0,"{""0000101011"": 1, ""0010000000"": 1, ""0100000111"": 1, ""1000010011"": 1, ""1000011000"": 1, ""1001111000"": 1, ""1010110011"": 1, ""1010111000"": 1, ""1101010100"": 1, ""1111101100"": 1}"
019e10ef-355e-7db1-a938-a101d927e627,7,7,607,YXYZZZYYZI,IZYYZZZYXY,"[1, 2, 3, 4, 5, 6, 7, 8, 9]",0.0009765624999999985,0.0,10,-0.6,"{""0000101100"": 2, ""0000110011"": 1, ""0010000010"": 1, ""0010010010"": 1, ""0010011000"": 1, ""0010011001"": 1, ""0101111001"": 1, ""0110011111"": 1, ""0111010100"": 1}"
019e10ef-355e-7db1-a938-a101d927e627,7,8,608,YXZYIIIIII,IIIIIIYZXY,"[6, 7, 8, 9]",0.0009765624999999985,0.0,10,-1.0,"{""0010111011"": 1, ""0010111111"": 1, ""0100111110"": 1, ""1000011111"": 2, ""1000110101"": 1, ""1011011101"": 1, ""1011101111"": 1, ""1101010010"": 1, ""1101010111"": 1}"
019e10ef-355e-7db1-a938-a101d927e627,7,9,609,YXZYIIIIZX,XZIIIIYZXY,"[0, 1, 6, 7, 8, 9]",0.0009765624999999985,0.0,10,-0.6,"{""0000011100"": 1, ""0001000011"": 1, ""0001011100"": 1, ""0111100000"": 1, ""0111111111"": 1, ""1000001000"": 1, ""1000110111"": 1, ""1010101100"": 1, ""1110101100"": 1, ""1110111111"": 1}"
019e10ef-355e-7db1-a938-a101d927e627,7,10,610,YXZYIIIZXZ,ZXZIIIYZXY,"[0, 1, 2, 6, 7, 8, 9]",0.0009765624999999985,0.0,10,-0.8,"{""0001000110"": 1, ""0001100000"": 1, ""0010111101"": 1, ""0100100101"": 1, ""0111011110"": 1, ""0111111100"": 1, ""1000001011"": 1, ""1011010110"": 1, ""1011011011"": 1, ""1011111110"": 1}"
019e10ef-355e-7db1-a938-a101d927e627,7,11,611,YXZYIIIZYY,YYZIIIYZXY,"[0, 1, 2, 6, 7, 8, 9]",0.0009765624999999985,0.0,10,-0.8,"{""0001111000"": 1, ""0010011101"": 1, ""0100100011"": 1, ""0111100011"": 1, ""0111110000"": 1, ""1000011101"": 1, ""1000101000"": 1, ""1000110101"": 1, ""1000111001"": 1, ""1000111110"": 1}"
019e10ef-355e-7db1-a938-a101d927e627,7,12,612,YXZYIIZXIX,XIXZIIYZXY,"[0, 2, 3, 6, 7, 8, 9]",0.0009765624999999985,0.0,10,-1.0,"{""0001001100"": 1, ""0010011100"": 1, ""0010100000"": 1, ""0010100111"": 1, ""0010101100"": 1, ""0100000111"": 1, ""0100010111"": 1, ""0100111100"": 1, ""0111000111"": 1, ""1110000111"": 1}"
019e10ef-355e-7db1-a938-a101d927e627,7,13,613,YXZYIIZXZI,IZXZIIYZXY,"[1, 2, 3, 6, 7, 8, 9]",0.0009765624999999985,0.0,10,-0.8,"{""0000010000"": 1, ""0100010110"": 1, ""0100100111"": 1, ""0111001011"": 1, ""0111001100"": 1, ""1000011010"": 1, ""1000011011"": 1, ""1011110110"": 1, ""1101000000"": 1, ""1110011101"": 1}"
019e10ef-355e-7db1-a938-a101d927e627,7,14,614,YXZYIIZYXY,YXYZIIYZXY,"[0, 1, 2, 3, 6, 7, 8, 9]",-0.0009765624999999985,0.0,10,0.4,"{""0001010111"": 1, ""0100010000"": 1, ""0100010111"": 1, ""0100110100"": 1, ""0111011101"": 1, ""1010111000"": 1, ""1011010001"": 1, ""1011101101"": 1, ""1011111010"": 1, ""1101100010"": 1}"
019e10ef-355e-7db1-a938-a101d927e627,7,15,615,YXZYIIZYYZ,ZYYZIIYZXY,"[0, 1, 2, 3, 6, 7, 8, 9]",0.0009765624999999985,0.0,10,-0.6,"{""0010010011"": 1, ""0010101001"": 1, ""0100000110"": 1, ""0100011110"": 1, ""0111000101"": 1, ""1000001100"": 1, ""1000010010"": 1, ""1011001001"": 1, ""1101110011"": 1, ""1110000011"": 1}"
019e10ef-355e-7db1-a938-a101d927e627,7,16,616,YXZYIZXIXZ,ZXIXZIYZXY,"[0, 1, 3, 4, 6, 7, 8, 9]",0.0009765624999999985,0.0,10,-0.8,"{""0001010101"": 1, ""0100100000"": 1, ""1000000000"": 1, ""1000000111"": 1, ""1010001001"": 1, ""1011011011"": 1, ""1011100011"": 1, ""1101001110"": 1, ""1110000011"": 1, ""1110111011"": 1}"
019e10ef-355e-7db1-a938-a101d927e627,7,17,617,YXZYIZXIYY,YYIXZIYZXY,"[0, 1, 3, 4, 6, 7, 8, 9]",0.0009765624999999985,0.0,10,-0.8,"{""0010011000"": 1, ""0010011011"": 1, ""0100011011"": 1, ""0100101101"": 1, ""0111001110"": 1, ""1011010101"": 2, ""1011111011"": 1, ""1101010100"": 1, ""1110110101"": 1}"
019e10ef-355e-7db1-a938-a101d927e627,7,18,618,YXZYIZXZII,IIZXZIYZXY,"[2, 3, 4, 6, 7, 8, 9]",0.0009765624999999985,0.0,10,-0.6,"{""0001100010"": 1, ""0010100010"": 1, ""0100111000"": 1, ""1000001110"": 1, ""1000001111"": 1, ""1000010110"": 1, ""1010111010"": 1, ""1101000110"": 1, ""1101111011"": 1, ""1110001111"": 1}"
019e10ef-355e-7db1-a938-a101d927e627,7,19,619,YXZYIZXZZX,XZZXZIYZXY,"[0, 1, 2, 3, 4, 6, 7, 8, 9]",0.0009765624999999985,0.0,10,-0.6,"{""0001100000"": 1, ""0010100001"": 1, ""0010111011"": 1, ""0110000011"": 1, ""0111110111"": 1, ""1000000011"": 1, ""1000110100"": 1, ""1011010100"": 1, ""1101111011"": 1, ""1110111011"": 1}"
019e10ef-355e-7db1-a938-a101d927e627,7,20,620,YXZYIZYXXY,YXXYZIYZXY,"[0, 1, 2, 3, 4, 6, 7, 8, 9]",0.0009765624999999985,0.0,10,-0.2,"{""0000111101"": 1, ""0010010111"": 1, ""0010110110"": 1, ""0100110111"": 1, ""1000000011"": 1, ""1000111010"": 1, ""1001010001"": 1, ""1011010001"": 1, ""1110000000"": 1, ""1110101111"": 1}"
019e10ef-355e-7db1-a938-a101d927e627,7,21,621,YXZYIZYXYZ,ZYXYZIYZXY,"[0, 1, 2, 3, 4, 6, 7, 8, 9]",-0.0009765624999999985,0.0,10,0.2,"{""0001111001"": 1, ""0100101001"": 1, ""1000101101"": 1, ""1001010011"": 1, ""1010111100"": 1, ""1011001110"": 1, ""1011111111"": 1, ""1100111100"": 1, ""1101001000"": 1, ""1110011010"": 1}"
019e10ef-355e-7db1-a938-a101d927e627,7,22,622,YXZYIZYYIX,XIYYZIYZXY,"[0, 2, 3, 4, 6, 7, 8, 9]",0.0009765624999999985,0.0,10,-0.4,"{""0001100111"": 1, ""0010100000"": 1, ""0010100111"": 1, ""0100000100"": 1, ""0111011000"": 1, ""1011101100"": 1, ""1011110100"": 1, ""1101101011"": 1, ""1110100011"": 1, ""1111001011"": 1}"
019e10ef-355e-7db1-a938-a101d927e627,7,23,623,YXZYIZYYZI,IZYYZIYZXY,"[1, 2, 3, 4, 6, 7, 8, 9]",0.0009765624999999985,0.0,10,-0.6,"{""0001111111"": 1, ""0010100000"": 1, ""0100000001"": 1, ""0101110000"": 1, ""0110100000"": 1, ""0111101101"": 1, ""1000110101"": 1, ""1011101100"": 1, ""1110110100"": 1, ""1111011110"": 1}"
019e10ef-355e-7db1-a938-a101d927e627,7,24,624,YXZYZXIXIX,XIXIXZYZXY,"[0, 2, 4, 5, 6, 7, 8, 9]",0.0009765624999999985,0.0,10,-0.8,"{""0100000000"": 1, ""0100011011"": 1, ""0111001100"": 1, ""0111011011"": 1, ""0111011100"": 1, ""1000011011"": 1, ""1000101011"": 1, ""1011000000"": 1, ""1101110111"": 1, ""1110101100"": 1}"
019e10ef-355e-7db1-a938-a101d927e627,7,25,625,YXZYZXIXZI,IZXIXZYZXY,"[1, 2, 4, 5, 6, 7, 8, 9]",0.0009765624999999985,0.0,10,-0.8,"{""0010011100"": 1, ""0011101100"": 1, ""0100000110"": 1, ""0111100010"": 1, ""1000101100"": 1, ""1000101101"": 1, ""1011110000"": 1, ""1101011101"": 1, ""1101110000"": 1, ""1110011010"": 1}"
019e10ef-355e-7db1-a938-a101d927e627,7,26,626,YXZYZXIYXY,YXYIXZYZXY,"[0, 1, 2, 4, 5, 6, 7, 8, 9]",-0.0009765624999999985,0.0,10,0.4,"{""0001000110"": 1, ""0100000100"": 1, ""0101000010"": 1, ""1000101101"": 1, ""1001110001"": 1, ""1011000001"": 1, ""1011011000"": 1, ""1101011110"": 1, ""1101110001"": 1, ""1110101011"": 1}"
019e10ef-355e-7db1-a938-a101d927e627,7,27,627,YXZYZXIYYZ,ZYYIXZYZXY,"[0, 1, 2, 4, 5, 6, 7, 8, 9]",0.0009765624999999985,0.0,10,-0.8,"{""0001101100"": 1, ""0001110110"": 1, ""0010000101"": 1, ""0010101111"": 1, ""0010110110"": 1, ""0100000011"": 1, ""0100011101"": 1, ""1011000101"": 1, ""1011000110"": 1, ""1101101100"": 1}"
019e10ef-355e-7db1-a938-a101d927e627,7,28,628,YXZYZXZIII,IIIZXZYZXY,"[3, 4, 5, 6, 7, 8, 9]",0.0009765624999999985,0.0,10,-0.6,"{""0001011001"": 1, ""0001110010"": 1, ""0010000110"": 1, ""0010110000"": 1, ""0101011100"": 1, ""0111101101"": 1, ""0111110111"": 1, ""1000110110"": 1, ""1011101001"": 1, ""1110100000"": 1}"
019e10ef-355e-7db1-a938-a101d927e627,7,29,629,YXZYZXZIZX,XZIZXZYZXY,"[0, 1, 3, 4, 5, 6, 7, 8, 9]",0.0009765624999999985,0.0,10,-0.8,"{""0010101000"": 1, ""0010101011"": 1, ""0100000000"": 1, ""0111011100"": 1, ""0111110111"": 1, ""1010110100"": 1, ""1011101000"": 1, ""1011110000"": 1, ""1011110100"": 1, ""1101011011"": 1}"
019e10ef-355e-7db1-a938-a101d927e627,7,30,630,YXZYZXZZXZ,ZXZZXZYZXY,"[0, 1, 2, 3, 4, 5, 6, 7, 8, 9]",0.0009765624999999985,0.0,10,-0.2,"{""0001000110"": 1, ""0100101010"": 1, ""0111000001"": 1, ""0111000101"": 1, ""0111011001"": 1, ""0111011110"": 1, ""1000101101"": 1, ""1001101000"": 1, ""1011110110"": 1, ""1110011101"": 1}"
019e10ef-355e-7db1-a938-a101d927e627,7,31,631,YXZYZXZZYY,YYZZXZYZXY,"[0, 1, 2, 3, 4, 5, 6, 7, 8, 9]",0.0009765624999999985,0.0,10,-0.8,"{""0001101110"": 1, ""0001110101"": 1, ""0100000011"": 1, ""0100101000"": 1, ""1000110100"": 1, ""1011011101"": 1, ""1011110000"": 1, ""1101101110"": 1, ""1101110101"": 1, ""1110101101"": 1}"
019e10ef-355e-7db1-a938-a101d927e627,7,32,632,YXZYZYXXXY,YXXXYZYZXY,"[0, 1, 2, 3, 4, 5, 6, 7, 8, 9]",-0.0009765624999999985,0.0,10,0.4,"{""0010011001"": 1, ""0100010011"": 1, ""0100111101"": 1, ""1000100010"": 1, ""1001111101"": 1, ""1010001101"": 1, ""1011000100"": 1, ""1011101010"": 1, ""1101011001"": 1, ""1101111011"": 1}"
019e10ef-355e-7db1-a938-a101d927e627,7,33,633,YXZYZYXXYZ,ZYXXYZYZXY,"[0, 1, 2, 3, 4, 5, 6, 7, 8, 9]",0.0009765624999999985,0.0,10,-0.4,"{""0011000000"": 1, ""0100001101"": 1, ""0100100001"": 1, ""1000001100"": 1, ""1000111001"": 1, ""1001101110"": 1, ""1101011110"": 1, ""1101111010"": 1, ""1110001100"": 1, ""1110100111"": 1}"
019e10ef-355e-7db1-a938-a101d927e627,7,34,634,YXZYZYXYIX,XIYXYZYZXY,"[0, 2, 3, 4, 5, 6, 7, 8, 9]",-0.0009765624999999985,0.0,10,0.6,"{""0000101011"": 1, ""0001011100"": 1, ""0010001100"": 1, ""0010101100"": 1, ""0111001000"": 1, ""0111001111"": 1, ""1011000011"": 1, ""1101011100"": 1, ""1110100111"": 1, ""1110110100"": 1}"
019e10ef-355e-7db1-a938-a101d927e627,7,35,635,YXZYZYXYZI,IZYXYZYZXY,"[1, 2, 3, 4, 5, 6, 7, 8, 9]",-0.0009765624999999985,0.0,10,0.8,"{""0010110000"": 1, ""0100101100"": 1, ""0100111111"": 1, ""0111100001"": 1, ""1011000100"": 1, ""1011000101"": 1, ""1011010111"": 1, ""1101110011"": 1, ""1110001001"": 1, ""1110010000"": 1}"
019e10ef-355e-7db1-a938-a101d927e627,7,36,636,YXZYZYYIXZ,ZXIYYZYZXY,"[0, 1, 3, 4, 5, 6, 7, 8, 9]",0.0009765624999999985,0.0,10,-0.4,"{""0001100111"": 1, ""0010001110"": 1, ""0010011011"": 1, ""0100000000"": 1, ""0111000011"": 1, ""0111010011"": 1, ""1000011011"": 1, ""1101000011"": 1, ""1101110000"": 1, ""1111011011"": 1}"
019e10ef-355e-7db1-a938-a101d927e627,7,37,637,YXZYZYYIYY,YYIYYZYZXY,"[0, 1, 3, 4, 5, 6, 7, 8, 9]",0.0009765624999999985,0.0,10,-0.8,"{""0001001101"": 1, ""0010001110"": 1, ""0010011110"": 1, ""0111111101"": 1, ""1000000000"": 1, ""1000001110"": 1, ""1011011000"": 1, ""1011011011"": 1, ""1101000000"": 1, ""1110110011"": 1}"
019e10ef-355e-7db1-a938-a101d927e627,7,38,638,YXZYZYYZII,IIZYYZYZXY,"[2, 3, 4, 5, 6, 7, 8, 9]",0.0009765624999999985,0.0,10,-0.4,"{""0001110010"": 1, ""0010100110"": 1, ""0010111111"": 1, ""1011001000"": 1, ""1011001101"": 1, ""1100100101"": 1, ""1100110010"": 1, ""1101001110"": 1, ""1110010100"": 1, ""1110011000"": 1}"
019e10ef-355e-7db1-a938-a101d927e627,7,39,639,YXZYZYYZZX,XZZYYZYZXY,"[0, 1, 2, 3, 4, 5, 6, 7, 8, 9]",0.0009765624999999985,0.0,10,-1.0,"{""0010100100"": 1, ""0111101011"": 1, ""1101000000"": 1, ""1101011011"": 1, ""1101110011"": 1, ""1101111111"": 2, ""1110011011"": 1, ""1110100100"": 2}"
019e10ef-355e-7db1-a938-a101d927e627,7,40,640,YYIZXIXIXZ,ZXIXIXZIYY,"[0, 1, 3, 5, 6, 8, 9]",-0.0009765624999999985,0.0,10,0.6,"{""0000000000"": 1, ""0000001110"": 1, ""0000010101"": 1, ""0011100000"": 1, ""0011100011"": 1, ""0110011000"": 1, ""1001010100"": 1, ""1011011011"": 1, ""1100001110"": 1, ""1100111000"": 1}"
019e10ef-355e-7db1-a938-a101d927e627,7,41,641,YYIZXIXIYY,YYIXIXZIYY,"[0, 1, 3, 5, 6, 8, 9]",-0.0009765624999999985,0.0,10,0.2,"{""0000001110"": 1, ""0010011001"": 1, ""0101000011"": 1, ""0110100001"": 1, ""1001001000"": 1, ""1001100011"": 1, ""1010010101"": 1, ""1010100011"": 1, ""1100110101"": 1, ""1110101101"": 1}"
019e10ef-355e-7db1-a938-a101d927e627,7,42,642,YYIZXIXZII,IIZXIXZIYY,"[2, 3, 5, 6, 8, 9]",-0.0009765624999999985,0.0,10,0.0,"{""0000010100"": 1, ""0011000000"": 1, ""0101001111"": 1, ""0110000000"": 1, ""0110010100"": 1, ""0111010001"": 1, ""1001000001"": 1, ""1100001000"": 1, ""1100011001"": 1, ""1110001110"": 1}"
019e10ef-355e-7db1-a938-a101d927e627,7,43,643,YYIZXIXZZX,XZZXIXZIYY,"[0, 1, 2, 3, 5, 6, 8, 9]",-0.0009765624999999985,0.0,10,0.4,"{""0000111011"": 1, ""0011100100"": 1, ""0011101100"": 2, ""0101001100"": 1, ""0110000000"": 1, ""0110101100"": 2, ""1001011000"": 1, ""1100000000"": 1}"
019e10ef-355e-7db1-a938-a101d927e627,7,44,644,YYIZXIYXXY,YXXYIXZIYY,"[0, 1, 2, 3, 5, 6, 8, 9]",-0.0009765624999999985,0.0,10,0.2,"{""0001110111"": 1, ""0101110111"": 1, ""0101111110"": 1, ""0110110001"": 1, ""1000110100"": 1, ""1101111110"": 1, ""1111010100"": 1, ""1111011110"": 1, ""1111100000"": 1, ""1111100101"": 1}"
019e10ef-355e-7db1-a938-a101d927e627,7,45,645,YYIZXIYXYZ,ZYXYIXZIYY,"[0, 1, 2, 3, 5, 6, 8, 9]",0.0009765624999999985,0.0,10,-0.6,"{""0011011101"": 1, ""0011101110"": 1, ""0101000010"": 1, ""1001010011"": 1, ""1010010000"": 1, ""1100001011"": 1, ""1100111010"": 1, ""1111000000"": 1, ""1111011111"": 1, ""1111101101"": 1}"
019e10ef-355e-7db1-a938-a101d927e627,7,46,646,YYIZXIYYIX,XIYYIXZIYY,"[0, 2, 3, 5, 6, 8, 9]",-0.0009765624999999985,0.0,10,0.6,"{""0000000000"": 1, ""0011100000"": 1, ""0011101100"": 1, ""0110101011"": 1, ""1001111111"": 1, ""1010010100"": 1, ""1010101100"": 1, ""1010111000"": 1, ""1100101111"": 1, ""1111111000"": 1}"
019e10ef-355e-7db1-a938-a101d927e627,7,47,647,YYIZXIYYZI,IZYYIXZIYY,"[1, 2, 3, 5, 6, 8, 9]",-0.0009765624999999985,0.0,10,0.8,"{""0000110101"": 1, ""0010100001"": 1, ""0011100110"": 1, ""0110011111"": 1, ""0111100010"": 1, ""1000011111"": 1, ""1001111111"": 1, ""1010010010"": 1, ""1100101110"": 1, ""1111011111"": 1}"
019e10ef-355e-7db1-a938-a101d927e627,7,48,648,YYIZXZIIII,IIIIZXZIYY,"[4, 5, 6, 8, 9]",-0.0009765624999999985,0.0,10,1.0,"{""0000000101"": 1, ""0011010011"": 1, ""0101000010"": 1, ""1001000101"": 1, ""1010010010"": 1, ""1010100000"": 1, ""1100111011"": 1, ""1111010001"": 1, ""1111011000"": 1, ""1111011011"": 1}"
019e10ef-355e-7db1-a938-a101d927e627,7,49,649,YYIZXZIIZX,XZIIZXZIYY,"[0, 1, 4, 5, 6, 8, 9]",-0.0009765624999999985,0.0,10,1.0,"{""0000001011"": 1, ""0101100001"": 1, ""0110011111"": 1, ""1001001000"": 1, ""1001001011"": 1, ""1100000100"": 1, ""1100111011"": 1, ""1101010100"": 1, ""1111010111"": 1, ""1111101000"": 1}"
019e10ef-355e-7db1-a938-a101d927e627,7,50,650,YYIZXZIZXZ,ZXZIZXZIYY,"[0, 1, 2, 4, 5, 6, 8, 9]",-0.0009765624999999985,0.0,10,0.4,"{""0000001101"": 1, ""0000110101"": 1, ""0000110110"": 1, ""0010010000"": 1, ""0101110110"": 1, ""0101111101"": 1, ""1000000101"": 1, ""1010110110"": 1, ""1100110110"": 1, ""1100111101"": 1}"
019e10ef-355e-7db1-a938-a101d927e627,7,51,651,YYIZXZIZYY,YYZIZXZIYY,"[0, 1, 2, 4, 5, 6, 8, 9]",-0.0009765624999999985,0.0,10,0.6,"{""0101101100"": 1, ""0101110000"": 1, ""0110010000"": 1, ""0110100110"": 1, ""0110101011"": 1, ""1001000101"": 1, ""1001110001"": 1, ""1010011110"": 1, ""1100110110"": 1, ""1111011001"": 1}"
019e10ef-355e-7db1-a938-a101d927e627,7,52,652,YYIZXZZXIX,XIXZZXZIYY,"[0, 2, 3, 4, 5, 6, 8, 9]",-0.0009765624999999985,0.0,10,0.4,"{""0000111100"": 1, ""0110000000"": 1, ""0110101010"": 1, ""1001110111"": 1, ""1001111111"": 1, ""1010010111"": 1, ""1100000000"": 2, ""1100111011"": 1, ""1111000001"": 1}"
019e10ef-355e-7db1-a938-a101d927e627,7,53,653,YYIZXZZXZI,IZXZZXZIYY,"[1, 2, 3, 4, 5, 6, 8, 9]",-0.0009765624999999985,0.0,10,0.4,"{""0000111110"": 1, ""0011010000"": 1, ""0101111011"": 1, ""1010010001"": 1, ""1010010110"": 1, ""1100001101"": 1, ""1101110001"": 1, ""1111011000"": 1, ""1111101010"": 1, ""1111101100"": 1}"
019e10ef-355e-7db1-a938-a101d927e627,7,54,654,YYIZXZZYXY,YXYZZXZIYY,"[0, 1, 2, 3, 4, 5, 6, 8, 9]",0.0009765624999999985,0.0,10,-0.6,"{""0000001100"": 1, ""0000110001"": 1, ""0000111101"": 1, ""0101100100"": 1, ""0101111000"": 1, ""0110011000"": 1, ""0110100010"": 1, ""1010010001"": 1, ""1011011001"": 1, ""1111010010"": 1}"
019e10ef-355e-7db1-a938-a101d927e627,7,55,655,YYIZXZZYYZ,ZYYZZXZIYY,"[0, 1, 2, 3, 4, 5, 6, 8, 9]",-0.0009765624999999985,0.0,10,0.2,"{""0011001100"": 1, ""0101001111"": 1, ""0110010000"": 1, ""0110100110"": 1, ""1001111111"": 1, ""1010010000"": 1, ""1010011000"": 1, ""1100001100"": 1, ""1101110101"": 1, ""1111011000"": 1}"
019e10ef-355e-7db1-a938-a101d927e627,7,56,656,YYIZYXXXXY,YXXXXYZIYY,"[0, 1, 2, 3, 4, 5, 6, 8, 9]",-0.0009765624999999985,0.0,10,0.8,"{""0011101011"": 1, ""0011101100"": 1, ""0101100100"": 1, ""0101100111"": 1, ""0110011010"": 1, ""0110110010"": 1, ""1010100101"": 1, ""1100110011"": 1, ""1111000111"": 1, ""1111101100"": 1}"
019e10ef-355e-7db1-a938-a101d927e627,7,57,657,YYIZYXXXYZ,ZYXXXYZIYY,"[0, 1, 2, 3, 4, 5, 6, 8, 9]",0.0009765624999999985,0.0,10,-0.4,"{""0010000111"": 1, ""0011001001"": 1, ""0011001111"": 1, ""0011010010"": 1, ""0100011001"": 1, ""0101000111"": 1, ""0101110110"": 1, ""0110011011"": 1, ""1011010100"": 1, ""1111001111"": 1}"
019e10ef-355e-7db1-a938-a101d927e627,7,58,658,YYIZYXXYIX,XIYXXYZIYY,"[0, 2, 3, 4, 5, 6, 8, 9]",-0.0009765624999999985,0.0,10,0.4,"{""0000000111"": 1, ""0000101111"": 1, ""0010001000"": 1, ""0101111011"": 1, ""0111011100"": 1, ""1001110000"": 1, ""1010100111"": 1, ""1100000111"": 1, ""1101100011"": 1, ""1111110011"": 1}"
019e10ef-355e-7db1-a938-a101d927e627,7,59,659,YYIZYXXYZI,IZYXXYZIYY,"[1, 2, 3, 4, 5, 6, 8, 9]",-0.0009765624999999985,0.0,10,0.2,"{""0011011101"": 1, ""0011110010"": 1, ""0100101100"": 1, ""0101001010"": 1, ""0110000111"": 1, ""0110111010"": 1, ""1010111111"": 1, ""1011100000"": 1, ""1111011101"": 1, ""1111101000"": 1}"
019e10ef-355e-7db1-a938-a101d927e627,7,60,660,YYIZYXYIXZ,ZXIYXYZIYY,"[0, 1, 3, 4, 5, 6, 8, 9]",0.0009765624999999985,0.0,10,0.0,"{""0001111010"": 1, ""0110001111"": 1, ""0110100000"": 1, ""0110100001"": 1, ""1001001011"": 1, ""1001010011"": 1, ""1100100011"": 1, ""1100111101"": 1, ""1111000110"": 1, ""1111001000"": 1}"
019e10ef-355e-7db1-a938-a101d927e627,7,61,661,YYIZYXYIYY,YYIYXYZIYY,"[0, 1, 3, 4, 5, 6, 8, 9]",0.0009765624999999985,0.0,10,-0.6,"{""0000000101"": 1, ""0000001000"": 1, ""0011010101"": 1, ""0011100111"": 1, ""0011101000"": 1, ""1001110101"": 1, ""1010101000"": 1, ""1100000011"": 1, ""1100011101"": 1, ""1100100011"": 1}"
019e10ef-355e-7db1-a938-a101d927e627,7,62,662,YYIZYXYZII,IIZYXYZIYY,"[2, 3, 4, 5, 6, 8, 9]",0.0009765624999999985,0.0,10,-0.8,"{""0000000110"": 1, ""0101101111"": 1, ""0110001111"": 1, ""0110010101"": 1, ""0110011001"": 1, ""1001000100"": 2, ""1100011110"": 1, ""1111010011"": 1, ""1111010110"": 1}"
019e10ef-355e-7db1-a938-a101d927e627,7,63,663,YYIZYXYZZX,XZZYXYZIYY,"[0, 1, 2, 3, 4, 5, 6, 8, 9]",0.0009765624999999985,0.0,10,-0.6,"{""0000110101"": 1, ""0001010010"": 1, ""0011100111"": 1, ""0011101000"": 2, ""0101011100"": 1, ""1001000100"": 1, ""1001010011"": 1, ""1001101100"": 1, ""1010100011"": 1}"
019e10ef-355e-7db1-a938-a101d927e627,7,64,664,YYIZYYIXIX,XIXIYYZIYY,"[0, 2, 4, 5, 6, 8, 9]",-0.0009765624999999985,0.0,10,0.8,"{""0000101011"": 1, ""0000110000"": 1, ""0011000111"": 1, ""0011111011"": 1, ""0110010000"": 1, ""0110111100"": 1, ""1001000111"": 2, ""1001110000"": 1, ""1100101100"": 1}"
019e10ef-355e-7db1-a938-a101d927e627,7,65,665,YYIZYYIXZI,IZXIYYZIYY,"[1, 2, 4, 5, 6, 8, 9]",-0.0009765624999999985,0.0,10,0.6,"{""0000100101"": 1, ""0011101010"": 1, ""0011110000"": 1, ""0110001101"": 1, ""0110010110"": 1, ""0110100001"": 1, ""0110111101"": 1, ""1100000111"": 1, ""1100101101"": 1, ""1111100110"": 1}"
019e10ef-355e-7db1-a938-a101d927e627,7,66,666,YYIZYYIYXY,YXYIYYZIYY,"[0, 1, 2, 4, 5, 6, 8, 9]",0.0009765624999999985,0.0,10,-0.2,"{""0000011110"": 1, ""0110101000"": 1, ""1001101110"": 1, ""1100000001"": 1, ""1100001000"": 1, ""1100101110"": 1, ""1110000001"": 1, ""1110111011"": 1, ""1111010011"": 1, ""1111010111"": 1}"
019e10ef-355e-7db1-a938-a101d927e627,7,67,667,YYIZYYIYYZ,ZYYIYYZIYY,"[0, 1, 2, 4, 5, 6, 8, 9]",-0.0009765624999999985,0.0,10,0.4,"{""0000110000"": 1, ""0001101100"": 1, ""0110001001"": 1, ""0110100101"": 1, ""1010100101"": 1, ""1010111100"": 1, ""1100000111"": 1, ""1101111000"": 1, ""1111010000"": 2}"
019e10ef-355e-7db1-a938-a101d927e627,7,68,668,YYIZYYZIII,IIIZYYZIYY,"[3, 4, 5, 6, 8, 9]",-0.0009765624999999985,0.0,10,0.6,"{""0000101100"": 1, ""0000101111"": 1, ""0000110010"": 1, ""0011010010"": 1, ""0101011101"": 1, ""1001011100"": 1, ""1010000011"": 1, ""1011000001"": 1, ""1011010111"": 1, ""1100000011"": 1}"
019e10ef-355e-7db1-a938-a101d927e627,7,69,669,YYIZYYZIZX,XZIZYYZIYY,"[0, 1, 3, 4, 5, 6, 8, 9]",-0.0009765624999999985,0.0,10,0.8,"{""0000101000"": 1, ""0101011011"": 1, ""0101101011"": 1, ""0101101111"": 1, ""0110010011"": 1, ""0110010111"": 1, ""1010000011"": 1, ""1010100100"": 1, ""1111100000"": 1, ""1111111100"": 1}"
019e10ef-355e-7db1-a938-a101d927e627,7,70,670,YYIZYYZZXZ,ZXZZYYZIYY,"[0, 1, 2, 3, 4, 5, 6, 8, 9]",-0.0009765624999999985,0.0,10,1.0,"{""0000000110"": 2, ""0011001011"": 1, ""0101110011"": 1, ""0110100000"": 1, ""0110111110"": 1, ""1010001101"": 1, ""1010100000"": 1, ""1111111101"": 1, ""1111111110"": 1}"
019e10ef-355e-7db1-a938-a101d927e627,7,71,671,YYIZYYZZYY,YYZZYYZIYY,"[0, 1, 2, 3, 4, 5, 6, 8, 9]",-0.0009765624999999985,0.0,10,0.0,"{""0000100110"": 1, ""0011101000"": 1, ""0100101000"": 1, ""1001011000"": 1, ""1010001110"": 1, ""1100000110"": 1, ""1100101110"": 1, ""1111001011"": 1, ""1111100010"": 2}"
019e10ef-355e-7db1-a938-a101d927e627,7,72,672,YYXYXXXXXY,YXXXXXYXYY,"[0, 1, 2, 3, 4, 5, 6, 7, 8, 9]",0.0009765624999999985,0.0,10,-0.8,"{""0001100011"": 1, ""0010011110"": 1, ""0011000010"": 1, ""0110001011"": 1, ""0111000101"": 1, ""0111010010"": 1, ""1010010110"": 1, ""1011011011"": 1, ""1011100001"": 1, ""1110000000"": 1}"
019e10ef-355e-7db1-a938-a101d927e627,7,73,673,YYXYXXXXYZ,ZYXXXXYXYY,"[0, 1, 2, 3, 4, 5, 6, 7, 8, 9]",-0.0009765624999999985,0.0,10,0.8,"{""0000111001"": 1, ""0011111111"": 1, ""0111000001"": 1, ""1010000011"": 1, ""1010111111"": 1, ""1011011010"": 1, ""1011101111"": 1, ""1110100000"": 1, ""1111001000"": 1, ""1111100100"": 1}"
019e10ef-355e-7db1-a938-a101d927e627,7,74,674,YYXYXXXYIX,XIYXXXYXYY,"[0, 2, 3, 4, 5, 6, 7, 8, 9]",0.0009765624999999985,0.0,10,-0.6,"{""0000101100"": 1, ""0000111111"": 1, ""0001010000"": 1, ""0001101111"": 1, ""0100011000"": 1, ""0101010111"": 1, ""1000111100"": 1, ""1100000111"": 1, ""1100101011"": 1, ""1110111011"": 1}"
019e10ef-355e-7db1-a938-a101d927e627,7,75,675,YYXYXXXYZI,IZYXXXYXYY,"[1, 2, 3, 4, 5, 6, 7, 8, 9]",0.0009765624999999985,0.0,10,-0.6,"{""0001111110"": 1, ""0011001111"": 1, ""0101000101"": 1, ""0111000111"": 1, ""1001000011"": 1, ""1001100000"": 1, ""1011101000"": 1, ""1100001001"": 1, ""1110011011"": 1, ""1110111011"": 1}"
019e10ef-355e-7db1-a938-a101d927e627,7,76,676,YYXYXXYIXZ,ZXIYXXYXYY,"[0, 1, 3, 4, 5, 6, 7, 8, 9]",-0.0009765624999999985,0.0,10,0.4,"{""0000000011"": 1, ""0000101101"": 1, ""0000110110"": 1, ""0011111101"": 1, ""0101111101"": 1, ""1010001101"": 1, ""1011110110"": 1, ""1101100101"": 1, ""1101110101"": 1, ""1110111000"": 1}"
019e10ef-355e-7db1-a938-a101d927e627,7,77,677,YYXYXXYIYY,YYIYXXYXYY,"[0, 1, 3, 4, 5, 6, 7, 8, 9]",-0.0009765624999999985,0.0,10,0.4,"{""1000001011"": 1, ""1010100101"": 1, ""1011101101"": 1, ""1100000101"": 1, ""1100011010"": 1, ""1100111101"": 1, ""1101011101"": 1, ""1101101010"": 1, ""1110110000"": 1, ""1111011000"": 1}"
019e10ef-355e-7db1-a938-a101d927e627,7,78,678,YYXYXXYZII,IIZYXXYXYY,"[2, 3, 4, 5, 6, 7, 8, 9]",-0.0009765624999999985,0.0,10,0.2,"{""0000100110"": 1, ""0000111110"": 1, ""0100101001"": 1, ""0100110101"": 1, ""1000001000"": 1, ""1000100101"": 1, ""1001101100"": 1, ""1011011101"": 1, ""1011111101"": 1, ""1100010111"": 1}"
019e10ef-355e-7db1-a938-a101d927e627,7,79,679,YYXYXXYZZX,XZZYXXYXYY,"[0, 1, 2, 3, 4, 5, 6, 7, 8, 9]",-0.0009765624999999985,0.0,10,0.2,"{""0001001111"": 1, ""0011101000"": 1, ""1000100000"": 1, ""1001011000"": 1, ""1011001100"": 1, ""1100000011"": 1, ""1100100011"": 1, ""1101001100"": 1, ""1111000011"": 1, ""1111001111"": 1}"
019e10ef-355e-7db1-a938-a101d927e627,7,80,680,YYXYXYIXIX,XIXIYXYXYY,"[0, 2, 4, 5, 6, 7, 8, 9]",0.0009765624999999985,0.0,10,-0.8,"{""0011100111"": 1, ""0100011011"": 1, ""0110100000"": 1, ""0111000000"": 1, ""1000000000"": 1, ""1001111100"": 1, ""1010001100"": 1, ""1010010000"": 1, ""1100000111"": 1, ""1101011011"": 1}"
019e10ef-355e-7db1-a938-a101d927e627,7,81,681,YYXYXYIXZI,IZXIYXYXYY,"[1, 2, 4, 5, 6, 7, 8, 9]",0.0009765624999999985,0.0,10,-1.0,"{""0001000001"": 1, ""0001000111"": 1, ""0010110110"": 1, ""0101001011"": 1, ""0111011100"": 1, ""1000101100"": 1, ""1010001011"": 1, ""1100000010"": 1, ""1110101100"": 1, ""1110110001"": 1}"
019e10ef-355e-7db1-a938-a101d927e627,7,82,682,YYXYXYIYXY,YXYIYXYXYY,"[0, 1, 2, 4, 5, 6, 7, 8, 9]",-0.0009765624999999985,0.0,10,0.0,"{""0010101001"": 1, ""0100011101"": 1, ""0100101101"": 1, ""0100110010"": 1, ""0101011110"": 1, ""0111100010"": 1, ""1001101110"": 1, ""1011000010"": 1, ""1111010010"": 1, ""1111010101"": 1}"
019e10ef-355e-7db1-a938-a101d927e627,7,83,683,YYXYXYIYYZ,ZYYIYXYXYY,"[0, 1, 2, 4, 5, 6, 7, 8, 9]",0.0009765624999999985,0.0,10,-0.4,"{""0001010101"": 1, ""0101000110"": 1, ""0111110011"": 1, ""1000011111"": 1, ""1001011001"": 1, ""1001111001"": 1, ""1011011111"": 1, ""1011101111"": 1, ""1110000000"": 1, ""1111100011"": 1}"
019e10ef-355e-7db1-a938-a101d927e627,7,84,684,YYXYXYZIII,IIIZYXYXYY,"[3, 4, 5, 6, 7, 8, 9]",0.0009765624999999985,0.0,10,-0.4,"{""0011100010"": 1, ""0011111001"": 1, ""0110100111"": 1, ""1010100100"": 1, ""1011011101"": 1, ""1011101110"": 1, ""1100000000"": 1, ""1100010011"": 1, ""1100110000"": 1, ""1101111111"": 1}"
019e10ef-355e-7db1-a938-a101d927e627,7,85,685,YYXYXYZIZX,XZIZYXYXYY,"[0, 1, 3, 4, 5, 6, 7, 8, 9]",0.0009765624999999985,0.0,10,-0.6,"{""0101110000"": 1, ""0110010100"": 1, ""0111110100"": 1, ""1000111011"": 1, ""1010001000"": 1, ""1010010100"": 1, ""1010111000"": 1, ""1011110011"": 1, ""1101011011"": 1, ""1111010011"": 1}"
019e10ef-355e-7db1-a938-a101d927e627,7,86,686,YYXYXYZZXZ,ZXZZYXYXYY,"[0, 1, 2, 3, 4, 5, 6, 7, 8, 9]",0.0009765624999999985,0.0,10,-0.4,"{""0010000110"": 1, ""0010001100"": 1, ""0011111000"": 1, ""0011111011"": 1, ""0101001000"": 1, ""0110010110"": 1, ""1000011001"": 1, ""1001101000"": 1, ""1010100101"": 1, ""1111111010"": 1}"
019e10ef-355e-7db1-a938-a101d927e627,7,87,687,YYXYXYZZYY,YYZZYXYXYY,"[0, 1, 2, 3, 4, 5, 6, 7, 8, 9]",0.0009765624999999985,0.0,10,-0.4,"{""0001110110"": 1, ""0011000101"": 1, ""0101101110"": 1, ""0111101101"": 1, ""1000010000"": 1, ""1001001110"": 1, ""1001100101"": 1, ""1010100000"": 1, ""1011000110"": 1, ""1111010101"": 1}"
019e10ef-355e-7db1-a938-a101d927e627,7,88,688,YYXYYIXIXZ,ZXIXIYYXYY,"[0, 1, 3, 5, 6, 7, 8, 9]",-0.0009765624999999985,0.0,10,0.4,"{""0000001110"": 1, ""0001111000"": 1, ""0010101100"": 1, ""0100101110"": 2, ""0100110110"": 1, ""0101000011"": 1, ""0110000000"": 1, ""1000010110"": 1, ""1101011000"": 1}"
019e10ef-355e-7db1-a938-a101d927e627,7,89,689,YYXYYIXIYY,YYIXIYYXYY,"[0, 1, 3, 5, 6, 7, 8, 9]",-0.0009765624999999985,0.0,10,0.4,"{""0000101110"": 1, ""0111010101"": 1, ""1000000010"": 1, ""1001010110"": 1, ""1001111010"": 1, ""1100110110"": 1, ""1100111000"": 1, ""1110010110"": 1, ""1111000000"": 1, ""1111111000"": 1}"
019e10ef-355e-7db1-a938-a101d927e627,7,90,690,YYXYYIXZII,IIZXIYYXYY,"[2, 3, 5, 6, 7, 8, 9]",-0.0009765624999999985,0.0,10,0.6,"{""0001010011"": 1, ""0010101010"": 1, ""0010101101"": 1, ""0011110111"": 1, ""0101111010"": 1, ""0110001111"": 1, ""0111011010"": 1, ""1000010111"": 1, ""1001001100"": 1, ""1010001110"": 1}"
019e10ef-355e-7db1-a938-a101d927e627,7,91,691,YYXYYIXZZX,XZZXIYYXYY,"[0, 1, 2, 3, 5, 6, 7, 8, 9]",-0.0009765624999999985,0.0,10,1.0,"{""0001010111"": 1, ""0001011000"": 1, ""0010011000"": 1, ""0101111000"": 1, ""0111010100"": 1, ""0111010111"": 1, ""0111101111"": 1, ""1011011000"": 1, ""1110100011"": 1, ""1111000011"": 1}"
019e10ef-355e-7db1-a938-a101d927e627,7,92,692,YYXYYIYXXY,YXXYIYYXYY,"[0, 1, 2, 3, 5, 6, 7, 8, 9]",-0.0009765624999999985,0.0,10,0.4,"{""0001100000"": 1, ""0010100110"": 1, ""0011000110"": 1, ""0100100110"": 1, ""0100110100"": 1, ""0101101001"": 1, ""0110110001"": 1, ""1010000010"": 1, ""1011101010"": 1, ""1100001100"": 1}"
019e10ef-355e-7db1-a938-a101d927e627,7,93,693,YYXYYIYXYZ,ZYXYIYYXYY,"[0, 1, 2, 3, 5, 6, 7, 8, 9]",0.0009765624999999985,0.0,10,-0.4,"{""0000111011"": 1, ""0001010110"": 1, ""0010100010"": 1, ""0011001111"": 1, ""1011011100"": 1, ""1100001011"": 1, ""1100001100"": 1, ""1100110110"": 1, ""1101011100"": 1, ""1111000100"": 1}"
019e10ef-355e-7db1-a938-a101d927e627,7,94,694,YYXYYIYYIX,XIYYIYYXYY,"[0, 2, 3, 5, 6, 7, 8, 9]",-0.0009765624999999985,0.0,10,0.4,"{""0000000011"": 1, ""0000100111"": 1, ""0001100011"": 1, ""0001101100"": 1, ""0010011111"": 1, ""0101001011"": 1, ""0111010011"": 1, ""0111100000"": 1, ""1010001100"": 1, ""1111000111"": 1}"
019e10ef-355e-7db1-a938-a101d927e627,7,95,695,YYXYYIYYZI,IZYYIYYXYY,"[1, 2, 3, 5, 6, 7, 8, 9]",-0.0009765624999999985,0.0,10,0.4,"{""0000000110"": 1, ""0000100001"": 1, ""0000101101"": 1, ""0011110101"": 1, ""0011111111"": 2, ""0101110100"": 1, ""1000001010"": 1, ""1110011001"": 1, ""1111001101"": 1}"
019e10ef-355e-7db1-a938-a101d927e627,7,96,696,YYXYYZIIII,IIIIZYYXYY,"[4, 5, 6, 7, 8, 9]",-0.0009765624999999985,0.0,10,0.8,"{""0100100000"": 1, ""0101111011"": 1, ""0111010101"": 1, ""1000011101"": 1, ""1110101010"": 1, ""1110111110"": 1, ""1111000000"": 1, ""1111000010"": 1, ""1111111000"": 1, ""1111111100"": 1}"
019e10ef-355e-7db1-a938-a101d927e627,7,97,697,YYXYYZIIZX,XZIIZYYXYY,"[0, 1, 4, 5, 6, 7, 8, 9]",-0.0009765624999999985,0.0,10,0.6,"{""0000001111"": 1, ""0000100000"": 1, ""0001011111"": 1, ""0001100011"": 1, ""0010101011"": 1, ""0101000000"": 1, ""0101000101"": 1, ""0111010011"": 1, ""0111101011"": 1, ""1001111011"": 1}"
019e10ef-355e-7db1-a938-a101d927e627,7,98,698,YYXYYZIZXZ,ZXZIZYYXYY,"[0, 1, 2, 4, 5, 6, 7, 8, 9]",-0.0009765624999999985,0.0,10,0.8,"{""0000011011"": 1, ""0000110000"": 1, ""0010011000"": 1, ""0100100011"": 1, ""0111011101"": 1, ""1000101101"": 1, ""1000101110"": 1, ""1001001110"": 1, ""1011100000"": 1, ""1110010000"": 1}"
019e10ef-355e-7db1-a938-a101d927e627,7,99,699,YYXYYZIZYY,YYZIZYYXYY,"[0, 1, 2, 4, 5, 6, 7, 8, 9]",-0.0009765624999999985,0.0,10,0.8,"{""0010011000"": 1, ""0101110011"": 1, ""1000011011"": 1, ""1000101110"": 1, ""1001111110"": 1, ""1010000101"": 1, ""1011010000"": 1, ""1011010011"": 1, ""1100000000"": 1, ""1101011111"": 1}"
019e10ef-39a9-7fc3-9e71-eef2bdba066a,8,0,700,YYXYYZZXIX,XIXZZYYXYY,"[0, 2, 3, 4, 5, 6, 7, 8, 9]",-0.0009765624999999985,0.0,10,0.2,"{""0001110111"": 1, ""0011110000"": 1, ""0101101100"": 1, ""0101111100"": 1, ""0110000000"": 1, ""0110100111"": 1, ""0111010000"": 1, ""1000010111"": 1, ""1101010011"": 1, ""1110100111"": 1}"
019e10ef-39a9-7fc3-9e71-eef2bdba066a,8,1,701,YYXYYZZXZI,IZXZZYYXYY,"[1, 2, 3, 4, 5, 6, 7, 8, 9]",-0.0009765624999999985,0.0,10,0.4,"{""0000001011"": 1, ""0000111010"": 1, ""0100110111"": 1, ""0101101101"": 1, ""1001000111"": 1, ""1010000000"": 1, ""1110011101"": 1, ""1110100000"": 1, ""1110111010"": 1, ""1111001011"": 1}"
019e10ef-39a9-7fc3-9e71-eef2bdba066a,8,2,702,YYXYYZZYXY,YXYZZYYXYY,"[0, 1, 2, 3, 4, 5, 6, 7, 8, 9]",0.0009765624999999985,0.0,10,0.0,"{""0000001001"": 1, ""0010010011"": 1, ""0010101110"": 1, ""0011000101"": 1, ""0011000111"": 1, ""0011001000"": 1, ""0011011101"": 1, ""0110000110"": 1, ""0110110111"": 1, ""0111010010"": 1}"
019e10ef-39a9-7fc3-9e71-eef2bdba066a,8,3,703,YYXYYZZYYZ,ZYYZZYYXYY,"[0, 1, 2, 3, 4, 5, 6, 7, 8, 9]",-0.0009765624999999985,0.0,10,1.0,"{""0001101111"": 1, ""0011000101"": 1, ""0011111111"": 1, ""0100110001"": 1, ""0111010011"": 1, ""1000101100"": 1, ""1001001111"": 1, ""1110010011"": 1, ""1111000000"": 1, ""1111111001"": 1}"
019e10ef-39a9-7fc3-9e71-eef2bdba066a,8,4,704,YYYYIXIXIX,XIXIXIYYYY,"[0, 2, 4, 6, 7, 8, 9]",0.0009765624999999985,0.0,10,-0.6,"{""0000000000"": 1, ""0100011100"": 1, ""0101101000"": 1, ""0101101100"": 1, ""0101110111"": 1, ""0111000111"": 1, ""1000011100"": 1, ""1010100100"": 1, ""1011011011"": 1, ""1101000111"": 1}"
019e10ef-39a9-7fc3-9e71-eef2bdba066a,8,5,705,YYYYIXIXZI,IZXIXIYYYY,"[1, 2, 4, 6, 7, 8, 9]",0.0009765624999999985,0.0,10,-0.2,"{""0011011101"": 1, ""0011101011"": 1, ""0011101101"": 1, ""0101000111"": 1, ""0110101101"": 1, ""0111101010"": 1, ""1000110000"": 1, ""1100101101"": 1, ""1101000111"": 1, ""1111101010"": 1}"
019e10ef-39a9-7fc3-9e71-eef2bdba066a,8,6,706,YYYYIXIYXY,YXYIXIYYYY,"[0, 1, 2, 4, 6, 7, 8, 9]",-0.0009765624999999985,0.0,10,0.6,"{""0000101110"": 1, ""0011000010"": 1, ""0100011000"": 1, ""0110011101"": 1, ""1011011101"": 1, ""1101000001"": 1, ""1101011110"": 1, ""1110000001"": 1, ""1111010001"": 1, ""1111110111"": 1}"
019e10ef-39a9-7fc3-9e71-eef2bdba066a,8,7,707,YYYYIXIYYZ,ZYYIXIYYYY,"[0, 1, 2, 4, 6, 7, 8, 9]",0.0009765624999999985,0.0,10,-0.6,"{""0000110110"": 1, ""0011110101"": 1, ""0101101000"": 1, ""0101101111"": 1, ""0101110011"": 1, ""0101110100"": 1, ""0110011101"": 1, ""1010101010"": 1, ""1011000000"": 1, ""1100110101"": 1}"
019e10ef-39a9-7fc3-9e71-eef2bdba066a,8,8,708,YYYYIXZIII,IIIZXIYYYY,"[3, 4, 6, 7, 8, 9]",0.0009765624999999985,0.0,10,-0.6,"{""0000110011"": 1, ""0001000010"": 1, ""0011101100"": 1, ""0101110100"": 1, ""0110110100"": 1, ""0111101100"": 1, ""1000011110"": 1, ""1001100110"": 1, ""1110000100"": 1, ""1111101101"": 1}"
019e10ef-39a9-7fc3-9e71-eef2bdba066a,8,9,709,YYYYIXZIZX,XZIZXIYYYY,"[0, 1, 3, 4, 6, 7, 8, 9]",0.0009765624999999985,0.0,10,-0.4,"{""0000101111"": 1, ""0010000100"": 1, ""0111000011"": 1, ""1010101011"": 1, ""1011000111"": 1, ""1011110000"": 1, ""1101000100"": 1, ""1101011011"": 1, ""1110001111"": 1, ""1111101110"": 1}"
019e10ef-39a9-7fc3-9e71-eef2bdba066a,8,10,710,YYYYIXZZXZ,ZXZZXIYYYY,"[0, 1, 2, 3, 4, 6, 7, 8, 9]",0.0009765624999999985,0.0,10,-0.4,"{""0000101101"": 1, ""0000110101"": 1, ""0001011101"": 1, ""0010101101"": 1, ""0110101011"": 1, ""0110110101"": 1, ""1001101001"": 1, ""1011001101"": 1, ""1100101011"": 1, ""1101000110"": 1}"
019e10ef-39a9-7fc3-9e71-eef2bdba066a,8,11,711,YYYYIXZZYY,YYZZXIYYYY,"[0, 1, 2, 3, 4, 6, 7, 8, 9]",0.0009765624999999985,0.0,10,-1.0,"{""0000101000"": 1, ""0010011011"": 1, ""0011101101"": 2, ""0100000000"": 1, ""0110101011"": 1, ""1100110011"": 2, ""1101011011"": 1, ""1111101101"": 1}"
019e10ef-39a9-7fc3-9e71-eef2bdba066a,8,12,712,YYYYIYXXXY,YXXXYIYYYY,"[0, 1, 2, 3, 4, 6, 7, 8, 9]",-0.0009765624999999985,0.0,10,0.4,"{""0011010010"": 1, ""0011100000"": 1, ""0100110100"": 1, ""0101010011"": 1, ""0101101100"": 1, ""0110000010"": 1, ""1001101111"": 1, ""1001111101"": 1, ""1101000001"": 1, ""1110010101"": 1}"
019e10ef-39a9-7fc3-9e71-eef2bdba066a,8,13,713,YYYYIYXXYZ,ZYXXYIYYYY,"[0, 1, 2, 3, 4, 6, 7, 8, 9]",0.0009765624999999985,0.0,10,-0.6,"{""0010010010"": 1, ""0100101101"": 1, ""0100111010"": 1, ""0110001101"": 1, ""1010111100"": 1, ""1100100010"": 1, ""1101001010"": 1, ""1110001010"": 1, ""1111100010"": 1, ""1111110110"": 1}"
019e10ef-39a9-7fc3-9e71-eef2bdba066a,8,14,714,YYYYIYXYIX,XIYXYIYYYY,"[0, 2, 3, 4, 6, 7, 8, 9]",-0.0009765624999999985,0.0,10,0.8,"{""0010001000"": 1, ""0100001111"": 1, ""0101111000"": 1, ""1001100000"": 1, ""1010010100"": 1, ""1011001000"": 1, ""1101010111"": 1, ""1110011011"": 1, ""1111010111"": 1, ""1111110100"": 1}"
019e10ef-39a9-7fc3-9e71-eef2bdba066a,8,15,715,YYYYIYXYZI,IZYXYIYYYY,"[1, 2, 3, 4, 6, 7, 8, 9]",-0.0009765624999999985,0.0,10,1.0,"{""0000100001"": 1, ""0010000101"": 1, ""0100001001"": 1, ""0100011101"": 1, ""0101111111"": 1, ""0111011100"": 1, ""1000011010"": 1, ""1010111111"": 1, ""1101000010"": 1, ""1110000101"": 1}"
019e10ef-39a9-7fc3-9e71-eef2bdba066a,8,16,716,YYYYIYYIXZ,ZXIYYIYYYY,"[0, 1, 3, 4, 6, 7, 8, 9]",0.0009765624999999985,0.0,10,-0.6,"{""0001001101"": 1, ""0001001110"": 1, ""0010011000"": 1, ""0011111110"": 1, ""0100000011"": 1, ""0110011011"": 1, ""0110111110"": 1, ""0111110000"": 1, ""1100001111"": 1, ""1100101011"": 1}"
019e10ef-39a9-7fc3-9e71-eef2bdba066a,8,17,717,YYYYIYYIYY,YYIYYIYYYY,"[0, 1, 3, 4, 6, 7, 8, 9]",0.0009765624999999985,0.0,10,-1.0,"{""0000110000"": 1, ""0010010101"": 1, ""0010010110"": 1, ""0011101000"": 1, ""0101001011"": 1, ""0110101000"": 1, ""1011000000"": 1, ""1100100101"": 1, ""1101011011"": 1, ""1110011011"": 1}"
019e10ef-39a9-7fc3-9e71-eef2bdba066a,8,18,718,YYYYIYYZII,IIZYYIYYYY,"[2, 3, 4, 6, 7, 8, 9]",0.0009765624999999985,0.0,10,-0.4,"{""0010010101"": 1, ""0011100111"": 1, ""0100000001"": 1, ""1010101010"": 1, ""1011010100"": 1, ""1101000000"": 1, ""1101111111"": 1, ""1111100000"": 1, ""1111110011"": 1, ""1111111000"": 1}"
019e10ef-39a9-7fc3-9e71-eef2bdba066a,8,19,719,YYYYIYYZZX,XZZYYIYYYY,"[0, 1, 2, 3, 4, 6, 7, 8, 9]",0.0009765624999999985,0.0,10,-0.6,"{""0000011000"": 1, ""0000101011"": 1, ""0101100100"": 1, ""0110101000"": 1, ""0111011011"": 1, ""1001100011"": 1, ""1010101000"": 1, ""1010101011"": 1, ""1100100111"": 1, ""1100110000"": 1}"
019e10ef-39a9-7fc3-9e71-eef2bdba066a,8,20,720,YYYYZIIIII,IIIIIZYYYY,"[5, 6, 7, 8, 9]",0.0009765624999999985,0.0,10,-0.2,"{""0010010010"": 1, ""0010011001"": 1, ""0011010000"": 1, ""0011011011"": 1, ""1000001000"": 1, ""1011000010"": 1, ""1011001101"": 1, ""1011100101"": 1, ""1111000011"": 1, ""1111110100"": 1}"
019e10ef-39a9-7fc3-9e71-eef2bdba066a,8,21,721,YYYYZIIIZX,XZIIIZYYYY,"[0, 1, 5, 6, 7, 8, 9]",0.0009765624999999985,0.0,10,-0.4,"{""0001101100"": 1, ""0010011000"": 1, ""0100010111"": 1, ""0101101011"": 1, ""0111010100"": 1, ""0111010111"": 1, ""0111011100"": 1, ""0111100111"": 1, ""1110001110"": 1, ""1110011011"": 1}"
019e10ef-39a9-7fc3-9e71-eef2bdba066a,8,22,722,YYYYZIIZXZ,ZXZIIZYYYY,"[0, 1, 2, 5, 6, 7, 8, 9]",0.0009765624999999985,0.0,10,-0.6,"{""0001100110"": 1, ""0100010011"": 1, ""0110111000"": 1, ""1001110101"": 1, ""1010100110"": 1, ""1010110101"": 1, ""1011010110"": 1, ""1100100011"": 1, ""1110000010"": 1, ""1111110000"": 1}"
019e10ef-39a9-7fc3-9e71-eef2bdba066a,8,23,723,YYYYZIIZYY,YYZIIZYYYY,"[0, 1, 2, 5, 6, 7, 8, 9]",0.0009765624999999985,0.0,10,-0.4,"{""0000111000"": 1, ""0011100000"": 1, ""0011101011"": 1, ""0100101110"": 1, ""0110110010"": 1, ""1000000101"": 1, ""1000000110"": 1, ""1000110011"": 1, ""1100110000"": 1, ""1110000011"": 1}"
019e10ef-39a9-7fc3-9e71-eef2bdba066a,8,24,724,YYYYZIZXIX,XIXZIZYYYY,"[0, 2, 3, 5, 6, 7, 8, 9]",0.0009765624999999985,0.0,10,-0.6,"{""0001010111"": 1, ""0001100000"": 1, ""0011100011"": 1, ""0011111011"": 1, ""0101111100"": 1, ""0110100111"": 1, ""0110110000"": 1, ""0111010111"": 1, ""1000011011"": 1, ""1100111011"": 1}"
019e10ef-39a9-7fc3-9e71-eef2bdba066a,8,25,725,YYYYZIZXZI,IZXZIZYYYY,"[1, 2, 3, 5, 6, 7, 8, 9]",0.0009765624999999985,0.0,10,-0.6,"{""0001001010"": 1, ""0001010000"": 1, ""0010010001"": 1, ""0011100110"": 1, ""0101010000"": 1, ""1000010110"": 1, ""1001100111"": 1, ""1001110000"": 1, ""1010111101"": 1, ""1101101010"": 1}"
019e10ef-39a9-7fc3-9e71-eef2bdba066a,8,26,726,YYYYZIZYXY,YXYZIZYYYY,"[0, 1, 2, 3, 5, 6, 7, 8, 9]",-0.0009765624999999985,0.0,10,0.8,"{""0000101000"": 1, ""0010011110"": 1, ""0011101001"": 1, ""0011110001"": 1, ""0101100001"": 1, ""0101111011"": 1, ""1001111110"": 1, ""1011010111"": 1, ""1100101101"": 1, ""1110000100"": 1}"
019e10ef-39a9-7fc3-9e71-eef2bdba066a,8,27,727,YYYYZIZYYZ,ZYYZIZYYYY,"[0, 1, 2, 3, 5, 6, 7, 8, 9]",0.0009765624999999985,0.0,10,-0.6,"{""0000101100"": 1, ""0001001010"": 1, ""0001010000"": 1, ""0011110110"": 1, ""0101111001"": 1, ""1001111100"": 1, ""1010000011"": 1, ""1010111100"": 1, ""1100000101"": 1, ""1110000011"": 1}"
019e10ef-39a9-7fc3-9e71-eef2bdba066a,8,28,728,YYYYZZXIXZ,ZXIXZZYYYY,"[0, 1, 3, 4, 5, 6, 7, 8, 9]",0.0009765624999999985,0.0,10,-0.2,"{""0000101110"": 1, ""0010000110"": 1, ""0010011000"": 1, ""0100010100"": 1, ""0111001110"": 1, ""0111010100"": 2, ""1100100011"": 1, ""1100101101"": 1, ""1110010101"": 1}"
019e10ef-39a9-7fc3-9e71-eef2bdba066a,8,29,729,YYYYZZXIYY,YYIXZZYYYY,"[0, 1, 3, 4, 5, 6, 7, 8, 9]",0.0009765624999999985,0.0,10,-0.4,"{""0011110101"": 1, ""0011110110"": 1, ""0110010101"": 1, ""0110101001"": 1, ""1010110101"": 1, ""1100100000"": 1, ""1100101100"": 1, ""1110000011"": 1, ""1110010000"": 1, ""1110011000"": 1}"
019e10ef-39a9-7fc3-9e71-eef2bdba066a,8,30,730,YYYYZZXZII,IIZXZZYYYY,"[2, 3, 4, 5, 6, 7, 8, 9]",0.0009765624999999985,0.0,10,-0.4,"{""0000011010"": 1, ""0000101101"": 1, ""0100010100"": 1, ""0110110111"": 1, ""0111000000"": 1, ""0111000011"": 1, ""0111110100"": 1, ""1010111111"": 1, ""1011011000"": 1, ""1101000000"": 1}"
019e10ef-39a9-7fc3-9e71-eef2bdba066a,8,31,731,YYYYZZXZZX,XZZXZZYYYY,"[0, 1, 2, 3, 4, 5, 6, 7, 8, 9]",0.0009765624999999985,0.0,10,-1.0,"{""0011101111"": 1, ""0011111011"": 1, ""0101110111"": 1, ""0111000011"": 1, ""1000001100"": 1, ""1010110100"": 1, ""1100100011"": 1, ""1110010111"": 1, ""1110011000"": 1, ""1111101111"": 1}"
019e10ef-39a9-7fc3-9e71-eef2bdba066a,8,32,732,YYYYZZYXXY,YXXYZZYYYY,"[0, 1, 2, 3, 4, 5, 6, 7, 8, 9]",0.0009765624999999985,0.0,10,-0.4,"{""0010001111"": 1, ""0100010111"": 1, ""0101001111"": 1, ""0101110001"": 1, ""0110101001"": 1, ""0111010100"": 1, ""0111111110"": 1, ""1000010001"": 1, ""1000010100"": 1, ""1010111111"": 1}"
019e10ef-39a9-7fc3-9e71-eef2bdba066a,8,33,733,YYYYZZYXYZ,ZYXYZZYYYY,"[0, 1, 2, 3, 4, 5, 6, 7, 8, 9]",-0.0009765624999999985,0.0,10,0.4,"{""0010000100"": 1, ""0110001000"": 1, ""0110111000"": 1, ""0111001110"": 1, ""0111010010"": 1, ""1000111000"": 1, ""1010100111"": 1, ""1111100010"": 1, ""1111101110"": 1, ""1111110110"": 1}"
019e10ef-39a9-7fc3-9e71-eef2bdba066a,8,34,734,YYYYZZYYIX,XIYYZZYYYY,"[0, 2, 3, 4, 5, 6, 7, 8, 9]",0.0009765624999999985,0.0,10,-0.6,"{""0000001100"": 1, ""0000111111"": 1, ""0010010000"": 1, ""0100011000"": 1, ""0101100000"": 1, ""0101101011"": 1, ""0110110011"": 1, ""1001101011"": 1, ""1100111000"": 1, ""1111111111"": 1}"
019e10ef-39a9-7fc3-9e71-eef2bdba066a,8,35,735,YYYYZZYYZI,IZYYZZYYYY,"[1, 2, 3, 4, 5, 6, 7, 8, 9]",0.0009765624999999985,0.0,10,-0.4,"{""0000111110"": 1, ""0001111000"": 1, ""0010010011"": 1, ""0011101011"": 2, ""0100000100"": 1, ""0101001011"": 1, ""0110110011"": 1, ""1001110011"": 1, ""1110010100"": 1}"
019e10ef-39a9-7fc3-9e71-eef2bdba066a,8,36,736,YYZZIIIIII,IIIIIIZZYY,"[6, 7, 8, 9]",-0.0009765624999999985,0.0,10,0.8,"{""0100010010"": 1, ""0101100011"": 1, ""0110010011"": 1, ""0110101011"": 1, ""0110110110"": 2, ""1001010011"": 1, ""1001111011"": 1, ""1111001010"": 1, ""1111101001"": 1}"
019e10ef-39a9-7fc3-9e71-eef2bdba066a,8,37,737,YYZZIIIIZX,XZIIIIZZYY,"[0, 1, 6, 7, 8, 9]",-0.0009765624999999985,0.0,10,0.6,"{""0000101011"": 1, ""0011101000"": 1, ""0011111011"": 1, ""0101001000"": 1, ""1100000100"": 1, ""1100001111"": 1, ""1100110111"": 1, ""1101011011"": 1, ""1101100011"": 1, ""1111011011"": 1}"
019e10ef-39a9-7fc3-9e71-eef2bdba066a,8,38,738,YYZZIIIZXZ,ZXZIIIZZYY,"[0, 1, 2, 6, 7, 8, 9]",-0.0009765624999999985,0.0,10,0.6,"{""0000010110"": 1, ""0101101000"": 1, ""0101110110"": 1, ""0110011011"": 1, ""0110100101"": 1, ""0110101011"": 1, ""1001011011"": 1, ""1001100001"": 1, ""1011101011"": 1, ""1111110011"": 1}"
019e10ef-39a9-7fc3-9e71-eef2bdba066a,8,39,739,YYZZIIIZYY,YYZIIIZZYY,"[0, 1, 2, 6, 7, 8, 9]",-0.0009765624999999985,0.0,10,0.6,"{""0000001110"": 1, ""0001010011"": 1, ""0001111101"": 1, ""0101000011"": 1, ""0110111000"": 1, ""0110111011"": 1, ""1001101110"": 1, ""1010110101"": 1, ""1100000011"": 1, ""1111110101"": 1}"
019e10ef-39a9-7fc3-9e71-eef2bdba066a,8,40,740,YYZZIIZXIX,XIXZIIZZYY,"[0, 2, 3, 6, 7, 8, 9]",-0.0009765624999999985,0.0,10,1.0,"{""0000110000"": 1, ""0110111100"": 1, ""1001001011"": 2, ""1001001100"": 1, ""1001101011"": 1, ""1010101011"": 1, ""1100011011"": 1, ""1111101100"": 1, ""1111111011"": 1}"
019e10ef-39a9-7fc3-9e71-eef2bdba066a,8,41,741,YYZZIIZXZI,IZXZIIZZYY,"[1, 2, 3, 6, 7, 8, 9]",-0.0009765624999999985,0.0,10,0.6,"{""0011011010"": 1, ""0101001110"": 1, ""0110001101"": 1, ""0110010111"": 1, ""0110111100"": 1, ""1100100001"": 1, ""1110011011"": 1, ""1111001100"": 1, ""1111010000"": 1, ""1111011010"": 1}"
019e10ef-39a9-7fc3-9e71-eef2bdba066a,8,42,742,YYZZIIZYXY,YXYZIIZZYY,"[0, 1, 2, 3, 6, 7, 8, 9]",0.0009765624999999985,0.0,10,-0.2,"{""0000110100"": 1, ""0001011000"": 1, ""0011100111"": 1, ""0101010010"": 1, ""0101011110"": 1, ""0111100001"": 1, ""1000010001"": 1, ""1100010111"": 1, ""1111001000"": 1, ""1111100101"": 1}"
019e10ef-39a9-7fc3-9e71-eef2bdba066a,8,43,743,YYZZIIZYYZ,ZYYZIIZZYY,"[0, 1, 2, 3, 6, 7, 8, 9]",-0.0009765624999999985,0.0,10,0.4,"{""0000010101"": 1, ""0101110101"": 1, ""0110000011"": 1, ""1000111111"": 1, ""1001100101"": 1, ""1100011001"": 1, ""1111010000"": 1, ""1111010111"": 1, ""1111110011"": 1, ""1111111000"": 1}"
019e10ef-39a9-7fc3-9e71-eef2bdba066a,8,44,744,YYZZIZXIXZ,ZXIXZIZZYY,"[0, 1, 3, 4, 6, 7, 8, 9]",-0.0009765624999999985,0.0,10,0.4,"{""0011010110"": 1, ""0011011010"": 1, ""0100011110"": 1, ""0101111000"": 1, ""0110110101"": 1, ""1001101101"": 1, ""1001111011"": 1, ""1010011010"": 1, ""1100000000"": 1, ""1101001101"": 1}"
019e10ef-39a9-7fc3-9e71-eef2bdba066a,8,45,745,YYZZIZXIYY,YYIXZIZZYY,"[0, 1, 3, 4, 6, 7, 8, 9]",-0.0009765624999999985,0.0,10,0.8,"{""0000000011"": 1, ""0000001101"": 1, ""0000001110"": 1, ""0101101110"": 1, ""0101111000"": 1, ""0110001110"": 1, ""1001101011"": 1, ""1100110110"": 2, ""1111100011"": 1}"
019e10ef-39a9-7fc3-9e71-eef2bdba066a,8,46,746,YYZZIZXZII,IIZXZIZZYY,"[2, 3, 4, 6, 7, 8, 9]",-0.0009765624999999985,0.0,10,0.6,"{""0000001111"": 1, ""0011000000"": 1, ""0101000010"": 1, ""0101001001"": 1, ""0111110011"": 1, ""1001011101"": 1, ""1100000000"": 1, ""1111011000"": 1, ""1111100011"": 1, ""1111110101"": 1}"
019e10ef-39a9-7fc3-9e71-eef2bdba066a,8,47,747,YYZZIZXZZX,XZZXZIZZYY,"[0, 1, 2, 3, 4, 6, 7, 8, 9]",-0.0009765624999999985,0.0,10,1.0,"{""0000110100"": 1, ""0011110111"": 1, ""0101010111"": 1, ""0110110111"": 1, ""1001001100"": 1, ""1100011011"": 1, ""1111001100"": 3, ""1111110100"": 1}"
019e10ef-39a9-7fc3-9e71-eef2bdba066a,8,48,748,YYZZIZYXXY,YXXYZIZZYY,"[0, 1, 2, 3, 4, 6, 7, 8, 9]",-0.0009765624999999985,0.0,10,0.6,"{""0011001100"": 1, ""0100011110"": 1, ""0101100101"": 1, ""0110111011"": 1, ""1001001100"": 1, ""1010011101"": 1, ""1100000101"": 1, ""1100110000"": 1, ""1111001111"": 1, ""1111101010"": 1}"
019e10ef-39a9-7fc3-9e71-eef2bdba066a,8,49,749,YYZZIZYXYZ,ZYXYZIZZYY,"[0, 1, 2, 3, 4, 6, 7, 8, 9]",0.0009765624999999985,0.0,10,-0.4,"{""0000001101"": 1, ""0000011010"": 1, ""0000100001"": 1, ""0001110110"": 1, ""0101101111"": 1, ""0101110101"": 1, ""0110000111"": 1, ""1100100110"": 1, ""1111000001"": 1, ""1111100010"": 1}"
019e10ef-39a9-7fc3-9e71-eef2bdba066a,8,50,750,YYZZIZYYIX,XIYYZIZZYY,"[0, 2, 3, 4, 6, 7, 8, 9]",-0.0009765624999999985,0.0,10,0.8,"{""0000100000"": 1, ""0011100111"": 1, ""1001000111"": 1, ""1001111000"": 1, ""1010000111"": 1, ""1010100000"": 1, ""1010100111"": 1, ""1111100111"": 1, ""1111101011"": 1, ""1111101111"": 1}"
019e10ef-39a9-7fc3-9e71-eef2bdba066a,8,51,751,YYZZIZYYZI,IZYYZIZZYY,"[1, 2, 3, 4, 6, 7, 8, 9]",-0.0009765624999999985,0.0,10,1.0,"{""0011010010"": 1, ""0101011110"": 1, ""0110011110"": 1, ""1001010100"": 1, ""1001110011"": 1, ""1001111111"": 1, ""1010100110"": 1, ""1100100111"": 1, ""1100101100"": 1, ""1100111000"": 1}"
019e10ef-39a9-7fc3-9e71-eef2bdba066a,8,52,752,YYZZZXIXIX,XIXIXZZZYY,"[0, 2, 4, 5, 6, 7, 8, 9]",-0.0009765624999999985,0.0,10,0.6,"{""0001010111"": 1, ""0011000111"": 1, ""0011110000"": 1, ""0101011011"": 1, ""0101110110"": 1, ""0101110111"": 1, ""0110101100"": 1, ""1001100000"": 1, ""1001101011"": 1, ""1010101100"": 1}"
019e10ef-39a9-7fc3-9e71-eef2bdba066a,8,53,753,YYZZZXIXZI,IZXIXZZZYY,"[1, 2, 4, 5, 6, 7, 8, 9]",-0.0009765624999999985,0.0,10,0.6,"{""0000101101"": 1, ""0011101010"": 1, ""0100011011"": 1, ""0101011010"": 1, ""0110000000"": 1, ""0110011100"": 1, ""1001101100"": 1, ""1011110000"": 1, ""1111101011"": 1, ""1111110111"": 1}"
019e10ef-39a9-7fc3-9e71-eef2bdba066a,8,54,754,YYZZZXIYXY,YXYIXZZZYY,"[0, 1, 2, 4, 5, 6, 7, 8, 9]",0.0009765624999999985,0.0,10,-0.4,"{""0101101000"": 1, ""0101101110"": 1, ""0110110001"": 1, ""1000110111"": 1, ""1001000010"": 1, ""1011000010"": 1, ""1100011011"": 1, ""1100011110"": 1, ""1101000010"": 1, ""1111011000"": 1}"
019e10ef-39a9-7fc3-9e71-eef2bdba066a,8,55,755,YYZZZXIYYZ,ZYYIXZZZYY,"[0, 1, 2, 4, 5, 6, 7, 8, 9]",-0.0009765624999999985,0.0,10,0.6,"{""0000101100"": 1, ""0011011000"": 1, ""0101000011"": 1, ""0110000000"": 1, ""0110000011"": 1, ""0110101111"": 1, ""0110110000"": 1, ""1010101010"": 1, ""1110110110"": 1, ""1111000011"": 1}"
019e10ef-39a9-7fc3-9e71-eef2bdba066a,8,56,756,YYZZZXZIII,IIIZXZZZYY,"[3, 4, 5, 6, 7, 8, 9]",-0.0009765624999999985,0.0,10,0.6,"{""0011000000"": 1, ""0011011111"": 1, ""0011101111"": 1, ""0011110101"": 1, ""0101011010"": 1, ""0110010010"": 1, ""1000011101"": 1, ""1010011101"": 1, ""1010101100"": 1, ""1111101000"": 1}"
019e10ef-39a9-7fc3-9e71-eef2bdba066a,8,57,757,YYZZZXZIZX,XZIZXZZZYY,"[0, 1, 3, 4, 5, 6, 7, 8, 9]",-0.0009765624999999985,0.0,10,0.8,"{""0000110000"": 1, ""0000110100"": 1, ""0011101011"": 1, ""0011101111"": 1, ""0110110011"": 1, ""0110110100"": 1, ""1010101011"": 1, ""1011101111"": 1, ""1111011000"": 1, ""1111011011"": 1}"
019e10ef-39a9-7fc3-9e71-eef2bdba066a,8,58,758,YYZZZXZZXZ,ZXZZXZZZYY,"[0, 1, 2, 3, 4, 5, 6, 7, 8, 9]",-0.0009765624999999985,0.0,10,0.0,"{""0000000110"": 1, ""0101000101"": 1, ""0101001011"": 1, ""0101110011"": 1, ""1001000010"": 1, ""1001110000"": 1, ""1010101000"": 1, ""1010110001"": 1, ""1101101110"": 1, ""1111010000"": 1}"
019e10ef-39a9-7fc3-9e71-eef2bdba066a,8,59,759,YYZZZXZZYY,YYZZXZZZYY,"[0, 1, 2, 3, 4, 5, 6, 7, 8, 9]",-0.0009765624999999985,0.0,10,0.2,"{""0000011000"": 1, ""0000011110"": 1, ""0000110100"": 1, ""0011010010"": 1, ""0110000011"": 1, ""0110011111"": 1, ""1001101101"": 1, ""1111011010"": 1, ""1111101010"": 1, ""1111101110"": 1}"
019e10ef-39a9-7fc3-9e71-eef2bdba066a,8,60,760,YYZZZYXXXY,YXXXYZZZYY,"[0, 1, 2, 3, 4, 5, 6, 7, 8, 9]",0.0009765624999999985,0.0,10,-0.6,"{""0000111110"": 1, ""0011010000"": 1, ""0101110001"": 1, ""0101110011"": 1, ""1001011011"": 1, ""1001110010"": 1, ""1010010110"": 1, ""1100010110"": 1, ""1111001000"": 1, ""1111101100"": 1}"
019e10ef-39a9-7fc3-9e71-eef2bdba066a,8,61,761,YYZZZYXXYZ,ZYXXYZZZYY,"[0, 1, 2, 3, 4, 5, 6, 7, 8, 9]",-0.0009765624999999985,0.0,10,0.2,"{""0000010110"": 1, ""0001110101"": 1, ""0110111011"": 1, ""1010100001"": 1, ""1010110011"": 1, ""1010111100"": 1, ""1100101000"": 1, ""1100111001"": 1, ""1110110101"": 1, ""1111010001"": 1}"
019e10ef-39a9-7fc3-9e71-eef2bdba066a,8,62,762,YYZZZYXYIX,XIYXYZZZYY,"[0, 2, 3, 4, 5, 6, 7, 8, 9]",0.0009765624999999985,0.0,10,-0.4,"{""0000011100"": 1, ""0010010100"": 1, ""0101010111"": 1, ""0101111111"": 1, ""0110001000"": 1, ""0110111111"": 1, ""1000100000"": 1, ""1001010100"": 1, ""1001111000"": 1, ""1100011000"": 1}"
019e10ef-39a9-7fc3-9e71-eef2bdba066a,8,63,763,YYZZZYXYZI,IZYXYZZZYY,"[1, 2, 3, 4, 5, 6, 7, 8, 9]",0.0009765624999999985,0.0,10,-0.6,"{""0000000100"": 1, ""0000001001"": 1, ""0000010000"": 1, ""0110011011"": 1, ""1000010111"": 1, ""1001101011"": 2, ""1001111000"": 1, ""1101111111"": 1, ""1110011001"": 1}"
019e10ef-39a9-7fc3-9e71-eef2bdba066a,8,64,764,YYZZZYYIXZ,ZXIYYZZZYY,"[0, 1, 3, 4, 5, 6, 7, 8, 9]",-0.0009765624999999985,0.0,10,0.6,"{""0000001110"": 1, ""0000101000"": 1, ""0011000000"": 1, ""0011010110"": 1, ""0100100110"": 1, ""0110101011"": 1, ""0111100111"": 1, ""1001101000"": 1, ""1100000110"": 1, ""1100101000"": 1}"
019e10ef-39a9-7fc3-9e71-eef2bdba066a,8,65,765,YYZZZYYIYY,YYIYYZZZYY,"[0, 1, 3, 4, 5, 6, 7, 8, 9]",-0.0009765624999999985,0.0,10,0.0,"{""0000010110"": 1, ""0101000010"": 1, ""1001010011"": 1, ""1010000000"": 1, ""1010100111"": 1, ""1010110011"": 1, ""1100000000"": 1, ""1100001101"": 1, ""1100010011"": 1, ""1100110010"": 1}"
019e10ef-39a9-7fc3-9e71-eef2bdba066a,8,66,766,YYZZZYYZII,IIZYYZZZYY,"[2, 3, 4, 5, 6, 7, 8, 9]",-0.0009765624999999985,0.0,10,0.4,"{""0000001000"": 1, ""0000111110"": 1, ""0001011011"": 1, ""0011111100"": 1, ""0101001000"": 1, ""0110010111"": 1, ""0110110011"": 1, ""1001011001"": 1, ""1001101010"": 1, ""1010011011"": 1}"
019e10ef-39a9-7fc3-9e71-eef2bdba066a,8,67,767,YYZZZYYZZX,XZZYYZZZYY,"[0, 1, 2, 3, 4, 5, 6, 7, 8, 9]",-0.0009765624999999985,0.0,10,1.0,"{""0011111100"": 1, ""0101010111"": 1, ""0101110000"": 1, ""0110000000"": 1, ""1001011011"": 1, ""1010000011"": 1, ""1010011000"": 1, ""1100000000"": 1, ""1100001111"": 1, ""1111001111"": 1}"
019e10ef-39a9-7fc3-9e71-eef2bdba066a,8,68,768,ZXIZXIXIXZ,ZXIXIXZIXZ,"[0, 1, 3, 5, 6, 8, 9]",-0.0009765624999999985,0.0,10,0.8,"{""0110010110"": 1, ""0110011000"": 1, ""0110100011"": 1, ""1001110110"": 1, ""1001111011"": 3, ""1100001101"": 1, ""1100001110"": 1, ""1101110101"": 1}"
019e10ef-39a9-7fc3-9e71-eef2bdba066a,8,69,769,ZXIZXIXIYY,YYIXIXZIXZ,"[0, 1, 3, 5, 6, 8, 9]",-0.0009765624999999985,0.0,10,0.6,"{""0000001101"": 2, ""0000101011"": 1, ""0000110101"": 1, ""0011011000"": 1, ""0011011011"": 1, ""0011100010"": 1, ""0101110000"": 1, ""0101110101"": 1, ""1010100011"": 1}"
019e10ef-39a9-7fc3-9e71-eef2bdba066a,8,70,770,ZXIZXIXZII,IIZXIXZIXZ,"[2, 3, 5, 6, 8, 9]",-0.0009765624999999985,0.0,10,0.4,"{""0000001100"": 1, ""0100000011"": 1, ""0101000000"": 1, ""0101110111"": 1, ""0110100010"": 1, ""0110111000"": 1, ""1001000000"": 1, ""1010011011"": 1, ""1010100000"": 1, ""1111001111"": 1}"
019e10ef-39a9-7fc3-9e71-eef2bdba066a,8,71,771,ZXIZXIXZZX,XZZXIXZIXZ,"[0, 1, 2, 3, 5, 6, 8, 9]",-0.0009765624999999985,0.0,10,0.2,"{""0000100000"": 1, ""0001111000"": 1, ""0011000000"": 1, ""0011011011"": 1, ""0011110100"": 1, ""0101111011"": 1, ""0110010111"": 1, ""1001001100"": 1, ""1010000111"": 1, ""1100111000"": 1}"
019e10ef-39a9-7fc3-9e71-eef2bdba066a,8,72,772,ZXIZXIYXXY,YXXYIXZIXZ,"[0, 1, 2, 3, 5, 6, 8, 9]",-0.0009765624999999985,0.0,10,-0.2,"{""0000110010"": 1, ""0011011010"": 1, ""0011111110"": 1, ""0101000001"": 1, ""1001000101"": 1, ""1001010111"": 1, ""1001110010"": 1, ""1001111110"": 1, ""1010101000"": 1, ""1100111010"": 1}"
019e10ef-39a9-7fc3-9e71-eef2bdba066a,8,73,773,ZXIZXIYXYZ,ZYXYIXZIXZ,"[0, 1, 2, 3, 5, 6, 8, 9]",0.0009765624999999985,0.0,10,-0.4,"{""0011011111"": 1, ""0101000010"": 1, ""0101100010"": 1, ""0110010110"": 1, ""0110100001"": 1, ""1001000000"": 1, ""1001000100"": 1, ""1100000010"": 1, ""1110011111"": 1, ""1111011111"": 1}"
019e10ef-39a9-7fc3-9e71-eef2bdba066a,8,74,774,ZXIZXIYYIX,XIYYIXZIXZ,"[0, 2, 3, 5, 6, 8, 9]",-0.0009765624999999985,0.0,10,0.6,"{""0000001100"": 1, ""0000111111"": 1, ""0011100111"": 1, ""0110011111"": 1, ""1000011101"": 1, ""1001100111"": 1, ""1010011000"": 1, ""1111010011"": 1, ""1111100111"": 1, ""1111111000"": 1}"
019e10ef-39a9-7fc3-9e71-eef2bdba066a,8,75,775,ZXIZXIYYZI,IZYYIXZIXZ,"[1, 2, 3, 5, 6, 8, 9]",-0.0009765624999999985,0.0,10,0.6,"{""0000110011"": 1, ""0011111001"": 1, ""0101110101"": 1, ""0110011001"": 1, ""0110011110"": 1, ""0110100111"": 1, ""1001111000"": 1, ""1010011010"": 1, ""1100000001"": 1, ""1111100001"": 1}"
019e10ef-39a9-7fc3-9e71-eef2bdba066a,8,76,776,ZXIZXZIIII,IIIIZXZIXZ,"[4, 5, 6, 8, 9]",-0.0009765624999999985,0.0,10,0.6,"{""0000110011"": 1, ""0010010100"": 1, ""0101110010"": 1, ""0110101001"": 1, ""0110101101"": 1, ""1100111010"": 1, ""1110100110"": 1, ""1111010100"": 1, ""1111100000"": 1, ""1111101101"": 1}"
019e10ef-39a9-7fc3-9e71-eef2bdba066a,8,77,777,ZXIZXZIIZX,XZIIZXZIXZ,"[0, 1, 4, 5, 6, 8, 9]",-0.0009765624999999985,0.0,10,0.6,"{""0001010111"": 1, ""0011010100"": 1, ""0101001000"": 1, ""0101001010"": 1, ""0110011100"": 1, ""1001111011"": 1, ""1010011111"": 1, ""1100001111"": 1, ""1100011000"": 1, ""1100110000"": 1}"
019e10ef-39a9-7fc3-9e71-eef2bdba066a,8,78,778,ZXIZXZIZXZ,ZXZIZXZIXZ,"[0, 1, 2, 4, 5, 6, 8, 9]",-0.0009765624999999985,0.0,10,0.4,"{""0000000010"": 1, ""0000001000"": 1, ""0000010101"": 1, ""0101000110"": 1, ""1001000011"": 1, ""1001000101"": 1, ""1010100110"": 1, ""1010101110"": 1, ""1100101101"": 1, ""1111011011"": 1}"
019e10ef-39a9-7fc3-9e71-eef2bdba066a,8,79,779,ZXIZXZIZYY,YYZIZXZIXZ,"[0, 1, 2, 4, 5, 6, 8, 9]",-0.0009765624999999985,0.0,10,0.6,"{""0000010101"": 1, ""0000110000"": 1, ""0101001011"": 1, ""0110011110"": 1, ""0110100000"": 1, ""0110101011"": 1, ""1001001011"": 1, ""1001111011"": 1, ""1010110000"": 1, ""1101011000"": 1}"
019e10ef-39a9-7fc3-9e71-eef2bdba066a,8,80,780,ZXIZXZZXIX,XIXZZXZIXZ,"[0, 2, 3, 4, 5, 6, 8, 9]",-0.0009765624999999985,0.0,10,0.4,"{""0000001100"": 1, ""0000111100"": 1, ""0110010111"": 1, ""0111010111"": 1, ""0111101100"": 1, ""1001000111"": 1, ""1001110111"": 1, ""1010100011"": 1, ""1010100111"": 1, ""1100110000"": 1}"
019e10ef-39a9-7fc3-9e71-eef2bdba066a,8,81,781,ZXIZXZZXZI,IZXZZXZIXZ,"[1, 2, 3, 4, 5, 6, 8, 9]",-0.0009765624999999985,0.0,10,0.8,"{""0000001010"": 1, ""0000001100"": 1, ""0000110110"": 1, ""0011010001"": 1, ""0011101010"": 1, ""0101000000"": 1, ""0110010001"": 1, ""0110100001"": 1, ""1010010110"": 1, ""1111000001"": 1}"
019e10ef-39a9-7fc3-9e71-eef2bdba066a,8,82,782,ZXIZXZZYXY,YXYZZXZIXZ,"[0, 1, 2, 3, 4, 5, 6, 8, 9]",0.0009765624999999985,0.0,10,-0.6,"{""0000110100"": 1, ""0001111110"": 1, ""0011101110"": 1, ""0101001101"": 1, ""0101111000"": 1, ""0101111011"": 1, ""0110000010"": 1, ""1010010111"": 1, ""1111011101"": 1, ""1111100001"": 1}"
019e10ef-39a9-7fc3-9e71-eef2bdba066a,8,83,783,ZXIZXZZYYZ,ZYYZZXZIXZ,"[0, 1, 2, 3, 4, 5, 6, 8, 9]",-0.0009765624999999985,0.0,10,0.2,"{""0000001111"": 1, ""0011010110"": 1, ""0101001111"": 1, ""0110100011"": 1, ""1001001111"": 1, ""1010010101"": 1, ""1010100100"": 1, ""1100101111"": 1, ""1111000110"": 1, ""1111001100"": 1}"
019e10ef-39a9-7fc3-9e71-eef2bdba066a,8,84,784,ZXIZYXXXXY,YXXXXYZIXZ,"[0, 1, 2, 3, 4, 5, 6, 8, 9]",-0.0009765624999999985,0.0,10,0.6,"{""0001000010"": 1, ""0011000000"": 1, ""0011000010"": 1, ""0110010000"": 1, ""0110010110"": 1, ""0111000110"": 1, ""1000101101"": 1, ""1001110000"": 1, ""1100011110"": 1, ""1111100000"": 1}"
019e10ef-39a9-7fc3-9e71-eef2bdba066a,8,85,785,ZXIZYXXXYZ,ZYXXXYZIXZ,"[0, 1, 2, 3, 4, 5, 6, 8, 9]",0.0009765624999999985,0.0,10,-0.6,"{""0000001011"": 1, ""0011100010"": 1, ""0011110000"": 1, ""0110001010"": 1, ""0110111000"": 1, ""1001010000"": 1, ""1001100001"": 1, ""1010011011"": 1, ""1010110011"": 1, ""1100010101"": 1}"
019e10ef-39a9-7fc3-9e71-eef2bdba066a,8,86,786,ZXIZYXXYIX,XIYXXYZIXZ,"[0, 2, 3, 4, 5, 6, 8, 9]",-0.0009765624999999985,0.0,10,0.0,"{""0000000011"": 1, ""0000101011"": 1, ""0011001000"": 1, ""0101100000"": 1, ""0101100011"": 1, ""0110001111"": 2, ""0110011010"": 1, ""1001010011"": 1, ""1010001011"": 1}"
019e10ef-39a9-7fc3-9e71-eef2bdba066a,8,87,787,ZXIZYXXYZI,IZYXXYZIXZ,"[1, 2, 3, 4, 5, 6, 8, 9]",-0.0009765624999999985,0.0,10,0.2,"{""0000110001"": 1, ""0011100000"": 1, ""0011111000"": 1, ""0101011001"": 1, ""0110010100"": 1, ""0110100001"": 1, ""0110101110"": 1, ""1000101110"": 1, ""1001110001"": 1, ""1101101110"": 1}"
019e10ef-39a9-7fc3-9e71-eef2bdba066a,8,88,788,ZXIZYXYIXZ,ZXIYXYZIXZ,"[0, 1, 3, 4, 5, 6, 8, 9]",0.0009765624999999985,0.0,10,-0.8,"{""0011101011"": 1, ""0101111100"": 1, ""0110011000"": 1, ""0110101011"": 1, ""1010000101"": 1, ""1010001101"": 1, ""1010110011"": 1, ""1100111000"": 1, ""1111111101"": 2}"
019e10ef-39a9-7fc3-9e71-eef2bdba066a,8,89,789,ZXIZYXYIYY,YYIYXYZIXZ,"[0, 1, 3, 4, 5, 6, 8, 9]",0.0009765624999999985,0.0,10,0.0,"{""0010001000"": 1, ""0011010110"": 1, ""0011110011"": 1, ""0100010011"": 1, ""0100011101"": 1, ""0101000011"": 1, ""1001101101"": 1, ""1010110000"": 1, ""1111000001"": 1, ""1111101110"": 1}"
019e10ef-39a9-7fc3-9e71-eef2bdba066a,8,90,790,ZXIZYXYZII,IIZYXYZIXZ,"[2, 3, 4, 5, 6, 8, 9]",0.0009765624999999985,0.0,10,-0.2,"{""0000011100"": 1, ""0011010111"": 1, ""0011110010"": 1, ""0011111100"": 1, ""0100100000"": 1, ""0101101101"": 1, ""1001001011"": 1, ""1100101010"": 1, ""1111101101"": 1, ""1111101111"": 1}"
019e10ef-39a9-7fc3-9e71-eef2bdba066a,8,91,791,ZXIZYXYZZX,XZZYXYZIXZ,"[0, 1, 2, 3, 4, 5, 6, 8, 9]",0.0009765624999999985,0.0,10,-0.2,"{""0000110100"": 1, ""0110000111"": 1, ""1000110111"": 1, ""1001101111"": 1, ""1001110111"": 1, ""1010011011"": 1, ""1100001011"": 1, ""1100010011"": 1, ""1100110000"": 1, ""1111100011"": 1}"
019e10ef-39a9-7fc3-9e71-eef2bdba066a,8,92,792,ZXIZYYIXIX,XIXIYYZIXZ,"[0, 2, 4, 5, 6, 8, 9]",-0.0009765624999999985,0.0,10,0.4,"{""0000011111"": 1, ""0000110000"": 1, ""0101011100"": 1, ""0101101011"": 1, ""0110100111"": 1, ""1010000011"": 1, ""1010001100"": 1, ""1010010011"": 1, ""1010011011"": 1, ""1100101011"": 1}"
019e10ef-39a9-7fc3-9e71-eef2bdba066a,8,93,793,ZXIZYYIXZI,IZXIYYZIXZ,"[1, 2, 4, 5, 6, 8, 9]",-0.0009765624999999985,0.0,10,0.2,"{""0000110111"": 1, ""0101101100"": 1, ""0110011100"": 1, ""0110111101"": 1, ""1010001101"": 1, ""1010101011"": 1, ""1010111101"": 1, ""1100100111"": 1, ""1101011010"": 1, ""1111111101"": 1}"
019e10ef-39a9-7fc3-9e71-eef2bdba066a,8,94,794,ZXIZYYIYXY,YXYIYYZIXZ,"[0, 1, 2, 4, 5, 6, 8, 9]",0.0009765624999999985,0.0,10,-0.8,"{""0000011000"": 1, ""0011001110"": 1, ""0100100100"": 1, ""0101011101"": 1, ""0110111011"": 1, ""0111010010"": 1, ""1001110010"": 1, ""1010100001"": 1, ""1010111110"": 1, ""1100011011"": 1}"
019e10ef-39a9-7fc3-9e71-eef2bdba066a,8,95,795,ZXIZYYIYYZ,ZYYIYYZIXZ,"[0, 1, 2, 4, 5, 6, 8, 9]",-0.0009765624999999985,0.0,10,0.4,"{""0000011010"": 1, ""0000110101"": 1, ""1000101010"": 1, ""1001001111"": 1, ""1001110101"": 1, ""1010001111"": 1, ""1010010111"": 1, ""1010111111"": 1, ""1111010101"": 1, ""1111100011"": 1}"
019e10ef-39a9-7fc3-9e71-eef2bdba066a,8,96,796,ZXIZYYZIII,IIIZYYZIXZ,"[3, 4, 5, 6, 8, 9]",-0.0009765624999999985,0.0,10,0.8,"{""0000110001"": 1, ""0000110100"": 1, ""0000110110"": 1, ""0011001111"": 1, ""1000100010"": 1, ""1010001010"": 1, ""1010001111"": 1, ""1100100111"": 1, ""1110011100"": 1, ""1111010100"": 1}"
019e10ef-39a9-7fc3-9e71-eef2bdba066a,8,97,797,ZXIZYYZIZX,XZIZYYZIXZ,"[0, 1, 3, 4, 5, 6, 8, 9]",-0.0009765624999999985,0.0,10,0.4,"{""0011110000"": 1, ""0011111000"": 1, ""0100101111"": 1, ""1001011011"": 1, ""1010010111"": 1, ""1010100000"": 1, ""1010101011"": 1, ""1010111100"": 2, ""1100000111"": 1}"
019e10ef-39a9-7fc3-9e71-eef2bdba066a,8,98,798,ZXIZYYZZXZ,ZXZZYYZIXZ,"[0, 1, 2, 3, 4, 5, 6, 8, 9]",-0.0009765624999999985,0.0,10,0.8,"{""0011100110"": 1, ""0101011011"": 1, ""0101101110"": 1, ""0110001110"": 1, ""0110010110"": 1, ""1001011110"": 1, ""1100101010"": 1, ""1100110000"": 1, ""1111001011"": 1, ""1111010110"": 1}"
019e10ef-39a9-7fc3-9e71-eef2bdba066a,8,99,799,ZXIZYYZZYY,YYZZYYZIXZ,"[0, 1, 2, 3, 4, 5, 6, 8, 9]",-0.0009765624999999985,0.0,10,0.6,"{""0000011000"": 1, ""0000100101"": 1, ""0011111000"": 1, ""0101000110"": 1, ""0101101011"": 1, ""1010001010"": 1, ""1010010011"": 1, ""1010100000"": 1, ""1111001101"": 1, ""1111100101"": 1}"
019e10ef-3e82-7383-89b2-ceb0ba359816,9,0,800,ZXXYXXXXXY,YXXXXXYXXZ,"[0, 1, 2, 3, 4, 5, 6, 7, 8, 9]",0.0009765624999999985,0.0,10,-0.4,"{""0011101111"": 1, ""0100001011"": 1, ""0100011111"": 1, ""0101100001"": 1, ""0110000111"": 1, ""1000111100"": 1, ""1010010011"": 1, ""1011000000"": 1, ""1011001100"": 1, ""1100001011"": 1}"
019e10ef-3e82-7383-89b2-ceb0ba359816,9,1,801,ZXXYXXXXYZ,ZYXXXXYXXZ,"[0, 1, 2, 3, 4, 5, 6, 7, 8, 9]",-0.0009765624999999985,0.0,10,0.4,"{""0000001110"": 1, ""0000011011"": 1, ""0001101100"": 1, ""0010011100"": 1, ""0010110100"": 1, ""0100101000"": 1, ""0111001011"": 1, ""1010010111"": 1, ""1101010110"": 1, ""1110110110"": 1}"
019e10ef-3e82-7383-89b2-ceb0ba359816,9,2,802,ZXXYXXXYIX,XIYXXXYXXZ,"[0, 2, 3, 4, 5, 6, 7, 8, 9]",0.0009765624999999985,0.0,10,0.2,"{""0001101100"": 1, ""0101001011"": 1, ""0101111000"": 1, ""0111001011"": 1, ""0111100110"": 1, ""0111111111"": 1, ""1000100000"": 1, ""1010011111"": 1, ""1010110100"": 1, ""1010110111"": 1}"
019e10ef-3e82-7383-89b2-ceb0ba359816,9,3,803,ZXXYXXXYZI,IZYXXXYXXZ,"[1, 2, 3, 4, 5, 6, 7, 8, 9]",0.0009765624999999985,0.0,10,-0.4,"{""0001000001"": 1, ""0001110001"": 1, ""0011001111"": 1, ""0011110010"": 1, ""0100001110"": 1, ""0111001100"": 1, ""1000101011"": 1, ""1101000110"": 1, ""1101101101"": 1, ""1110000111"": 1}"
019e10ef-3e82-7383-89b2-ceb0ba359816,9,4,804,ZXXYXXYIXZ,ZXIYXXYXXZ,"[0, 1, 3, 4, 5, 6, 7, 8, 9]",-0.0009765624999999985,0.0,10,0.0,"{""0000001101"": 1, ""0001101101"": 1, ""0011011110"": 1, ""0011100110"": 1, ""0110111110"": 1, ""1010110101"": 1, ""1100011001"": 1, ""1101010110"": 1, ""1110000101"": 1, ""1110111001"": 1}"
019e10ef-3e82-7383-89b2-ceb0ba359816,9,5,805,ZXXYXXYIYY,YYIYXXYXXZ,"[0, 1, 3, 4, 5, 6, 7, 8, 9]",-0.0009765624999999985,0.0,10,0.8,"{""0000010011"": 1, ""0001110101"": 1, ""0010001111"": 1, ""0011111010"": 1, ""0101001101"": 1, ""0101100110"": 1, ""0101110011"": 1, ""1000100000"": 1, ""1010111110"": 1, ""1111011000"": 1}"
019e10ef-3e82-7383-89b2-ceb0ba359816,9,6,806,ZXXYXXYZII,IIZYXXYXXZ,"[2, 3, 4, 5, 6, 7, 8, 9]",-0.0009765624999999985,0.0,10,0.2,"{""0000011101"": 1, ""0010111001"": 1, ""0010111010"": 1, ""0011110001"": 1, ""0101010101"": 1, ""1000010011"": 1, ""1001001001"": 1, ""1001110001"": 1, ""1011111100"": 1, ""1100101110"": 1}"
019e10ef-3e82-7383-89b2-ceb0ba359816,9,7,807,ZXXYXXYZZX,XZZYXXYXXZ,"[0, 1, 2, 3, 4, 5, 6, 7, 8, 9]",-0.0009765624999999985,0.0,10,1.0,"{""0010000100"": 1, ""0100101100"": 1, ""0111101100"": 1, ""0111110111"": 1, ""1000110100"": 1, ""1001110000"": 1, ""1010111111"": 1, ""1011010000"": 1, ""1110011111"": 1, ""1111001100"": 1}"
019e10ef-3e82-7383-89b2-ceb0ba359816,9,8,808,ZXXYXYIXIX,XIXIYXYXXZ,"[0, 2, 4, 5, 6, 7, 8, 9]",0.0009765624999999985,0.0,10,-0.6,"{""0000111100"": 1, ""0100110000"": 1, ""0100111100"": 1, ""0101100000"": 1, ""0110111011"": 1, ""1010010000"": 1, ""1010111100"": 2, ""1101100111"": 1, ""1111001011"": 1}"
019e10ef-3e82-7383-89b2-ceb0ba359816,9,9,809,ZXXYXYIXZI,IZXIYXYXXZ,"[1, 2, 4, 5, 6, 7, 8, 9]",0.0009765624999999985,0.0,10,-0.4,"{""0000000000"": 1, ""0010000001"": 1, ""0010011010"": 1, ""0101111000"": 1, ""0110111011"": 1, ""1000011011"": 1, ""1011110001"": 1, ""1011110111"": 1, ""1111001010"": 1, ""1111110001"": 1}"
019e10ef-3e82-7383-89b2-ceb0ba359816,9,10,810,ZXXYXYIYXY,YXYIYXYXXZ,"[0, 1, 2, 4, 5, 6, 7, 8, 9]",-0.0009765624999999985,0.0,10,1.0,"{""0000010100"": 1, ""0010000111"": 1, ""0010101000"": 1, ""0011000110"": 1, ""0101100100"": 1, ""0110100001"": 1, ""0111110111"": 1, ""1100011001"": 1, ""1100100100"": 1, ""1111001000"": 1}"
019e10ef-3e82-7383-89b2-ceb0ba359816,9,11,811,ZXXYXYIYYZ,ZYYIYXYXXZ,"[0, 1, 2, 4, 5, 6, 7, 8, 9]",0.0009765624999999985,0.0,10,-0.8,"{""0001110011"": 2, ""0010110101"": 1, ""0011001001"": 1, ""0100101010"": 1, ""0111011111"": 1, ""1011010000"": 1, ""1011101100"": 1, ""1101011010"": 1, ""1110110101"": 1}"
019e10ef-3e82-7383-89b2-ceb0ba359816,9,12,812,ZXXYXYZIII,IIIZYXYXXZ,"[3, 4, 5, 6, 7, 8, 9]",0.0009765624999999985,0.0,10,-0.4,"{""0000100001"": 1, ""0001100100"": 1, ""0100010000"": 1, ""0100011101"": 1, ""0110010011"": 1, ""0111101000"": 1, ""1000000000"": 1, ""1000111000"": 1, ""1011000001"": 1, ""1100001011"": 1}"
019e10ef-3e82-7383-89b2-ceb0ba359816,9,13,813,ZXXYXYZIZX,XZIZYXYXXZ,"[0, 1, 3, 4, 5, 6, 7, 8, 9]",0.0009765624999999985,0.0,10,-0.4,"{""0001010000"": 1, ""0010011111"": 1, ""0010100000"": 1, ""0100000000"": 1, ""1001100000"": 1, ""1001100100"": 1, ""1100010000"": 1, ""1101110000"": 1, ""1110011111"": 1, ""1111000000"": 1}"
019e10ef-3e82-7383-89b2-ceb0ba359816,9,14,814,ZXXYXYZZXZ,ZXZZYXYXXZ,"[0, 1, 2, 3, 4, 5, 6, 7, 8, 9]",0.0009765624999999985,0.0,10,-0.4,"{""0001011101"": 1, ""0010000101"": 1, ""0011100000"": 1, ""0011111110"": 1, ""0100101011"": 1, ""0110001011"": 1, ""1000000100"": 1, ""1000110011"": 1, ""1100000101"": 1, ""1101001000"": 1}"
019e10ef-3e82-7383-89b2-ceb0ba359816,9,15,815,ZXXYXYZZYY,YYZZYXYXXZ,"[0, 1, 2, 3, 4, 5, 6, 7, 8, 9]",0.0009765624999999985,0.0,10,-0.2,"{""0001000011"": 1, ""0010101011"": 1, ""0011111101"": 1, ""0101110101"": 1, ""0111000000"": 1, ""0111110100"": 1, ""1001010011"": 1, ""1001100101"": 1, ""1011001011"": 1, ""1111110000"": 1}"
019e10ef-3e82-7383-89b2-ceb0ba359816,9,16,816,ZXXYYIXIXZ,ZXIXIYYXXZ,"[0, 1, 3, 5, 6, 7, 8, 9]",-0.0009765624999999985,0.0,10,0.6,"{""0000001101"": 1, ""0101010110"": 1, ""1000011000"": 1, ""1010001110"": 1, ""1011010100"": 1, ""1011010110"": 1, ""1011100011"": 2, ""1101110100"": 1, ""1110101101"": 1}"
019e10ef-3e82-7383-89b2-ceb0ba359816,9,17,817,ZXXYYIXIYY,YYIXIYYXXZ,"[0, 1, 3, 5, 6, 7, 8, 9]",-0.0009765624999999985,0.0,10,0.6,"{""0000000011"": 1, ""0101001101"": 1, ""0111010101"": 1, ""0111011011"": 1, ""1000011011"": 1, ""1010001101"": 1, ""1010110110"": 1, ""1011010100"": 1, ""1011100000"": 1, ""1101000011"": 1}"
019e10ef-3e82-7383-89b2-ceb0ba359816,9,18,818,ZXXYYIXZII,IIZXIYYXXZ,"[2, 3, 5, 6, 7, 8, 9]",-0.0009765624999999985,0.0,10,1.0,"{""0000111001"": 1, ""0001010101"": 1, ""0010101100"": 1, ""1000100000"": 1, ""1000101100"": 1, ""1001110100"": 1, ""1010111001"": 1, ""1111000011"": 1, ""1111001101"": 1, ""1111110111"": 1}"
019e10ef-3e82-7383-89b2-ceb0ba359816,9,19,819,ZXXYYIXZZX,XZZXIYYXXZ,"[0, 1, 2, 3, 5, 6, 7, 8, 9]",-0.0009765624999999985,0.0,10,0.2,"{""0111001111"": 1, ""1010000011"": 1, ""1011010111"": 1, ""1011011011"": 1, ""1011110100"": 1, ""1100011000"": 1, ""1100011011"": 1, ""1110100000"": 1, ""1110101100"": 1, ""1111001111"": 1}"
019e10ef-3e82-7383-89b2-ceb0ba359816,9,20,820,ZXXYYIYXXY,YXXYIYYXXZ,"[0, 1, 2, 3, 5, 6, 7, 8, 9]",-0.0009765624999999985,0.0,10,0.8,"{""0010011110"": 1, ""0010100000"": 1, ""0100011000"": 1, ""0101111011"": 1, ""0110001110"": 1, ""0111011000"": 1, ""1011011110"": 1, ""1100110111"": 1, ""1101011011"": 1, ""1101111001"": 1}"
019e10ef-3e82-7383-89b2-ceb0ba359816,9,21,821,ZXXYYIYXYZ,ZYXYIYYXXZ,"[0, 1, 2, 3, 5, 6, 7, 8, 9]",0.0009765624999999985,0.0,10,-0.6,"{""0001101101"": 1, ""0100011011"": 1, ""0110100011"": 1, ""1000100100"": 1, ""1010001000"": 1, ""1010001110"": 1, ""1011010110"": 1, ""1100110000"": 1, ""1110001011"": 1, ""1110101011"": 1}"
019e10ef-3e82-7383-89b2-ceb0ba359816,9,22,822,ZXXYYIYYIX,XIYYIYYXXZ,"[0, 2, 3, 5, 6, 7, 8, 9]",-0.0009765624999999985,0.0,10,0.2,"{""0000101011"": 1, ""0100011011"": 1, ""0101010100"": 1, ""0111011000"": 2, ""1000001000"": 1, ""1000010011"": 1, ""1100111111"": 1, ""1101000111"": 1, ""1111001011"": 1}"
019e10ef-3e82-7383-89b2-ceb0ba359816,9,23,823,ZXXYYIYYZI,IZYYIYYXXZ,"[1, 2, 3, 5, 6, 7, 8, 9]",-0.0009765624999999985,0.0,10,0.4,"{""0000011111"": 1, ""0010010011"": 1, ""0010101010"": 1, ""0011101101"": 1, ""0011110100"": 1, ""1000000111"": 1, ""1010000110"": 1, ""1011011111"": 1, ""1110101010"": 1, ""1111000110"": 1}"
019e10ef-3e82-7383-89b2-ceb0ba359816,9,24,824,ZXXYYZIIII,IIIIZYYXXZ,"[4, 5, 6, 7, 8, 9]",-0.0009765624999999985,0.0,10,0.6,"{""0011111111"": 1, ""0100100110"": 1, ""1000101010"": 1, ""1001110110"": 1, ""1100010100"": 1, ""1100111010"": 1, ""1101011101"": 1, ""1110010001"": 1, ""1111000110"": 1, ""1111101110"": 1}"
019e10ef-3e82-7383-89b2-ceb0ba359816,9,25,825,ZXXYYZIIZX,XZIIZYYXXZ,"[0, 1, 4, 5, 6, 7, 8, 9]",-0.0009765624999999985,0.0,10,0.6,"{""0001011000"": 1, ""0001101100"": 1, ""0010100100"": 1, ""0100000100"": 1, ""0111101111"": 1, ""1000100000"": 1, ""1001111011"": 1, ""1001111111"": 1, ""1010110100"": 1, ""1110110100"": 1}"
019e10ef-3e82-7383-89b2-ceb0ba359816,9,26,826,ZXXYYZIZXZ,ZXZIZYYXXZ,"[0, 1, 2, 4, 5, 6, 7, 8, 9]",-0.0009765624999999985,0.0,10,0.6,"{""0001101110"": 1, ""0010011011"": 1, ""0100100010"": 1, ""0101000101"": 1, ""0110000000"": 1, ""1100100110"": 1, ""1110010000"": 1, ""1110101101"": 1, ""1111001000"": 2}"
019e10ef-3e82-7383-89b2-ceb0ba359816,9,27,827,ZXXYYZIZYY,YYZIZYYXXZ,"[0, 1, 2, 4, 5, 6, 7, 8, 9]",-0.0009765624999999985,0.0,10,0.0,"{""0001010110"": 1, ""0001100001"": 1, ""0001110101"": 1, ""0101001011"": 1, ""1000101000"": 1, ""1001000000"": 1, ""1001011101"": 1, ""1010111011"": 1, ""1100001001"": 1, ""1111001100"": 1}"
019e10ef-3e82-7383-89b2-ceb0ba359816,9,28,828,ZXXYYZZXIX,XIXZZYYXXZ,"[0, 2, 3, 4, 5, 6, 7, 8, 9]",-0.0009765624999999985,0.0,10,0.6,"{""0000001001"": 1, ""0001100111"": 1, ""0001101100"": 1, ""0110111011"": 1, ""1010000011"": 1, ""1010001000"": 1, ""1011100000"": 1, ""1101011100"": 1, ""1110101100"": 1, ""1111110111"": 1}"
019e10ef-3e82-7383-89b2-ceb0ba359816,9,29,829,ZXXYYZZXZI,IZXZZYYXXZ,"[1, 2, 3, 4, 5, 6, 7, 8, 9]",-0.0009765624999999985,0.0,10,0.6,"{""0001001101"": 1, ""0100110110"": 1, ""0110001010"": 1, ""0111100110"": 1, ""1010000111"": 1, ""1011011100"": 1, ""1011101010"": 1, ""1100111010"": 1, ""1101010000"": 1, ""1110010000"": 1}"
019e10ef-3e82-7383-89b2-ceb0ba359816,9,30,830,ZXXYYZZYXY,YXYZZYYXXZ,"[0, 1, 2, 3, 4, 5, 6, 7, 8, 9]",0.0009765624999999985,0.0,10,-0.2,"{""0010010111"": 1, ""0101110110"": 1, ""0110010001"": 1, ""1000101000"": 1, ""1001001000"": 1, ""1001111110"": 1, ""1100100100"": 1, ""1101011100"": 1, ""1110010010"": 1, ""1111001101"": 1}"
019e10ef-3e82-7383-89b2-ceb0ba359816,9,31,831,ZXXYYZZYYZ,ZYYZZYYXXZ,"[0, 1, 2, 3, 4, 5, 6, 7, 8, 9]",-0.0009765624999999985,0.0,10,0.4,"{""0000011010"": 1, ""0010101111"": 1, ""0011011001"": 1, ""0101110011"": 1, ""1000101100"": 1, ""1001000000"": 1, ""1010001111"": 1, ""1011111010"": 1, ""1111000110"": 2}"
019e10ef-3e82-7383-89b2-ceb0ba359816,9,32,832,ZXYYIXIXIX,XIXIXIYYXZ,"[0, 2, 4, 6, 7, 8, 9]",0.0009765624999999985,0.0,10,-0.8,"{""0001000111"": 1, ""0100000111"": 1, ""0101110000"": 1, ""0110101011"": 1, ""0111000111"": 1, ""1010110111"": 1, ""1100101011"": 1, ""1101011011"": 1, ""1101110000"": 1, ""1110000000"": 1}"
019e10ef-3e82-7383-89b2-ceb0ba359816,9,33,833,ZXYYIXIXZI,IZXIXIYYXZ,"[1, 2, 4, 6, 7, 8, 9]",0.0009765624999999985,0.0,10,-1.0,"{""0000001100"": 1, ""0011000101"": 1, ""0110110111"": 1, ""0111000001"": 1, ""1000000000"": 1, ""1001110111"": 1, ""1101000110"": 1, ""1110000000"": 1, ""1111101011"": 1, ""1111110111"": 1}"
019e10ef-3e82-7383-89b2-ceb0ba359816,9,34,834,ZXYYIXIYXY,YXYIXIYYXZ,"[0, 1, 2, 4, 6, 7, 8, 9]",-0.0009765624999999985,0.0,10,0.6,"{""0010011110"": 1, ""0101001110"": 1, ""0101110100"": 1, ""0101110111"": 1, ""1000011101"": 1, ""1001101011"": 1, ""1001101111"": 1, ""1010101011"": 1, ""1100000001"": 1, ""1100110100"": 1}"
019e10ef-3e82-7383-89b2-ceb0ba359816,9,35,835,ZXYYIXIYYZ,ZYYIXIYYXZ,"[0, 1, 2, 4, 6, 7, 8, 9]",0.0009765624999999985,0.0,10,-0.6,"{""0000110011"": 1, ""0001000101"": 1, ""0010011100"": 1, ""0011101111"": 1, ""0100011001"": 1, ""1001101010"": 1, ""1011011010"": 1, ""1100011010"": 1, ""1101000010"": 1, ""1110000000"": 1}"
019e10ef-3e82-7383-89b2-ceb0ba359816,9,36,836,ZXYYIXZIII,IIIZXIYYXZ,"[3, 4, 6, 7, 8, 9]",0.0009765624999999985,0.0,10,-0.2,"{""0001101100"": 1, ""0010011000"": 1, ""0011100101"": 1, ""0011101111"": 1, ""0110000101"": 1, ""0110011011"": 1, ""1110000001"": 1, ""1110000101"": 1, ""1111101101"": 1, ""1111110111"": 1}"
019e10ef-3e82-7383-89b2-ceb0ba359816,9,37,837,ZXYYIXZIZX,XZIZXIYYXZ,"[0, 1, 3, 4, 6, 7, 8, 9]",0.0009765624999999985,0.0,10,-0.4,"{""0010011011"": 1, ""0010110011"": 1, ""0011010011"": 1, ""0011101000"": 1, ""0011101011"": 2, ""0100000110"": 1, ""1000001100"": 1, ""1110000100"": 1, ""1111101111"": 1}"
019e10ef-3e82-7383-89b2-ceb0ba359816,9,38,838,ZXYYIXZZXZ,ZXZZXIYYXZ,"[0, 1, 2, 3, 4, 6, 7, 8, 9]",0.0009765624999999985,0.0,10,0.0,"{""0010001101"": 1, ""0100000000"": 1, ""0110000000"": 1, ""1001110011"": 1, ""1010000011"": 1, ""1010101011"": 1, ""1011101011"": 1, ""1100101011"": 1, ""1101110110"": 1, ""1111101110"": 1}"
019e10ef-3e82-7383-89b2-ceb0ba359816,9,39,839,ZXYYIXZZYY,YYZZXIYYXZ,"[0, 1, 2, 3, 4, 6, 7, 8, 9]",0.0009765624999999985,0.0,10,-0.4,"{""0000101010"": 1, ""0100011011"": 1, ""0100011110"": 2, ""0100101101"": 1, ""0110101101"": 1, ""1001110011"": 1, ""1010111101"": 1, ""1011011101"": 1, ""1101000011"": 1}"
019e10ef-3e82-7383-89b2-ceb0ba359816,9,40,840,ZXYYIYXXXY,YXXXYIYYXZ,"[0, 1, 2, 3, 4, 6, 7, 8, 9]",-0.0009765624999999985,0.0,10,0.8,"{""0011110001"": 1, ""0100011010"": 1, ""0100011111"": 1, ""0110100011"": 1, ""0111011000"": 1, ""1000001011"": 2, ""1100101010"": 1, ""1110000111"": 1, ""1111111101"": 1}"
019e10ef-3e82-7383-89b2-ceb0ba359816,9,41,841,ZXYYIYXXYZ,ZYXXYIYYXZ,"[0, 1, 2, 3, 4, 6, 7, 8, 9]",0.0009765624999999985,0.0,10,-0.2,"{""0001000001"": 1, ""0010011000"": 1, ""0100101000"": 1, ""0110100001"": 1, ""0111000000"": 1, ""1000001111"": 1, ""1001111010"": 1, ""1100100100"": 1, ""1100111011"": 1, ""1101000001"": 1}"
019e10ef-3e82-7383-89b2-ceb0ba359816,9,42,842,ZXYYIYXYIX,XIYXYIYYXZ,"[0, 2, 3, 4, 6, 7, 8, 9]",-0.0009765624999999985,0.0,10,0.6,"{""0010001111"": 1, ""0011111000"": 1, ""0100010011"": 1, ""0101101100"": 1, ""0110101011"": 1, ""1000011011"": 1, ""1010111111"": 1, ""1110011000"": 1, ""1111100000"": 1, ""1111110011"": 1}"
019e10ef-3e82-7383-89b2-ceb0ba359816,9,43,843,ZXYYIYXYZI,IZYXYIYYXZ,"[1, 2, 3, 4, 6, 7, 8, 9]",-0.0009765624999999985,0.0,10,-0.2,"{""0001111000"": 1, ""0101010000"": 1, ""0110000010"": 1, ""1001000100"": 1, ""1001001110"": 1, ""1001110101"": 1, ""1010110000"": 1, ""1010111001"": 1, ""1101011010"": 1, ""1101011100"": 1}"
019e10ef-3e82-7383-89b2-ceb0ba359816,9,44,844,ZXYYIYYIXZ,ZXIYYIYYXZ,"[0, 1, 3, 4, 6, 7, 8, 9]",0.0009765624999999985,0.0,10,-0.6,"{""0011110010"": 1, ""0101111101"": 1, ""1000010110"": 1, ""1011000000"": 1, ""1011010101"": 1, ""1011011000"": 1, ""1100100011"": 1, ""1100111101"": 1, ""1101011000"": 1, ""1111010000"": 1}"
019e10ef-3e82-7383-89b2-ceb0ba359816,9,45,845,ZXYYIYYIYY,YYIYYIYYXZ,"[0, 1, 3, 4, 6, 7, 8, 9]",0.0009765624999999985,0.0,10,-0.6,"{""0000111110"": 1, ""0001000000"": 1, ""0010011000"": 1, ""0100000011"": 1, ""0100001100"": 1, ""0101100110"": 1, ""0111000001"": 1, ""0111000011"": 1, ""0111011000"": 1, ""1110011011"": 1}"
019e10ef-3e82-7383-89b2-ceb0ba359816,9,46,846,ZXYYIYYZII,IIZYYIYYXZ,"[2, 3, 4, 6, 7, 8, 9]",0.0009765624999999985,0.0,10,-0.6,"{""0101101010"": 1, ""0110101100"": 1, ""1000001101"": 1, ""1010101001"": 1, ""1011010101"": 1, ""1011101010"": 1, ""1101000000"": 1, ""1110001101"": 1, ""1111101001"": 1, ""1111111100"": 1}"
019e10ef-3e82-7383-89b2-ceb0ba359816,9,47,847,ZXYYIYYZZX,XZZYYIYYXZ,"[0, 1, 2, 3, 4, 6, 7, 8, 9]",0.0009765624999999985,0.0,10,-0.6,"{""0000101011"": 1, ""0010000000"": 1, ""0010001011"": 1, ""0100100011"": 1, ""1000001111"": 1, ""1001110000"": 1, ""1011010111"": 1, ""1100101111"": 1, ""1100110011"": 1, ""1110011000"": 1}"
019e10ef-3e82-7383-89b2-ceb0ba359816,9,48,848,ZXYYZIIIII,IIIIIZYYXZ,"[5, 6, 7, 8, 9]",0.0009765624999999985,0.0,10,-1.0,"{""0000100111"": 1, ""0001001100"": 1, ""0001001101"": 1, ""0100001011"": 1, ""0101100001"": 1, ""0110100101"": 1, ""0111000011"": 1, ""1001100111"": 1, ""1100110101"": 1, ""1110001100"": 1}"
019e10ef-3e82-7383-89b2-ceb0ba359816,9,49,849,ZXYYZIIIZX,XZIIIZYYXZ,"[0, 1, 5, 6, 7, 8, 9]",0.0009765624999999985,0.0,10,-0.4,"{""0001011010"": 1, ""0010011100"": 1, ""0010110100"": 1, ""0011001011"": 1, ""0100000100"": 1, ""0100001100"": 1, ""0110110100"": 1, ""1000011000"": 1, ""1100101011"": 1, ""1100110111"": 1}"
019e10ef-3e82-7383-89b2-ceb0ba359816,9,50,850,ZXYYZIIZXZ,ZXZIIZYYXZ,"[0, 1, 2, 5, 6, 7, 8, 9]",0.0009765624999999985,0.0,10,-0.6,"{""0000111101"": 1, ""0011000110"": 1, ""0101100110"": 1, ""0110100000"": 1, ""0111011101"": 1, ""1001110101"": 1, ""1010111000"": 1, ""1011011011"": 1, ""1100010000"": 1, ""1101001101"": 1}"
019e10ef-3e82-7383-89b2-ceb0ba359816,9,51,851,ZXYYZIIZYY,YYZIIZYYXZ,"[0, 1, 2, 5, 6, 7, 8, 9]",0.0009765624999999985,0.0,10,-0.8,"{""0000100101"": 1, ""0010001011"": 1, ""0010010101"": 1, ""0011101110"": 1, ""0101111000"": 1, ""1000001101"": 1, ""1010011110"": 1, ""1010111011"": 1, ""1100100011"": 1, ""1101010011"": 1}"
019e10ef-3e82-7383-89b2-ceb0ba359816,9,52,852,ZXYYZIZXIX,XIXZIZYYXZ,"[0, 2, 3, 5, 6, 7, 8, 9]",0.0009765624999999985,0.0,10,-0.8,"{""0001010000"": 1, ""0011110000"": 1, ""0100000000"": 1, ""1010111011"": 1, ""1011011100"": 1, ""1100101011"": 1, ""1100110111"": 1, ""1101011011"": 1, ""1111101111"": 1, ""1111111011"": 1}"
019e10ef-3e82-7383-89b2-ceb0ba359816,9,53,853,ZXYYZIZXZI,IZXZIZYYXZ,"[1, 2, 3, 5, 6, 7, 8, 9]",0.0009765624999999985,0.0,10,-0.2,"{""0100000001"": 1, ""0100100111"": 1, ""0110111011"": 1, ""1010110000"": 1, ""1010111011"": 1, ""1100101111"": 1, ""1100111010"": 1, ""1101101010"": 1, ""1110011011"": 1, ""1111001011"": 1}"
019e10ef-3e82-7383-89b2-ceb0ba359816,9,54,854,ZXYYZIZYXY,YXYZIZYYXZ,"[0, 1, 2, 3, 5, 6, 7, 8, 9]",-0.0009765624999999985,0.0,10,0.8,"{""0000111011"": 1, ""0001000001"": 1, ""0011100001"": 1, ""0110101011"": 1, ""0110111000"": 1, ""1001100111"": 1, ""1011001010"": 1, ""1111110001"": 1, ""1111110111"": 1, ""1111111000"": 1}"
019e10ef-3e82-7383-89b2-ceb0ba359816,9,55,855,ZXYYZIZYYZ,ZYYZIZYYXZ,"[0, 1, 2, 3, 5, 6, 7, 8, 9]",0.0009765624999999985,0.0,10,-0.6,"{""0000110011"": 1, ""0100000000"": 1, ""0100011001"": 1, ""0100100101"": 1, ""0111010011"": 1, ""1000011100"": 1, ""1011001001"": 1, ""1011010110"": 1, ""1111000000"": 1, ""1111111010"": 1}"
019e10ef-3e82-7383-89b2-ceb0ba359816,9,56,856,ZXYYZZXIXZ,ZXIXZZYYXZ,"[0, 1, 3, 4, 5, 6, 7, 8, 9]",0.0009765624999999985,0.0,10,-0.6,"{""0001011011"": 1, ""0010000010"": 1, ""0010010110"": 1, ""0100011011"": 1, ""0101100000"": 1, ""0110110101"": 1, ""0110111000"": 1, ""1000010101"": 1, ""1011011011"": 1, ""1101001100"": 1}"
019e10ef-3e82-7383-89b2-ceb0ba359816,9,57,857,ZXYYZZXIYY,YYIXZZYYXZ,"[0, 1, 3, 4, 5, 6, 7, 8, 9]",0.0009765624999999985,0.0,10,0.0,"{""0001010110"": 1, ""0010011001"": 1, ""0110101110"": 1, ""0110110111"": 1, ""0111101101"": 1, ""1011000011"": 1, ""1100101110"": 1, ""1111101101"": 1, ""1111110111"": 1, ""1111111010"": 1}"
019e10ef-3e82-7383-89b2-ceb0ba359816,9,58,858,ZXYYZZXZII,IIZXZZYYXZ,"[2, 3, 4, 5, 6, 7, 8, 9]",0.0009765624999999985,0.0,10,-0.8,"{""0000100000"": 1, ""0000101101"": 1, ""0010000011"": 1, ""0011111001"": 1, ""0100010101"": 1, ""0101110011"": 1, ""1001100000"": 1, ""1010110111"": 1, ""1111101111"": 1, ""1111110110"": 1}"
019e10ef-3e82-7383-89b2-ceb0ba359816,9,59,859,ZXYYZZXZZX,XZZXZZYYXZ,"[0, 1, 2, 3, 4, 5, 6, 7, 8, 9]",0.0009765624999999985,0.0,10,-0.6,"{""0000110111"": 1, ""0001010111"": 1, ""0100000011"": 1, ""0100001111"": 1, ""0110101100"": 1, ""0110101111"": 1, ""0111011000"": 1, ""1001110100"": 1, ""1011100000"": 1, ""1011111011"": 1}"
019e10ef-3e82-7383-89b2-ceb0ba359816,9,60,860,ZXYYZZYXXY,YXXYZZYYXZ,"[0, 1, 2, 3, 4, 5, 6, 7, 8, 9]",0.0009765624999999985,0.0,10,-0.8,"{""0010011010"": 1, ""0011110100"": 1, ""0101101100"": 1, ""0110100101"": 1, ""0110111101"": 1, ""1000000110"": 1, ""1101000101"": 1, ""1101011101"": 1, ""1110000000"": 1, ""1110000101"": 1}"
019e10ef-3e82-7383-89b2-ceb0ba359816,9,61,861,ZXYYZZYXYZ,ZYXYZZYYXZ,"[0, 1, 2, 3, 4, 5, 6, 7, 8, 9]",-0.0009765624999999985,0.0,10,0.6,"{""0001000100"": 1, ""0011101011"": 1, ""0100000111"": 1, ""0101001011"": 1, ""0101010000"": 1, ""1010101110"": 1, ""1100111010"": 1, ""1101001011"": 1, ""1110010000"": 1, ""1110010110"": 1}"
019e10ef-3e82-7383-89b2-ceb0ba359816,9,62,862,ZXYYZZYYIX,XIYYZZYYXZ,"[0, 2, 3, 4, 5, 6, 7, 8, 9]",0.0009765624999999985,0.0,10,-0.8,"{""0010011111"": 1, ""0100011000"": 1, ""0101111111"": 1, ""0111010011"": 1, ""0111010100"": 1, ""1000000000"": 1, ""1011101100"": 1, ""1101000000"": 1, ""1111111000"": 1, ""1111111111"": 1}"
019e10ef-3e82-7383-89b2-ceb0ba359816,9,63,863,ZXYYZZYYZI,IZYYZZYYXZ,"[1, 2, 3, 4, 5, 6, 7, 8, 9]",0.0009765624999999985,0.0,10,-0.8,"{""0001000110"": 1, ""0001010011"": 1, ""0100001010"": 1, ""0101101100"": 1, ""0101111110"": 1, ""0110101100"": 1, ""1000111000"": 1, ""1010101101"": 1, ""1100100111"": 1, ""1111100110"": 1}"
019e10ef-3e82-7383-89b2-ceb0ba359816,9,64,864,ZXZZIIIIII,IIIIIIZZXZ,"[6, 7, 8, 9]",-0.0009765624999999985,0.0,10,0.8,"{""0000010000"": 1, ""0011010100"": 1, ""0011100111"": 1, ""0101011110"": 1, ""0110111000"": 1, ""0110111111"": 1, ""1000100001"": 1, ""1001010110"": 1, ""1010100010"": 1, ""1111110101"": 1}"
019e10ef-3e82-7383-89b2-ceb0ba359816,9,65,865,ZXZZIIIIZX,XZIIIIZZXZ,"[0, 1, 6, 7, 8, 9]",-0.0009765624999999985,0.0,10,0.8,"{""0001011000"": 1, ""0011011011"": 1, ""1010101000"": 1, ""1010110100"": 1, ""1100100100"": 1, ""1100101111"": 1, ""1100110011"": 1, ""1111010011"": 1, ""1111101000"": 1, ""1111110100"": 1}"
019e10ef-3e82-7383-89b2-ceb0ba359816,9,66,866,ZXZZIIIZXZ,ZXZIIIZZXZ,"[0, 1, 2, 6, 7, 8, 9]",-0.0009765624999999985,0.0,10,0.4,"{""0010001101"": 1, ""0011000100"": 1, ""0011001110"": 1, ""0110110101"": 1, ""1001000101"": 1, ""1001010011"": 1, ""1001011011"": 1, ""1100010000"": 1, ""1110101011"": 1, ""1111010011"": 1}"
019e10ef-3e82-7383-89b2-ceb0ba359816,9,67,867,ZXZZIIIZYY,YYZIIIZZXZ,"[0, 1, 2, 6, 7, 8, 9]",-0.0009765624999999985,0.0,10,0.8,"{""0000000110"": 1, ""0011000011"": 1, ""0011111011"": 1, ""0100011110"": 1, ""0101100110"": 1, ""0101110000"": 1, ""0110011110"": 1, ""1001001101"": 1, ""1111101101"": 1, ""1111111101"": 1}"
019e10ef-3e82-7383-89b2-ceb0ba359816,9,68,868,ZXZZIIZXIX,XIXZIIZZXZ,"[0, 2, 3, 6, 7, 8, 9]",-0.0009765624999999985,0.0,10,0.8,"{""0000110000"": 2, ""0011001011"": 1, ""0101000000"": 1, ""0101011100"": 1, ""1001000111"": 1, ""1010011011"": 1, ""1010100110"": 1, ""1100101100"": 1, ""1111001100"": 1}"
019e10ef-3e82-7383-89b2-ceb0ba359816,9,69,869,ZXZZIIZXZI,IZXZIIZZXZ,"[1, 2, 3, 6, 7, 8, 9]",-0.0009765624999999985,0.0,10,1.0,"{""0000000110"": 1, ""0000001011"": 1, ""0100101000"": 1, ""0101110111"": 1, ""1001000000"": 1, ""1010011011"": 1, ""1010101010"": 1, ""1100001010"": 1, ""1100100001"": 1, ""1111100001"": 1}"
019e10ef-3e82-7383-89b2-ceb0ba359816,9,70,870,ZXZZIIZYXY,YXYZIIZZXZ,"[0, 1, 2, 3, 6, 7, 8, 9]",0.0009765624999999985,0.0,10,-0.6,"{""0011001101"": 1, ""0011101101"": 1, ""0101001110"": 1, ""0101011010"": 1, ""0110110010"": 1, ""1001001110"": 1, ""1001010010"": 1, ""1001110101"": 1, ""1100010010"": 1, ""1111100010"": 1}"
019e10ef-3e82-7383-89b2-ceb0ba359816,9,71,871,ZXZZIIZYYZ,ZYYZIIZZXZ,"[0, 1, 2, 3, 6, 7, 8, 9]",-0.0009765624999999985,0.0,10,0.8,"{""0101100110"": 1, ""0101101100"": 1, ""0101110101"": 1, ""0110110000"": 1, ""0110110101"": 2, ""1001111100"": 1, ""1100000110"": 1, ""1100011110"": 1, ""1111001010"": 1}"
019e10ef-3e82-7383-89b2-ceb0ba359816,9,72,872,ZXZZIZXIXZ,ZXIXZIZZXZ,"[0, 1, 3, 4, 6, 7, 8, 9]",-0.0009765624999999985,0.0,10,0.2,"{""0000000000"": 1, ""0000000101"": 1, ""0000010101"": 1, ""0011101101"": 1, ""0011101110"": 1, ""0110000010"": 1, ""0110000110"": 1, ""1001100000"": 1, ""1010010101"": 1, ""1011010101"": 1}"
019e10ef-3e82-7383-89b2-ceb0ba359816,9,73,873,ZXZZIZXIYY,YYIXZIZZXZ,"[0, 1, 3, 4, 6, 7, 8, 9]",-0.0009765624999999985,0.0,10,0.4,"{""0011000011"": 1, ""0011100000"": 1, ""0100110101"": 1, ""0101000011"": 1, ""0101010110"": 1, ""0110010110"": 1, ""1001011011"": 1, ""1010000101"": 1, ""1010001101"": 1, ""1111011001"": 1}"
019e10ef-3e82-7383-89b2-ceb0ba359816,9,74,874,ZXZZIZXZII,IIZXZIZZXZ,"[2, 3, 4, 6, 7, 8, 9]",-0.0009765624999999985,0.0,10,0.8,"{""0011000011"": 1, ""0011111010"": 1, ""0101101011"": 1, ""0110101110"": 1, ""1010010100"": 1, ""1010011011"": 1, ""1010100010"": 1, ""1010110101"": 1, ""1100001101"": 1, ""1111001111"": 1}"
019e10ef-3e82-7383-89b2-ceb0ba359816,9,75,875,ZXZZIZXZZX,XZZXZIZZXZ,"[0, 1, 2, 3, 4, 6, 7, 8, 9]",-0.0009765624999999985,0.0,10,0.8,"{""0000000000"": 1, ""0000100011"": 1, ""0000101111"": 1, ""0011011011"": 1, ""0101001011"": 1, ""0101001111"": 1, ""0101011000"": 1, ""0101100011"": 1, ""1001001111"": 1, ""1100000011"": 1}"
019e10ef-3e82-7383-89b2-ceb0ba359816,9,76,876,ZXZZIZYXXY,YXXYZIZZXZ,"[0, 1, 2, 3, 4, 6, 7, 8, 9]",-0.0009765624999999985,0.0,10,0.6,"{""0101100101"": 1, ""1010010111"": 1, ""1010110111"": 1, ""1010111001"": 1, ""1100001001"": 1, ""1100110010"": 1, ""1100110011"": 1, ""1100110100"": 1, ""1111010111"": 1, ""1111011110"": 1}"
019e10ef-3e82-7383-89b2-ceb0ba359816,9,77,877,ZXZZIZYXYZ,ZYXYZIZZXZ,"[0, 1, 2, 3, 4, 6, 7, 8, 9]",0.0009765624999999985,0.0,10,-0.4,"{""0000101000"": 1, ""0101100010"": 1, ""0110010100"": 1, ""0110101011"": 1, ""1000100100"": 1, ""1001000010"": 1, ""1001100111"": 1, ""1010110101"": 1, ""1100100111"": 1, ""1101001101"": 1}"
019e10ef-3e82-7383-89b2-ceb0ba359816,9,78,878,ZXZZIZYYIX,XIYYZIZZXZ,"[0, 2, 3, 4, 6, 7, 8, 9]",-0.0009765624999999985,0.0,10,1.0,"{""0000110011"": 1, ""0011000000"": 1, ""0011011111"": 1, ""0101010100"": 1, ""0110000111"": 1, ""1001001100"": 1, ""1001100000"": 1, ""1010110011"": 1, ""1010110110"": 1, ""1100000000"": 1}"
019e10ef-3e82-7383-89b2-ceb0ba359816,9,79,879,ZXZZIZYYZI,IZYYZIZZXZ,"[1, 2, 3, 4, 6, 7, 8, 9]",-0.0009765624999999985,0.0,10,1.0,"{""0000001010"": 1, ""0000010100"": 1, ""0011101100"": 1, ""0101011000"": 1, ""1001111111"": 1, ""1010011000"": 1, ""1010100001"": 1, ""1100100110"": 1, ""1100101100"": 1, ""1111100001"": 1}"
019e10ef-3e82-7383-89b2-ceb0ba359816,9,80,880,ZXZZZXIXIX,XIXIXZZZXZ,"[0, 2, 4, 5, 6, 7, 8, 9]",-0.0009765624999999985,0.0,10,0.2,"{""0000011100"": 1, ""0000101011"": 1, ""0000111011"": 1, ""0001101100"": 1, ""0011110000"": 1, ""0110110000"": 1, ""1010011100"": 1, ""1100000111"": 1, ""1110101011"": 1, ""1110110000"": 1}"
019e10ef-3e82-7383-89b2-ceb0ba359816,9,81,881,ZXZZZXIXZI,IZXIXZZZXZ,"[1, 2, 4, 5, 6, 7, 8, 9]",-0.0009765624999999985,0.0,10,0.4,"{""0011110110"": 1, ""0101110110"": 1, ""0110011010"": 1, ""1001010010"": 1, ""1001101101"": 1, ""1010010110"": 1, ""1100000001"": 1, ""1110110110"": 1, ""1111001100"": 1, ""1111110001"": 1}"
019e10ef-3e82-7383-89b2-ceb0ba359816,9,82,882,ZXZZZXIYXY,YXYIXZZZXZ,"[0, 1, 2, 4, 5, 6, 7, 8, 9]",0.0009765624999999985,0.0,10,-0.8,"{""0000011000"": 1, ""0011000111"": 1, ""0011001010"": 1, ""0011011101"": 1, ""0011110001"": 1, ""1001101000"": 1, ""1100000111"": 1, ""1100011110"": 1, ""1100110001"": 1, ""1111011111"": 1}"
019e10ef-3e82-7383-89b2-ceb0ba359816,9,83,883,ZXZZZXIYYZ,ZYYIXZZZXZ,"[0, 1, 2, 4, 5, 6, 7, 8, 9]",-0.0009765624999999985,0.0,10,0.6,"{""0000000110"": 1, ""0000101111"": 1, ""0011111000"": 1, ""1001000011"": 1, ""1001011000"": 1, ""1010011100"": 1, ""1010101100"": 1, ""1100000101"": 1, ""1100110000"": 1, ""1110011100"": 1}"
019e10ef-3e82-7383-89b2-ceb0ba359816,9,84,884,ZXZZZXZIII,IIIZXZZZXZ,"[3, 4, 5, 6, 7, 8, 9]",-0.0009765624999999985,0.0,10,0.6,"{""0000110010"": 1, ""0001101111"": 1, ""0011011011"": 1, ""0101011110"": 1, ""0110110101"": 1, ""1001000110"": 1, ""1001011100"": 1, ""1011101110"": 1, ""1100011000"": 1, ""1101111110"": 1}"
019e10ef-3e82-7383-89b2-ceb0ba359816,9,85,885,ZXZZZXZIZX,XZIZXZZZXZ,"[0, 1, 3, 4, 5, 6, 7, 8, 9]",-0.0009765624999999985,0.0,10,0.6,"{""0100000100"": 1, ""0101101011"": 1, ""1001000100"": 1, ""1001101111"": 1, ""1001110111"": 1, ""1001111111"": 1, ""1010110111"": 1, ""1111000100"": 1, ""1111101000"": 1, ""1111110111"": 1}"
019e10ef-3e82-7383-89b2-ceb0ba359816,9,86,886,ZXZZZXZZXZ,ZXZZXZZZXZ,"[0, 1, 2, 3, 4, 5, 6, 7, 8, 9]",-0.0009765624999999985,0.0,10,0.8,"{""0000101000"": 1, ""0011000110"": 1, ""0011101101"": 1, ""1001101110"": 1, ""1100000000"": 1, ""1100000110"": 1, ""1100101110"": 1, ""1111011100"": 1, ""1111011101"": 1, ""1111110011"": 1}"
019e10ef-3e82-7383-89b2-ceb0ba359816,9,87,887,ZXZZZXZZYY,YYZZXZZZXZ,"[0, 1, 2, 3, 4, 5, 6, 7, 8, 9]",-0.0009765624999999985,0.0,10,1.0,"{""0011101011"": 1, ""0011110101"": 1, ""0101011110"": 1, ""0101101000"": 1, ""0101110000"": 1, ""0110110110"": 1, ""1100011011"": 1, ""1100101101"": 1, ""1100110011"": 1, ""1111011000"": 1}"
019e10ef-3e82-7383-89b2-ceb0ba359816,9,88,888,ZXZZZYXXXY,YXXXYZZZXZ,"[0, 1, 2, 3, 4, 5, 6, 7, 8, 9]",0.0009765624999999985,0.0,10,-0.6,"{""0000100000"": 1, ""0011101101"": 1, ""0101101111"": 1, ""0101110111"": 1, ""0110000001"": 1, ""0110011100"": 1, ""0110111001"": 1, ""1010111011"": 1, ""1100100011"": 1, ""1111001110"": 1}"
019e10ef-3e82-7383-89b2-ceb0ba359816,9,89,889,ZXZZZYXXYZ,ZYXXYZZZXZ,"[0, 1, 2, 3, 4, 5, 6, 7, 8, 9]",-0.0009765624999999985,0.0,10,0.4,"{""0011000000"": 1, ""0011100010"": 1, ""0101110110"": 1, ""0101111001"": 1, ""0111111001"": 1, ""1001000100"": 1, ""1010001111"": 1, ""1011100011"": 1, ""1100111001"": 1, ""1100111011"": 1}"
019e10ef-3e82-7383-89b2-ceb0ba359816,9,90,890,ZXZZZYXYIX,XIYXYZZZXZ,"[0, 2, 3, 4, 5, 6, 7, 8, 9]",0.0009765624999999985,0.0,10,-1.0,"{""0000000100"": 1, ""0101101011"": 1, ""0110010000"": 1, ""0110011100"": 1, ""1001010000"": 1, ""1001101011"": 1, ""1010111111"": 1, ""1100001000"": 1, ""1100101100"": 1, ""1111011100"": 1}"
019e10ef-3e82-7383-89b2-ceb0ba359816,9,91,891,ZXZZZYXYZI,IZYXYZZZXZ,"[1, 2, 3, 4, 5, 6, 7, 8, 9]",0.0009765624999999985,0.0,10,-0.6,"{""0011000100"": 1, ""0011001111"": 1, ""0011011001"": 1, ""0100010000"": 1, ""0110001110"": 1, ""0110111000"": 1, ""1010000101"": 1, ""1010001001"": 1, ""1010111110"": 1, ""1100000101"": 1}"
019e10ef-3e82-7383-89b2-ceb0ba359816,9,92,892,ZXZZZYYIXZ,ZXIYYZZZXZ,"[0, 1, 3, 4, 5, 6, 7, 8, 9]",-0.0009765624999999985,0.0,10,0.0,"{""0001100110"": 1, ""0001110000"": 1, ""0011000011"": 1, ""0011000110"": 1, ""0011110000"": 1, ""0011110001"": 1, ""1010100100"": 1, ""1010110000"": 1, ""1111001110"": 1, ""1111100010"": 1}"
019e10ef-3e82-7383-89b2-ceb0ba359816,9,93,893,ZXZZZYYIYY,YYIYYZZZXZ,"[0, 1, 3, 4, 5, 6, 7, 8, 9]",-0.0009765624999999985,0.0,10,0.4,"{""0000100111"": 1, ""0101110000"": 1, ""0110111101"": 1, ""1001010101"": 1, ""1001011000"": 1, ""1001111110"": 1, ""1010011011"": 1, ""1100111011"": 1, ""1110101000"": 1, ""1111110011"": 1}"
019e10ef-3e82-7383-89b2-ceb0ba359816,9,94,894,ZXZZZYYZII,IIZYYZZZXZ,"[2, 3, 4, 5, 6, 7, 8, 9]",-0.0009765624999999985,0.0,10,1.0,"{""0000001110"": 1, ""0011010110"": 1, ""0011111111"": 1, ""0110111110"": 1, ""1001010100"": 1, ""1001100100"": 1, ""1010100100"": 1, ""1100000000"": 1, ""1100101001"": 1, ""1100101011"": 1}"
019e10ef-3e82-7383-89b2-ceb0ba359816,9,95,895,ZXZZZYYZZX,XZZYYZZZXZ,"[0, 1, 2, 3, 4, 5, 6, 7, 8, 9]",-0.0009765624999999985,0.0,10,1.0,"{""0000011011"": 1, ""0101001111"": 1, ""0110001100"": 1, ""0110010111"": 1, ""0110110000"": 1, ""1001100111"": 1, ""1001101011"": 1, ""1100000011"": 1, ""1100100100"": 1, ""1100101011"": 1}"
019e10ef-3e82-7383-89b2-ceb0ba359816,9,96,896,ZYIYXIXIXZ,ZXIXIXYIYZ,"[0, 1, 3, 5, 6, 8, 9]",-0.0009765624999999985,0.0,10,0.6,"{""0000000000"": 1, ""0000111011"": 1, ""0010100011"": 1, ""0011010101"": 1, ""0111100011"": 1, ""1001001110"": 1, ""1010011000"": 1, ""1010100000"": 1, ""1010100011"": 1, ""1100101011"": 1}"
019e10ef-3e82-7383-89b2-ceb0ba359816,9,97,897,ZYIYXIXIYY,YYIXIXYIYZ,"[0, 1, 3, 5, 6, 8, 9]",-0.0009765624999999985,0.0,10,0.2,"{""0011000000"": 1, ""0011011011"": 1, ""0011110101"": 1, ""0110101010"": 1, ""1001111011"": 1, ""1010011011"": 1, ""1010100000"": 1, ""1100100011"": 1, ""1100111000"": 1, ""1110011000"": 1}"
019e10ef-3e82-7383-89b2-ceb0ba359816,9,98,898,ZYIYXIXZII,IIZXIXYIYZ,"[2, 3, 5, 6, 8, 9]",-0.0009765624999999985,0.0,10,0.6,"{""0000110101"": 1, ""0011100011"": 1, ""0101000011"": 1, ""0110101101"": 1, ""1001011001"": 1, ""1011100010"": 1, ""1100001110"": 1, ""1100111000"": 1, ""1111010100"": 1, ""1111010111"": 1}"
019e10ef-3e82-7383-89b2-ceb0ba359816,9,99,899,ZYIYXIXZZX,XZZXIXYIYZ,"[0, 1, 2, 3, 5, 6, 8, 9]",-0.0009765624999999985,0.0,10,0.4,"{""0000000000"": 1, ""0000111000"": 1, ""0011010111"": 1, ""0011101100"": 1, ""0101000000"": 1, ""0101110000"": 1, ""0101110111"": 1, ""0101111000"": 1, ""0110010011"": 1, ""1100100000"": 1}"
019e10ef-4435-7101-8a1c-a325c9dac571,10,0,900,ZYIYXIYXXY,YXXYIXYIYZ,"[0, 1, 2, 3, 5, 6, 8, 9]",-0.0009765624999999985,0.0,10,1.0,"{""0000000011"": 1, ""0011101111"": 1, ""0110010111"": 1, ""0110100000"": 1, ""1001110001"": 1, ""1001111110"": 1, ""1010010111"": 1, ""1100000110"": 1, ""1100101110"": 1, ""1111101100"": 1}"
019e10ef-4435-7101-8a1c-a325c9dac571,10,1,901,ZYIYXIYXYZ,ZYXYIXYIYZ,"[0, 1, 2, 3, 5, 6, 8, 9]",0.0009765624999999985,0.0,10,-1.0,"{""0000000111"": 1, ""0000111001"": 1, ""0011011111"": 1, ""0101111100"": 1, ""0110100111"": 1, ""0111110011"": 1, ""1001111010"": 1, ""1100001000"": 1, ""1111100001"": 1, ""1111100010"": 1}"
019e10ef-4435-7101-8a1c-a325c9dac571,10,2,902,ZYIYXIYYIX,XIYYIXYIYZ,"[0, 2, 3, 5, 6, 8, 9]",-0.0009765624999999985,0.0,10,0.4,"{""0000000011"": 1, ""0000001011"": 1, ""0110011111"": 1, ""0110101011"": 1, ""0110101100"": 1, ""1001111000"": 1, ""1010011111"": 1, ""1100000111"": 1, ""1100100000"": 1, ""1111101010"": 1}"
019e10ef-4435-7101-8a1c-a325c9dac571,10,3,903,ZYIYXIYYZI,IZYYIXYIYZ,"[1, 2, 3, 5, 6, 8, 9]",-0.0009765624999999985,0.0,10,0.6,"{""0000110101"": 1, ""0010101010"": 1, ""0101010010"": 1, ""0101110100"": 1, ""0110010010"": 1, ""1001101110"": 1, ""1001110100"": 1, ""1001111000"": 1, ""1010100000"": 1, ""1100000000"": 1}"
019e10ef-4435-7101-8a1c-a325c9dac571,10,4,904,ZYIYXZIIII,IIIIZXYIYZ,"[4, 5, 6, 8, 9]",-0.0009765624999999985,0.0,10,0.8,"{""0000111101"": 1, ""0100000010"": 1, ""0101000010"": 1, ""0101000110"": 1, ""0101001111"": 1, ""0110010011"": 1, ""1001110100"": 1, ""1010010101"": 1, ""1010011001"": 1, ""1100000111"": 1}"
019e10ef-4435-7101-8a1c-a325c9dac571,10,5,905,ZYIYXZIIZX,XZIIZXYIYZ,"[0, 1, 4, 5, 6, 8, 9]",-0.0009765624999999985,0.0,10,0.8,"{""0000000011"": 1, ""0000000100"": 1, ""0101001000"": 1, ""0101110100"": 1, ""0110010100"": 1, ""0110101111"": 1, ""1001000000"": 1, ""1001010000"": 1, ""1010100000"": 1, ""1111011111"": 1}"
019e10ef-4435-7101-8a1c-a325c9dac571,10,6,906,ZYIYXZIZXZ,ZXZIZXYIYZ,"[0, 1, 2, 4, 5, 6, 8, 9]",-0.0009765624999999985,0.0,10,0.4,"{""0000000101"": 1, ""0010101100"": 1, ""0011010011"": 1, ""0110011011"": 1, ""1000000110"": 1, ""1100000000"": 1, ""1100010000"": 1, ""1100110011"": 1, ""1111011001"": 1, ""1111100110"": 1}"
019e10ef-4435-7101-8a1c-a325c9dac571,10,7,907,ZYIYXZIZYY,YYZIZXYIYZ,"[0, 1, 2, 4, 5, 6, 8, 9]",-0.0009765624999999985,0.0,10,0.0,"{""0000001011"": 1, ""0000110000"": 1, ""0011011110"": 1, ""0100110011"": 1, ""0100111110"": 1, ""0101110110"": 1, ""1010100010"": 1, ""1101000110"": 1, ""1110100011"": 1, ""1111010101"": 1}"
019e10ef-4435-7101-8a1c-a325c9dac571,10,8,908,ZYIYXZZXIX,XIXZZXYIYZ,"[0, 2, 3, 4, 5, 6, 8, 9]",-0.0009765624999999985,0.0,10,0.6,"{""0011010000"": 1, ""0011011100"": 1, ""0101000000"": 1, ""0110010000"": 1, ""1010100000"": 1, ""1010100111"": 1, ""1011100111"": 1, ""1100000000"": 1, ""1111010011"": 1, ""1111100000"": 1}"
019e10ef-4435-7101-8a1c-a325c9dac571,10,9,909,ZYIYXZZXZI,IZXZZXYIYZ,"[1, 2, 3, 4, 5, 6, 8, 9]",-0.0009765624999999985,0.0,10,0.2,"{""0000100000"": 1, ""0011011011"": 1, ""0011101101"": 1, ""0100000110"": 1, ""0100110111"": 1, ""0101011010"": 1, ""1001000000"": 1, ""1001001101"": 1, ""1111010111"": 1, ""1111101101"": 1}"
019e10ef-4435-7101-8a1c-a325c9dac571,10,10,910,ZYIYXZZYXY,YXYZZXYIYZ,"[0, 1, 2, 3, 4, 5, 6, 8, 9]",0.0009765624999999985,0.0,10,-0.6,"{""0000001000"": 1, ""0000110111"": 1, ""0000111000"": 1, ""0011011010"": 1, ""0011101110"": 1, ""0100100100"": 1, ""1001001101"": 1, ""1010101101"": 1, ""1100100001"": 1, ""1111011110"": 1}"
019e10ef-4435-7101-8a1c-a325c9dac571,10,11,911,ZYIYXZZYYZ,ZYYZZXYIYZ,"[0, 1, 2, 3, 4, 5, 6, 8, 9]",-0.0009765624999999985,0.0,10,0.0,"{""0000001000"": 1, ""0000101000"": 1, ""0011010111"": 1, ""0101010011"": 1, ""0101100101"": 1, ""1000101010"": 1, ""1001011001"": 1, ""1001110000"": 1, ""1010101111"": 1, ""1111100000"": 1}"
019e10ef-4435-7101-8a1c-a325c9dac571,10,12,912,ZYIYYXXXXY,YXXXXYYIYZ,"[0, 1, 2, 3, 4, 5, 6, 8, 9]",-0.0009765624999999985,0.0,10,0.2,"{""0100010010"": 1, ""0101110000"": 1, ""1001011101"": 1, ""1001101010"": 1, ""1010111101"": 1, ""1011000100"": 1, ""1100100100"": 1, ""1101001101"": 1, ""1111000000"": 1, ""1111110111"": 1}"
019e10ef-4435-7101-8a1c-a325c9dac571,10,13,913,ZYIYYXXXYZ,ZYXXXYYIYZ,"[0, 1, 2, 3, 4, 5, 6, 8, 9]",0.0009765624999999985,0.0,10,0.0,"{""0000010101"": 1, ""0000011001"": 1, ""0010100010"": 1, ""0010111010"": 1, ""0011011100"": 1, ""0101001000"": 1, ""0101110111"": 1, ""0101111000"": 1, ""1010010110"": 1, ""1100011101"": 1}"
019e10ef-4435-7101-8a1c-a325c9dac571,10,14,914,ZYIYYXXYIX,XIYXXYYIYZ,"[0, 2, 3, 4, 5, 6, 8, 9]",-0.0009765624999999985,0.0,10,0.4,"{""0000101000"": 1, ""0100000000"": 1, ""0101110111"": 1, ""0110110000"": 1, ""1000101100"": 1, ""1001001011"": 1, ""1001100100"": 1, ""1010000100"": 1, ""1010101100"": 1, ""1100101011"": 1}"
019e10ef-4435-7101-8a1c-a325c9dac571,10,15,915,ZYIYYXXYZI,IZYXXYYIYZ,"[1, 2, 3, 4, 5, 6, 8, 9]",-0.0009765624999999985,0.0,10,0.2,"{""0000110111"": 1, ""0000111001"": 1, ""0011101111"": 1, ""0101110000"": 1, ""0110001111"": 1, ""0110010001"": 1, ""0111100000"": 1, ""1001010100"": 1, ""1010001110"": 1, ""1010110001"": 1}"
019e10ef-4435-7101-8a1c-a325c9dac571,10,16,916,ZYIYYXYIXZ,ZXIYXYYIYZ,"[0, 1, 3, 4, 5, 6, 8, 9]",0.0009765624999999985,0.0,10,-0.8,"{""0110001110"": 1, ""0110110000"": 1, ""0110110011"": 1, ""1010001011"": 1, ""1010010110"": 1, ""1010100101"": 1, ""1010111101"": 1, ""1100010000"": 1, ""1100100111"": 1, ""1100110110"": 1}"
019e10ef-4435-7101-8a1c-a325c9dac571,10,17,917,ZYIYYXYIYY,YYIYXYYIYZ,"[0, 1, 3, 4, 5, 6, 8, 9]",0.0009765624999999985,0.0,10,0.4,"{""0011010110"": 1, ""0101001101"": 1, ""0110100011"": 1, ""1000111000"": 1, ""1010000000"": 1, ""1010001111"": 1, ""1011011000"": 1, ""1011110011"": 1, ""1110001101"": 1, ""1111010101"": 1}"
019e10ef-4435-7101-8a1c-a325c9dac571,10,18,918,ZYIYYXYZII,IIZYXYYIYZ,"[2, 3, 4, 5, 6, 8, 9]",0.0009765624999999985,0.0,10,-0.4,"{""0000011100"": 1, ""0000100100"": 1, ""0000100101"": 1, ""0101010000"": 1, ""1001000101"": 1, ""1001011101"": 1, ""1001100010"": 1, ""1010100010"": 1, ""1100010000"": 1, ""1111010100"": 1}"
019e10ef-4435-7101-8a1c-a325c9dac571,10,19,919,ZYIYYXYZZX,XZZYXYYIYZ,"[0, 1, 2, 3, 4, 5, 6, 8, 9]",0.0009765624999999985,0.0,10,-0.6,"{""0000111011"": 2, ""0100010011"": 1, ""0101000111"": 1, ""1001110100"": 1, ""1010000000"": 1, ""1010111011"": 1, ""1100000111"": 1, ""1111001100"": 1, ""1111111111"": 1}"
019e10ef-4435-7101-8a1c-a325c9dac571,10,20,920,ZYIYYYIXIX,XIXIYYYIYZ,"[0, 2, 4, 5, 6, 8, 9]",-0.0009765624999999985,0.0,10,0.6,"{""0000101100"": 1, ""0000110000"": 1, ""0010001011"": 1, ""0110001100"": 1, ""1001011011"": 1, ""1100011011"": 1, ""1100101011"": 1, ""1100110111"": 1, ""1111010111"": 1, ""1111101011"": 1}"
019e10ef-4435-7101-8a1c-a325c9dac571,10,21,921,ZYIYYYIXZI,IZXIYYYIYZ,"[1, 2, 4, 5, 6, 8, 9]",-0.0009765624999999985,0.0,10,0.8,"{""0000110001"": 1, ""0011010001"": 1, ""0101000000"": 1, ""0101010010"": 1, ""0101101010"": 1, ""1001101101"": 1, ""1100010111"": 1, ""1100101010"": 2, ""1111001101"": 1}"
019e10ef-4435-7101-8a1c-a325c9dac571,10,22,922,ZYIYYYIYXY,YXYIYYYIYZ,"[0, 1, 2, 4, 5, 6, 8, 9]",0.0009765624999999985,0.0,10,-0.4,"{""0000000001"": 1, ""0000001111"": 1, ""0000011001"": 1, ""0011111101"": 1, ""0101110001"": 1, ""0110000011"": 1, ""0110001001"": 1, ""0110001011"": 1, ""0110111000"": 1, ""1000000010"": 1}"
019e10ef-4435-7101-8a1c-a325c9dac571,10,23,923,ZYIYYYIYYZ,ZYYIYYYIYZ,"[0, 1, 2, 4, 5, 6, 8, 9]",-0.0009765624999999985,0.0,10,0.8,"{""0000011111"": 1, ""0101001111"": 1, ""0110010110"": 1, ""0111010100"": 1, ""1001110101"": 1, ""1010010011"": 1, ""1010010110"": 1, ""1010100000"": 1, ""1010111010"": 1, ""1111001111"": 1}"
019e10ef-4435-7101-8a1c-a325c9dac571,10,24,924,ZYIYYYZIII,IIIZYYYIYZ,"[3, 4, 5, 6, 8, 9]",-0.0009765624999999985,0.0,10,0.4,"{""0000101001"": 1, ""0010111010"": 1, ""0011000110"": 1, ""0110001000"": 1, ""0110100010"": 1, ""1001011101"": 1, ""1001101110"": 1, ""1001110110"": 1, ""1101000010"": 1, ""1111010011"": 1}"
019e10ef-4435-7101-8a1c-a325c9dac571,10,25,925,ZYIYYYZIZX,XZIZYYYIYZ,"[0, 1, 3, 4, 5, 6, 8, 9]",-0.0009765624999999985,0.0,10,0.4,"{""0000000011"": 1, ""0000111100"": 1, ""0011010111"": 1, ""0011111011"": 1, ""0101111100"": 1, ""1001110000"": 1, ""1010101000"": 1, ""1100000111"": 1, ""1100011111"": 1, ""1111010000"": 1}"
019e10ef-4435-7101-8a1c-a325c9dac571,10,26,926,ZYIYYYZZXZ,ZXZZYYYIYZ,"[0, 1, 2, 3, 4, 5, 6, 8, 9]",-0.0009765624999999985,0.0,10,0.6,"{""0000000000"": 1, ""0011101011"": 1, ""0101000000"": 1, ""0101011000"": 1, ""0101101101"": 1, ""1000110110"": 1, ""1010111000"": 1, ""1100011101"": 1, ""1100110101"": 1, ""1111100000"": 1}"
019e10ef-4435-7101-8a1c-a325c9dac571,10,27,927,ZYIYYYZZYY,YYZZYYYIYZ,"[0, 1, 2, 3, 4, 5, 6, 8, 9]",-0.0009765624999999985,0.0,10,0.8,"{""0011001011"": 1, ""0011111000"": 1, ""0101000101"": 1, ""0101110101"": 1, ""1001000110"": 1, ""1001011101"": 1, ""1010001011"": 1, ""1010010110"": 1, ""1011111000"": 1, ""1100000101"": 1}"
019e10ef-4435-7101-8a1c-a325c9dac571,10,28,928,ZYXZXXXXXY,YXXXXXZXYZ,"[0, 1, 2, 3, 4, 5, 6, 7, 8, 9]",-0.0009765624999999985,0.0,10,1.0,"{""0001001011"": 1, ""0001011001"": 1, ""0011010001"": 1, ""0100111011"": 1, ""0101111001"": 1, ""0110011110"": 1, ""0110100010"": 1, ""0110111100"": 1, ""0111010101"": 1, ""1010001010"": 1}"
019e10ef-4435-7101-8a1c-a325c9dac571,10,29,929,ZYXZXXXXYZ,ZYXXXXZXYZ,"[0, 1, 2, 3, 4, 5, 6, 7, 8, 9]",0.0009765624999999985,0.0,10,-0.2,"{""0100100011"": 2, ""0101110110"": 1, ""0110100010"": 1, ""1001100110"": 1, ""1010100101"": 1, ""1010101001"": 1, ""1100011010"": 1, ""1100111101"": 1, ""1111101111"": 1}"
019e10ef-4435-7101-8a1c-a325c9dac571,10,30,930,ZYXZXXXYIX,XIYXXXZXYZ,"[0, 2, 3, 4, 5, 6, 7, 8, 9]",-0.0009765624999999985,0.0,10,0.4,"{""0000110000"": 1, ""0100100111"": 1, ""1000010011"": 1, ""1011010111"": 1, ""1011011000"": 1, ""1100011111"": 1, ""1101111100"": 1, ""1110100111"": 1, ""1111001011"": 1, ""1111011111"": 1}"
019e10ef-4435-7101-8a1c-a325c9dac571,10,31,931,ZYXZXXXYZI,IZYXXXZXYZ,"[1, 2, 3, 4, 5, 6, 7, 8, 9]",-0.0009765624999999985,0.0,10,0.2,"{""0000100111"": 1, ""0001100011"": 1, ""0010101100"": 1, ""0100101001"": 1, ""0111000000"": 1, ""1000100111"": 1, ""1001010010"": 1, ""1011001111"": 1, ""1111101111"": 1, ""1111110110"": 1}"
019e10ef-4435-7101-8a1c-a325c9dac571,10,32,932,ZYXZXXYIXZ,ZXIYXXZXYZ,"[0, 1, 3, 4, 5, 6, 7, 8, 9]",0.0009765624999999985,0.0,10,-0.2,"{""0000000000"": 1, ""0001010110"": 1, ""0011111011"": 1, ""0100010100"": 1, ""0101101111"": 1, ""0111011101"": 1, ""1001010000"": 1, ""1110011011"": 1, ""1111000101"": 1, ""1111001011"": 1}"
019e10ef-4435-7101-8a1c-a325c9dac571,10,33,933,ZYXZXXYIYY,YYIYXXZXYZ,"[0, 1, 3, 4, 5, 6, 7, 8, 9]",0.0009765624999999985,0.0,10,-0.2,"{""0001100101"": 1, ""0011101101"": 1, ""0101011010"": 1, ""0101110110"": 1, ""1000101110"": 2, ""1001000101"": 1, ""1100101100"": 1, ""1101001110"": 1, ""1101100011"": 1}"
019e10ef-4435-7101-8a1c-a325c9dac571,10,34,934,ZYXZXXYZII,IIZYXXZXYZ,"[2, 3, 4, 5, 6, 7, 8, 9]",0.0009765624999999985,0.0,10,-0.8,"{""0000111011"": 1, ""0001010101"": 1, ""0001011001"": 1, ""0011010001"": 1, ""0101110110"": 1, ""0111010101"": 2, ""1011011010"": 1, ""1101011110"": 1, ""1111000101"": 1}"
019e10ef-4435-7101-8a1c-a325c9dac571,10,35,935,ZYXZXXYZZX,XZZYXXZXYZ,"[0, 1, 2, 3, 4, 5, 6, 7, 8, 9]",0.0009765624999999985,0.0,10,-0.2,"{""0001001100"": 1, ""0001110011"": 1, ""0101000011"": 1, ""0110110011"": 1, ""0111111011"": 1, ""1001000011"": 1, ""1010001011"": 1, ""1110010100"": 1, ""1111100000"": 1, ""1111111000"": 1}"
019e10ef-4435-7101-8a1c-a325c9dac571,10,36,936,ZYXZXYIXIX,XIXIYXZXYZ,"[0, 2, 4, 5, 6, 7, 8, 9]",-0.0009765624999999985,0.0,10,0.8,"{""0001010111"": 1, ""0001110000"": 1, ""0010001011"": 1, ""0011101100"": 1, ""0011110000"": 1, ""0101101100"": 1, ""1000111011"": 1, ""1001000111"": 1, ""1100101011"": 1, ""1101111011"": 1}"
019e10ef-4435-7101-8a1c-a325c9dac571,10,37,937,ZYXZXYIXZI,IZXIYXZXYZ,"[1, 2, 4, 5, 6, 7, 8, 9]",-0.0009765624999999985,0.0,10,0.4,"{""0010001100"": 1, ""0011111010"": 1, ""0100010111"": 1, ""0111101011"": 1, ""1000110000"": 1, ""1010000000"": 1, ""1010000110"": 2, ""1100101011"": 1, ""1110001010"": 1}"
019e10ef-4435-7101-8a1c-a325c9dac571,10,38,938,ZYXZXYIYXY,YXYIYXZXYZ,"[0, 1, 2, 4, 5, 6, 7, 8, 9]",0.0009765624999999985,0.0,10,-0.8,"{""0000000010"": 1, ""0001100010"": 1, ""0010001110"": 1, ""0010111110"": 1, ""0100011001"": 1, ""0100100101"": 1, ""0101000100"": 1, ""0101011000"": 1, ""1000001101"": 2}"
019e10ef-4435-7101-8a1c-a325c9dac571,10,39,939,ZYXZXYIYYZ,ZYYIYXZXYZ,"[0, 1, 2, 4, 5, 6, 7, 8, 9]",-0.0009765624999999985,0.0,10,0.4,"{""0011000101"": 1, ""0011011000"": 1, ""0011110000"": 1, ""0100111011"": 1, ""1000110100"": 1, ""1010101100"": 1, ""1011000100"": 1, ""1011001100"": 1, ""1100101010"": 1, ""1110000011"": 1}"
019e10ef-4435-7101-8a1c-a325c9dac571,10,40,940,ZYXZXYZIII,IIIZYXZXYZ,"[3, 4, 5, 6, 7, 8, 9]",-0.0009765624999999985,0.0,10,-0.2,"{""0000000001"": 1, ""0000010100"": 1, ""0001110000"": 1, ""0011100011"": 1, ""0100100111"": 1, ""0101100010"": 1, ""0101101011"": 1, ""1100000101"": 1, ""1100001001"": 1, ""1100100010"": 1}"
019e10ef-4435-7101-8a1c-a325c9dac571,10,41,941,ZYXZXYZIZX,XZIZYXZXYZ,"[0, 1, 3, 4, 5, 6, 7, 8, 9]",-0.0009765624999999985,0.0,10,1.0,"{""0010010011"": 1, ""0100100100"": 1, ""0101000011"": 1, ""0111001111"": 2, ""1000111000"": 1, ""1100110011"": 2, ""1101010011"": 1, ""1110010100"": 1}"
019e10ef-4435-7101-8a1c-a325c9dac571,10,42,942,ZYXZXYZZXZ,ZXZZYXZXYZ,"[0, 1, 2, 3, 4, 5, 6, 7, 8, 9]",-0.0009765624999999985,0.0,10,0.8,"{""0000011011"": 1, ""0010100110"": 1, ""0101000101"": 1, ""1000111011"": 1, ""1011100110"": 1, ""1011111011"": 1, ""1011111101"": 1, ""1101111101"": 1, ""1111011101"": 1, ""1111111101"": 1}"
019e10ef-4435-7101-8a1c-a325c9dac571,10,43,943,ZYXZXYZZYY,YYZZYXZXYZ,"[0, 1, 2, 3, 4, 5, 6, 7, 8, 9]",-0.0009765624999999985,0.0,10,0.6,"{""0001011101"": 1, ""0011000011"": 1, ""0100001110"": 1, ""0100111000"": 1, ""0101110110"": 1, ""0110011000"": 1, ""0111010000"": 1, ""1010110011"": 1, ""1100001101"": 1, ""1110100101"": 1}"
019e10ef-4435-7101-8a1c-a325c9dac571,10,44,944,ZYXZYIXIXZ,ZXIXIYZXYZ,"[0, 1, 3, 5, 6, 7, 8, 9]",0.0009765624999999985,0.0,10,-1.0,"{""0011100011"": 1, ""0110011000"": 1, ""0110101101"": 1, ""0111000011"": 1, ""0111001001"": 1, ""1000000000"": 1, ""1000000011"": 1, ""1010101101"": 1, ""1011001110"": 1, ""1111011000"": 1}"
019e10ef-4435-7101-8a1c-a325c9dac571,10,45,945,ZYXZYIXIYY,YYIXIYZXYZ,"[0, 1, 3, 5, 6, 7, 8, 9]",0.0009765624999999985,0.0,10,-0.8,"{""0000101010"": 1, ""0010111000"": 1, ""0110011011"": 1, ""0111110101"": 1, ""1001010101"": 1, ""1001011011"": 1, ""1001111011"": 1, ""1010011000"": 1, ""1011001101"": 1, ""1100010101"": 1}"
019e10ef-4435-7101-8a1c-a325c9dac571,10,46,946,ZYXZYIXZII,IIZXIYZXYZ,"[2, 3, 5, 6, 7, 8, 9]",0.0009765624999999985,0.0,10,-0.8,"{""0000011010"": 1, ""0010000010"": 1, ""0010001111"": 1, ""0010111010"": 1, ""0100010011"": 1, ""0100101001"": 1, ""1100101101"": 1, ""1101001100"": 1, ""1101101110"": 1, ""1101110110"": 1}"
019e10ef-4435-7101-8a1c-a325c9dac571,10,47,947,ZYXZYIXZZX,XZZXIYZXYZ,"[0, 1, 2, 3, 5, 6, 7, 8, 9]",0.0009765624999999985,0.0,10,-1.0,"{""0001000011"": 1, ""0010000011"": 1, ""0010110111"": 1, ""0011101100"": 1, ""0101011011"": 1, ""1010100011"": 1, ""1100010100"": 1, ""1101000000"": 1, ""1101001100"": 1, ""1111001110"": 1}"
019e10ef-4435-7101-8a1c-a325c9dac571,10,48,948,ZYXZYIYXXY,YXXYIYZXYZ,"[0, 1, 2, 3, 5, 6, 7, 8, 9]",0.0009765624999999985,0.0,10,-1.0,"{""0000101111"": 1, ""0001110010"": 1, ""0010110010"": 1, ""0110101001"": 1, ""1010100011"": 1, ""1100010010"": 1, ""1101000011"": 1, ""1101001111"": 1, ""1110110111"": 1, ""1110111101"": 1}"
019e10ef-4435-7101-8a1c-a325c9dac571,10,49,949,ZYXZYIYXYZ,ZYXYIYZXYZ,"[0, 1, 2, 3, 5, 6, 7, 8, 9]",-0.0009765624999999985,0.0,10,0.4,"{""0001001011"": 1, ""0011100001"": 1, ""0100110000"": 1, ""0101100111"": 1, ""0110010110"": 1, ""0110101101"": 1, ""0111100001"": 1, ""1000010000"": 1, ""1010101101"": 1, ""1011111000"": 1}"
019e10ef-4435-7101-8a1c-a325c9dac571,10,50,950,ZYXZYIYYIX,XIYYIYZXYZ,"[0, 2, 3, 5, 6, 7, 8, 9]",0.0009765624999999985,0.0,10,-0.6,"{""0000001111"": 1, ""0010000111"": 1, ""0010111000"": 1, ""0101101100"": 1, ""0110011110"": 1, ""1001101100"": 1, ""1010100000"": 1, ""1011001011"": 1, ""1101001100"": 1, ""1110000011"": 1}"
019e10ef-4435-7101-8a1c-a325c9dac571,10,51,951,ZYXZYIYYZI,IZYYIYZXYZ,"[1, 2, 3, 5, 6, 7, 8, 9]",0.0009765624999999985,0.0,10,-0.6,"{""0001110010"": 1, ""0010000001"": 1, ""0100110010"": 1, ""0101101011"": 1, ""0111110110"": 1, ""1000000001"": 1, ""1000011111"": 1, ""1101110011"": 1, ""1110111000"": 1, ""1111100110"": 1}"
019e10ef-4435-7101-8a1c-a325c9dac571,10,52,952,ZYXZYZIIII,IIIIZYZXYZ,"[4, 5, 6, 7, 8, 9]",0.0009765624999999985,0.0,10,-0.8,"{""0100011100"": 1, ""0101010010"": 1, ""0101101101"": 1, ""0110011010"": 1, ""0110101110"": 1, ""1010101010"": 1, ""1100011001"": 1, ""1100011110"": 1, ""1110000100"": 1, ""1111010101"": 1}"
019e10ef-4435-7101-8a1c-a325c9dac571,10,53,953,ZYXZYZIIZX,XZIIZYZXYZ,"[0, 1, 4, 5, 6, 7, 8, 9]",0.0009765624999999985,0.0,10,-0.6,"{""0000101000"": 1, ""0000111100"": 1, ""0001000100"": 1, ""0100001111"": 1, ""1000001100"": 1, ""1001000111"": 1, ""1001101011"": 1, ""1010010100"": 1, ""1010100000"": 1, ""1100011011"": 1}"
019e10ef-4435-7101-8a1c-a325c9dac571,10,54,954,ZYXZYZIZXZ,ZXZIZYZXYZ,"[0, 1, 2, 4, 5, 6, 7, 8, 9]",0.0009765624999999985,0.0,10,-0.4,"{""0000001000"": 1, ""0001110110"": 1, ""0100000011"": 1, ""0111110000"": 1, ""1000001000"": 1, ""1100010011"": 1, ""1100011100"": 1, ""1101110110"": 1, ""1111100101"": 1, ""1111101111"": 1}"
019e10ef-4435-7101-8a1c-a325c9dac571,10,55,955,ZYXZYZIZYY,YYZIZYZXYZ,"[0, 1, 2, 4, 5, 6, 7, 8, 9]",0.0009765624999999985,0.0,10,-0.4,"{""0000010011"": 1, ""0010110000"": 1, ""0100001011"": 1, ""0110011001"": 1, ""0111000110"": 1, ""0111001101"": 1, ""1000100101"": 1, ""1100101101"": 1, ""1101001000"": 1, ""1110000001"": 1}"
019e10ef-4435-7101-8a1c-a325c9dac571,10,56,956,ZYXZYZZXIX,XIXZZYZXYZ,"[0, 2, 3, 4, 5, 6, 7, 8, 9]",0.0009765624999999985,0.0,10,-0.4,"{""0100001100"": 1, ""0101110000"": 1, ""1001100011"": 1, ""1010010000"": 1, ""1011000111"": 1, ""1100101100"": 1, ""1101011011"": 1, ""1101110000"": 1, ""1111011100"": 1, ""1111100000"": 1}"
019e10ef-4435-7101-8a1c-a325c9dac571,10,57,957,ZYXZYZZXZI,IZXZZYZXYZ,"[1, 2, 3, 4, 5, 6, 7, 8, 9]",0.0009765624999999985,0.0,10,-0.6,"{""0000010010"": 1, ""0000011010"": 1, ""0011101100"": 1, ""1000000010"": 1, ""1001100001"": 1, ""1010101100"": 1, ""1100100110"": 1, ""1101000001"": 1, ""1110000000"": 1, ""1110111101"": 1}"
019e10ef-4435-7101-8a1c-a325c9dac571,10,58,958,ZYXZYZZYXY,YXYZZYZXYZ,"[0, 1, 2, 3, 4, 5, 6, 7, 8, 9]",-0.0009765624999999985,0.0,10,0.4,"{""0011100010"": 1, ""0011100110"": 1, ""0101100001"": 1, ""0111111011"": 1, ""1001110111"": 1, ""1001111110"": 1, ""1010010010"": 1, ""1011111101"": 1, ""1111101011"": 2}"
019e10ef-4435-7101-8a1c-a325c9dac571,10,59,959,ZYXZYZZYYZ,ZYYZZYZXYZ,"[0, 1, 2, 3, 4, 5, 6, 7, 8, 9]",0.0009765624999999985,0.0,10,-0.4,"{""0001100110"": 1, ""0011011001"": 1, ""0011011010"": 1, ""0011100000"": 1, ""0111001010"": 1, ""0111010000"": 1, ""1001101010"": 1, ""1011111100"": 1, ""1101000101"": 1, ""1111011000"": 1}"
019e10ef-4435-7101-8a1c-a325c9dac571,10,60,960,ZYYZIXIXIX,XIXIXIZYYZ,"[0, 2, 4, 6, 7, 8, 9]",-0.0009765624999999985,0.0,10,0.8,"{""0001101100"": 1, ""0100101100"": 1, ""0101101011"": 1, ""0110011011"": 1, ""1000110111"": 1, ""1011101011"": 1, ""1011110111"": 1, ""1100000111"": 1, ""1110101100"": 1, ""1111011011"": 1}"
019e10ef-4435-7101-8a1c-a325c9dac571,10,61,961,ZYYZIXIXZI,IZXIXIZYYZ,"[1, 2, 4, 6, 7, 8, 9]",-0.0009765624999999985,0.0,10,0.8,"{""0000011011"": 1, ""0010101011"": 1, ""0010110110"": 1, ""0010110111"": 1, ""0100110110"": 2, ""0101001010"": 1, ""0111101100"": 1, ""0111110001"": 1, ""1000110110"": 1}"
019e10ef-4435-7101-8a1c-a325c9dac571,10,62,962,ZYYZIXIYXY,YXYIXIZYYZ,"[0, 1, 2, 4, 6, 7, 8, 9]",0.0009765624999999985,0.0,10,-1.0,"{""0000000111"": 1, ""0000011000"": 1, ""0100101000"": 1, ""0110000111"": 1, ""1001000001"": 1, ""1001000010"": 1, ""1001011101"": 1, ""1100000001"": 1, ""1101110111"": 1, ""1110101000"": 1}"
019e10ef-4435-7101-8a1c-a325c9dac571,10,63,963,ZYYZIXIYYZ,ZYYIXIZYYZ,"[0, 1, 2, 4, 6, 7, 8, 9]",-0.0009765624999999985,0.0,10,1.0,"{""0001110011"": 1, ""0001110110"": 1, ""0101000011"": 1, ""0110000101"": 1, ""1000110011"": 1, ""1001000000"": 1, ""1010011001"": 1, ""1100000000"": 1, ""1111000110"": 1, ""1111011100"": 1}"
019e10ef-4435-7101-8a1c-a325c9dac571,10,64,964,ZYYZIXZIII,IIIZXIZYYZ,"[3, 4, 6, 7, 8, 9]",-0.0009765624999999985,0.0,10,0.6,"{""0000000010"": 1, ""0000110100"": 1, ""1000110111"": 1, ""1001000100"": 1, ""1010000111"": 1, ""1011000101"": 1, ""1011101010"": 1, ""1011101100"": 1, ""1110101111"": 1, ""1110110010"": 1}"
019e10ef-4435-7101-8a1c-a325c9dac571,10,65,965,ZYYZIXZIZX,XZIZXIZYYZ,"[0, 1, 3, 4, 6, 7, 8, 9]",-0.0009765624999999985,0.0,10,0.8,"{""0001101100"": 1, ""0011000000"": 1, ""0100101000"": 1, ""0100110000"": 1, ""0110000011"": 1, ""1100000111"": 1, ""1101101011"": 1, ""1101110000"": 1, ""1110011011"": 1, ""1111011100"": 1}"
019e10ef-4435-7101-8a1c-a325c9dac571,10,66,966,ZYYZIXZZXZ,ZXZZXIZYYZ,"[0, 1, 2, 3, 4, 6, 7, 8, 9]",-0.0009765624999999985,0.0,10,0.6,"{""0100110100"": 1, ""0110011000"": 1, ""0111110011"": 1, ""1010000110"": 1, ""1011101011"": 1, ""1011110110"": 1, ""1100000000"": 1, ""1101011011"": 1, ""1110110110"": 1, ""1111000110"": 1}"
019e10ef-4435-7101-8a1c-a325c9dac571,10,67,967,ZYYZIXZZYY,YYZZXIZYYZ,"[0, 1, 2, 3, 4, 6, 7, 8, 9]",-0.0009765624999999985,0.0,10,0.8,"{""0010000110"": 1, ""0111101011"": 1, ""1000110101"": 1, ""1010000011"": 1, ""1010000101"": 1, ""1011110000"": 1, ""1100000101"": 1, ""1100011110"": 1, ""1101011010"": 1, ""1110110101"": 1}"
019e10ef-4435-7101-8a1c-a325c9dac571,10,68,968,ZYYZIYXXXY,YXXXYIZYYZ,"[0, 1, 2, 3, 4, 6, 7, 8, 9]",0.0009765624999999985,0.0,10,-0.4,"{""0110000000"": 1, ""0110011010"": 1, ""0111111000"": 1, ""1000101010"": 1, ""1001110001"": 1, ""1010011010"": 1, ""1011110010"": 1, ""1100001010"": 1, ""1100010110"": 1, ""1101111110"": 1}"
019e10ef-4435-7101-8a1c-a325c9dac571,10,69,969,ZYYZIYXXYZ,ZYXXYIZYYZ,"[0, 1, 2, 3, 4, 6, 7, 8, 9]",-0.0009765624999999985,0.0,10,0.2,"{""0000101001"": 1, ""0011011011"": 1, ""0100000000"": 1, ""0110010110"": 1, ""1001001010"": 1, ""1010011011"": 1, ""1010110110"": 1, ""1011100100"": 1, ""1011110010"": 1, ""1110110101"": 1}"
019e10ef-4435-7101-8a1c-a325c9dac571,10,70,970,ZYYZIYXYIX,XIYXYIZYYZ,"[0, 2, 3, 4, 6, 7, 8, 9]",0.0009765624999999985,0.0,10,0.0,"{""0011101011"": 1, ""0011101100"": 1, ""0111010111"": 1, ""1001000011"": 1, ""1001001000"": 1, ""1010011011"": 1, ""1011101011"": 1, ""1100100000"": 1, ""1110010100"": 1, ""1110110000"": 1}"
019e10ef-4435-7101-8a1c-a325c9dac571,10,71,971,ZYYZIYXYZI,IZYXYIZYYZ,"[1, 2, 3, 4, 6, 7, 8, 9]",0.0009765624999999985,0.0,10,-0.6,"{""0000001001"": 1, ""0000110011"": 1, ""0011010111"": 1, ""0100101100"": 1, ""0101000010"": 1, ""0101000011"": 1, ""0101001110"": 1, ""0110011101"": 1, ""1011101011"": 1, ""1110010000"": 1}"
019e10ef-4435-7101-8a1c-a325c9dac571,10,72,972,ZYYZIYYIXZ,ZXIYYIZYYZ,"[0, 1, 3, 4, 6, 7, 8, 9]",-0.0009765624999999985,0.0,10,0.4,"{""0010110110"": 1, ""0100000110"": 1, ""0100101000"": 1, ""0110011000"": 1, ""0111100101"": 1, ""1001001101"": 1, ""1001010101"": 1, ""1100001000"": 1, ""1101101010"": 1, ""1110110011"": 1}"
019e10ef-4435-7101-8a1c-a325c9dac571,10,73,973,ZYYZIYYIYY,YYIYYIZYYZ,"[0, 1, 3, 4, 6, 7, 8, 9]",-0.0009765624999999985,0.0,10,0.4,"{""0000111010"": 1, ""0001110010"": 1, ""0011100110"": 1, ""0110001101"": 1, ""1010010110"": 1, ""1011110000"": 1, ""1100001110"": 1, ""1101100101"": 1, ""1110101011"": 1, ""1111000011"": 1}"
019e10ef-4435-7101-8a1c-a325c9dac571,10,74,974,ZYYZIYYZII,IIZYYIZYYZ,"[2, 3, 4, 6, 7, 8, 9]",-0.0009765624999999985,0.0,10,0.2,"{""0110100101"": 1, ""0111101010"": 1, ""0111101011"": 1, ""1000100111"": 1, ""1001011001"": 1, ""1010001010"": 1, ""1110111111"": 1, ""1111001100"": 1, ""1111110000"": 1, ""1111110011"": 1}"
019e10ef-4435-7101-8a1c-a325c9dac571,10,75,975,ZYYZIYYZZX,XZZYYIZYYZ,"[0, 1, 2, 3, 4, 6, 7, 8, 9]",-0.0009765624999999985,0.0,10,0.2,"{""0010100011"": 1, ""0010101000"": 1, ""0010111011"": 1, ""0011111111"": 1, ""0110011000"": 1, ""1000111111"": 1, ""1010000011"": 1, ""1011110011"": 1, ""1100101011"": 1, ""1111001100"": 1}"
019e10ef-4435-7101-8a1c-a325c9dac571,10,76,976,ZYYZZIIIII,IIIIIZZYYZ,"[5, 6, 7, 8, 9]",-0.0009765624999999985,0.0,10,0.8,"{""0010101101"": 1, ""0111100011"": 1, ""1000101100"": 1, ""1001001101"": 1, ""1010001101"": 1, ""1010010001"": 1, ""1010110000"": 1, ""1011101011"": 1, ""1011110011"": 1, ""1100010011"": 1}"
019e10ef-4435-7101-8a1c-a325c9dac571,10,77,977,ZYYZZIIIZX,XZIIIZZYYZ,"[0, 1, 5, 6, 7, 8, 9]",-0.0009765624999999985,0.0,10,0.6,"{""0000001000"": 1, ""1000011111"": 1, ""1000110111"": 1, ""1001001100"": 1, ""1011100100"": 1, ""1100010111"": 1, ""1101011000"": 1, ""1101100000"": 1, ""1101101011"": 1, ""1110101000"": 1}"
019e10ef-4435-7101-8a1c-a325c9dac571,10,78,978,ZYYZZIIZXZ,ZXZIIZZYYZ,"[0, 1, 2, 5, 6, 7, 8, 9]",-0.0009765624999999985,0.0,10,0.6,"{""0000001110"": 1, ""0000101110"": 1, ""0001101000"": 1, ""0010100000"": 1, ""0110001011"": 1, ""0111001011"": 1, ""1001011101"": 1, ""1011100101"": 1, ""1011110000"": 1, ""1110100101"": 1}"
019e10ef-4435-7101-8a1c-a325c9dac571,10,79,979,ZYYZZIIZYY,YYZIIZZYYZ,"[0, 1, 2, 5, 6, 7, 8, 9]",-0.0009765624999999985,0.0,10,0.8,"{""0000000011"": 1, ""0000010011"": 1, ""0111000101"": 1, ""1001010110"": 1, ""1011100011"": 1, ""1100000000"": 1, ""1100000101"": 1, ""1100001000"": 1, ""1101101110"": 1, ""1111010110"": 1}"
019e10ef-4435-7101-8a1c-a325c9dac571,10,80,980,ZYYZZIZXIX,XIXZIZZYYZ,"[0, 2, 3, 5, 6, 7, 8, 9]",-0.0009765624999999985,0.0,10,0.4,"{""0001011011"": 1, ""0001100111"": 1, ""0110001100"": 1, ""0111111100"": 1, ""1000100000"": 1, ""1001001011"": 1, ""1010010111"": 1, ""1101110001"": 1, ""1110100000"": 1, ""1111111100"": 1}"
019e10ef-4435-7101-8a1c-a325c9dac571,10,81,981,ZYYZZIZXZI,IZXZIZZYYZ,"[1, 2, 3, 5, 6, 7, 8, 9]",-0.0009765624999999985,0.0,10,0.4,"{""0000100000"": 2, ""0001000000"": 1, ""0010100110"": 1, ""0100100111"": 1, ""1100000111"": 1, ""1101110001"": 1, ""1110110001"": 1, ""1110110111"": 1, ""1111001100"": 1}"
019e10ef-4435-7101-8a1c-a325c9dac571,10,82,982,ZYYZZIZYXY,YXYZIZZYYZ,"[0, 1, 2, 3, 5, 6, 7, 8, 9]",0.0009765624999999985,0.0,10,-0.8,"{""0001111101"": 1, ""0011001000"": 1, ""0100110001"": 1, ""0100111011"": 1, ""0101000100"": 1, ""0111011001"": 1, ""0111100000"": 1, ""1011101101"": 1, ""1101101110"": 1, ""1110111110"": 1}"
019e10ef-4435-7101-8a1c-a325c9dac571,10,83,983,ZYYZZIZYYZ,ZYYZIZZYYZ,"[0, 1, 2, 3, 5, 6, 7, 8, 9]",-0.0009765624999999985,0.0,10,0.2,"{""0000000101"": 1, ""0001110011"": 1, ""0010000110"": 1, ""0011010000"": 1, ""0100111111"": 1, ""0101100011"": 1, ""0111111001"": 1, ""1000110001"": 1, ""1001111001"": 1, ""1101110011"": 1}"
019e10ef-4435-7101-8a1c-a325c9dac571,10,84,984,ZYYZZZXIXZ,ZXIXZZZYYZ,"[0, 1, 3, 4, 5, 6, 7, 8, 9]",-0.0009765624999999985,0.0,10,0.6,"{""0001000000"": 1, ""0001100011"": 1, ""0010101000"": 1, ""0101101011"": 1, ""0110001101"": 1, ""1011110110"": 1, ""1100000011"": 1, ""1110111000"": 1, ""1111001101"": 1, ""1111011000"": 1}"
019e10ef-4435-7101-8a1c-a325c9dac571,10,85,985,ZYYZZZXIYY,YYIXZZZYYZ,"[0, 1, 3, 4, 5, 6, 7, 8, 9]",-0.0009765624999999985,0.0,10,0.4,"{""0001110101"": 1, ""0011010110"": 1, ""0101110101"": 1, ""0111011000"": 1, ""0111100001"": 1, ""1000111000"": 1, ""1001101011"": 1, ""1010011011"": 1, ""1011100000"": 1, ""1111010110"": 1}"
019e10ef-4435-7101-8a1c-a325c9dac571,10,86,986,ZYYZZZXZII,IIZXZZZYYZ,"[2, 3, 4, 5, 6, 7, 8, 9]",-0.0009765624999999985,0.0,10,0.8,"{""0101110001"": 1, ""1000110100"": 1, ""1000110111"": 1, ""1010010100"": 1, ""1010011000"": 1, ""1011101111"": 1, ""1100001101"": 1, ""1101111101"": 1, ""1111001111"": 1, ""1111010110"": 1}"
019e10ef-4435-7101-8a1c-a325c9dac571,10,87,987,ZYYZZZXZZX,XZZXZZZYYZ,"[0, 1, 2, 3, 4, 5, 6, 7, 8, 9]",-0.0009765624999999985,0.0,10,0.6,"{""0001111000"": 1, ""0010010100"": 1, ""0010101100"": 1, ""0010111011"": 1, ""0110001100"": 1, ""0110100011"": 1, ""1011111011"": 1, ""1101100011"": 1, ""1101101100"": 1, ""1111010100"": 1}"
019e10ef-4435-7101-8a1c-a325c9dac571,10,88,988,ZYYZZZYXXY,YXXYZZZYYZ,"[0, 1, 2, 3, 4, 5, 6, 7, 8, 9]",-0.0009765624999999985,0.0,10,0.4,"{""0000001100"": 1, ""0001111111"": 1, ""0010110010"": 1, ""1001010111"": 1, ""1001101010"": 1, ""1011110010"": 1, ""1100001100"": 1, ""1101110111"": 1, ""1111000000"": 1, ""1111100011"": 1}"
019e10ef-4435-7101-8a1c-a325c9dac571,10,89,989,ZYYZZZYXYZ,ZYXYZZZYYZ,"[0, 1, 2, 3, 4, 5, 6, 7, 8, 9]",0.0009765624999999985,0.0,10,-0.6,"{""0100111001"": 1, ""0101010110"": 1, ""0110000010"": 1, ""0110110110"": 1, ""0111100111"": 1, ""0111110011"": 1, ""1001000001"": 1, ""1001101000"": 1, ""1101101101"": 1, ""1101110000"": 1}"
019e10ef-4435-7101-8a1c-a325c9dac571,10,90,990,ZYYZZZYYIX,XIYYZZZYYZ,"[0, 2, 3, 4, 5, 6, 7, 8, 9]",-0.0009765624999999985,0.0,10,0.6,"{""0001101100"": 1, ""0001111111"": 1, ""0010111000"": 1, ""0101100000"": 1, ""0111100000"": 1, ""1010000111"": 1, ""1011110011"": 1, ""1101110100"": 1, ""1111010011"": 1, ""1111100111"": 1}"
019e10ef-4435-7101-8a1c-a325c9dac571,10,91,991,ZYYZZZYYZI,IZYYZZZYYZ,"[1, 2, 3, 4, 5, 6, 7, 8, 9]",-0.0009765624999999985,0.0,10,0.2,"{""0100110100"": 1, ""0101010100"": 1, ""0111100010"": 1, ""1000110011"": 1, ""1001011100"": 1, ""1001011111"": 1, ""1010001011"": 1, ""1011111111"": 1, ""1100001110"": 1, ""1100111000"": 1}"
019e10ef-4435-7101-8a1c-a325c9dac571,10,92,992,ZYZYIIIIII,IIIIIIYZYZ,"[6, 7, 8, 9]",-0.0009765624999999985,0.0,10,0.8,"{""0001100101"": 1, ""0110001101"": 1, ""1001000111"": 1, ""1001100000"": 1, ""1001111000"": 1, ""1010000000"": 1, ""1010100011"": 1, ""1100001000"": 1, ""1111000110"": 1, ""1111100011"": 1}"
019e10ef-4435-7101-8a1c-a325c9dac571,10,93,993,ZYZYIIIIZX,XZIIIIYZYZ,"[0, 1, 6, 7, 8, 9]",-0.0009765624999999985,0.0,10,0.8,"{""0110001111"": 1, ""0110010111"": 1, ""0110011111"": 1, ""0110111011"": 1, ""1001001010"": 1, ""1001101000"": 1, ""1001110000"": 1, ""1100001111"": 1, ""1100100111"": 1, ""1111110011"": 1}"
019e10ef-4435-7101-8a1c-a325c9dac571,10,94,994,ZYZYIIIZXZ,ZXZIIIYZYZ,"[0, 1, 2, 6, 7, 8, 9]",-0.0009765624999999985,0.0,10,0.8,"{""0000110110"": 1, ""0101100000"": 1, ""0110101011"": 1, ""1001101011"": 1, ""1010100000"": 1, ""1010101011"": 1, ""1100000011"": 2, ""1100101101"": 1, ""1110001110"": 1}"
019e10ef-4435-7101-8a1c-a325c9dac571,10,95,995,ZYZYIIIZYY,YYZIIIYZYZ,"[0, 1, 2, 6, 7, 8, 9]",-0.0009765624999999985,0.0,10,0.6,"{""0010001011"": 1, ""0011100110"": 1, ""0101001011"": 1, ""0101100000"": 1, ""0101111110"": 1, ""1001001001"": 1, ""1001101011"": 1, ""1010000101"": 1, ""1010001110"": 1, ""1100011101"": 1}"
019e10ef-4435-7101-8a1c-a325c9dac571,10,96,996,ZYZYIIZXIX,XIXZIIYZYZ,"[0, 2, 3, 6, 7, 8, 9]",-0.0009765624999999985,0.0,10,0.8,"{""0000000111"": 1, ""0000001100"": 1, ""0001100000"": 1, ""0011001100"": 1, ""0011011011"": 1, ""0011100111"": 1, ""0011101011"": 1, ""0101011011"": 2, ""1100001100"": 1}"
019e10ef-4435-7101-8a1c-a325c9dac571,10,97,997,ZYZYIIZXZI,IZXZIIYZYZ,"[1, 2, 3, 6, 7, 8, 9]",-0.0009765624999999985,0.0,10,0.8,"{""0000000000"": 1, ""0011010110"": 1, ""0101011101"": 1, ""1001101100"": 1, ""1010011011"": 1, ""1010110000"": 1, ""1100001101"": 1, ""1100011010"": 1, ""1100110000"": 1, ""1101111101"": 1}"
019e10ef-4435-7101-8a1c-a325c9dac571,10,98,998,ZYZYIIZYXY,YXYZIIYZYZ,"[0, 1, 2, 3, 6, 7, 8, 9]",0.0009765624999999985,0.0,10,-0.6,"{""0000000100"": 1, ""0000011011"": 1, ""0001011110"": 1, ""0011000001"": 1, ""0101000111"": 1, ""0110001101"": 1, ""0110010111"": 1, ""1010010001"": 1, ""1111100010"": 1, ""1111111100"": 1}"
019e10ef-4435-7101-8a1c-a325c9dac571,10,99,999,ZYZYIIZYYZ,ZYYZIIYZYZ,"[0, 1, 2, 3, 6, 7, 8, 9]",-0.0009765624999999985,0.0,10,0.2,"{""0000000101"": 1, ""0000001111"": 1, ""0000010001"": 1, ""0001001001"": 1, ""0011011111"": 1, ""0101111010"": 1, ""1001011100"": 1, ""1010111110"": 1, ""1110000101"": 1, ""1110110001"": 1}"
019e10ef-4631-77d0-a951-cf8e16cb1d5e,11,0,1000,ZYZYIZXIXZ,ZXIXZIYZYZ,"[0, 1, 3, 4, 6, 7, 8, 9]",-0.0009765624999999985,0.0,10,0.6,"{""0000001100"": 1, ""0000011000"": 1, ""0001110101"": 1, ""0011111011"": 1, ""0101001101"": 1, ""1001110101"": 1, ""1010010001"": 1, ""1010010101"": 1, ""1111001101"": 1, ""1111011011"": 1}"
019e10ef-4631-77d0-a951-cf8e16cb1d5e,11,1,1001,ZYZYIZXIYY,YYIXZIYZYZ,"[0, 1, 3, 4, 6, 7, 8, 9]",-0.0009765624999999985,0.0,10,0.2,"{""0011000000"": 1, ""0011101101"": 1, ""0101011001"": 1, ""1000111011"": 1, ""1001000010"": 1, ""1001010110"": 1, ""1001011011"": 1, ""1010001000"": 1, ""1010001001"": 1, ""1111001101"": 1}"
019e10ef-4631-77d0-a951-cf8e16cb1d5e,11,2,1002,ZYZYIZXZII,IIZXZIYZYZ,"[2, 3, 4, 6, 7, 8, 9]",-0.0009765624999999985,0.0,10,0.4,"{""0010001110"": 1, ""0101010101"": 1, ""0101101111"": 1, ""0111101101"": 1, ""1010000001"": 1, ""1010001110"": 1, ""1100100100"": 1, ""1100101110"": 1, ""1111000000"": 1, ""1111111000"": 1}"
019e10ef-4631-77d0-a951-cf8e16cb1d5e,11,3,1003,ZYZYIZXZZX,XZZXZIYZYZ,"[0, 1, 2, 3, 4, 6, 7, 8, 9]",-0.0009765624999999985,0.0,10,0.8,"{""0000100011"": 1, ""0011011111"": 1, ""0011110111"": 1, ""0101110111"": 1, ""0110001100"": 1, ""1001000000"": 1, ""1111010111"": 1, ""1111100011"": 1, ""1111110111"": 1, ""1111111011"": 1}"
019e10ef-4631-77d0-a951-cf8e16cb1d5e,11,4,1004,ZYZYIZYXXY,YXXYZIYZYZ,"[0, 1, 2, 3, 4, 6, 7, 8, 9]",-0.0009765624999999985,0.0,10,0.2,"{""0000101110"": 1, ""0101101110"": 1, ""0110001100"": 1, ""0110100110"": 1, ""1000011000"": 1, ""1000110100"": 1, ""1001111110"": 1, ""1010010001"": 1, ""1010011101"": 1, ""1010111000"": 1}"
019e10ef-4631-77d0-a951-cf8e16cb1d5e,11,5,1005,ZYZYIZYXYZ,ZYXYZIYZYZ,"[0, 1, 2, 3, 4, 6, 7, 8, 9]",0.0009765624999999985,0.0,10,-0.8,"{""0011010011"": 1, ""0011111001"": 1, ""0110010011"": 1, ""0110101101"": 1, ""0110110011"": 1, ""1001001000"": 1, ""1001001110"": 1, ""1001101011"": 1, ""1100101111"": 1, ""1100111111"": 1}"
019e10ef-4631-77d0-a951-cf8e16cb1d5e,11,6,1006,ZYZYIZYYIX,XIYYZIYZYZ,"[0, 2, 3, 4, 6, 7, 8, 9]",-0.0009765624999999985,0.0,10,0.4,"{""0000011111"": 1, ""0011101011"": 1, ""0100000111"": 1, ""0110000100"": 1, ""0111101011"": 1, ""1001110011"": 1, ""1001111000"": 1, ""1100001011"": 1, ""1111011111"": 1, ""1111111111"": 1}"
019e10ef-4631-77d0-a951-cf8e16cb1d5e,11,7,1007,ZYZYIZYYZI,IZYYZIYZYZ,"[1, 2, 3, 4, 6, 7, 8, 9]",-0.0009765624999999985,0.0,10,0.4,"{""0000110010"": 2, ""0001110101"": 1, ""0010111011"": 1, ""0100111111"": 1, ""1000010011"": 1, ""1001010011"": 1, ""1010011110"": 1, ""1100111001"": 1, ""1100111111"": 1}"
019e10ef-4631-77d0-a951-cf8e16cb1d5e,11,8,1008,ZYZYZXIXIX,XIXIXZYZYZ,"[0, 2, 4, 5, 6, 7, 8, 9]",-0.0009765624999999985,0.0,10,0.8,"{""0110011011"": 1, ""0110011100"": 1, ""1001000000"": 1, ""1001000111"": 1, ""1010101011"": 1, ""1010110000"": 1, ""1111000111"": 1, ""1111101100"": 1, ""1111110011"": 1, ""1111110111"": 1}"
019e10ef-4631-77d0-a951-cf8e16cb1d5e,11,9,1009,ZYZYZXIXZI,IZXIXZYZYZ,"[1, 2, 4, 5, 6, 7, 8, 9]",-0.0009765624999999985,0.0,10,0.2,"{""0000101101"": 1, ""0011011101"": 1, ""0011110000"": 1, ""0101101010"": 1, ""0110101010"": 1, ""0111000000"": 1, ""1001000000"": 1, ""1011110110"": 1, ""1101011011"": 1, ""1110000000"": 1}"
019e10ef-4631-77d0-a951-cf8e16cb1d5e,11,10,1010,ZYZYZXIYXY,YXYIXZYZYZ,"[0, 1, 2, 4, 5, 6, 7, 8, 9]",0.0009765624999999985,0.0,10,-0.4,"{""0011011110"": 1, ""0011101000"": 1, ""0011101011"": 1, ""0111000111"": 1, ""1000110100"": 1, ""1010101101"": 1, ""1010101110"": 1, ""1111000100"": 1, ""1111011001"": 1, ""1111110111"": 1}"
019e10ef-4631-77d0-a951-cf8e16cb1d5e,11,11,1011,ZYZYZXIYYZ,ZYYIXZYZYZ,"[0, 1, 2, 4, 5, 6, 7, 8, 9]",-0.0009765624999999985,0.0,10,0.2,"{""0000001010"": 1, ""0010011010"": 1, ""0011000110"": 1, ""0011110000"": 1, ""0110011001"": 1, ""1001000101"": 1, ""1010000011"": 1, ""1010000101"": 1, ""1111011000"": 1, ""1111101110"": 1}"
019e10ef-4631-77d0-a951-cf8e16cb1d5e,11,12,1012,ZYZYZXZIII,IIIZXZYZYZ,"[3, 4, 5, 6, 7, 8, 9]",-0.0009765624999999985,0.0,10,1.0,"{""0000110100"": 1, ""0011101001"": 1, ""0011110001"": 1, ""0101110110"": 1, ""0110000110"": 1, ""0110110001"": 1, ""1001011000"": 2, ""1100110100"": 1, ""1111011011"": 1}"
019e10ef-4631-77d0-a951-cf8e16cb1d5e,11,13,1013,ZYZYZXZIZX,XZIZXZYZYZ,"[0, 1, 3, 4, 5, 6, 7, 8, 9]",-0.0009765624999999985,0.0,10,0.2,"{""0000101100"": 1, ""0010010011"": 1, ""0011110100"": 1, ""0110100000"": 1, ""0110101011"": 1, ""1000000000"": 1, ""1001001000"": 1, ""1100110100"": 1, ""1101011111"": 1, ""1111000111"": 1}"
019e10ef-4631-77d0-a951-cf8e16cb1d5e,11,14,1014,ZYZYZXZZXZ,ZXZZXZYZYZ,"[0, 1, 2, 3, 4, 5, 6, 7, 8, 9]",-0.0009765624999999985,0.0,10,0.4,"{""0000000011"": 1, ""0000011011"": 1, ""0000101000"": 1, ""0010011010"": 1, ""0011101100"": 1, ""0110011101"": 1, ""1001101000"": 1, ""1001110110"": 1, ""1010000010"": 1, ""1101110000"": 1}"
019e10ef-4631-77d0-a951-cf8e16cb1d5e,11,15,1015,ZYZYZXZZYY,YYZZXZYZYZ,"[0, 1, 2, 3, 4, 5, 6, 7, 8, 9]",-0.0009765624999999985,0.0,10,0.8,"{""0010110101"": 1, ""0011011011"": 1, ""0011101011"": 1, ""0011110011"": 1, ""0101000011"": 1, ""0110101110"": 1, ""1010011110"": 1, ""1010110000"": 1, ""1011110111"": 1, ""1111110000"": 1}"
019e10ef-4631-77d0-a951-cf8e16cb1d5e,11,16,1016,ZYZYZYXXXY,YXXXYZYZYZ,"[0, 1, 2, 3, 4, 5, 6, 7, 8, 9]",0.0009765624999999985,0.0,10,-0.2,"{""0000011100"": 1, ""0101001011"": 1, ""0101101010"": 1, ""0110010010"": 1, ""1001000000"": 1, ""1001011111"": 1, ""1100101000"": 1, ""1100111101"": 1, ""1101001101"": 1, ""1111110100"": 1}"
019e10ef-4631-77d0-a951-cf8e16cb1d5e,11,17,1017,ZYZYZYXXYZ,ZYXXYZYZYZ,"[0, 1, 2, 3, 4, 5, 6, 7, 8, 9]",-0.0009765624999999985,0.0,10,0.0,"{""0000101101"": 1, ""0101111000"": 1, ""0101111100"": 1, ""0110011011"": 1, ""1000000010"": 1, ""1000010111"": 1, ""1001111110"": 1, ""1010100100"": 1, ""1111001011"": 1, ""1111111000"": 1}"
019e10ef-4631-77d0-a951-cf8e16cb1d5e,11,18,1018,ZYZYZYXYIX,XIYXYZYZYZ,"[0, 2, 3, 4, 5, 6, 7, 8, 9]",0.0009765624999999985,0.0,10,-0.6,"{""0000100000"": 1, ""0000110000"": 1, ""0101001111"": 1, ""0110011100"": 1, ""0110111000"": 1, ""0111001000"": 1, ""1001001000"": 1, ""1001001111"": 1, ""1100011011"": 1, ""1100111111"": 1}"
019e10ef-4631-77d0-a951-cf8e16cb1d5e,11,19,1019,ZYZYZYXYZI,IZYXYZYZYZ,"[1, 2, 3, 4, 5, 6, 7, 8, 9]",0.0009765624999999985,0.0,10,-0.8,"{""0000001001"": 1, ""0000010111"": 1, ""0100111111"": 1, ""0101001000"": 1, ""0101111000"": 1, ""0110001111"": 1, ""1001111001"": 1, ""1010011010"": 1, ""1010101100"": 1, ""1111010110"": 1}"
019e10ef-4631-77d0-a951-cf8e16cb1d5e,11,20,1020,ZYZYZYYIXZ,ZXIYYZYZYZ,"[0, 1, 3, 4, 5, 6, 7, 8, 9]",-0.0009765624999999985,0.0,10,0.4,"{""0000010101"": 1, ""0000110110"": 1, ""0101100101"": 1, ""0101101000"": 1, ""0101111101"": 1, ""0110001000"": 1, ""1001010010"": 1, ""1001101011"": 1, ""1100001000"": 1, ""1111001010"": 1}"
019e10ef-4631-77d0-a951-cf8e16cb1d5e,11,21,1021,ZYZYZYYIYY,YYIYYZYZYZ,"[0, 1, 3, 4, 5, 6, 7, 8, 9]",-0.0009765624999999985,0.0,10,1.0,"{""0000101000"": 1, ""0011111110"": 1, ""0110000011"": 1, ""1001011011"": 1, ""1001101000"": 1, ""1010110000"": 1, ""1100010110"": 1, ""1111010101"": 1, ""1111110000"": 1, ""1111111110"": 1}"
019e10ef-4631-77d0-a951-cf8e16cb1d5e,11,22,1022,ZYZYZYYZII,IIZYYZYZYZ,"[2, 3, 4, 5, 6, 7, 8, 9]",-0.0009765624999999985,0.0,10,0.6,"{""0000010110"": 1, ""0011011001"": 1, ""0011110000"": 1, ""0101001110"": 1, ""0101111111"": 1, ""1000000011"": 1, ""1001110010"": 1, ""1010100100"": 1, ""1100101111"": 1, ""1111111100"": 1}"
019e10ef-4631-77d0-a951-cf8e16cb1d5e,11,23,1023,ZYZYZYYZZX,XZZYYZYZYZ,"[0, 1, 2, 3, 4, 5, 6, 7, 8, 9]",-0.0009765624999999985,0.0,10,0.8,"{""0000010100"": 1, ""0000110011"": 1, ""0011011011"": 1, ""0011111111"": 1, ""0110101011"": 1, ""1100011011"": 1, ""1100100011"": 1, ""1100100111"": 1, ""1100111100"": 1, ""1111111100"": 1}"
