job_id,batch_index,circuit_index_in_job,term_index,pauli_label_qiskit_order,pauli_label_circuit_order,active_qubit_indices_json,coefficient_real,coefficient_imag,shots,expectation_value,counts_json
019e10f6-301b-75a0-b01e-39a6d6490cfb,1,0,0,IIIIIIIIIII,IIIIIIIIIII,[],0.49951171875000244,0.0,10,1.0,"{""00111010100"": 1, ""00111100011"": 1, ""01000100101"": 1, ""01010000100"": 1, ""01011010001"": 1, ""11001100001"": 1, ""11100110011"": 1, ""11110010100"": 1, ""11110111001"": 1, ""11111010011"": 1}"
019e10f6-301b-75a0-b01e-39a6d6490cfb,1,1,1,IIIIIIIIIZX,XZIIIIIIIII,"[0, 1]",-0.00048828124999999913,0.0,10,0.6,"{""00001010101"": 1, ""00001011011"": 1, ""00010111111"": 1, ""00100111101"": 1, ""00101100000"": 1, ""01010011011"": 1, ""01011010000"": 1, ""10001010100"": 1, ""10010111100"": 1, ""10100100000"": 1}"
019e10f6-301b-75a0-b01e-39a6d6490cfb,1,2,2,IIIIIIIIZXZ,ZXZIIIIIIII,"[0, 1, 2]",-0.00048828124999999913,0.0,10,1.0,"{""00001001110"": 1, ""00011100000"": 1, ""00111010000"": 1, ""01000100000"": 1, ""01001001101"": 1, ""01101000101"": 1, ""10001011000"": 1, ""10001111101"": 1, ""11000110011"": 1, ""11100101110"": 1}"
019e10f6-301b-75a0-b01e-39a6d6490cfb,1,3,3,IIIIIIIIZYY,YYZIIIIIIII,"[0, 1, 2]",-0.00048828124999999913,0.0,10,0.8,"{""00110100000"": 1, ""01110011101"": 1, ""01111100110"": 1, ""10000000001"": 1, ""10000001011"": 1, ""10001000000"": 1, ""10100000011"": 1, ""11000001101"": 1, ""11001010000"": 1, ""11100001011"": 1}"
019e10f6-301b-75a0-b01e-39a6d6490cfb,1,4,4,IIIIIIIZXIX,XIXZIIIIIII,"[0, 2, 3]",-0.00048828124999999913,0.0,10,0.6,"{""00011011111"": 1, ""00100011011"": 1, ""00101001100"": 1, ""00111110111"": 1, ""01000100000"": 1, ""10000101100"": 1, ""10000111011"": 1, ""10010010100"": 1, ""11000010111"": 1, ""11001110111"": 1}"
019e10f6-301b-75a0-b01e-39a6d6490cfb,1,5,5,IIIIIIIZXZI,IZXZIIIIIII,"[1, 2, 3]",-0.00048828124999999913,0.0,10,1.0,"{""00100000111"": 1, ""00101111011"": 1, ""01101111010"": 1, ""10010000000"": 1, ""10111110111"": 1, ""11000101100"": 1, ""11001010110"": 1, ""11001011100"": 1, ""11101110111"": 1, ""11110111011"": 1}"
019e10f6-301b-75a0-b01e-39a6d6490cfb,1,6,6,IIIIIIIZYXY,YXYZIIIIIII,"[0, 1, 2, 3]",0.00048828124999999913,0.0,10,-1.0,"{""00000111101"": 1, ""00001110100"": 1, ""01000100100"": 1, ""01011111011"": 1, ""10001000100"": 1, ""10001111000"": 1, ""10011110111"": 1, ""10110011110"": 2, ""11000111000"": 1}"
019e10f6-301b-75a0-b01e-39a6d6490cfb,1,7,7,IIIIIIIZYYZ,ZYYZIIIIIII,"[0, 1, 2, 3]",-0.00048828124999999913,0.0,10,0.8,"{""00100110101"": 1, ""00110001001"": 1, ""01010011001"": 1, ""01010110101"": 1, ""10001110011"": 1, ""10110111010"": 1, ""11011001111"": 1, ""11100000011"": 1, ""11101001001"": 1, ""11111001101"": 1}"
019e10f6-301b-75a0-b01e-39a6d6490cfb,1,8,8,IIIIIIZXIXZ,ZXIXZIIIIII,"[0, 1, 3, 4]",-0.00048828124999999913,0.0,10,0.8,"{""00001100011"": 1, ""00011000000"": 1, ""00101000000"": 1, ""00101011000"": 1, ""10001001101"": 1, ""10011010101"": 1, ""10100100011"": 1, ""11011000011"": 1, ""11011110101"": 1, ""11111000101"": 1}"
019e10f6-301b-75a0-b01e-39a6d6490cfb,1,9,9,IIIIIIZXIYY,YYIXZIIIIII,"[0, 1, 3, 4]",-0.00048828124999999913,0.0,10,0.6,"{""00001010101"": 1, ""00001110110"": 1, ""00011000010"": 1, ""00111101101"": 1, ""01101010101"": 1, ""01110000011"": 1, ""10000010110"": 1, ""11100011001"": 1, ""11110100000"": 1, ""11111111000"": 1}"
019e10f6-301b-75a0-b01e-39a6d6490cfb,1,10,10,IIIIIIZXZII,IIZXZIIIIII,"[2, 3, 4]",-0.00048828124999999913,0.0,10,1.0,"{""00010001110"": 1, ""00110110111"": 1, ""01010001111"": 1, ""01010011010"": 1, ""10001101110"": 2, ""10011001100"": 1, ""10100101111"": 1, ""10110011000"": 1, ""10110011011"": 1}"
019e10f6-301b-75a0-b01e-39a6d6490cfb,1,11,11,IIIIIIZXZZX,XZZXZIIIIII,"[0, 1, 2, 3, 4]",-0.00048828124999999913,0.0,10,0.6,"{""01001000011"": 1, ""01011111011"": 1, ""01100101011"": 1, ""01110100011"": 1, ""01111100000"": 1, ""10000011000"": 1, ""10111101101"": 1, ""11010100000"": 1, ""11010101100"": 1, ""11111000011"": 1}"
019e10f6-301b-75a0-b01e-39a6d6490cfb,1,12,12,IIIIIIZYXXY,YXXYZIIIIII,"[0, 1, 2, 3, 4]",-0.00048828124999999913,0.0,10,1.0,"{""00001100101"": 1, ""00001101111"": 1, ""00101110100"": 1, ""01010011110"": 1, ""01110011000"": 1, ""10000010100"": 1, ""10101110010"": 1, ""11011001100"": 1, ""11100111011"": 1, ""11111100000"": 1}"
019e10f6-301b-75a0-b01e-39a6d6490cfb,1,13,13,IIIIIIZYXYZ,ZYXYZIIIIII,"[0, 1, 2, 3, 4]",0.00048828124999999913,0.0,10,-1.0,"{""00000010011"": 1, ""00010000111"": 1, ""01111100001"": 1, ""10001000100"": 1, ""10010010011"": 1, ""10010111001"": 1, ""11100110101"": 1, ""11110001011"": 1, ""11110110000"": 1, ""11111100001"": 1}"
019e10f6-301b-75a0-b01e-39a6d6490cfb,1,14,14,IIIIIIZYYIX,XIYYZIIIIII,"[0, 2, 3, 4]",-0.00048828124999999913,0.0,10,1.0,"{""00000000000"": 1, ""00011001011"": 1, ""00101111000"": 1, ""01001101011"": 1, ""01011001011"": 1, ""01100001011"": 1, ""10001001011"": 1, ""10011001100"": 1, ""10011010100"": 1, ""11000001011"": 1}"
019e10f6-301b-75a0-b01e-39a6d6490cfb,1,15,15,IIIIIIZYYZI,IZYYZIIIIII,"[1, 2, 3, 4]",-0.00048828124999999913,0.0,10,1.0,"{""00110101011"": 1, ""10001011111"": 1, ""10010001101"": 1, ""10010011111"": 1, ""10100100000"": 1, ""10101011110"": 1, ""10110010011"": 1, ""11010010010"": 1, ""11101100001"": 1, ""11110010101"": 1}"
019e10f6-301b-75a0-b01e-39a6d6490cfb,1,16,16,IIIIIZXIXIX,XIXIXZIIIII,"[0, 2, 4, 5]",-0.00048828124999999913,0.0,10,0.6,"{""00000110000"": 1, ""00001000111"": 1, ""01101011011"": 1, ""10100000111"": 1, ""10100011111"": 1, ""10101110101"": 1, ""10101110111"": 1, ""10111101011"": 1, ""11110011111"": 1, ""11111000000"": 1}"
019e10f6-301b-75a0-b01e-39a6d6490cfb,1,17,17,IIIIIZXIXZI,IZXIXZIIIII,"[1, 2, 4, 5]",-0.00048828124999999913,0.0,10,0.8,"{""00000110111"": 1, ""00001011100"": 1, ""00001110111"": 1, ""00110000110"": 1, ""01100101101"": 1, ""01101110110"": 1, ""10000011011"": 1, ""10001011011"": 1, ""10110010110"": 1, ""11101000111"": 1}"
019e10f6-301b-75a0-b01e-39a6d6490cfb,1,18,18,IIIIIZXIYXY,YXYIXZIIIII,"[0, 1, 2, 4, 5]",0.00048828124999999913,0.0,10,-0.8,"{""00111011011"": 1, ""01001000001"": 1, ""01001101011"": 1, ""10010011110"": 1, ""10010101000"": 1, ""10100011101"": 1, ""11001000001"": 1, ""11001000111"": 1, ""11010011000"": 1, ""11110000000"": 1}"
019e10f6-301b-75a0-b01e-39a6d6490cfb,1,19,19,IIIIIZXIYYZ,ZYYIXZIIIII,"[0, 1, 2, 4, 5]",-0.00048828124999999913,0.0,10,1.0,"{""00000011010"": 1, ""00000101010"": 1, ""00011101001"": 1, ""00111101111"": 1, ""01100110011"": 1, ""01101101111"": 1, ""10001011100"": 1, ""10100110000"": 1, ""11000011010"": 1, ""11011011100"": 1}"
019e10f6-301b-75a0-b01e-39a6d6490cfb,1,20,20,IIIIIZXZIII,IIIZXZIIIII,"[3, 4, 5]",-0.00048828124999999913,0.0,10,0.8,"{""00000101110"": 1, ""00011011101"": 1, ""01000110000"": 1, ""01100110010"": 1, ""01111110110"": 1, ""10010101111"": 1, ""10101011000"": 1, ""11000101011"": 1, ""11100111001"": 1, ""11101110111"": 1}"
019e10f6-301b-75a0-b01e-39a6d6490cfb,1,21,21,IIIIIZXZIZX,XZIZXZIIIII,"[0, 1, 3, 4, 5]",-0.00048828124999999913,0.0,10,0.6,"{""00000101111"": 1, ""00100110100"": 1, ""00110010011"": 1, ""00111011100"": 1, ""10011011000"": 1, ""10011101111"": 1, ""11000011111"": 1, ""11101000111"": 1, ""11101001011"": 1, ""11111011100"": 1}"
019e10f6-301b-75a0-b01e-39a6d6490cfb,1,22,22,IIIIIZXZZXZ,ZXZZXZIIIII,"[0, 1, 2, 3, 4, 5]",-0.00048828124999999913,0.0,10,0.6,"{""00000110110"": 1, ""00011000011"": 1, ""00110011000"": 1, ""01000000011"": 1, ""01010000011"": 1, ""01111011110"": 1, ""10011100000"": 1, ""10110010011"": 1, ""10111000110"": 1, ""11100000101"": 1}"
019e10f6-301b-75a0-b01e-39a6d6490cfb,1,23,23,IIIIIZXZZYY,YYZZXZIIIII,"[0, 1, 2, 3, 4, 5]",-0.00048828124999999913,0.0,10,0.6,"{""00000011001"": 1, ""00000011110"": 1, ""00010001000"": 1, ""00111011011"": 1, ""01011101000"": 1, ""01101000000"": 1, ""01101011101"": 1, ""10010101011"": 1, ""11101110110"": 1, ""11111110000"": 1}"
019e10f6-301b-75a0-b01e-39a6d6490cfb,1,24,24,IIIIIZYXXXY,YXXXYZIIIII,"[0, 1, 2, 3, 4, 5]",0.00048828124999999913,0.0,10,-0.6,"{""00011000101"": 1, ""01000010000"": 1, ""01100001101"": 1, ""01101011010"": 1, ""10000011111"": 1, ""10001001110"": 1, ""10100111000"": 1, ""10101001011"": 1, ""10110101011"": 1, ""11101111011"": 1}"
019e10f6-301b-75a0-b01e-39a6d6490cfb,1,25,25,IIIIIZYXXYZ,ZYXXYZIIIII,"[0, 1, 2, 3, 4, 5]",-0.00048828124999999913,0.0,10,0.6,"{""00001001000"": 1, ""00011101011"": 1, ""00101100010"": 1, ""00110001100"": 1, ""01011111010"": 1, ""01100111000"": 1, ""01100111111"": 1, ""01101001010"": 1, ""10011111111"": 1, ""11100100001"": 1}"
019e10f6-301b-75a0-b01e-39a6d6490cfb,1,26,26,IIIIIZYXYIX,XIYXYZIIIII,"[0, 2, 3, 4, 5]",0.00048828124999999913,0.0,10,-1.0,"{""00010100111"": 1, ""00100100000"": 1, ""00101100111"": 1, ""01101011011"": 1, ""01110100000"": 1, ""01111011011"": 1, ""11010001000"": 1, ""11011110011"": 1, ""11110000100"": 1, ""11110101011"": 1}"
019e10f6-301b-75a0-b01e-39a6d6490cfb,1,27,27,IIIIIZYXYZI,IZYXYZIIIII,"[1, 2, 3, 4, 5]",0.00048828124999999913,0.0,10,-1.0,"{""00001001001"": 1, ""00010110010"": 1, ""01100111110"": 1, ""01110000011"": 1, ""10000100110"": 1, ""10011000011"": 1, ""10110100111"": 1, ""11010101100"": 1, ""11101001000"": 1, ""11111010111"": 1}"
019e10f6-301b-75a0-b01e-39a6d6490cfb,1,28,28,IIIIIZYYIXZ,ZXIYYZIIIII,"[0, 1, 3, 4, 5]",-0.00048828124999999913,0.0,10,1.0,"{""00100011000"": 1, ""00101011011"": 1, ""00110011000"": 1, ""00111111110"": 1, ""01110001110"": 1, ""01110100101"": 1, ""10011100110"": 1, ""11001011000"": 1, ""11001110000"": 1, ""11010111101"": 1}"
019e10f6-301b-75a0-b01e-39a6d6490cfb,1,29,29,IIIIIZYYIYY,YYIYYZIIIII,"[0, 1, 3, 4, 5]",-0.00048828124999999913,0.0,10,0.6,"{""00000010110"": 1, ""00001110000"": 1, ""00011001101"": 1, ""00100011011"": 1, ""00110001011"": 1, ""01100010010"": 1, ""10010001000"": 1, ""10010100110"": 1, ""11110100110"": 1, ""11110111110"": 1}"
019e10f6-301b-75a0-b01e-39a6d6490cfb,1,30,30,IIIIIZYYZII,IIZYYZIIIII,"[2, 3, 4, 5]",-0.00048828124999999913,0.0,10,0.8,"{""00001101001"": 1, ""00011000001"": 1, ""00100001110"": 1, ""01000101010"": 1, ""01001111111"": 1, ""10000011000"": 1, ""10100011010"": 1, ""10100101100"": 1, ""10111010111"": 1, ""11101000001"": 1}"
019e10f6-301b-75a0-b01e-39a6d6490cfb,1,31,31,IIIIIZYYZZX,XZZYYZIIIII,"[0, 1, 2, 3, 4, 5]",-0.00048828124999999913,0.0,10,0.6,"{""00000001111"": 1, ""00000010011"": 1, ""00110100100"": 1, ""01001111111"": 1, ""01011100100"": 1, ""01101010111"": 1, ""10111000011"": 1, ""11100011011"": 1, ""11110000111"": 1, ""11111000011"": 1}"
019e10f6-301b-75a0-b01e-39a6d6490cfb,1,32,32,IIIIZXIXIXZ,ZXIXIXZIIII,"[0, 1, 3, 5, 6]",-0.00048828124999999913,0.0,10,0.8,"{""00110110110"": 1, ""00111101110"": 1, ""01001100001"": 1, ""01100111000"": 1, ""01111010110"": 1, ""10001010101"": 1, ""10010000000"": 1, ""10100001110"": 1, ""11011010110"": 1, ""11101100011"": 1}"
019e10f6-301b-75a0-b01e-39a6d6490cfb,1,33,33,IIIIZXIXIYY,YYIXIXZIIII,"[0, 1, 3, 5, 6]",-0.00048828124999999913,0.0,10,0.8,"{""00011011000"": 1, ""01101010110"": 1, ""10001010101"": 1, ""10111101110"": 1, ""11000110110"": 1, ""11010010110"": 1, ""11100000011"": 1, ""11100111011"": 1, ""11101101101"": 1, ""11110111011"": 1}"
019e10f6-301b-75a0-b01e-39a6d6490cfb,1,34,34,IIIIZXIXZII,IIZXIXZIIII,"[2, 3, 5, 6]",-0.00048828124999999913,0.0,10,1.0,"{""00100001100"": 1, ""00110111010"": 1, ""01000111001"": 1, ""01011100000"": 1, ""01100001111"": 1, ""10010000001"": 1, ""10010111011"": 1, ""10101101110"": 1, ""10111010111"": 1, ""11111101100"": 1}"
019e10f6-301b-75a0-b01e-39a6d6490cfb,1,35,35,IIIIZXIXZZX,XZZXIXZIIII,"[0, 1, 2, 3, 5, 6]",-0.00048828124999999913,0.0,10,1.0,"{""00001010111"": 1, ""00010000000"": 1, ""00011010100"": 1, ""00101011011"": 1, ""00101100011"": 1, ""01000111000"": 1, ""01001100011"": 1, ""01011101111"": 1, ""01100000000"": 1, ""11010001100"": 1}"
019e10f6-301b-75a0-b01e-39a6d6490cfb,1,36,36,IIIIZXIYXXY,YXXYIXZIIII,"[0, 1, 2, 3, 5, 6]",-0.00048828124999999913,0.0,10,0.8,"{""00001011110"": 1, ""00011011000"": 1, ""01000001111"": 1, ""01010001001"": 1, ""01010001010"": 1, ""01011010001"": 1, ""10100001010"": 1, ""10101011101"": 1, ""11100110010"": 1, ""11110011011"": 1}"
019e10f6-301b-75a0-b01e-39a6d6490cfb,1,37,37,IIIIZXIYXYZ,ZYXYIXZIIII,"[0, 1, 2, 3, 5, 6]",0.00048828124999999913,0.0,10,-1.0,"{""00000111001"": 1, ""00011010000"": 1, ""00100001101"": 1, ""01001100010"": 1, ""01010111001"": 1, ""01011100001"": 1, ""01100110000"": 1, ""10001010000"": 1, ""10001011111"": 1, ""11001011001"": 1}"
019e10f6-301b-75a0-b01e-39a6d6490cfb,1,38,38,IIIIZXIYYIX,XIYYIXZIIII,"[0, 2, 3, 5, 6]",-0.00048828124999999913,0.0,10,0.6,"{""00010111111"": 1, ""00100101100"": 1, ""00100111001"": 1, ""00110110011"": 1, ""01001010011"": 1, ""01001100000"": 1, ""01111100111"": 1, ""11100001011"": 1, ""11101010011"": 1, ""11111010100"": 1}"
019e10f6-301b-75a0-b01e-39a6d6490cfb,1,39,39,IIIIZXIYYZI,IZYYIXZIIII,"[1, 2, 3, 5, 6]",-0.00048828124999999913,0.0,10,1.0,"{""00011101100"": 1, ""01101010101"": 1, ""01110111000"": 1, ""01111010010"": 1, ""10001011110"": 1, ""10011100111"": 1, ""10100110101"": 1, ""10111100111"": 1, ""11100001011"": 1, ""11100110010"": 1}"
019e10f6-301b-75a0-b01e-39a6d6490cfb,1,40,40,IIIIZXZIIII,IIIIZXZIIII,"[4, 5, 6]",-0.00048828124999999913,0.0,10,1.0,"{""00001100110"": 1, ""00010111110"": 1, ""00011010011"": 1, ""01011101011"": 1, ""01100000010"": 1, ""10010111010"": 1, ""10110001011"": 1, ""10111101010"": 1, ""11001011011"": 1, ""11011100111"": 1}"
019e10f6-301b-75a0-b01e-39a6d6490cfb,1,41,41,IIIIZXZIIZX,XZIIZXZIIII,"[0, 1, 4, 5, 6]",-0.00048828124999999913,0.0,10,0.8,"{""00110001111"": 1, ""00110111011"": 2, ""01000111111"": 1, ""01100000100"": 1, ""01110000100"": 1, ""01111100101"": 1, ""10000111100"": 1, ""10110110111"": 1, ""10111011000"": 1}"
019e10f6-301b-75a0-b01e-39a6d6490cfb,1,42,42,IIIIZXZIZXZ,ZXZIZXZIIII,"[0, 1, 2, 4, 5, 6]",-0.00048828124999999913,0.0,10,0.8,"{""00000110110"": 1, ""00100001011"": 1, ""00100111000"": 1, ""00110110101"": 1, ""01000000011"": 1, ""10000000101"": 1, ""11010000110"": 1, ""11110000001"": 1, ""11110010010"": 1, ""11111010110"": 1}"
019e10f6-301b-75a0-b01e-39a6d6490cfb,1,43,43,IIIIZXZIZYY,YYZIZXZIIII,"[0, 1, 2, 4, 5, 6]",-0.00048828124999999913,0.0,10,0.8,"{""00001011000"": 1, ""00100000011"": 1, ""00100100110"": 1, ""01011010101"": 1, ""01011011000"": 1, ""01011100011"": 1, ""10011010110"": 1, ""10110000101"": 1, ""11101010000"": 1, ""11110110101"": 1}"
019e10f6-301b-75a0-b01e-39a6d6490cfb,1,44,44,IIIIZXZZXIX,XIXZZXZIIII,"[0, 2, 3, 4, 5, 6]",-0.00048828124999999913,0.0,10,0.8,"{""00000001100"": 1, ""00001010000"": 1, ""00010110111"": 1, ""00100000111"": 1, ""00110001100"": 1, ""00111011100"": 1, ""01010111100"": 1, ""01110000100"": 1, ""10011101011"": 1, ""11011011011"": 1}"
019e10f6-301b-75a0-b01e-39a6d6490cfb,1,45,45,IIIIZXZZXZI,IZXZZXZIIII,"[1, 2, 3, 4, 5, 6]",-0.00048828124999999913,0.0,10,1.0,"{""00000010101"": 1, ""00101100000"": 1, ""00110001010"": 1, ""01000110110"": 1, ""01100110000"": 1, ""10101011100"": 1, ""10111100110"": 1, ""11001100001"": 1, ""11011101101"": 1, ""11111100110"": 1}"
019e10f6-301b-75a0-b01e-39a6d6490cfb,1,46,46,IIIIZXZZYXY,YXYZZXZIIII,"[0, 1, 2, 3, 4, 5, 6]",0.00048828124999999913,0.0,10,-0.8,"{""00011011101"": 1, ""00100111101"": 1, ""01001011110"": 1, ""01011100010"": 1, ""01111011011"": 1, ""10000000001"": 1, ""10000001101"": 1, ""11101101011"": 1, ""11111100001"": 1, ""11111100110"": 1}"
019e10f6-301b-75a0-b01e-39a6d6490cfb,1,47,47,IIIIZXZZYYZ,ZYYZZXZIIII,"[0, 1, 2, 3, 4, 5, 6]",-0.00048828124999999913,0.0,10,0.8,"{""00011101100"": 1, ""00110110000"": 1, ""00110111111"": 1, ""01010111100"": 1, ""01100111001"": 1, ""10011111010"": 1, ""10111101111"": 1, ""11011010101"": 1, ""11101010000"": 2}"
019e10f6-301b-75a0-b01e-39a6d6490cfb,1,48,48,IIIIZYXXXXY,YXXXXYZIIII,"[0, 1, 2, 3, 4, 5, 6]",-0.00048828124999999913,0.0,10,0.8,"{""00001001011"": 1, ""01111011010"": 1, ""10010111111"": 1, ""10011100001"": 1, ""10111111110"": 1, ""11000100010"": 1, ""11001000001"": 1, ""11010011110"": 1, ""11011100000"": 1, ""11111100101"": 1}"
019e10f6-301b-75a0-b01e-39a6d6490cfb,1,49,49,IIIIZYXXXYZ,ZYXXXYZIIII,"[0, 1, 2, 3, 4, 5, 6]",0.00048828124999999913,0.0,10,-0.8,"{""00100100110"": 1, ""01000110010"": 1, ""01011011011"": 1, ""01011101101"": 1, ""01100011001"": 1, ""10000111010"": 1, ""10001000000"": 1, ""10011011101"": 1, ""10111111001"": 1, ""11111101101"": 1}"
019e10f6-301b-75a0-b01e-39a6d6490cfb,1,50,50,IIIIZYXXYIX,XIYXXYZIIII,"[0, 2, 3, 4, 5, 6]",-0.00048828124999999913,0.0,10,0.0,"{""01000000000"": 1, ""01001001000"": 1, ""01100110011"": 1, ""01101100011"": 1, ""01111110000"": 1, ""10011101100"": 1, ""11010000111"": 1, ""11011100011"": 1, ""11011100100"": 1, ""11011111111"": 1}"
019e10f6-301b-75a0-b01e-39a6d6490cfb,1,51,51,IIIIZYXXYZI,IZYXXYZIIII,"[1, 2, 3, 4, 5, 6]",-0.00048828124999999913,0.0,10,0.8,"{""00000111100"": 1, ""00011001000"": 1, ""00011110010"": 1, ""01011010110"": 1, ""10010101101"": 1, ""10011011101"": 1, ""10100001100"": 1, ""10100111100"": 1, ""11010010100"": 1, ""11011001110"": 1}"
019e10f6-301b-75a0-b01e-39a6d6490cfb,1,52,52,IIIIZYXYIXZ,ZXIYXYZIIII,"[0, 1, 3, 4, 5, 6]",0.00048828124999999913,0.0,10,-1.0,"{""00010010011"": 1, ""00101001110"": 1, ""00111111110"": 1, ""01010001011"": 1, ""01110101101"": 1, ""10000111011"": 1, ""10011110011"": 1, ""10101011000"": 1, ""10101100101"": 1, ""11100011110"": 1}"
019e10f6-301b-75a0-b01e-39a6d6490cfb,1,53,53,IIIIZYXYIYY,YYIYXYZIIII,"[0, 1, 3, 4, 5, 6]",0.00048828124999999913,0.0,10,-0.8,"{""00110100000"": 1, ""01000110101"": 1, ""01010001011"": 1, ""01101010100"": 1, ""10010011101"": 1, ""10011100101"": 1, ""10100101110"": 1, ""10100110110"": 1, ""11010100000"": 1, ""11100000110"": 1}"
019e10f6-301b-75a0-b01e-39a6d6490cfb,1,54,54,IIIIZYXYZII,IIZYXYZIIII,"[2, 3, 4, 5, 6]",0.00048828124999999913,0.0,10,-1.0,"{""00001001110"": 1, ""00011100110"": 1, ""00101100100"": 1, ""01001110010"": 1, ""01010000100"": 1, ""10001000010"": 1, ""10010101111"": 1, ""10011110011"": 1, ""10100111001"": 1, ""11100000101"": 1}"
019e10f6-301b-75a0-b01e-39a6d6490cfb,1,55,55,IIIIZYXYZZX,XZZYXYZIIII,"[0, 1, 2, 3, 4, 5, 6]",0.00048828124999999913,0.0,10,-0.6,"{""00001010111"": 1, ""00010000100"": 1, ""00101001100"": 1, ""00111111111"": 1, ""01100000111"": 1, ""01101100100"": 1, ""10010110110"": 1, ""10101011100"": 1, ""10101110000"": 1, ""11010111011"": 1}"
019e10f6-301b-75a0-b01e-39a6d6490cfb,1,56,56,IIIIZYYIXIX,XIXIYYZIIII,"[0, 2, 4, 5, 6]",-0.00048828124999999913,0.0,10,0.4,"{""00111111100"": 1, ""01010000000"": 1, ""01100000000"": 1, ""01110010111"": 1, ""01110011011"": 2, ""01110110111"": 1, ""01110111011"": 1, ""10010110100"": 1, ""11010000111"": 1}"
019e10f6-301b-75a0-b01e-39a6d6490cfb,1,57,57,IIIIZYYIXZI,IZXIYYZIIII,"[1, 2, 4, 5, 6]",-0.00048828124999999913,0.0,10,0.8,"{""00000101101"": 1, ""01000101100"": 1, ""01011100001"": 1, ""01101010000"": 1, ""10001010110"": 1, ""10101001100"": 1, ""10110010110"": 1, ""10111100111"": 1, ""11001100000"": 1, ""11110101010"": 1}"
019e10f6-301b-75a0-b01e-39a6d6490cfb,1,58,58,IIIIZYYIYXY,YXYIYYZIIII,"[0, 1, 2, 4, 5, 6]",0.00048828124999999913,0.0,10,-0.8,"{""00010110000"": 1, ""00100110010"": 1, ""00110000100"": 1, ""01011001000"": 1, ""01101111000"": 1, ""10000011101"": 1, ""10101001000"": 1, ""10101010111"": 1, ""10111111000"": 1, ""11100101000"": 1}"
019e10f6-301b-75a0-b01e-39a6d6490cfb,1,59,59,IIIIZYYIYYZ,ZYYIYYZIIII,"[0, 1, 2, 4, 5, 6]",-0.00048828124999999913,0.0,10,0.4,"{""00001001001"": 1, ""00100000011"": 1, ""00100011010"": 1, ""00101010010"": 1, ""01100011001"": 1, ""01111010101"": 1, ""11001100000"": 1, ""11100101011"": 1, ""11100110010"": 1, ""11110110011"": 1}"
019e10f6-301b-75a0-b01e-39a6d6490cfb,1,60,60,IIIIZYYZIII,IIIZYYZIIII,"[3, 4, 5, 6]",-0.00048828124999999913,0.0,10,1.0,"{""00010011110"": 1, ""00011010111"": 1, ""00110011010"": 1, ""01001001010"": 1, ""01001010000"": 1, ""01010000100"": 1, ""01100110001"": 1, ""01111111100"": 1, ""11010101100"": 1, ""11011010010"": 1}"
019e10f6-301b-75a0-b01e-39a6d6490cfb,1,61,61,IIIIZYYZIZX,XZIZYYZIIII,"[0, 1, 3, 4, 5, 6]",-0.00048828124999999913,0.0,10,0.6,"{""00011100111"": 1, ""00100010000"": 1, ""00111001111"": 1, ""01100101000"": 1, ""01110110111"": 1, ""01111010011"": 1, ""10101001101"": 1, ""11011001100"": 1, ""11100110111"": 1, ""11110011100"": 1}"
019e10f6-301b-75a0-b01e-39a6d6490cfb,1,62,62,IIIIZYYZZXZ,ZXZZYYZIIII,"[0, 1, 2, 3, 4, 5, 6]",-0.00048828124999999913,0.0,10,1.0,"{""01001111101"": 1, ""01011100101"": 1, ""01011111110"": 1, ""01100000110"": 1, ""01110110101"": 1, ""01111010000"": 1, ""10001100000"": 1, ""11000101000"": 1, ""11001001000"": 1, ""11010000110"": 1}"
019e10f6-301b-75a0-b01e-39a6d6490cfb,1,63,63,IIIIZYYZZYY,YYZZYYZIIII,"[0, 1, 2, 3, 4, 5, 6]",-0.00048828124999999913,0.0,10,0.6,"{""00000000000"": 1, ""00011010011"": 1, ""01000011000"": 1, ""10000001110"": 1, ""10010000011"": 1, ""10011010110"": 1, ""11010001101"": 1, ""11010011110"": 1, ""11101001011"": 1, ""11110011101"": 1}"
019e10f6-301b-75a0-b01e-39a6d6490cfb,1,64,64,IIXXIXIXIXZ,ZXIXIXIXXII,"[0, 1, 3, 5, 7, 8]",-0.00048828124999999913,0.0,10,0.4,"{""00000001101"": 1, ""00001011000"": 1, ""01011010101"": 1, ""01011010110"": 1, ""01100101000"": 1, ""01110111011"": 1, ""10000110101"": 1, ""10100000000"": 1, ""10101011000"": 1, ""11011101101"": 1}"
019e10f6-301b-75a0-b01e-39a6d6490cfb,1,65,65,IIXXIXIXIYY,YYIXIXIXXII,"[0, 1, 3, 5, 7, 8]",-0.00048828124999999913,0.0,10,0.6,"{""00000111011"": 1, ""00101110101"": 1, ""01011011011"": 1, ""01110111000"": 2, ""01111010101"": 1, ""10000000011"": 1, ""10000001101"": 1, ""10101101110"": 1, ""11110001101"": 1}"
019e10f6-301b-75a0-b01e-39a6d6490cfb,1,66,66,IIXXIXIXZII,IIZXIXIXXII,"[2, 3, 5, 7, 8]",-0.00048828124999999913,0.0,10,0.4,"{""00000000001"": 1, ""00000101011"": 1, ""00101101110"": 1, ""01001011011"": 1, ""01011011001"": 1, ""01011101101"": 1, ""01100000011"": 1, ""10000001100"": 1, ""10101001100"": 1, ""11011011011"": 1}"
019e10f6-301b-75a0-b01e-39a6d6490cfb,1,67,67,IIXXIXIXZZX,XZZXIXIXXII,"[0, 1, 2, 3, 5, 7, 8]",-0.00048828124999999913,0.0,10,1.0,"{""00000001111"": 1, ""01011010100"": 1, ""01011011000"": 1, ""01011101100"": 1, ""10000000011"": 1, ""10000110111"": 1, ""10101011011"": 1, ""10101100011"": 1, ""11011010100"": 1, ""11110000000"": 1}"
019e10f6-301b-75a0-b01e-39a6d6490cfb,1,68,68,IIXXIXIYXXY,YXXYIXIXXII,"[0, 1, 2, 3, 5, 7, 8]",-0.00048828124999999913,0.0,10,0.0,"{""01011011000"": 1, ""01011100101"": 1, ""01100001111"": 1, ""01100110111"": 1, ""01110000001"": 1, ""11001010111"": 1, ""11011001001"": 1, ""11011011000"": 1, ""11011100101"": 1, ""11110000110"": 1}"
019e10f6-301b-75a0-b01e-39a6d6490cfb,1,69,69,IIXXIXIYXYZ,ZYXYIXIXXII,"[0, 1, 2, 3, 5, 7, 8]",0.00048828124999999913,0.0,10,-0.2,"{""00000011100"": 1, ""00101100111"": 1, ""00101101011"": 1, ""01011100110"": 1, ""10000001001"": 1, ""10000110101"": 1, ""10101010111"": 1, ""10101011010"": 1, ""10101101011"": 1, ""11011011010"": 1}"
019e10f6-301b-75a0-b01e-39a6d6490cfb,1,70,70,IIXXIXIYYIX,XIYYIXIXXII,"[0, 2, 3, 5, 7, 8]",-0.00048828124999999913,0.0,10,0.8,"{""00000110011"": 1, ""00101011000"": 1, ""00101100111"": 1, ""01110000000"": 1, ""01110001100"": 1, ""10000111111"": 2, ""11011001100"": 1, ""11110111000"": 1, ""11110111111"": 1}"
019e10f6-301b-75a0-b01e-39a6d6490cfb,1,71,71,IIXXIXIYYZI,IZYYIXIXXII,"[1, 2, 3, 5, 7, 8]",-0.00048828124999999913,0.0,10,0.4,"{""00101100001"": 1, ""01011010100"": 1, ""01110110010"": 1, ""01110110101"": 1, ""01110111001"": 1, ""10001000101"": 1, ""10001010101"": 1, ""10101101100"": 1, ""11011100000"": 1, ""11110110000"": 1}"
019e10f6-301b-75a0-b01e-39a6d6490cfb,1,72,72,IIXXIXZIIII,IIIIZXIXXII,"[4, 5, 7, 8]",-0.00048828124999999913,0.0,10,0.8,"{""01011011000"": 1, ""01011011010"": 1, ""01110001001"": 1, ""01110111000"": 1, ""10000001011"": 1, ""10000110100"": 1, ""11011100100"": 1, ""11100110101"": 1, ""11110110101"": 1, ""11110111101"": 1}"
019e10f6-301b-75a0-b01e-39a6d6490cfb,1,73,73,IIXXIXZIIZX,XZIIZXIXXII,"[0, 1, 4, 5, 7, 8]",-0.00048828124999999913,0.0,10,1.0,"{""00000110111"": 2, ""01010100011"": 1, ""10000000111"": 1, ""10000110000"": 1, ""10101010011"": 1, ""10101100011"": 1, ""10101101000"": 1, ""11011010000"": 1, ""11011011011"": 1}"
019e10f6-301b-75a0-b01e-39a6d6490cfb,1,74,74,IIXXIXZIZXZ,ZXZIZXIXXII,"[0, 1, 2, 4, 5, 7, 8]",-0.00048828124999999913,0.0,10,0.6,"{""00101100101"": 1, ""01011101000"": 1, ""01011101101"": 1, ""01110111011"": 1, ""10000000101"": 1, ""10101100000"": 1, ""11001101011"": 1, ""11010000110"": 1, ""11011010011"": 1, ""11110110000"": 1}"
019e10f6-301b-75a0-b01e-39a6d6490cfb,1,75,75,IIXXIXZIZYY,YYZIZXIXXII,"[0, 1, 2, 4, 5, 7, 8]",-0.00048828124999999913,0.0,10,0.8,"{""00000000000"": 1, ""00101010000"": 1, ""00101100011"": 1, ""01110001110"": 1, ""01110111110"": 1, ""10101010000"": 1, ""11011011110"": 1, ""11011100110"": 1, ""11110000011"": 1, ""11110111001"": 1}"
019e10f6-301b-75a0-b01e-39a6d6490cfb,1,76,76,IIXXIXZZXIX,XIXZZXIXXII,"[0, 2, 3, 4, 5, 7, 8]",-0.00048828124999999913,0.0,10,0.4,"{""00000110000"": 1, ""01010100111"": 1, ""01011010000"": 1, ""01011100000"": 1, ""10000001000"": 1, ""10010111011"": 1, ""10101010000"": 1, ""10101010011"": 1, ""10101101100"": 1, ""11110001100"": 1}"
019e10f6-301b-75a0-b01e-39a6d6490cfb,1,77,77,IIXXIXZZXZI,IZXZZXIXXII,"[1, 2, 3, 4, 5, 7, 8]",-0.00048828124999999913,0.0,10,0.8,"{""00000000000"": 1, ""00101010000"": 1, ""01011100000"": 1, ""01011101101"": 1, ""10000110001"": 1, ""10001011100"": 1, ""10101011011"": 1, ""11011011101"": 1, ""11110000001"": 1, ""11110111101"": 1}"
019e10f6-301b-75a0-b01e-39a6d6490cfb,1,78,78,IIXXIXZZYXY,YXYZZXIXXII,"[0, 1, 2, 3, 4, 5, 7, 8]",0.00048828124999999913,0.0,10,-0.6,"{""00101011011"": 1, ""01011010000"": 1, ""01011011110"": 1, ""01011100000"": 1, ""01011101110"": 1, ""01100000110"": 1, ""10000000111"": 1, ""10000111110"": 1, ""11011101110"": 1, ""11110111110"": 1}"
019e10f6-301b-75a0-b01e-39a6d6490cfb,1,79,79,IIXXIXZZYYZ,ZYYZZXIXXII,"[0, 1, 2, 3, 4, 5, 7, 8]",-0.00048828124999999913,0.0,10,0.8,"{""00000000110"": 1, ""00101100011"": 1, ""01011011010"": 1, ""01110111111"": 1, ""10000000101"": 1, ""10111100000"": 1, ""11000110000"": 1, ""11011101111"": 1, ""11110001100"": 1, ""11110110110"": 1}"
019e10f6-301b-75a0-b01e-39a6d6490cfb,1,80,80,IIXXIYXXXXY,YXXXXYIXXII,"[0, 1, 2, 3, 4, 5, 7, 8]",-0.00048828124999999913,0.0,10,0.2,"{""00000001100"": 1, ""00101011111"": 1, ""00101110101"": 1, ""01110000110"": 1, ""01110110100"": 1, ""10000011011"": 1, ""11011000000"": 1, ""11011001101"": 1, ""11100001010"": 1, ""11110110110"": 1}"
019e10f6-301b-75a0-b01e-39a6d6490cfb,1,81,81,IIXXIYXXXYZ,ZYXXXYIXXII,"[0, 1, 2, 3, 4, 5, 7, 8]",0.00048828124999999913,0.0,10,-0.4,"{""00101110001"": 1, ""00101111110"": 1, ""01011010000"": 1, ""01011101101"": 1, ""01110110001"": 1, ""10000101111"": 1, ""10000111000"": 1, ""10101100111"": 1, ""10101110110"": 1, ""11011010001"": 1}"
019e10f6-301b-75a0-b01e-39a6d6490cfb,1,82,82,IIXXIYXXYIX,XIYXXYIXXII,"[0, 2, 3, 4, 5, 7, 8]",-0.00048828124999999913,0.0,10,1.0,"{""00000011111"": 1, ""00000110000"": 1, ""00101111000"": 1, ""01011100111"": 1, ""01110001011"": 1, ""01110010011"": 1, ""10000011000"": 1, ""10000101000"": 1, ""10000101111"": 1, ""11110111100"": 1}"
019e10f6-301b-75a0-b01e-39a6d6490cfb,1,83,83,IIXXIYXXYZI,IZYXXYIXXII,"[1, 2, 3, 4, 5, 7, 8]",-0.00048828124999999913,0.0,10,1.0,"{""00000011001"": 1, ""00101011100"": 1, ""00101101010"": 1, ""01011010000"": 1, ""01110000110"": 1, ""01110111011"": 1, ""10101010000"": 1, ""10101101100"": 1, ""11110010101"": 1, ""11110100100"": 1}"
019e10f6-301b-75a0-b01e-39a6d6490cfb,1,84,84,IIXXIYXYIXZ,ZXIYXYIXXII,"[0, 1, 3, 4, 5, 7, 8]",0.00048828124999999913,0.0,10,-0.8,"{""00000001011"": 1, ""00101000011"": 1, ""01110000101"": 1, ""01110001000"": 1, ""01110010011"": 1, ""10000000110"": 1, ""10101110000"": 1, ""10101111101"": 1, ""11011011101"": 1, ""11110010000"": 1}"
019e10f6-301b-75a0-b01e-39a6d6490cfb,1,85,85,IIXXIYXYIYY,YYIYXYIXXII,"[0, 1, 3, 4, 5, 7, 8]",0.00048828124999999913,0.0,10,-0.6,"{""00000001000"": 1, ""00101110000"": 1, ""01011001101"": 1, ""01011110000"": 1, ""10000111010"": 1, ""10101001101"": 1, ""10101010110"": 1, ""10101110110"": 1, ""11110001000"": 1, ""11110101110"": 1}"
019e10f6-301b-75a0-b01e-39a6d6490cfb,1,86,86,IIXXIYXYZII,IIZYXYIXXII,"[2, 3, 4, 5, 7, 8]",0.00048828124999999913,0.0,10,-0.8,"{""00000101111"": 1, ""00101010100"": 1, ""01011001010"": 1, ""01011011010"": 1, ""01110101100"": 1, ""11011010101"": 2, ""11011010111"": 1, ""11110011101"": 1, ""11110101111"": 1}"
019e10f6-301b-75a0-b01e-39a6d6490cfb,1,87,87,IIXXIYXYZZX,XZZYXYIXXII,"[0, 1, 2, 3, 4, 5, 7, 8]",0.00048828124999999913,0.0,10,-0.6,"{""00101000000"": 1, ""01011101100"": 1, ""01110000100"": 1, ""01110000111"": 1, ""01110111000"": 1, ""10000001000"": 1, ""10001100111"": 1, ""10100101011"": 1, ""10101110011"": 1, ""11110000100"": 1}"
019e10f6-301b-75a0-b01e-39a6d6490cfb,1,88,88,IIXXIYYIXIX,XIXIYYIXXII,"[0, 2, 4, 5, 7, 8]",-0.00048828124999999913,0.0,10,0.6,"{""00000010000"": 1, ""00000011011"": 1, ""00000101100"": 1, ""00101110111"": 1, ""10000000000"": 1, ""10000011100"": 1, ""10000101100"": 1, ""10000110111"": 1, ""10101001100"": 1, ""11110101100"": 1}"
019e10f6-301b-75a0-b01e-39a6d6490cfb,1,89,89,IIXXIYYIXZI,IZXIYYIXXII,"[1, 2, 4, 5, 7, 8]",-0.00048828124999999913,0.0,10,0.6,"{""00000100011"": 1, ""01011111011"": 1, ""01110011100"": 1, ""10000000011"": 1, ""10101001101"": 1, ""10101111100"": 1, ""11011010111"": 1, ""11011100001"": 1, ""11110011000"": 1, ""11110101101"": 1}"
019e10f6-301b-75a0-b01e-39a6d6490cfb,1,90,90,IIXXIYYIYXY,YXYIYYIXXII,"[0, 1, 2, 4, 5, 7, 8]",0.00048828124999999913,0.0,10,-0.6,"{""00100101010"": 1, ""01011100100"": 1, ""01011111000"": 2, ""01110101101"": 1, ""10101010001"": 1, ""10101010101"": 1, ""11011111011"": 1, ""11011111110"": 1, ""11110001110"": 1}"
019e10f6-301b-75a0-b01e-39a6d6490cfb,1,91,91,IIXXIYYIYYZ,ZYYIYYIXXII,"[0, 1, 2, 4, 5, 7, 8]",-0.00048828124999999913,0.0,10,0.6,"{""00101001010"": 1, ""00101010010"": 1, ""01011001100"": 1, ""01011100000"": 1, ""10000011100"": 1, ""10101111100"": 1, ""11011001010"": 1, ""11011010100"": 1, ""11110000110"": 1, ""11110011111"": 1}"
019e10f6-301b-75a0-b01e-39a6d6490cfb,1,92,92,IIXXIYYZIII,IIIZYYIXXII,"[3, 4, 5, 7, 8]",-0.00048828124999999913,0.0,10,0.6,"{""00000110000"": 1, ""01011101010"": 1, ""01011111100"": 1, ""01110101000"": 1, ""01110110100"": 1, ""10000000001"": 1, ""11011100110"": 1, ""11011110011"": 1, ""11110011010"": 1, ""11110011011"": 1}"
019e10f6-301b-75a0-b01e-39a6d6490cfb,1,93,93,IIXXIYYZIZX,XZIZYYIXXII,"[0, 1, 3, 4, 5, 7, 8]",-0.00048828124999999913,0.0,10,0.8,"{""00000000111"": 1, ""00000011111"": 1, ""00000110000"": 1, ""01011001111"": 1, ""01011100000"": 1, ""10000101011"": 1, ""10101111011"": 1, ""11011100000"": 1, ""11110011011"": 1, ""11110110101"": 1}"
019e10f6-301b-75a0-b01e-39a6d6490cfb,1,94,94,IIXXIYYZZXZ,ZXZZYYIXXII,"[0, 1, 2, 3, 4, 5, 7, 8]",-0.00048828124999999913,0.0,10,0.8,"{""00000000110"": 1, ""00000011011"": 1, ""00000101011"": 1, ""00000110101"": 1, ""00101001000"": 1, ""00101001011"": 1, ""10101001000"": 1, ""10101111011"": 1, ""11110010000"": 1, ""11110011110"": 1}"
019e10f6-301b-75a0-b01e-39a6d6490cfb,1,95,95,IIXXIYYZZYY,YYZZYYIXXII,"[0, 1, 2, 3, 4, 5, 7, 8]",-0.00048828124999999913,0.0,10,0.6,"{""00000110101"": 1, ""01011111000"": 1, ""01011111011"": 1, ""01011111100"": 1, ""01110101110"": 1, ""01110110101"": 1, ""10101001101"": 1, ""10101010000"": 1, ""11011001011"": 1, ""11110011010"": 1}"
019e10f6-301b-75a0-b01e-39a6d6490cfb,1,96,96,IIXXZIIIIII,IIIIIIZXXII,"[6, 7, 8]",-0.00048828124999999913,0.0,10,1.0,"{""00000010111"": 1, ""01011001011"": 1, ""01011110011"": 1, ""10000101001"": 1, ""10000101101"": 1, ""10000111101"": 1, ""10101100010"": 1, ""10101110001"": 1, ""11110100001"": 1, ""11110101001"": 1}"
019e10f6-301b-75a0-b01e-39a6d6490cfb,1,97,97,IIXXZIIIIZX,XZIIIIZXXII,"[0, 1, 6, 7, 8]",-0.00048828124999999913,0.0,10,1.0,"{""00000011000"": 1, ""00000101111"": 1, ""00101001111"": 1, ""00101010111"": 1, ""01011011011"": 1, ""10000001000"": 1, ""10101010000"": 1, ""11011001011"": 1, ""11011011011"": 1, ""11011110111"": 1}"
019e10f6-301b-75a0-b01e-39a6d6490cfb,1,98,98,IIXXZIIIZXZ,ZXZIIIZXXII,"[0, 1, 2, 6, 7, 8]",-0.00048828124999999913,0.0,10,1.0,"{""00000000000"": 1, ""00000101000"": 1, ""00101010101"": 1, ""00101011000"": 1, ""00101111101"": 1, ""10000101000"": 1, ""11011011011"": 1, ""11110000000"": 1, ""11110011110"": 1, ""11110101000"": 1}"
019e10f6-301b-75a0-b01e-39a6d6490cfb,1,99,99,IIXXZIIIZYY,YYZIIIZXXII,"[0, 1, 2, 6, 7, 8]",-0.00048828124999999913,0.0,10,0.6,"{""00000001110"": 1, ""00000101000"": 1, ""00101101101"": 1, ""01010111110"": 1, ""01011001110"": 1, ""01011110011"": 1, ""01110100011"": 1, ""01110100110"": 1, ""10000100011"": 1, ""10101011100"": 1}"
019e10f6-40f5-74c2-a926-53ac8f3c6eda,2,0,100,IIXXZIIZXIX,XIXZIIZXXII,"[0, 2, 3, 6, 7, 8]",-0.00048828124999999913,0.0,10,1.0,"{""00000001100"": 1, ""00101000111"": 1, ""01011111011"": 1, ""01011111100"": 1, ""01110110111"": 1, ""10000011100"": 1, ""10000111100"": 1, ""11011101011"": 1, ""11110110000"": 1, ""11110111100"": 1}"
019e10f6-40f5-74c2-a926-53ac8f3c6eda,2,1,101,IIXXZIIZXZI,IZXZIIZXXII,"[1, 2, 3, 6, 7, 8]",-0.00048828124999999913,0.0,10,0.4,"{""00101011101"": 1, ""01001110000"": 1, ""01011011100"": 1, ""01110001011"": 1, ""01110100011"": 1, ""10000001101"": 1, ""10000111100"": 1, ""10101101100"": 1, ""11001100000"": 1, ""11011011010"": 1}"
019e10f6-40f5-74c2-a926-53ac8f3c6eda,2,2,102,IIXXZIIZYXY,YXYZIIZXXII,"[0, 1, 2, 3, 6, 7, 8]",0.00048828124999999913,0.0,10,-0.6,"{""00000100111"": 1, ""00000111101"": 1, ""00101011101"": 1, ""00101101110"": 1, ""01010111000"": 1, ""01011111011"": 1, ""10000111101"": 1, ""10101100111"": 1, ""11110001110"": 1, ""11110110000"": 1}"
019e10f6-40f5-74c2-a926-53ac8f3c6eda,2,3,103,IIXXZIIZYYZ,ZYYZIIZXXII,"[0, 1, 2, 3, 6, 7, 8]",-0.00048828124999999913,0.0,10,0.8,"{""00000001100"": 1, ""00101100000"": 1, ""00101100101"": 1, ""00101101001"": 1, ""10101011010"": 1, ""10101111100"": 1, ""11011000101"": 1, ""11011011100"": 1, ""11011101001"": 1, ""11011110001"": 1}"
019e10f6-40f5-74c2-a926-53ac8f3c6eda,2,4,104,IIXXZIZXIXZ,ZXIXZIZXXII,"[0, 1, 3, 4, 6, 7, 8]",-0.00048828124999999913,0.0,10,0.6,"{""00000011000"": 1, ""00101000011"": 1, ""01011010101"": 1, ""01110100001"": 1, ""10000100011"": 1, ""10000110110"": 1, ""11011000011"": 1, ""11011001011"": 1, ""11011101101"": 1, ""11110000011"": 1}"
019e10f6-40f5-74c2-a926-53ac8f3c6eda,2,5,105,IIXXZIZXIYY,YYIXZIZXXII,"[0, 1, 3, 4, 6, 7, 8]",-0.00048828124999999913,0.0,10,1.0,"{""00000110110"": 1, ""00101001101"": 1, ""00101011011"": 1, ""01011010110"": 1, ""01110011011"": 1, ""01110101110"": 1, ""10000010101"": 1, ""10000110110"": 1, ""11011011011"": 1, ""11110010101"": 1}"
019e10f6-40f5-74c2-a926-53ac8f3c6eda,2,6,106,IIXXZIZXZII,IIZXZIZXXII,"[2, 3, 4, 6, 7, 8]",-0.00048828124999999913,0.0,10,0.4,"{""00000101110"": 1, ""00101110110"": 1, ""01010001100"": 1, ""01011001101"": 1, ""01011010011"": 1, ""01110001001"": 1, ""10000001101"": 1, ""10000011011"": 1, ""10101100000"": 1, ""10101110110"": 1}"
019e10f6-40f5-74c2-a926-53ac8f3c6eda,2,7,107,IIXXZIZXZZX,XZZXZIZXXII,"[0, 1, 2, 3, 4, 6, 7, 8]",-0.00048828124999999913,0.0,10,0.8,"{""00101000000"": 1, ""00101010100"": 1, ""01100001111"": 1, ""01110011011"": 1, ""10101010111"": 1, ""10101111000"": 1, ""11011010111"": 1, ""11110000011"": 1, ""11110110100"": 1, ""11110110111"": 1}"
019e10f6-40f5-74c2-a926-53ac8f3c6eda,2,8,108,IIXXZIZYXXY,YXXYZIZXXII,"[0, 1, 2, 3, 4, 6, 7, 8]",-0.00048828124999999913,0.0,10,0.6,"{""00010101111"": 1, ""00101001111"": 1, ""01011111011"": 1, ""01110110100"": 1, ""10000011110"": 1, ""10011001111"": 1, ""10101001010"": 1, ""11001011000"": 1, ""11011110001"": 1, ""11110110100"": 1}"
019e10f6-40f5-74c2-a926-53ac8f3c6eda,2,9,109,IIXXZIZYXYZ,ZYXYZIZXXII,"[0, 1, 2, 3, 4, 6, 7, 8]",0.00048828124999999913,0.0,10,-0.6,"{""00000101110"": 1, ""00001000111"": 1, ""00101100001"": 1, ""00101110110"": 1, ""01011100001"": 1, ""01110001011"": 1, ""10000001000"": 1, ""10101001011"": 1, ""10101010100"": 1, ""11011000010"": 1}"
019e10f6-40f5-74c2-a926-53ac8f3c6eda,2,10,110,IIXXZIZYYIX,XIYYZIZXXII,"[0, 2, 3, 4, 6, 7, 8]",-0.00048828124999999913,0.0,10,0.6,"{""00101011000"": 1, ""00101110100"": 1, ""00101111001"": 1, ""01110011111"": 1, ""10101010100"": 1, ""11001011000"": 1, ""11011010011"": 1, ""11011100000"": 1, ""11110011111"": 1, ""11110100000"": 1}"
019e10f6-40f5-74c2-a926-53ac8f3c6eda,2,11,111,IIXXZIZYYZI,IZYYZIZXXII,"[1, 2, 3, 4, 6, 7, 8]",-0.00048828124999999913,0.0,10,0.6,"{""00000001101"": 1, ""00000011010"": 1, ""00000101010"": 1, ""00101011111"": 1, ""00101101011"": 1, ""10000101010"": 1, ""10010000000"": 1, ""10101101010"": 1, ""11011010100"": 1, ""11110110010"": 1}"
019e10f6-40f5-74c2-a926-53ac8f3c6eda,2,12,112,IIXXZZXIXIX,XIXIXZZXXII,"[0, 2, 4, 5, 6, 7, 8]",-0.00048828124999999913,0.0,10,0.0,"{""00101011010"": 1, ""00101110111"": 1, ""01011011100"": 1, ""01110110111"": 1, ""10000110011"": 1, ""10000110111"": 1, ""10101110000"": 1, ""10111011100"": 1, ""11100011100"": 1, ""11110010111"": 1}"
019e10f6-40f5-74c2-a926-53ac8f3c6eda,2,13,113,IIXXZZXIXZI,IZXIXZZXXII,"[1, 2, 4, 5, 6, 7, 8]",-0.00048828124999999913,0.0,10,0.2,"{""00000000011"": 1, ""00000100111"": 1, ""01011110001"": 1, ""01100101101"": 1, ""10000101101"": 1, ""10101101010"": 2, ""11011000100"": 1, ""11110101010"": 1, ""11110101011"": 1}"
019e10f6-40f5-74c2-a926-53ac8f3c6eda,2,14,114,IIXXZZXIYXY,YXYIXZZXXII,"[0, 1, 2, 4, 5, 6, 7, 8]",0.00048828124999999913,0.0,10,-0.8,"{""01011000000"": 1, ""01110000100"": 1, ""01110000111"": 2, ""01110011101"": 1, ""10000100101"": 1, ""10000110100"": 2, ""10101000010"": 1, ""11110110100"": 1}"
019e10f6-40f5-74c2-a926-53ac8f3c6eda,2,15,115,IIXXZZXIYYZ,ZYYIXZZXXII,"[0, 1, 2, 4, 5, 6, 7, 8]",-0.00048828124999999913,0.0,10,0.6,"{""01011011010"": 1, ""01011011111"": 1, ""01011110000"": 1, ""01110011010"": 1, ""01110110101"": 1, ""10000011010"": 1, ""10101101001"": 1, ""11011000000"": 1, ""11011010101"": 1, ""11011100110"": 1}"
019e10f6-40f5-74c2-a926-53ac8f3c6eda,2,16,116,IIXXZZXZIII,IIIZXZZXXII,"[3, 4, 5, 6, 7, 8]",-0.00048828124999999913,0.0,10,0.6,"{""00000011111"": 1, ""01011110110"": 1, ""01011110111"": 1, ""01110011110"": 1, ""10000101001"": 1, ""10000110000"": 1, ""10000111010"": 1, ""10101110001"": 1, ""11011001000"": 1, ""11110101111"": 1}"
019e10f6-40f5-74c2-a926-53ac8f3c6eda,2,17,117,IIXXZZXZIZX,XZIZXZZXXII,"[0, 1, 3, 4, 5, 6, 7, 8]",-0.00048828124999999913,0.0,10,1.0,"{""00000011011"": 1, ""00000110000"": 1, ""01011110111"": 1, ""01110011000"": 1, ""01110011111"": 1, ""10000101000"": 1, ""10101110111"": 1, ""10110101100"": 1, ""11011101011"": 1, ""11110101111"": 1}"
019e10f6-40f5-74c2-a926-53ac8f3c6eda,2,18,118,IIXXZZXZZXZ,ZXZZXZZXXII,"[0, 1, 2, 3, 4, 5, 6, 7, 8]",-0.00048828124999999913,0.0,10,0.6,"{""00000110000"": 1, ""00000110110"": 1, ""00101000000"": 1, ""00101101101"": 1, ""01100000000"": 1, ""01110000110"": 1, ""10000011100"": 1, ""10101011101"": 1, ""11001100110"": 1, ""11011011011"": 1}"
019e10f6-40f5-74c2-a926-53ac8f3c6eda,2,19,119,IIXXZZXZZYY,YYZZXZZXXII,"[0, 1, 2, 3, 4, 5, 6, 7, 8]",-0.00048828124999999913,0.0,10,0.8,"{""00000101101"": 1, ""00101101110"": 1, ""01011101000"": 1, ""01011110101"": 1, ""10000000101"": 1, ""10000011000"": 1, ""10000101011"": 1, ""10101011110"": 1, ""10101110000"": 1, ""11011001011"": 1}"
019e10f6-40f5-74c2-a926-53ac8f3c6eda,2,20,120,IIXXZZYXXXY,YXXXYZZXXII,"[0, 1, 2, 3, 4, 5, 6, 7, 8]",0.00048828124999999913,0.0,10,-0.6,"{""01011001011"": 1, ""01110011010"": 1, ""10000011111"": 1, ""10100110100"": 1, ""10101110010"": 1, ""11011010011"": 1, ""11011100011"": 1, ""11110000011"": 1, ""11110011010"": 1, ""11110110010"": 1}"
019e10f6-40f5-74c2-a926-53ac8f3c6eda,2,21,121,IIXXZZYXXYZ,ZYXXYZZXXII,"[0, 1, 2, 3, 4, 5, 6, 7, 8]",-0.00048828124999999913,0.0,10,0.4,"{""00101011101"": 1, ""00110001100"": 1, ""01011100000"": 1, ""01011100010"": 1, ""01110010101"": 1, ""10000001100"": 1, ""10101010111"": 1, ""11011010001"": 1, ""11110010001"": 1, ""11110100101"": 1}"
019e10f6-40f5-74c2-a926-53ac8f3c6eda,2,22,122,IIXXZZYXYIX,XIYXYZZXXII,"[0, 2, 3, 4, 5, 6, 7, 8]",0.00048828124999999913,0.0,10,-1.0,"{""00101100000"": 1, ""00101110100"": 1, ""01011101011"": 1, ""01011101100"": 1, ""01011110011"": 1, ""01110001111"": 2, ""10000000100"": 1, ""10000001000"": 1, ""11011110011"": 1}"
019e10f6-40f5-74c2-a926-53ac8f3c6eda,2,23,123,IIXXZZYXYZI,IZYXYZZXXII,"[1, 2, 3, 4, 5, 6, 7, 8]",0.00048828124999999913,0.0,10,-0.8,"{""00000000010"": 1, ""00101001001"": 1, ""01011000100"": 1, ""01110011110"": 1, ""10000100110"": 1, ""10101010001"": 1, ""11011101101"": 1, ""11110010000"": 2, ""11110101011"": 1}"
019e10f6-40f5-74c2-a926-53ac8f3c6eda,2,24,124,IIXXZZYYIXZ,ZXIYYZZXXII,"[0, 1, 3, 4, 5, 6, 7, 8]",-0.00048828124999999913,0.0,10,1.0,"{""00101001110"": 1, ""01011010101"": 1, ""01011100110"": 1, ""01011101011"": 1, ""10000010101"": 1, ""10000010110"": 1, ""10101110000"": 1, ""11011011011"": 1, ""11011111101"": 1, ""11110111110"": 1}"
019e10f6-40f5-74c2-a926-53ac8f3c6eda,2,25,125,IIXXZZYYIYY,YYIYYZZXXII,"[0, 1, 3, 4, 5, 6, 7, 8]",-0.00048828124999999913,0.0,10,0.6,"{""00101011000"": 1, ""00101110110"": 1, ""01011000000"": 1, ""10000010011"": 1, ""10000101011"": 1, ""10101000011"": 1, ""10101010101"": 1, ""10101110011"": 1, ""11011000011"": 1, ""11011111110"": 1}"
019e10f6-40f5-74c2-a926-53ac8f3c6eda,2,26,126,IIXXZZYYZII,IIZYYZZXXII,"[2, 3, 4, 5, 6, 7, 8]",-0.00048828124999999913,0.0,10,0.4,"{""00000011000"": 1, ""00101010101"": 1, ""01001000000"": 1, ""01100100110"": 1, ""01110001111"": 1, ""10101000001"": 1, ""11011011000"": 1, ""11011110010"": 1, ""11110011011"": 1, ""11110111000"": 1}"
019e10f6-40f5-74c2-a926-53ac8f3c6eda,2,27,127,IIXXZZYYZZX,XZZYYZZXXII,"[0, 1, 2, 3, 4, 5, 6, 7, 8]",-0.00048828124999999913,0.0,10,0.8,"{""00101000000"": 1, ""00101111111"": 1, ""01110000011"": 1, ""01110101000"": 1, ""01110111111"": 1, ""10000001111"": 1, ""10101001100"": 1, ""11011001100"": 1, ""11011100100"": 1, ""11110111101"": 1}"
019e10f6-40f5-74c2-a926-53ac8f3c6eda,2,28,128,IIYXXXXXXXY,YXXXXXXXYII,"[0, 1, 2, 3, 4, 5, 6, 7, 8]",-0.00048828124999999913,0.0,10,0.4,"{""00101101111"": 1, ""01010000101"": 1, ""01011110011"": 1, ""01110000000"": 1, ""01111100010"": 1, ""01111100011"": 1, ""10100001110"": 1, ""10100101111"": 1, ""11010001101"": 1, ""11011010001"": 1}"
019e10f6-40f5-74c2-a926-53ac8f3c6eda,2,29,129,IIYXXXXXXYZ,ZYXXXXXXYII,"[0, 1, 2, 3, 4, 5, 6, 7, 8]",0.00048828124999999913,0.0,10,-0.2,"{""00001110101"": 1, ""00100101000"": 1, ""00101010000"": 1, ""01010011101"": 1, ""01110000000"": 1, ""01111100001"": 1, ""10001001010"": 1, ""11011010100"": 1, ""11100101010"": 1, ""11110000110"": 1}"
019e10f6-40f5-74c2-a926-53ac8f3c6eda,2,30,130,IIYXXXXXYIX,XIYXXXXXYII,"[0, 2, 3, 4, 5, 6, 7, 8]",-0.00048828124999999913,0.0,10,0.4,"{""00000000111"": 1, ""00000111000"": 1, ""01010010011"": 1, ""01011010011"": 1, ""01011110111"": 1, ""01110100011"": 1, ""01111100001"": 1, ""10101110000"": 1, ""11011101000"": 1, ""11110111100"": 1}"
019e10f6-40f5-74c2-a926-53ac8f3c6eda,2,31,131,IIYXXXXXYZI,IZYXXXXXYII,"[1, 2, 3, 4, 5, 6, 7, 8]",-0.00048828124999999913,0.0,10,0.0,"{""00000100111"": 1, ""00001000110"": 1, ""00100010001"": 1, ""00110001000"": 1, ""01001100100"": 1, ""01010001000"": 1, ""01010111111"": 1, ""10100000001"": 1, ""11011000001"": 1, ""11111110100"": 1}"
019e10f6-40f5-74c2-a926-53ac8f3c6eda,2,32,132,IIYXXXXYIXZ,ZXIYXXXXYII,"[0, 1, 3, 4, 5, 6, 7, 8]",0.00048828124999999913,0.0,10,-0.6,"{""00001110011"": 1, ""00100000011"": 1, ""00101001000"": 1, ""00101111011"": 1, ""01010011000"": 1, ""01010100011"": 1, ""10000011110"": 1, ""10000111000"": 1, ""10100010101"": 1, ""11011110100"": 1}"
019e10f6-40f5-74c2-a926-53ac8f3c6eda,2,33,133,IIYXXXXYIYY,YYIYXXXXYII,"[0, 1, 3, 4, 5, 6, 7, 8]",0.00048828124999999913,0.0,10,-0.2,"{""00001010000"": 1, ""00100001110"": 1, ""00101111011"": 1, ""01010111101"": 1, ""01111001011"": 1, ""10000010011"": 1, ""11000011000"": 1, ""11011000101"": 1, ""11011110110"": 1, ""11111000101"": 1}"
019e10f6-40f5-74c2-a926-53ac8f3c6eda,2,34,134,IIYXXXXYZII,IIZYXXXXYII,"[2, 3, 4, 5, 6, 7, 8]",0.00048828124999999913,0.0,10,-0.4,"{""00000111000"": 1, ""00010100010"": 1, ""00101011001"": 1, ""01110000101"": 1, ""01111010010"": 1, ""10000010001"": 1, ""10001001100"": 1, ""10001101011"": 1, ""10001111101"": 1, ""11011101111"": 1}"
019e10f6-40f5-74c2-a926-53ac8f3c6eda,2,35,135,IIYXXXXYZZX,XZZYXXXXYII,"[0, 1, 2, 3, 4, 5, 6, 7, 8]",0.00048828124999999913,0.0,10,-0.4,"{""00101000100"": 1, ""00101101011"": 1, ""01011011100"": 1, ""01011110111"": 1, ""01110000101"": 1, ""10000011011"": 1, ""10101010000"": 1, ""10101011111"": 1, ""11011110111"": 1, ""11110000111"": 1}"
019e10f6-40f5-74c2-a926-53ac8f3c6eda,2,36,136,IIYXXXYIXIX,XIXIYXXXYII,"[0, 2, 4, 5, 6, 7, 8]",-0.00048828124999999913,0.0,10,0.4,"{""00000000111"": 1, ""00001100111"": 2, ""01010111000"": 1, ""01110101011"": 1, ""01111001100"": 1, ""10000110000"": 1, ""10001000000"": 1, ""10100011011"": 1, ""11000110000"": 1}"
019e10f6-40f5-74c2-a926-53ac8f3c6eda,2,37,137,IIYXXXYIXZI,IZXIYXXXYII,"[1, 2, 4, 5, 6, 7, 8]",-0.00048828124999999913,0.0,10,0.6,"{""00001001011"": 1, ""00100001001"": 1, ""01010101101"": 1, ""01010110101"": 1, ""01011110111"": 1, ""01111100111"": 1, ""10001100001"": 1, ""10100001101"": 1, ""10100100110"": 1, ""10101010011"": 1}"
019e10f6-40f5-74c2-a926-53ac8f3c6eda,2,38,138,IIYXXXYIYXY,YXYIYXXXYII,"[0, 1, 2, 4, 5, 6, 7, 8]",0.00048828124999999913,0.0,10,-0.6,"{""00000110100"": 1, ""00001110000"": 1, ""00100010001"": 1, ""01010111101"": 1, ""01110001011"": 1, ""01110001100"": 1, ""01110110010"": 1, ""10100010001"": 1, ""11111110100"": 1, ""11111111011"": 1}"
019e10f6-40f5-74c2-a926-53ac8f3c6eda,2,39,139,IIYXXXYIYYZ,ZYYIYXXXYII,"[0, 1, 2, 4, 5, 6, 7, 8]",-0.00048828124999999913,0.0,10,0.4,"{""00000000101"": 1, ""00001111010"": 1, ""01001101111"": 1, ""10000011110"": 1, ""10100001001"": 1, ""10100100000"": 1, ""10101001111"": 1, ""10101101100"": 1, ""11010100011"": 1, ""11110101001"": 1}"
019e10f6-40f5-74c2-a926-53ac8f3c6eda,2,40,140,IIYXXXYZIII,IIIZYXXXYII,"[3, 4, 5, 6, 7, 8]",-0.00048828124999999913,0.0,10,0.6,"{""00001111101"": 1, ""01111001010"": 1, ""01111111111"": 1, ""10001010110"": 1, ""10100010101"": 1, ""10100011111"": 1, ""10101000000"": 1, ""10101001100"": 1, ""11010111100"": 1, ""11110110100"": 1}"
019e10f6-40f5-74c2-a926-53ac8f3c6eda,2,41,141,IIYXXXYZIZX,XZIZYXXXYII,"[0, 1, 3, 4, 5, 6, 7, 8]",-0.00048828124999999913,0.0,10,0.6,"{""00100010000"": 1, ""00100011010"": 1, ""00101101000"": 1, ""10001001100"": 1, ""10100001011"": 1, ""10101101011"": 1, ""10101110111"": 1, ""11000111011"": 1, ""11011100111"": 1, ""11110101011"": 1}"
019e10f6-40f5-74c2-a926-53ac8f3c6eda,2,42,142,IIYXXXYZZXZ,ZXZZYXXXYII,"[0, 1, 2, 3, 4, 5, 6, 7, 8]",-0.00048828124999999913,0.0,10,0.6,"{""00000110101"": 1, ""01110101110"": 1, ""01110110011"": 1, ""01111011110"": 1, ""01111111011"": 1, ""10000011011"": 1, ""10001010110"": 1, ""10101000001"": 1, ""10101101110"": 1, ""11011011011"": 1}"
019e10f6-40f5-74c2-a926-53ac8f3c6eda,2,43,143,IIYXXXYZZYY,YYZZYXXXYII,"[0, 1, 2, 3, 4, 5, 6, 7, 8]",-0.00048828124999999913,0.0,10,0.8,"{""00000000011"": 1, ""00000101110"": 1, ""00100100000"": 1, ""00101110000"": 1, ""01111001000"": 1, ""10001111110"": 1, ""10101110011"": 1, ""11010010101"": 1, ""11110001000"": 1, ""11110101110"": 1}"
019e10f6-40f5-74c2-a926-53ac8f3c6eda,2,44,144,IIYXXYIXIXZ,ZXIXIYXXYII,"[0, 1, 3, 5, 6, 7, 8]",0.00048828124999999913,0.0,10,-1.0,"{""00100001110"": 1, ""00100110110"": 1, ""01011101110"": 2, ""01110010101"": 1, ""01110100000"": 1, ""10000010101"": 1, ""10000011000"": 1, ""10001111000"": 1, ""11111000011"": 1}"
019e10f6-40f5-74c2-a926-53ac8f3c6eda,2,45,145,IIYXXYIXIYY,YYIXIYXXYII,"[0, 1, 3, 5, 6, 7, 8]",0.00048828124999999913,0.0,10,-0.6,"{""00001001110"": 1, ""00100000000"": 2, ""00100111011"": 1, ""01010000011"": 1, ""01110011000"": 1, ""01110111000"": 1, ""10001111110"": 1, ""10100001110"": 1, ""11011011000"": 1}"
019e10f6-40f5-74c2-a926-53ac8f3c6eda,2,46,146,IIYXXYIXZII,IIZXIYXXYII,"[2, 3, 5, 6, 7, 8]",0.00048828124999999913,0.0,10,-0.8,"{""00100000001"": 1, ""00100010101"": 1, ""00100110111"": 1, ""00100111010"": 1, ""01010111010"": 1, ""01010111011"": 1, ""01110011001"": 1, ""10101100011"": 1, ""11010111011"": 1, ""11011101100"": 1}"
019e10f6-40f5-74c2-a926-53ac8f3c6eda,2,47,147,IIYXXYIXZZX,XZZXIYXXYII,"[0, 1, 2, 3, 5, 6, 7, 8]",0.00048828124999999913,0.0,10,-1.0,"{""00000011011"": 1, ""00000101111"": 1, ""00001111000"": 1, ""00101010100"": 1, ""01010001100"": 1, ""01110100000"": 1, ""10000011000"": 1, ""11010001111"": 1, ""11010110100"": 1, ""11111000011"": 1}"
019e10f6-40f5-74c2-a926-53ac8f3c6eda,2,48,148,IIYXXYIYXXY,YXXYIYXXYII,"[0, 1, 2, 3, 5, 6, 7, 8]",0.00048828124999999913,0.0,10,-0.8,"{""00001111000"": 1, ""00100111000"": 1, ""00101100110"": 1, ""01011010001"": 1, ""01111000110"": 1, ""10000011010"": 1, ""10000011101"": 1, ""10101100000"": 1, ""10101101111"": 1, ""11110011110"": 1}"
019e10f6-40f5-74c2-a926-53ac8f3c6eda,2,49,149,IIYXXYIYXYZ,ZYXYIYXXYII,"[0, 1, 2, 3, 5, 6, 7, 8]",-0.00048828124999999913,0.0,10,0.8,"{""00000101000"": 1, ""00001111001"": 1, ""00101011001"": 1, ""00101101011"": 1, ""01110011001"": 1, ""01110011111"": 1, ""10000011001"": 1, ""10000100100"": 1, ""10100111011"": 1, ""10101101110"": 1}"
019e10f6-40f5-74c2-a926-53ac8f3c6eda,2,50,150,IIYXXYIYYIX,XIYYIYXXYII,"[0, 2, 3, 5, 6, 7, 8]",0.00048828124999999913,0.0,10,-0.6,"{""00100110011"": 1, ""01010000011"": 1, ""01010111111"": 1, ""01111111000"": 1, ""10001001100"": 1, ""11011100000"": 2, ""11011100110"": 1, ""11110010100"": 1, ""11110100111"": 1}"
019e10f6-40f5-74c2-a926-53ac8f3c6eda,2,51,151,IIYXXYIYYZI,IZYYIYXXYII,"[1, 2, 3, 5, 6, 7, 8]",0.00048828124999999913,0.0,10,0.0,"{""00000010111"": 1, ""00000101111"": 1, ""00001111110"": 1, ""01110000000"": 1, ""01110000111"": 1, ""01111101100"": 1, ""10001110101"": 1, ""11010000000"": 1, ""11011010011"": 1, ""11111000110"": 1}"
019e10f6-40f5-74c2-a926-53ac8f3c6eda,2,52,152,IIYXXYZIIII,IIIIZYXXYII,"[4, 5, 6, 7, 8]",0.00048828124999999913,0.0,10,-0.8,"{""00001001001"": 1, ""00100111100"": 1, ""01010001001"": 1, ""01011100000"": 1, ""01011101001"": 1, ""01111001001"": 1, ""10100110000"": 1, ""11010101010"": 1, ""11010110011"": 1, ""11010111100"": 1}"
019e10f6-40f5-74c2-a926-53ac8f3c6eda,2,53,153,IIYXXYZIIZX,XZIIZYXXYII,"[0, 1, 4, 5, 6, 7, 8]",0.00048828124999999913,0.0,10,-0.4,"{""00100110011"": 1, ""00101011000"": 1, ""00101100000"": 1, ""01011001100"": 1, ""10000101111"": 1, ""11001100111"": 1, ""11011011000"": 1, ""11011011011"": 1, ""11011101011"": 1, ""11110000111"": 1}"
019e10f6-40f5-74c2-a926-53ac8f3c6eda,2,54,154,IIYXXYZIZXZ,ZXZIZYXXYII,"[0, 1, 2, 4, 5, 6, 7, 8]",0.00048828124999999913,0.0,10,-0.6,"{""00001110000"": 1, ""00101011101"": 1, ""01010000101"": 1, ""01011011110"": 1, ""01011101100"": 1, ""10000101110"": 1, ""10100000000"": 1, ""10100001011"": 1, ""11010101000"": 1, ""11011011101"": 1}"
019e10f6-40f5-74c2-a926-53ac8f3c6eda,2,55,155,IIYXXYZIZYY,YYZIZYXXYII,"[0, 1, 2, 4, 5, 6, 7, 8]",0.00048828124999999913,0.0,10,-0.8,"{""00001110110"": 1, ""01011000000"": 1, ""01011010000"": 1, ""01011101110"": 1, ""01111110110"": 1, ""10000010011"": 1, ""10101010101"": 1, ""10101011110"": 1, ""11011101101"": 1, ""11011101110"": 1}"
019e10f6-40f5-74c2-a926-53ac8f3c6eda,2,56,156,IIYXXYZZXIX,XIXZZYXXYII,"[0, 2, 3, 4, 5, 6, 7, 8]",0.00048828124999999913,0.0,10,-0.2,"{""00100001011"": 1, ""00101101011"": 1, ""01010000011"": 1, ""01011100000"": 1, ""10001111011"": 1, ""10100000110"": 1, ""11011101100"": 1, ""11011110111"": 1, ""11110010111"": 1, ""11111101001"": 1}"
019e10f6-40f5-74c2-a926-53ac8f3c6eda,2,57,157,IIYXXYZZXZI,IZXZZYXXYII,"[1, 2, 3, 4, 5, 6, 7, 8]",0.00048828124999999913,0.0,10,-0.8,"{""00000101011"": 1, ""00001001100"": 1, ""00101101101"": 1, ""01010111011"": 1, ""01111000010"": 1, ""10001110111"": 1, ""10101010001"": 1, ""10101101100"": 1, ""11011011011"": 1, ""11110101010"": 1}"
019e10f6-40f5-74c2-a926-53ac8f3c6eda,2,58,158,IIYXXYZZYXY,YXYZZYXXYII,"[0, 1, 2, 3, 4, 5, 6, 7, 8]",-0.00048828124999999913,0.0,10,0.8,"{""00101100100"": 1, ""01010000010"": 1, ""01010001011"": 1, ""01011100001"": 1, ""01110011011"": 1, ""01111000111"": 1, ""01111001101"": 1, ""01111010111"": 1, ""10100110111"": 1, ""11111100011"": 1}"
019e10f6-40f5-74c2-a926-53ac8f3c6eda,2,59,159,IIYXXYZZYYZ,ZYYZZYXXYII,"[0, 1, 2, 3, 4, 5, 6, 7, 8]",0.00048828124999999913,0.0,10,-0.6,"{""01010000101"": 1, ""01010000110"": 1, ""01010001111"": 1, ""01011100000"": 1, ""01011101010"": 1, ""10000100110"": 1, ""10001001111"": 1, ""10101011011"": 1, ""11010110110"": 1, ""11011110101"": 1}"
019e10f6-40f5-74c2-a926-53ac8f3c6eda,2,60,160,IIYXYIXIXIX,XIXIXIYXYII,"[0, 2, 4, 6, 7, 8]",-0.00048828124999999913,0.0,10,0.4,"{""00010011011"": 1, ""01110010100"": 1, ""01111101000"": 1, ""01111101011"": 1, ""10000011010"": 1, ""10100101011"": 1, ""10100110000"": 1, ""11010101100"": 1, ""11100101011"": 1, ""11110011011"": 1}"
019e10f6-40f5-74c2-a926-53ac8f3c6eda,2,61,161,IIYXYIXIXZI,IZXIXIYXYII,"[1, 2, 4, 6, 7, 8]",-0.00048828124999999913,0.0,10,0.6,"{""00100110111"": 1, ""00101000000"": 1, ""01010101110"": 1, ""01010110001"": 1, ""01011000110"": 1, ""10001000000"": 1, ""10101011011"": 1, ""11110010011"": 1, ""11111101010"": 1, ""11111101011"": 1}"
019e10f6-40f5-74c2-a926-53ac8f3c6eda,2,62,162,IIYXYIXIYXY,YXYIXIYXYII,"[0, 1, 2, 4, 6, 7, 8]",0.00048828124999999913,0.0,10,0.0,"{""00000011010"": 1, ""00001110011"": 1, ""00001110100"": 1, ""01010101000"": 1, ""01011011000"": 1, ""01100000111"": 1, ""01110000001"": 1, ""10000000101"": 1, ""10011000000"": 1, ""10100001011"": 1}"
019e10f6-40f5-74c2-a926-53ac8f3c6eda,2,63,163,IIYXYIXIYYZ,ZYYIXIYXYII,"[0, 1, 2, 4, 6, 7, 8]",-0.00048828124999999913,0.0,10,0.6,"{""00000000000"": 2, ""00000000101"": 1, ""00001110011"": 1, ""10011101010"": 1, ""10100101001"": 1, ""10100110101"": 1, ""10101000110"": 1, ""11010011111"": 1, ""11010101001"": 1}"
019e10f6-40f5-74c2-a926-53ac8f3c6eda,2,64,164,IIYXYIXZIII,IIIZXIYXYII,"[3, 4, 6, 7, 8]",-0.00048828124999999913,0.0,10,0.4,"{""00001100101"": 1, ""00101011010"": 1, ""01011000010"": 1, ""01100000011"": 1, ""10100101111"": 1, ""10100110111"": 1, ""10101011101"": 1, ""11010110111"": 1, ""11110000001"": 1, ""11110010001"": 1}"
019e10f6-40f5-74c2-a926-53ac8f3c6eda,2,65,165,IIYXYIXZIZX,XZIZXIYXYII,"[0, 1, 3, 4, 6, 7, 8]",-0.00048828124999999913,0.0,10,0.6,"{""00000011011"": 1, ""00001011111"": 1, ""00001101011"": 1, ""00001101111"": 1, ""01111110100"": 1, ""10000011111"": 1, ""10001110011"": 1, ""10101000011"": 1, ""11111000011"": 1, ""11111110100"": 1}"
019e10f6-40f5-74c2-a926-53ac8f3c6eda,2,66,166,IIYXYIXZZXZ,ZXZZXIYXYII,"[0, 1, 2, 3, 4, 6, 7, 8]",-0.00048828124999999913,0.0,10,0.8,"{""00011000000"": 1, ""00100010101"": 1, ""00100101011"": 1, ""01011011011"": 1, ""01111110000"": 1, ""10101011110"": 1, ""11000110110"": 1, ""11010101011"": 1, ""11011000011"": 1, ""11011011101"": 1}"
019e10f6-40f5-74c2-a926-53ac8f3c6eda,2,67,167,IIYXYIXZZYY,YYZZXIYXYII,"[0, 1, 2, 3, 4, 6, 7, 8]",-0.00048828124999999913,0.0,10,0.6,"{""00011011110"": 1, ""00100101101"": 1, ""00100110101"": 1, ""10100100110"": 1, ""10100110011"": 1, ""10111011101"": 1, ""11010110000"": 1, ""11110000011"": 1, ""11111110000"": 2}"
019e10f6-40f5-74c2-a926-53ac8f3c6eda,2,68,168,IIYXYIYXXXY,YXXXYIYXYII,"[0, 1, 2, 3, 4, 6, 7, 8]",0.00048828124999999913,0.0,10,-0.4,"{""00010001110"": 1, ""00100001110"": 1, ""00100110001"": 1, ""01111101111"": 1, ""01111110001"": 1, ""10001100101"": 1, ""10100100101"": 1, ""11010100101"": 1, ""11010110011"": 1, ""11010110111"": 1}"
019e10f6-40f5-74c2-a926-53ac8f3c6eda,2,69,169,IIYXYIYXXYZ,ZYXXYIYXYII,"[0, 1, 2, 3, 4, 6, 7, 8]",-0.00048828124999999913,0.0,10,0.4,"{""00000010101"": 1, ""00001000101"": 1, ""01011010010"": 1, ""01011011110"": 1, ""01110011101"": 1, ""01110110010"": 1, ""10000000000"": 1, ""10101010110"": 1, ""11000010010"": 1, ""11011000000"": 1}"
019e10f6-40f5-74c2-a926-53ac8f3c6eda,2,70,170,IIYXYIYXYIX,XIYXYIYXYII,"[0, 2, 3, 4, 6, 7, 8]",0.00048828124999999913,0.0,10,-0.2,"{""00000001111"": 1, ""00001111011"": 1, ""00101001100"": 1, ""01011011100"": 1, ""01101101000"": 1, ""10001110011"": 1, ""10010010000"": 1, ""10100111111"": 1, ""11011010011"": 1, ""11111000000"": 1}"
019e10f6-40f5-74c2-a926-53ac8f3c6eda,2,71,171,IIYXYIYXYZI,IZYXYIYXYII,"[1, 2, 3, 4, 6, 7, 8]",0.00048828124999999913,0.0,10,-0.2,"{""00000101010"": 1, ""00001101100"": 1, ""00101111001"": 1, ""01010010000"": 1, ""01011010110"": 1, ""10000001000"": 1, ""10001100110"": 1, ""11010111000"": 1, ""11110011101"": 1, ""11111110001"": 1}"
019e10f6-40f5-74c2-a926-53ac8f3c6eda,2,72,172,IIYXYIYYIXZ,ZXIYYIYXYII,"[0, 1, 3, 4, 6, 7, 8]",-0.00048828124999999913,0.0,10,0.8,"{""00000000011"": 1, ""00000010101"": 1, ""00000101011"": 1, ""00001110011"": 1, ""01010111101"": 1, ""01111100110"": 1, ""10101011011"": 1, ""11011000000"": 1, ""11011010110"": 1, ""11110000000"": 1}"
019e10f6-40f5-74c2-a926-53ac8f3c6eda,2,73,173,IIYXYIYYIYY,YYIYYIYXYII,"[0, 1, 3, 4, 6, 7, 8]",-0.00048828124999999913,0.0,10,0.8,"{""00100100110"": 1, ""01110001101"": 1, ""01110010101"": 1, ""01110110000"": 1, ""01111110011"": 1, ""01111111110"": 1, ""10001100110"": 1, ""11110010101"": 1, ""11111101000"": 2}"
019e10f6-40f5-74c2-a926-53ac8f3c6eda,2,74,174,IIYXYIYYZII,IIZYYIYXYII,"[2, 3, 4, 6, 7, 8]",-0.00048828124999999913,0.0,10,0.6,"{""00000010100"": 1, ""00011100111"": 1, ""01110001101"": 1, ""01110011000"": 2, ""10001110011"": 1, ""10010000000"": 1, ""10100100101"": 1, ""11011010110"": 1, ""11111101000"": 1}"
019e10f6-40f5-74c2-a926-53ac8f3c6eda,2,75,175,IIYXYIYYZZX,XZZYYIYXYII,"[0, 1, 2, 3, 4, 6, 7, 8]",-0.00048828124999999913,0.0,10,0.8,"{""00000000011"": 1, ""00000101111"": 1, ""00001010111"": 1, ""00001110011"": 2, ""01010100111"": 1, ""01111110000"": 1, ""10100100111"": 2, ""10100110011"": 1}"
019e10f6-40f5-74c2-a926-53ac8f3c6eda,2,76,176,IIYXYZIIIII,IIIIIZYXYII,"[5, 6, 7, 8]",-0.00048828124999999913,0.0,10,0.0,"{""00001100011"": 1, ""01011000011"": 1, ""01011101011"": 1, ""01011111100"": 1, ""10000001001"": 1, ""10011101001"": 1, ""10100011111"": 1, ""11010011011"": 1, ""11110000101"": 1, ""11111101110"": 1}"
019e10f6-40f5-74c2-a926-53ac8f3c6eda,2,77,177,IIYXYZIIIZX,XZIIIZYXYII,"[0, 1, 5, 6, 7, 8]",-0.00048828124999999913,0.0,10,0.6,"{""00001101011"": 1, ""01011010011"": 1, ""01011010100"": 1, ""01011110011"": 1, ""01110010100"": 1, ""10000011111"": 1, ""10010011011"": 1, ""10100111100"": 1, ""11011000111"": 1, ""11111111111"": 1}"
019e10f6-40f5-74c2-a926-53ac8f3c6eda,2,78,178,IIYXYZIIZXZ,ZXZIIZYXYII,"[0, 1, 2, 5, 6, 7, 8]",-0.00048828124999999913,0.0,10,0.2,"{""00000010110"": 1, ""00000100101"": 1, ""00001001000"": 1, ""01110000101"": 1, ""01110001001"": 1, ""10001101000"": 1, ""10001111011"": 1, ""11011001110"": 1, ""11011111101"": 1, ""11111110011"": 1}"
019e10f6-40f5-74c2-a926-53ac8f3c6eda,2,79,179,IIYXYZIIZYY,YYZIIZYXYII,"[0, 1, 2, 5, 6, 7, 8]",-0.00048828124999999913,0.0,10,0.4,"{""00100101000"": 1, ""01010111000"": 1, ""01011000000"": 1, ""01011000110"": 1, ""01110011110"": 1, ""01111100101"": 1, ""10001111001"": 1, ""10010001000"": 1, ""10011111000"": 1, ""11111110110"": 1}"
019e10f6-40f5-74c2-a926-53ac8f3c6eda,2,80,180,IIYXYZIZXIX,XIXZIZYXYII,"[0, 2, 3, 5, 6, 7, 8]",-0.00048828124999999913,0.0,10,0.4,"{""00000000100"": 1, ""00001000000"": 1, ""00001100111"": 1, ""01110011000"": 1, ""01111100111"": 1, ""10000000111"": 1, ""10101000000"": 1, ""11010100000"": 1, ""11010111100"": 1, ""11110011011"": 1}"
019e10f6-40f5-74c2-a926-53ac8f3c6eda,2,81,181,IIYXYZIZXZI,IZXZIZYXYII,"[1, 2, 3, 5, 6, 7, 8]",-0.00048828124999999913,0.0,10,0.4,"{""00000001101"": 1, ""00100100000"": 1, ""01110000000"": 1, ""01110000101"": 1, ""01110001011"": 1, ""01110011100"": 1, ""10100110110"": 1, ""10101101011"": 1, ""11110000101"": 1, ""11110001011"": 1}"
019e10f6-40f5-74c2-a926-53ac8f3c6eda,2,82,182,IIYXYZIZYXY,YXYZIZYXYII,"[0, 1, 2, 3, 5, 6, 7, 8]",0.00048828124999999913,0.0,10,-0.6,"{""01000010100"": 1, ""01010010001"": 1, ""01110001011"": 1, ""01110011000"": 1, ""01111101000"": 1, ""10010001011"": 1, ""11010000000"": 1, ""11011000010"": 1, ""11011001110"": 1, ""11110000001"": 1}"
019e10f6-40f5-74c2-a926-53ac8f3c6eda,2,83,183,IIYXYZIZYYZ,ZYYZIZYXYII,"[0, 1, 2, 3, 5, 6, 7, 8]",-0.00048828124999999913,0.0,10,0.0,"{""00000001110"": 1, ""00001110011"": 1, ""00101111100"": 1, ""01010111100"": 1, ""01011000001"": 1, ""01111011111"": 1, ""10001101010"": 1, ""10100100101"": 1, ""10100110000"": 1, ""11010100111"": 1}"
019e10f6-40f5-74c2-a926-53ac8f3c6eda,2,84,184,IIYXYZZXIXZ,ZXIXZZYXYII,"[0, 1, 3, 4, 5, 6, 7, 8]",-0.00048828124999999913,0.0,10,0.0,"{""01010101101"": 1, ""01011000101"": 1, ""01011010110"": 1, ""10001001110"": 1, ""10100010110"": 1, ""10100101111"": 1, ""10100111011"": 1, ""11011100000"": 1, ""11111100011"": 1, ""11111110110"": 1}"
019e10f6-40f5-74c2-a926-53ac8f3c6eda,2,85,185,IIYXYZZXIYY,YYIXZZYXYII,"[0, 1, 3, 4, 5, 6, 7, 8]",-0.00048828124999999913,0.0,10,1.0,"{""00101010101"": 1, ""01011000011"": 1, ""01111100000"": 1, ""10000010101"": 1, ""10000011011"": 1, ""10001100011"": 1, ""10101001110"": 1, ""10101010110"": 1, ""11011010101"": 1, ""11110000011"": 1}"
019e10f6-40f5-74c2-a926-53ac8f3c6eda,2,86,186,IIYXYZZXZII,IIZXZZYXYII,"[2, 3, 4, 5, 6, 7, 8]",-0.00048828124999999913,0.0,10,0.8,"{""00000011001"": 1, ""01110010111"": 1, ""01111101010"": 1, ""10001100011"": 1, ""10001111000"": 1, ""10010101101"": 1, ""11011000010"": 1, ""11110001100"": 1, ""11111101101"": 1, ""11111110111"": 1}"
019e10f6-40f5-74c2-a926-53ac8f3c6eda,2,87,187,IIYXYZZXZZX,XZZXZZYXYII,"[0, 1, 2, 3, 4, 5, 6, 7, 8]",-0.00048828124999999913,0.0,10,0.6,"{""00000011011"": 1, ""00001111000"": 1, ""01011110100"": 1, ""01110011011"": 1, ""10000000000"": 1, ""10000011000"": 1, ""10101001111"": 1, ""11001001100"": 1, ""11011001100"": 1, ""11110010100"": 1}"
019e10f6-40f5-74c2-a926-53ac8f3c6eda,2,88,188,IIYXYZZYXXY,YXXYZZYXYII,"[0, 1, 2, 3, 4, 5, 6, 7, 8]",-0.00048828124999999913,0.0,10,0.6,"{""00000011110"": 1, ""00100111000"": 1, ""01010010100"": 1, ""01011000110"": 1, ""01110001001"": 1, ""10000010001"": 1, ""10001111101"": 1, ""10100100101"": 1, ""11000100010"": 1, ""11110000001"": 1}"
019e10f6-40f5-74c2-a926-53ac8f3c6eda,2,89,189,IIYXYZZYXYZ,ZYXYZZYXYII,"[0, 1, 2, 3, 4, 5, 6, 7, 8]",0.00048828124999999913,0.0,10,-0.2,"{""00100110110"": 1, ""00110111111"": 1, ""01010101100"": 1, ""01110111010"": 1, ""10000000110"": 1, ""10000010110"": 1, ""11010100010"": 1, ""11010100100"": 1, ""11011011001"": 1, ""11110001011"": 1}"
019e10f6-40f5-74c2-a926-53ac8f3c6eda,2,90,190,IIYXYZZYYIX,XIYYZZYXYII,"[0, 2, 3, 4, 5, 6, 7, 8]",-0.00048828124999999913,0.0,10,0.2,"{""00000000111"": 1, ""00000010011"": 1, ""01000101011"": 1, ""01000110011"": 1, ""01110000100"": 1, ""10000001011"": 1, ""11000100100"": 1, ""11011110100"": 1, ""11110000000"": 1, ""11110001100"": 1}"
019e10f6-40f5-74c2-a926-53ac8f3c6eda,2,91,191,IIYXYZZYYZI,IZYYZZYXYII,"[1, 2, 3, 4, 5, 6, 7, 8]",-0.00048828124999999913,0.0,10,0.6,"{""00001100111"": 1, ""01110001001"": 1, ""01110010100"": 2, ""01110011111"": 1, ""01111111000"": 1, ""10000010011"": 1, ""10000100010"": 1, ""11010100011"": 1, ""11111100110"": 1}"
019e10f6-40f5-74c2-a926-53ac8f3c6eda,2,92,192,IIZIXIXIXIX,XIXIXIXIZII,"[0, 2, 4, 6, 8]",-0.00048828124999999913,0.0,10,0.6,"{""00100101011"": 1, ""00111000111"": 1, ""01011110000"": 1, ""01100101100"": 1, ""01110101011"": 1, ""01111011011"": 1, ""10001011011"": 1, ""10101000111"": 1, ""11100110000"": 1, ""11101000011"": 1}"
019e10f6-40f5-74c2-a926-53ac8f3c6eda,2,93,193,IIZIXIXIXZI,IZXIXIXIZII,"[1, 2, 4, 6, 8]",-0.00048828124999999913,0.0,10,0.6,"{""00011101101"": 1, ""00100101010"": 1, ""00111011011"": 1, ""01010011101"": 1, ""01101011100"": 1, ""10010010100"": 1, ""10110110001"": 1, ""11000101011"": 1, ""11011110110"": 1, ""11101011000"": 1}"
019e10f6-40f5-74c2-a926-53ac8f3c6eda,2,94,194,IIZIXIXIYXY,YXYIXIXIZII,"[0, 1, 2, 4, 6, 8]",0.00048828124999999913,0.0,10,-0.8,"{""00100101000"": 1, ""00100101011"": 1, ""00110011110"": 1, ""00110101000"": 1, ""01000000100"": 1, ""01011110001"": 1, ""01100110001"": 1, ""10001101011"": 1, ""10011110100"": 1, ""11011101000"": 1}"
019e10f6-40f5-74c2-a926-53ac8f3c6eda,2,95,195,IIZIXIXIYYZ,ZYYIXIXIZII,"[0, 1, 2, 4, 6, 8]",-0.00048828124999999913,0.0,10,1.0,"{""00110110000"": 1, ""00111011001"": 1, ""01001010101"": 1, ""01011110110"": 1, ""01110110011"": 1, ""10000010100"": 1, ""10011101100"": 1, ""10101111001"": 1, ""11011101001"": 1, ""11101011001"": 1}"
019e10f6-40f5-74c2-a926-53ac8f3c6eda,2,96,196,IIZIXIXZIII,IIIZXIXIZII,"[3, 4, 6, 8]",-0.00048828124999999913,0.0,10,0.6,"{""00001110111"": 1, ""00101000011"": 1, ""00101001110"": 1, ""00110110000"": 1, ""01011101000"": 1, ""11000011000"": 1, ""11000011110"": 1, ""11011110011"": 1, ""11100000001"": 1, ""11110110011"": 1}"
019e10f6-40f5-74c2-a926-53ac8f3c6eda,2,97,197,IIZIXIXZIZX,XZIZXIXIZII,"[0, 1, 3, 4, 6, 8]",-0.00048828124999999913,0.0,10,0.2,"{""00000000111"": 1, ""00010011111"": 1, ""00101000110"": 1, ""01001101000"": 1, ""10010010111"": 1, ""10110000100"": 1, ""10110011000"": 1, ""10111000111"": 1, ""11001110100"": 1, ""11010011011"": 1}"
019e10f6-40f5-74c2-a926-53ac8f3c6eda,2,98,198,IIZIXIXZZXZ,ZXZZXIXIZII,"[0, 1, 2, 3, 4, 6, 8]",-0.00048828124999999913,0.0,10,0.8,"{""00000011101"": 1, ""00000011110"": 1, ""00010000101"": 1, ""00010011000"": 1, ""00010011110"": 1, ""01000101011"": 1, ""01001110000"": 1, ""10000000101"": 1, ""10001110000"": 1, ""11000011101"": 1}"
019e10f6-40f5-74c2-a926-53ac8f3c6eda,2,99,199,IIZIXIXZZYY,YYZZXIXIZII,"[0, 1, 2, 3, 4, 6, 8]",-0.00048828124999999913,0.0,10,0.6,"{""00000000000"": 1, ""00010011110"": 1, ""00110011110"": 1, ""01000011101"": 2, ""01010001011"": 1, ""11001110011"": 1, ""11010011000"": 1, ""11011110011"": 1, ""11011110101"": 1}"
019e10f6-51e0-7080-aed2-65e571e4a2bd,3,0,200,IIZIXIYXXXY,YXXXYIXIZII,"[0, 1, 2, 3, 4, 6, 8]",0.00048828124999999913,0.0,10,-0.6,"{""00111001011"": 1, ""01000010000"": 1, ""01110101111"": 1, ""10101001110"": 1, ""11000011111"": 2, ""11001100110"": 1, ""11010010001"": 1, ""11011100101"": 1, ""11111110001"": 1}"
019e10f6-51e0-7080-aed2-65e571e4a2bd,3,1,201,IIZIXIYXXYZ,ZYXXYIXIZII,"[0, 1, 2, 3, 4, 6, 8]",-0.00048828124999999913,0.0,10,0.8,"{""00010001010"": 1, ""00010010111"": 1, ""01101000000"": 1, ""10000000101"": 1, ""10001110110"": 1, ""10101011101"": 1, ""11000001001"": 1, ""11000111001"": 1, ""11100110101"": 1, ""11111000101"": 1}"
019e10f6-51e0-7080-aed2-65e571e4a2bd,3,2,202,IIZIXIYXYIX,XIYXYIXIZII,"[0, 2, 3, 4, 6, 8]",0.00048828124999999913,0.0,10,-0.4,"{""00010000100"": 1, ""00010001100"": 1, ""00110111111"": 1, ""01100110100"": 1, ""01101001000"": 1, ""01111100011"": 1, ""10000010111"": 1, ""10111010011"": 1, ""11110100100"": 1, ""11111011011"": 1}"
019e10f6-51e0-7080-aed2-65e571e4a2bd,3,3,203,IIZIXIYXYZI,IZYXYIXIZII,"[1, 2, 3, 4, 6, 8]",0.00048828124999999913,0.0,10,-0.6,"{""00000010001"": 1, ""00001101101"": 1, ""00001111111"": 1, ""00011110110"": 1, ""00111001000"": 1, ""10010010000"": 1, ""10101110110"": 1, ""10110110111"": 1, ""11000001001"": 1, ""11110100111"": 1}"
019e10f6-51e0-7080-aed2-65e571e4a2bd,3,4,204,IIZIXIYYIXZ,ZXIYYIXIZII,"[0, 1, 3, 4, 6, 8]",-0.00048828124999999913,0.0,10,0.4,"{""00000100110"": 1, ""00010001101"": 1, ""00101001110"": 1, ""00111011010"": 1, ""01001110000"": 1, ""01101001101"": 1, ""10010011010"": 1, ""10110011101"": 1, ""10111011011"": 1, ""11010011000"": 1}"
019e10f6-51e0-7080-aed2-65e571e4a2bd,3,5,205,IIZIXIYYIYY,YYIYYIXIZII,"[0, 1, 3, 4, 6, 8]",-0.00048828124999999913,0.0,10,0.8,"{""00111010100"": 1, ""00111010101"": 1, ""01001101000"": 1, ""01101011000"": 1, ""01111010110"": 1, ""10000001101"": 1, ""10101001101"": 1, ""10101011000"": 1, ""11000001101"": 1, ""11110000101"": 1}"
019e10f6-51e0-7080-aed2-65e571e4a2bd,3,6,206,IIZIXIYYZII,IIZYYIXIZII,"[2, 3, 4, 6, 8]",-0.00048828124999999913,0.0,10,0.6,"{""00010000010"": 1, ""00111000000"": 1, ""01101011011"": 1, ""10011001100"": 1, ""10100111101"": 1, ""11000010101"": 1, ""11001111110"": 1, ""11010100101"": 1, ""11101011011"": 1, ""11111001110"": 1}"
019e10f6-51e0-7080-aed2-65e571e4a2bd,3,7,207,IIZIXIYYZZX,XZZYYIXIZII,"[0, 1, 2, 3, 4, 6, 8]",-0.00048828124999999913,0.0,10,0.8,"{""00000000000"": 1, ""00011101100"": 1, ""00110110011"": 1, ""00110111111"": 1, ""10000001111"": 1, ""10101001111"": 1, ""10101011000"": 1, ""10110101011"": 1, ""11101010111"": 1, ""11111001111"": 1}"
019e10f6-51e0-7080-aed2-65e571e4a2bd,3,8,208,IIZIXZIIIII,IIIIIZXIZII,"[5, 6, 8]",-0.00048828124999999913,0.0,10,1.0,"{""00010010110"": 1, ""00011101010"": 1, ""00101011011"": 1, ""00110110101"": 1, ""01100100110"": 1, ""10010001111"": 1, ""10110100100"": 1, ""11001100000"": 1, ""11011110001"": 1, ""11100101110"": 1}"
019e10f6-51e0-7080-aed2-65e571e4a2bd,3,9,209,IIZIXZIIIZX,XZIIIZXIZII,"[0, 1, 5, 6, 8]",-0.00048828124999999913,0.0,10,1.0,"{""00001101100"": 1, ""00010000011"": 1, ""00010011011"": 1, ""01111011100"": 1, ""10100100111"": 1, ""10101000011"": 1, ""11010011111"": 1, ""11011100111"": 1, ""11011110100"": 1, ""11110110111"": 1}"
019e10f6-51e0-7080-aed2-65e571e4a2bd,3,10,210,IIZIXZIIZXZ,ZXZIIZXIZII,"[0, 1, 2, 5, 6, 8]",-0.00048828124999999913,0.0,10,0.8,"{""00001101101"": 1, ""00111010110"": 1, ""01011110101"": 1, ""01101000000"": 1, ""01101000001"": 1, ""01110100110"": 1, ""10001100110"": 1, ""10001110000"": 1, ""10100100011"": 1, ""11110101101"": 1}"
019e10f6-51e0-7080-aed2-65e571e4a2bd,3,11,211,IIZIXZIIZYY,YYZIIZXIZII,"[0, 1, 2, 5, 6, 8]",-0.00048828124999999913,0.0,10,1.0,"{""00100100110"": 1, ""01100101101"": 1, ""01101000101"": 1, ""01110100101"": 1, ""10101010011"": 1, ""10110101101"": 1, ""10110101110"": 1, ""11000001110"": 1, ""11010000000"": 1, ""11101010110"": 1}"
019e10f6-51e0-7080-aed2-65e571e4a2bd,3,12,212,IIZIXZIZXIX,XIXZIZXIZII,"[0, 2, 3, 5, 6, 8]",-0.00048828124999999913,0.0,10,0.4,"{""00000001101"": 1, ""00101110111"": 1, ""01010001011"": 1, ""01010011011"": 1, ""01100100011"": 1, ""10101010000"": 1, ""10110101100"": 1, ""11001111100"": 1, ""11111000000"": 1, ""11111000111"": 1}"
019e10f6-51e0-7080-aed2-65e571e4a2bd,3,13,213,IIZIXZIZXZI,IZXZIZXIZII,"[1, 2, 3, 5, 6, 8]",-0.00048828124999999913,0.0,10,1.0,"{""00111011011"": 1, ""01010001011"": 1, ""01010001101"": 1, ""01111000000"": 1, ""10011110110"": 1, ""10110100001"": 1, ""10110111100"": 1, ""11001111101"": 1, ""11010001100"": 1, ""11111001010"": 1}"
019e10f6-51e0-7080-aed2-65e571e4a2bd,3,14,214,IIZIXZIZYXY,YXYZIZXIZII,"[0, 1, 2, 3, 5, 6, 8]",0.00048828124999999913,0.0,10,-0.4,"{""00000001110"": 1, ""00000111000"": 1, ""00010000100"": 1, ""00010011100"": 1, ""00110111000"": 1, ""01000101110"": 1, ""10000001011"": 1, ""10011110001"": 1, ""11100110001"": 1, ""11110100010"": 1}"
019e10f6-51e0-7080-aed2-65e571e4a2bd,3,15,215,IIZIXZIZYYZ,ZYYZIZXIZII,"[0, 1, 2, 3, 5, 6, 8]",-0.00048828124999999913,0.0,10,1.0,"{""00001110110"": 1, ""00010001100"": 1, ""00011111111"": 1, ""00100110000"": 1, ""00100111001"": 1, ""10010010011"": 1, ""10111011111"": 1, ""11001100110"": 1, ""11100111001"": 1, ""11110110110"": 1}"
019e10f6-51e0-7080-aed2-65e571e4a2bd,3,16,216,IIZIXZZXIXZ,ZXIXZZXIZII,"[0, 1, 3, 4, 5, 6, 8]",-0.00048828124999999913,0.0,10,1.0,"{""00001101101"": 1, ""00001111011"": 1, ""00011100011"": 1, ""00111010101"": 1, ""10010011011"": 1, ""10101011000"": 1, ""10110111000"": 1, ""11101000011"": 1, ""11110100011"": 1, ""11111011011"": 1}"
019e10f6-51e0-7080-aed2-65e571e4a2bd,3,17,217,IIZIXZZXIYY,YYIXZZXIZII,"[0, 1, 3, 4, 5, 6, 8]",-0.00048828124999999913,0.0,10,0.8,"{""00001101110"": 1, ""00011101101"": 1, ""00011111000"": 1, ""00101011011"": 1, ""01110010101"": 1, ""10101011000"": 1, ""11010011011"": 1, ""11011100000"": 1, ""11101000000"": 1, ""11111010101"": 1}"
019e10f6-51e0-7080-aed2-65e571e4a2bd,3,18,218,IIZIXZZXZII,IIZXZZXIZII,"[2, 3, 4, 5, 6, 8]",-0.00048828124999999913,0.0,10,0.4,"{""00011100010"": 1, ""00100100000"": 1, ""00110100000"": 1, ""00111110100"": 1, ""01101011001"": 1, ""01110111001"": 1, ""10111100001"": 1, ""11000100000"": 1, ""11001100011"": 1, ""11011111000"": 1}"
019e10f6-51e0-7080-aed2-65e571e4a2bd,3,19,219,IIZIXZZXZZX,XZZXZZXIZII,"[0, 1, 2, 3, 4, 5, 6, 8]",-0.00048828124999999913,0.0,10,0.8,"{""00000010100"": 1, ""00001111000"": 1, ""00101011000"": 1, ""00110101100"": 1, ""00110101111"": 1, ""01001100000"": 1, ""10000001000"": 1, ""10010011000"": 1, ""11011100011"": 1, ""11100111011"": 1}"
019e10f6-51e0-7080-aed2-65e571e4a2bd,3,20,220,IIZIXZZYXXY,YXXYZZXIZII,"[0, 1, 2, 3, 4, 5, 6, 8]",-0.00048828124999999913,0.0,10,0.6,"{""01000010111"": 1, ""01000011101"": 1, ""01011111011"": 1, ""10001100011"": 1, ""10010010001"": 1, ""10010110001"": 1, ""11000001100"": 1, ""11011100001"": 1, ""11101011011"": 1, ""11110111011"": 1}"
019e10f6-51e0-7080-aed2-65e571e4a2bd,3,21,221,IIZIXZZYXYZ,ZYXYZZXIZII,"[0, 1, 2, 3, 4, 5, 6, 8]",0.00048828124999999913,0.0,10,-0.6,"{""00001111011"": 1, ""00010001110"": 1, ""01000010000"": 1, ""01001111001"": 1, ""10011110011"": 1, ""10110110011"": 1, ""11011101011"": 1, ""11100100100"": 1, ""11101001110"": 1, ""11110110100"": 1}"
019e10f6-51e0-7080-aed2-65e571e4a2bd,3,22,222,IIZIXZZYYIX,XIYYZZXIZII,"[0, 2, 3, 4, 5, 6, 8]",-0.00048828124999999913,0.0,10,0.6,"{""00111010100"": 1, ""01000011000"": 1, ""01010000111"": 1, ""01010010011"": 1, ""01110100000"": 2, ""01111011000"": 1, ""10001111011"": 1, ""10110010011"": 1, ""11101000111"": 1}"
019e10f6-51e0-7080-aed2-65e571e4a2bd,3,23,223,IIZIXZZYYZI,IZYYZZXIZII,"[1, 2, 3, 4, 5, 6, 8]",-0.00048828124999999913,0.0,10,0.4,"{""00111010001"": 1, ""00111010010"": 1, ""01010000001"": 1, ""01100111001"": 1, ""01101011111"": 1, ""10000000001"": 1, ""10000010001"": 1, ""10011110010"": 1, ""10110100001"": 1, ""11000011101"": 1}"
019e10f6-51e0-7080-aed2-65e571e4a2bd,3,24,224,IIZIYXXXXXY,YXXXXXYIZII,"[0, 1, 2, 3, 4, 5, 6, 8]",0.00048828124999999913,0.0,10,-0.4,"{""00100110100"": 1, ""00110010101"": 1, ""00111001000"": 1, ""01001101101"": 1, ""01101101010"": 1, ""10000001000"": 1, ""10001010000"": 1, ""10100010010"": 1, ""10111001000"": 1, ""11011111010"": 1}"
019e10f6-51e0-7080-aed2-65e571e4a2bd,3,25,225,IIZIYXXXXYZ,ZYXXXXYIZII,"[0, 1, 2, 3, 4, 5, 6, 8]",-0.00048828124999999913,0.0,10,0.6,"{""00001011100"": 1, ""01000001001"": 1, ""01000001111"": 1, ""01001111110"": 1, ""01110000010"": 1, ""10011001100"": 1, ""11100010011"": 1, ""11100110010"": 1, ""11110010010"": 1, ""11111011110"": 1}"
019e10f6-51e0-7080-aed2-65e571e4a2bd,3,26,226,IIZIYXXXYIX,XIYXXXYIZII,"[0, 2, 3, 4, 5, 6, 8]",0.00048828124999999913,0.0,10,-0.8,"{""00000111111"": 1, ""00011110000"": 1, ""00100110000"": 1, ""01000110011"": 1, ""01010100000"": 1, ""01111011011"": 1, ""10010000011"": 1, ""10110111001"": 1, ""10111001100"": 1, ""11110100100"": 1}"
019e10f6-51e0-7080-aed2-65e571e4a2bd,3,27,227,IIZIYXXXYZI,IZYXXXYIZII,"[1, 2, 3, 4, 5, 6, 8]",0.00048828124999999913,0.0,10,-0.8,"{""00000100111"": 1, ""00001000001"": 1, ""00011111110"": 1, ""00101111111"": 1, ""00110000000"": 1, ""01110011000"": 1, ""01110110000"": 1, ""10110100101"": 1, ""11101001110"": 1, ""11111011011"": 1}"
019e10f6-51e0-7080-aed2-65e571e4a2bd,3,28,228,IIZIYXXYIXZ,ZXIYXXYIZII,"[0, 1, 3, 4, 5, 6, 8]",-0.00048828124999999913,0.0,10,0.6,"{""00000101000"": 1, ""00100011110"": 1, ""00111110011"": 1, ""01000110000"": 1, ""01101010101"": 1, ""10011111000"": 1, ""10101110101"": 1, ""10110011101"": 1, ""10110110000"": 1, ""11000100110"": 1}"
019e10f6-51e0-7080-aed2-65e571e4a2bd,3,29,229,IIZIYXXYIYY,YYIYXXYIZII,"[0, 1, 3, 4, 5, 6, 8]",-0.00048828124999999913,0.0,10,0.8,"{""00001010101"": 1, ""01100111011"": 1, ""01101110011"": 1, ""01111111110"": 1, ""10100100011"": 1, ""10101000000"": 1, ""11010110000"": 1, ""11011101101"": 1, ""11100011110"": 1, ""11110010000"": 1}"
019e10f6-51e0-7080-aed2-65e571e4a2bd,3,30,230,IIZIYXXYZII,IIZYXXYIZII,"[2, 3, 4, 5, 6, 8]",-0.00048828124999999913,0.0,10,1.0,"{""00001111001"": 1, ""01011011110"": 1, ""01011100000"": 1, ""01100111010"": 1, ""01110010010"": 1, ""10001000111"": 1, ""10010011001"": 1, ""10011101110"": 1, ""10111101001"": 1, ""11110010011"": 1}"
019e10f6-51e0-7080-aed2-65e571e4a2bd,3,31,231,IIZIYXXYZZX,XZZYXXYIZII,"[0, 1, 2, 3, 4, 5, 6, 8]",-0.00048828124999999913,0.0,10,0.6,"{""00011011111"": 1, ""00101110000"": 1, ""00111100100"": 1, ""01100100001"": 1, ""01110100000"": 1, ""10000010000"": 1, ""10000101000"": 1, ""10010011000"": 1, ""10111010100"": 1, ""11001110100"": 1}"
019e10f6-51e0-7080-aed2-65e571e4a2bd,3,32,232,IIZIYXYIXIX,XIXIYXYIZII,"[0, 2, 4, 5, 6, 8]",0.00048828124999999913,0.0,10,-0.6,"{""00000100111"": 1, ""00101010011"": 1, ""01000100100"": 1, ""01001011011"": 1, ""01101100111"": 1, ""10001011011"": 1, ""10100011011"": 1, ""10111001100"": 1, ""11000001011"": 1, ""11101100111"": 1}"
019e10f6-51e0-7080-aed2-65e571e4a2bd,3,33,233,IIZIYXYIXZI,IZXIYXYIZII,"[1, 2, 4, 5, 6, 8]",0.00048828124999999913,0.0,10,-0.6,"{""01010111100"": 1, ""10011101011"": 1, ""10100110101"": 1, ""10110011101"": 1, ""11000010111"": 1, ""11001000000"": 1, ""11011101000"": 1, ""11100000000"": 1, ""11100011100"": 1, ""11100110000"": 1}"
019e10f6-51e0-7080-aed2-65e571e4a2bd,3,34,234,IIZIYXYIYXY,YXYIYXYIZII,"[0, 1, 2, 4, 5, 6, 8]",-0.00048828124999999913,0.0,10,0.2,"{""00001101000"": 1, ""00110010111"": 1, ""01011101101"": 1, ""10001011101"": 1, ""10011001110"": 1, ""10100000101"": 2, ""10101001011"": 1, ""11000010010"": 1, ""11000010100"": 1}"
019e10f6-51e0-7080-aed2-65e571e4a2bd,3,35,235,IIZIYXYIYYZ,ZYYIYXYIZII,"[0, 1, 2, 4, 5, 6, 8]",0.00048828124999999913,0.0,10,-0.6,"{""00100110101"": 1, ""01001110011"": 1, ""01010101111"": 1, ""01100110101"": 1, ""10110000011"": 1, ""10111111001"": 1, ""11001011001"": 1, ""11010101001"": 1, ""11011110101"": 1, ""11101100101"": 1}"
019e10f6-51e0-7080-aed2-65e571e4a2bd,3,36,236,IIZIYXYZIII,IIIZYXYIZII,"[3, 4, 5, 6, 8]",0.00048828124999999913,0.0,10,0.0,"{""00010101110"": 1, ""00110011010"": 1, ""01000011110"": 1, ""01001101101"": 1, ""01010000101"": 1, ""01011101011"": 1, ""01111000010"": 1, ""10000011100"": 1, ""10100000001"": 1, ""10110011100"": 1}"
019e10f6-51e0-7080-aed2-65e571e4a2bd,3,37,237,IIZIYXYZIZX,XZIZYXYIZII,"[0, 1, 3, 4, 5, 6, 8]",0.00048828124999999913,0.0,10,-0.6,"{""00001011000"": 1, ""01000010011"": 1, ""01011110100"": 1, ""01101111011"": 1, ""01111001111"": 1, ""10010001111"": 1, ""10011000100"": 1, ""11001001100"": 1, ""11010011100"": 1, ""11101100111"": 1}"
019e10f6-51e0-7080-aed2-65e571e4a2bd,3,38,238,IIZIYXYZZXZ,ZXZZYXYIZII,"[0, 1, 2, 3, 4, 5, 6, 8]",0.00048828124999999913,0.0,10,-0.8,"{""00001101101"": 1, ""00001110101"": 1, ""00101111100"": 1, ""00110110101"": 1, ""01001000101"": 1, ""01001011110"": 1, ""01100110011"": 1, ""10111001011"": 1, ""10111100000"": 1, ""11001110000"": 1}"
019e10f6-51e0-7080-aed2-65e571e4a2bd,3,39,239,IIZIYXYZZYY,YYZZYXYIZII,"[0, 1, 2, 3, 4, 5, 6, 8]",0.00048828124999999913,0.0,10,-0.4,"{""00011110000"": 1, ""00101111011"": 1, ""01000100011"": 1, ""01100000011"": 1, ""01100000101"": 1, ""10010111110"": 1, ""10011100011"": 1, ""10100001000"": 1, ""11011000011"": 1, ""11101110000"": 1}"
019e10f6-51e0-7080-aed2-65e571e4a2bd,3,40,240,IIZIYYIXIXZ,ZXIXIYYIZII,"[0, 1, 3, 5, 6, 8]",-0.00048828124999999913,0.0,10,0.6,"{""00001010110"": 1, ""00101000011"": 1, ""00101100011"": 1, ""00111111011"": 1, ""01111000000"": 1, ""10001011000"": 1, ""10011100000"": 1, ""10111011000"": 1, ""11001100011"": 1, ""11110011000"": 1}"
019e10f6-51e0-7080-aed2-65e571e4a2bd,3,41,241,IIZIYYIXIYY,YYIXIYYIZII,"[0, 1, 3, 5, 6, 8]",-0.00048828124999999913,0.0,10,0.8,"{""00010111011"": 1, ""00100011000"": 1, ""00110101110"": 1, ""01000110101"": 1, ""01100010110"": 1, ""10001010101"": 1, ""10001101101"": 1, ""10101001110"": 1, ""10110000000"": 1, ""11100100000"": 1}"
019e10f6-51e0-7080-aed2-65e571e4a2bd,3,42,242,IIZIYYIXZII,IIZXIYYIZII,"[2, 3, 5, 6, 8]",-0.00048828124999999913,0.0,10,0.4,"{""00001010101"": 1, ""01011010101"": 1, ""01110010010"": 1, ""10000000000"": 1, ""10010011000"": 1, ""10011011010"": 1, ""10011100000"": 1, ""11000110011"": 1, ""11010111000"": 1, ""11101000010"": 1}"
019e10f6-51e0-7080-aed2-65e571e4a2bd,3,43,243,IIZIYYIXZZX,XZZXIYYIZII,"[0, 1, 2, 3, 5, 6, 8]",-0.00048828124999999913,0.0,10,0.4,"{""00100010111"": 1, ""00110110111"": 1, ""00111000000"": 1, ""10000001111"": 1, ""10000111000"": 2, ""10110001111"": 1, ""11011111011"": 1, ""11101000011"": 1, ""11110011011"": 1}"
019e10f6-51e0-7080-aed2-65e571e4a2bd,3,44,244,IIZIYYIYXXY,YXXYIYYIZII,"[0, 1, 2, 3, 5, 6, 8]",-0.00048828124999999913,0.0,10,0.6,"{""00011100011"": 1, ""01011011000"": 1, ""01100011010"": 1, ""01110010111"": 1, ""01110100000"": 1, ""10011010001"": 1, ""10110011000"": 1, ""10111110111"": 1, ""11010001110"": 1, ""11110100011"": 1}"
019e10f6-51e0-7080-aed2-65e571e4a2bd,3,45,245,IIZIYYIYXYZ,ZYXYIYYIZII,"[0, 1, 2, 3, 5, 6, 8]",0.00048828124999999913,0.0,10,-0.6,"{""00111111001"": 1, ""01000000001"": 1, ""01001011111"": 1, ""01001110101"": 1, ""10000001011"": 1, ""10000001101"": 1, ""11000110011"": 1, ""11100101110"": 1, ""11100111110"": 1, ""11110110011"": 1}"
019e10f6-51e0-7080-aed2-65e571e4a2bd,3,46,246,IIZIYYIYYIX,XIYYIYYIZII,"[0, 2, 3, 5, 6, 8]",-0.00048828124999999913,0.0,10,0.6,"{""00111110011"": 1, ""01010111000"": 1, ""10001010011"": 1, ""10001101011"": 1, ""10110100000"": 1, ""10111101100"": 1, ""11001101011"": 1, ""11100100011"": 1, ""11101100100"": 1, ""11110011000"": 1}"
019e10f6-51e0-7080-aed2-65e571e4a2bd,3,47,247,IIZIYYIYYZI,IZYYIYYIZII,"[1, 2, 3, 5, 6, 8]",-0.00048828124999999913,0.0,10,0.4,"{""00110100011"": 1, ""01010011110"": 1, ""01011101100"": 1, ""01100011000"": 1, ""01111000001"": 1, ""10101000000"": 1, ""10111110100"": 1, ""10111111001"": 1, ""11000011001"": 1, ""11101111001"": 1}"
019e10f6-51e0-7080-aed2-65e571e4a2bd,3,48,248,IIZIYYZIIII,IIIIZYYIZII,"[4, 5, 6, 8]",-0.00048828124999999913,0.0,10,0.6,"{""00010010011"": 1, ""00101001110"": 1, ""00101010000"": 1, ""01100010000"": 1, ""01111001101"": 1, ""10111110111"": 1, ""11010000101"": 1, ""11100010010"": 1, ""11101001001"": 1, ""11101001011"": 1}"
019e10f6-51e0-7080-aed2-65e571e4a2bd,3,49,249,IIZIYYZIIZX,XZIIZYYIZII,"[0, 1, 4, 5, 6, 8]",-0.00048828124999999913,0.0,10,0.4,"{""00001010100"": 1, ""00011100011"": 1, ""10000110000"": 1, ""10000110100"": 1, ""10001010101"": 1, ""10100100000"": 1, ""10100111011"": 1, ""11000001100"": 1, ""11000011100"": 1, ""11110101111"": 1}"
019e10f6-51e0-7080-aed2-65e571e4a2bd,3,50,250,IIZIYYZIZXZ,ZXZIZYYIZII,"[0, 1, 2, 4, 5, 6, 8]",-0.00048828124999999913,0.0,10,0.8,"{""00000110101"": 1, ""00011100000"": 1, ""00011100101"": 1, ""01010111011"": 1, ""01110100101"": 1, ""01111010101"": 1, ""10111110101"": 1, ""11001011101"": 1, ""11010000110"": 1, ""11111000110"": 1}"
019e10f6-51e0-7080-aed2-65e571e4a2bd,3,51,251,IIZIYYZIZYY,YYZIZYYIZII,"[0, 1, 2, 4, 5, 6, 8]",-0.00048828124999999913,0.0,10,0.6,"{""00000001101"": 1, ""00101000000"": 1, ""00110101001"": 1, ""00111001000"": 1, ""01001101000"": 1, ""01010001110"": 1, ""01110100101"": 1, ""10011010110"": 1, ""10101010011"": 1, ""11110010110"": 1}"
019e10f6-51e0-7080-aed2-65e571e4a2bd,3,52,252,IIZIYYZZXIX,XIXZZYYIZII,"[0, 2, 3, 4, 5, 6, 8]",-0.00048828124999999913,0.0,10,0.6,"{""00000000111"": 1, ""00000010000"": 1, ""00001101100"": 1, ""00110101100"": 1, ""01010000111"": 1, ""10011011011"": 1, ""10100100011"": 1, ""10110011100"": 1, ""10110101100"": 1, ""11100100000"": 1}"
019e10f6-51e0-7080-aed2-65e571e4a2bd,3,53,253,IIZIYYZZXZI,IZXZZYYIZII,"[1, 2, 3, 4, 5, 6, 8]",-0.00048828124999999913,0.0,10,0.4,"{""00101000100"": 1, ""00110101100"": 1, ""01001011001"": 1, ""01010001100"": 1, ""01100100110"": 1, ""10001111010"": 1, ""10101111011"": 1, ""11001100110"": 1, ""11010000000"": 1, ""11111110001"": 1}"
019e10f6-51e0-7080-aed2-65e571e4a2bd,3,54,254,IIZIYYZZYXY,YXYZZYYIZII,"[0, 1, 2, 3, 4, 5, 6, 8]",0.00048828124999999913,0.0,10,-1.0,"{""00000110100"": 1, ""01000001110"": 1, ""10001010010"": 1, ""10011011011"": 1, ""10100100010"": 1, ""10101001110"": 1, ""10110101101"": 1, ""10111001000"": 1, ""11010001110"": 1, ""11111000001"": 1}"
019e10f6-51e0-7080-aed2-65e571e4a2bd,3,55,255,IIZIYYZZYYZ,ZYYZZYYIZII,"[0, 1, 2, 3, 4, 5, 6, 8]",-0.00048828124999999913,0.0,10,0.0,"{""00010110011"": 1, ""00011001100"": 1, ""00011101010"": 1, ""00100000101"": 1, ""00100011100"": 1, ""00100011110"": 1, ""01110100001"": 1, ""01111000001"": 1, ""10100100110"": 1, ""11011010110"": 1}"
019e10f6-51e0-7080-aed2-65e571e4a2bd,3,56,256,IZIXIIIIIII,IIIIIIIXIZI,"[7, 9]",-0.00048828124999999913,0.0,10,1.0,"{""00000010101"": 1, ""00100111011"": 1, ""01010010010"": 1, ""01011001111"": 1, ""01111011100"": 1, ""10000010110"": 1, ""10000011001"": 1, ""10000101000"": 1, ""10100011011"": 1, ""11111010110"": 1}"
019e10f6-51e0-7080-aed2-65e571e4a2bd,3,57,257,IZIXIIIIIZX,XZIIIIIXIZI,"[0, 1, 7, 9]",-0.00048828124999999913,0.0,10,1.0,"{""00001000100"": 1, ""00001000111"": 1, ""00001011000"": 1, ""00101100000"": 1, ""00101100111"": 1, ""01010011111"": 1, ""01111011000"": 1, ""10000101100"": 2, ""10001100100"": 1}"
019e10f6-51e0-7080-aed2-65e571e4a2bd,3,58,258,IZIXIIIIZXZ,ZXZIIIIXIZI,"[0, 1, 2, 7, 9]",-0.00048828124999999913,0.0,10,1.0,"{""00100101110"": 1, ""00101001110"": 1, ""00101010110"": 1, ""00101011011"": 1, ""01110100101"": 1, ""01111010101"": 1, ""10000101000"": 1, ""10100101110"": 1, ""11011110101"": 1, ""11110011110"": 1}"
019e10f6-51e0-7080-aed2-65e571e4a2bd,3,59,259,IZIXIIIIZYY,YYZIIIIXIZI,"[0, 1, 2, 7, 9]",-0.00048828124999999913,0.0,10,1.0,"{""00000000011"": 1, ""00001100011"": 1, ""00100001101"": 1, ""00100101101"": 1, ""01011000110"": 1, ""01110000011"": 1, ""11011011011"": 1, ""11110011110"": 1, ""11110110011"": 1, ""11111100110"": 1}"
019e10f6-51e0-7080-aed2-65e571e4a2bd,3,60,260,IZIXIIIZXIX,XIXZIIIXIZI,"[0, 2, 3, 7, 9]",-0.00048828124999999913,0.0,10,0.8,"{""00000010111"": 1, ""00000101100"": 2, ""01010101011"": 1, ""01110010111"": 1, ""10101010111"": 1, ""11000100000"": 1, ""11010011100"": 1, ""11011010111"": 1, ""11011100111"": 1}"
019e10f6-51e0-7080-aed2-65e571e4a2bd,3,61,261,IZIXIIIZXZI,IZXZIIIXIZI,"[1, 2, 3, 7, 9]",-0.00048828124999999913,0.0,10,0.4,"{""00100011101"": 1, ""01010011001"": 1, ""01010100001"": 1, ""01010100110"": 1, ""01011110111"": 1, ""10000001001"": 1, ""10010001010"": 1, ""10100001011"": 1, ""11010100110"": 1, ""11111011101"": 1}"
019e10f6-51e0-7080-aed2-65e571e4a2bd,3,62,262,IZIXIIIZYXY,YXYZIIIXIZI,"[0, 1, 2, 3, 7, 9]",0.00048828124999999913,0.0,10,-0.6,"{""00000100001"": 1, ""00000100100"": 1, ""00000110101"": 1, ""00001011000"": 1, ""00100000001"": 1, ""01011111000"": 1, ""01111000010"": 1, ""01111101100"": 1, ""10000100010"": 1, ""11011101110"": 1}"
019e10f6-51e0-7080-aed2-65e571e4a2bd,3,63,263,IZIXIIIZYYZ,ZYYZIIIXIZI,"[0, 1, 2, 3, 7, 9]",-0.00048828124999999913,0.0,10,0.4,"{""00100001001"": 1, ""00100110000"": 1, ""01000000110"": 1, ""01010000111"": 1, ""01010011100"": 1, ""01011001101"": 1, ""01011010000"": 1, ""10001000011"": 1, ""10001101100"": 1, ""10101100000"": 1}"
019e10f6-51e0-7080-aed2-65e571e4a2bd,3,64,264,IZIXIIZXIXZ,ZXIXZIIXIZI,"[0, 1, 3, 4, 7, 9]",-0.00048828124999999913,0.0,10,0.8,"{""00000110110"": 1, ""00001110101"": 1, ""00101100011"": 1, ""01110110110"": 1, ""10000110101"": 1, ""10001001101"": 1, ""10001100011"": 1, ""10001110110"": 1, ""10101110110"": 1, ""11010100101"": 1}"
019e10f6-51e0-7080-aed2-65e571e4a2bd,3,65,265,IZIXIIZXIYY,YYIXZIIXIZI,"[0, 1, 3, 4, 7, 9]",-0.00048828124999999913,0.0,10,0.8,"{""00000100000"": 1, ""00000110101"": 1, ""00101101101"": 1, ""00101101110"": 1, ""01010100011"": 1, ""01011110110"": 1, ""01111001110"": 1, ""11111001101"": 1, ""11111100000"": 1, ""11111101111"": 1}"
019e10f6-51e0-7080-aed2-65e571e4a2bd,3,66,266,IZIXIIZXZII,IIZXZIIXIZI,"[2, 3, 4, 7, 9]",-0.00048828124999999913,0.0,10,0.6,"{""00001001100"": 1, ""00100010111"": 1, ""01011010000"": 1, ""01110011001"": 1, ""10000010101"": 1, ""10000101101"": 1, ""10101000010"": 1, ""10101001011"": 1, ""11011100000"": 1, ""11011110110"": 1}"
019e10f6-51e0-7080-aed2-65e571e4a2bd,3,67,267,IZIXIIZXZZX,XZZXZIIXIZI,"[0, 1, 2, 3, 4, 7, 9]",-0.00048828124999999913,0.0,10,1.0,"{""00000111000"": 1, ""00000111011"": 1, ""00100000011"": 1, ""01110001100"": 1, ""01111011000"": 1, ""10101001111"": 1, ""11010011000"": 1, ""11010100011"": 1, ""11010110111"": 1, ""11111110111"": 1}"
019e10f6-51e0-7080-aed2-65e571e4a2bd,3,68,268,IZIXIIZYXXY,YXXYZIIXIZI,"[0, 1, 2, 3, 4, 7, 9]",-0.00048828124999999913,0.0,10,0.8,"{""00000001100"": 1, ""00001101100"": 1, ""00101011101"": 1, ""01111010110"": 1, ""01111111011"": 1, ""10000011110"": 1, ""10001101100"": 1, ""10101101100"": 1, ""11110011110"": 1, ""11111100000"": 1}"
019e10f6-51e0-7080-aed2-65e571e4a2bd,3,69,269,IZIXIIZYXYZ,ZYXYZIIXIZI,"[0, 1, 2, 3, 4, 7, 9]",0.00048828124999999913,0.0,10,-0.4,"{""00100010111"": 1, ""00100100010"": 1, ""00100111100"": 1, ""00101101101"": 1, ""01010011111"": 1, ""01111010101"": 1, ""01111011101"": 1, ""10100000111"": 1, ""11110011100"": 1, ""11110111110"": 1}"
019e10f6-51e0-7080-aed2-65e571e4a2bd,3,70,270,IZIXIIZYYIX,XIYYZIIXIZI,"[0, 2, 3, 4, 7, 9]",-0.00048828124999999913,0.0,10,0.6,"{""00000100111"": 1, ""00100101100"": 1, ""00101101011"": 1, ""01010101011"": 1, ""01011110011"": 1, ""01111010011"": 1, ""10001100111"": 1, ""10100101000"": 1, ""11000101011"": 1, ""11011001011"": 1}"
019e10f6-51e0-7080-aed2-65e571e4a2bd,3,71,271,IZIXIIZYYZI,IZYYZIIXIZI,"[1, 2, 3, 4, 7, 9]",-0.00048828124999999913,0.0,10,1.0,"{""00000000001"": 1, ""00000110101"": 1, ""00100000110"": 1, ""01010001010"": 1, ""01010100111"": 1, ""01011101011"": 1, ""01111011111"": 1, ""01111110011"": 1, ""11110100000"": 1, ""11110110011"": 1}"
019e10f6-51e0-7080-aed2-65e571e4a2bd,3,72,272,IZIXIZXIXIX,XIXIXZIXIZI,"[0, 2, 4, 5, 7, 9]",-0.00048828124999999913,0.0,10,0.4,"{""00001000111"": 1, ""00010011011"": 1, ""00011101011"": 1, ""00100011111"": 1, ""01010101100"": 1, ""01011101011"": 1, ""01111110000"": 1, ""10101000000"": 1, ""10101011011"": 1, ""11011101011"": 1}"
019e10f6-51e0-7080-aed2-65e571e4a2bd,3,73,273,IZIXIZXIXZI,IZXIXZIXIZI,"[1, 2, 4, 5, 7, 9]",-0.00048828124999999913,0.0,10,0.4,"{""00101110001"": 1, ""01010000000"": 1, ""01110101101"": 1, ""10000110100"": 1, ""10001000110"": 1, ""10110011100"": 1, ""11010000111"": 1, ""11101101101"": 1, ""11110101010"": 1, ""11110110000"": 1}"
019e10f6-51e0-7080-aed2-65e571e4a2bd,3,74,274,IZIXIZXIYXY,YXYIXZIXIZI,"[0, 1, 2, 4, 5, 7, 9]",0.00048828124999999913,0.0,10,-0.8,"{""00000011110"": 1, ""00000101100"": 1, ""00001000111"": 1, ""00001110001"": 1, ""00100110100"": 1, ""01010000111"": 1, ""01010101101"": 1, ""01110110010"": 1, ""11110011000"": 1, ""11110100000"": 1}"
019e10f6-51e0-7080-aed2-65e571e4a2bd,3,75,275,IZIXIZXIYYZ,ZYYIXZIXIZI,"[0, 1, 2, 4, 5, 7, 9]",-0.00048828124999999913,0.0,10,0.4,"{""00000000011"": 1, ""00000011010"": 1, ""00000101111"": 1, ""00001000010"": 1, ""00100110000"": 1, ""01010101001"": 1, ""10100001111"": 1, ""10100010110"": 1, ""10101000101"": 1, ""11110110110"": 1}"
019e10f6-51e0-7080-aed2-65e571e4a2bd,3,76,276,IZIXIZXZIII,IIIZXZIXIZI,"[3, 4, 5, 7, 9]",-0.00048828124999999913,0.0,10,0.8,"{""01010101011"": 1, ""01110010111"": 1, ""01111000111"": 1, ""10000000101"": 1, ""10001110000"": 1, ""10101101001"": 1, ""11011101101"": 1, ""11110011011"": 1, ""11110101010"": 1, ""11111101000"": 1}"
019e10f6-51e0-7080-aed2-65e571e4a2bd,3,77,277,IZIXIZXZIZX,XZIZXZIXIZI,"[0, 1, 3, 4, 5, 7, 9]",-0.00048828124999999913,0.0,10,1.0,"{""00000101011"": 1, ""00101101111"": 1, ""01110011011"": 1, ""10000000000"": 1, ""10000010110"": 1, ""10100000111"": 1, ""10101110011"": 1, ""11010000111"": 1, ""11010011000"": 1, ""11010011100"": 1}"
019e10f6-51e0-7080-aed2-65e571e4a2bd,3,78,278,IZIXIZXZZXZ,ZXZZXZIXIZI,"[0, 1, 2, 3, 4, 5, 7, 9]",-0.00048828124999999913,0.0,10,0.6,"{""00001011011"": 2, ""00001110010"": 1, ""01110000110"": 1, ""01110101101"": 1, ""10001101101"": 1, ""10101011110"": 1, ""10101101000"": 1, ""10110000011"": 1, ""11110101000"": 1}"
019e10f6-51e0-7080-aed2-65e571e4a2bd,3,79,279,IZIXIZXZZYY,YYZZXZIXIZI,"[0, 1, 2, 3, 4, 5, 7, 9]",-0.00048828124999999913,0.0,10,1.0,"{""00100110110"": 1, ""00101000110"": 1, ""01010101000"": 1, ""01010110110"": 1, ""10100101110"": 1, ""11011011110"": 1, ""11011101011"": 1, ""11111011110"": 1, ""11111101011"": 1, ""11111101110"": 1}"
019e10f6-51e0-7080-aed2-65e571e4a2bd,3,80,280,IZIXIZYXXXY,YXXXYZIXIZI,"[0, 1, 2, 3, 4, 5, 7, 9]",0.00048828124999999913,0.0,10,-0.2,"{""00001001011"": 1, ""00100100001"": 1, ""00100111011"": 1, ""00110001000"": 1, ""01111010011"": 1, ""01111101000"": 1, ""10000000111"": 1, ""10000111000"": 1, ""10101010000"": 1, ""10110101100"": 1}"
019e10f6-51e0-7080-aed2-65e571e4a2bd,3,81,281,IZIXIZYXXYZ,ZYXXYZIXIZI,"[0, 1, 2, 3, 4, 5, 7, 9]",-0.00048828124999999913,0.0,10,0.8,"{""00000011101"": 1, ""00001000110"": 1, ""00001100100"": 1, ""00100001001"": 1, ""00101100100"": 1, ""01010111010"": 1, ""01110011011"": 1, ""01110110110"": 1, ""01111000101"": 1, ""11010110001"": 1}"
019e10f6-51e0-7080-aed2-65e571e4a2bd,3,82,282,IZIXIZYXYIX,XIYXYZIXIZI,"[0, 2, 3, 4, 5, 7, 9]",0.00048828124999999913,0.0,10,-0.6,"{""01011000000"": 1, ""01011110011"": 1, ""01110100111"": 1, ""01111011011"": 1, ""01111100011"": 1, ""10001100111"": 1, ""11010011011"": 1, ""11010110100"": 2, ""11011100111"": 1}"
019e10f6-51e0-7080-aed2-65e571e4a2bd,3,83,283,IZIXIZYXYZI,IZYXYZIXIZI,"[1, 2, 3, 4, 5, 7, 9]",0.00048828124999999913,0.0,10,-0.4,"{""00000100110"": 1, ""01010001110"": 1, ""01011101100"": 1, ""01111111010"": 1, ""10000001010"": 1, ""10001100111"": 1, ""10100000111"": 1, ""10100010000"": 1, ""10101101100"": 1, ""10101111000"": 1}"
019e10f6-51e0-7080-aed2-65e571e4a2bd,3,84,284,IZIXIZYYIXZ,ZXIYYZIXIZI,"[0, 1, 3, 4, 5, 7, 9]",-0.00048828124999999913,0.0,10,0.8,"{""00000100101"": 1, ""00001000000"": 1, ""00101010101"": 1, ""01000110011"": 1, ""10000001101"": 1, ""10000111110"": 1, ""11010000011"": 1, ""11110010101"": 2, ""11111111110"": 1}"
019e10f6-51e0-7080-aed2-65e571e4a2bd,3,85,285,IZIXIZYYIYY,YYIYYZIXIZI,"[0, 1, 3, 4, 5, 7, 9]",-0.00048828124999999913,0.0,10,0.6,"{""00000010110"": 1, ""00001011010"": 1, ""00011101000"": 1, ""01011010101"": 1, ""01110010110"": 1, ""01111101000"": 1, ""10001010101"": 1, ""11111000011"": 1, ""11111010110"": 1, ""11111100101"": 1}"
019e10f6-51e0-7080-aed2-65e571e4a2bd,3,86,286,IZIXIZYYZII,IIZYYZIXIZI,"[2, 3, 4, 5, 7, 9]",-0.00048828124999999913,0.0,10,0.4,"{""00100010011"": 1, ""00100100111"": 1, ""01010000111"": 1, ""01101010000"": 1, ""01110001100"": 1, ""10000010111"": 1, ""10000111100"": 1, ""10101000001"": 1, ""10101000010"": 1, ""10101101100"": 1}"
019e10f6-51e0-7080-aed2-65e571e4a2bd,3,87,287,IZIXIZYYZZX,XZZYYZIXIZI,"[0, 1, 2, 3, 4, 5, 7, 9]",-0.00048828124999999913,0.0,10,0.6,"{""00001011011"": 1, ""00101111111"": 1, ""01010000011"": 1, ""01011101001"": 1, ""01110011000"": 1, ""01111010111"": 1, ""10001100011"": 1, ""10100001100"": 1, ""10101011000"": 1, ""11011010111"": 1}"
019e10f6-51e0-7080-aed2-65e571e4a2bd,3,88,288,IZIXZXIXIXZ,ZXIXIXZXIZI,"[0, 1, 3, 5, 6, 7, 9]",-0.00048828124999999913,0.0,10,0.4,"{""00000111000"": 1, ""00001010101"": 1, ""00001011000"": 1, ""00010000011"": 1, ""01011010101"": 1, ""01011101101"": 1, ""01111101101"": 1, ""10101100000"": 1, ""11010000110"": 1, ""11011101111"": 1}"
019e10f6-51e0-7080-aed2-65e571e4a2bd,3,89,289,IZIXZXIXIYY,YYIXIXZXIZI,"[0, 1, 3, 5, 6, 7, 9]",-0.00048828124999999913,0.0,10,0.6,"{""00000111011"": 1, ""00001001101"": 1, ""01010000011"": 1, ""01110000110"": 1, ""10100001110"": 1, ""11010000000"": 1, ""11011011000"": 1, ""11011101101"": 1, ""11110000000"": 1, ""11110001101"": 1}"
019e10f6-51e0-7080-aed2-65e571e4a2bd,3,90,290,IZIXZXIXZII,IIZXIXZXIZI,"[2, 3, 5, 6, 7, 9]",-0.00048828124999999913,0.0,10,0.4,"{""00010001111"": 1, ""00100001100"": 1, ""00101010100"": 1, ""00111100011"": 1, ""01010001111"": 1, ""01011000000"": 1, ""01111011000"": 1, ""10101010101"": 1, ""11010110101"": 1, ""11011101100"": 1}"
019e10f6-51e0-7080-aed2-65e571e4a2bd,3,91,291,IZIXZXIXZZX,XZZXIXZXIZI,"[0, 1, 2, 3, 5, 6, 7, 9]",-0.00048828124999999913,0.0,10,0.8,"{""00100000000"": 1, ""00100001100"": 1, ""00100001111"": 1, ""00100110111"": 1, ""01010110101"": 1, ""01110111000"": 1, ""10101010111"": 1, ""11010000000"": 1, ""11010110100"": 1, ""11111011000"": 1}"
019e10f6-51e0-7080-aed2-65e571e4a2bd,3,92,292,IZIXZXIYXXY,YXXYIXZXIZI,"[0, 1, 2, 3, 5, 6, 7, 9]",-0.00048828124999999913,0.0,10,0.4,"{""00100001011"": 1, ""00101011110"": 1, ""10100111010"": 1, ""10101010010"": 1, ""10101010111"": 1, ""10101100001"": 1, ""11011100011"": 1, ""11110110010"": 1, ""11110111110"": 1, ""11111101010"": 1}"
019e10f6-51e0-7080-aed2-65e571e4a2bd,3,93,293,IZIXZXIYXYZ,ZYXYIXZXIZI,"[0, 1, 2, 3, 5, 6, 7, 9]",0.00048828124999999913,0.0,10,-1.0,"{""00100000100"": 1, ""01010000001"": 1, ""01010001110"": 1, ""01010111001"": 1, ""01011010101"": 1, ""01111010000"": 1, ""01111101011"": 1, ""10001100001"": 1, ""10101010110"": 1, ""11010111111"": 1}"
019e10f6-51e0-7080-aed2-65e571e4a2bd,3,94,294,IZIXZXIYYIX,XIYYIXZXIZI,"[0, 2, 3, 5, 6, 7, 9]",-0.00048828124999999913,0.0,10,1.0,"{""00000001011"": 1, ""00100001011"": 1, ""01011011111"": 1, ""01011101011"": 1, ""01110000000"": 1, ""01110001100"": 1, ""01111000011"": 1, ""10001010100"": 1, ""10100000000"": 1, ""11011011000"": 1}"
019e10f6-51e0-7080-aed2-65e571e4a2bd,3,95,295,IZIXZXIYYZI,IZYYIXZXIZI,"[1, 2, 3, 5, 6, 7, 9]",-0.00048828124999999913,0.0,10,0.8,"{""00000000000"": 1, ""00101100111"": 1, ""01010111111"": 1, ""01011101011"": 1, ""01110000011"": 1, ""10001011000"": 1, ""10100000001"": 1, ""10100001010"": 1, ""10100001101"": 1, ""11111010101"": 1}"
019e10f6-51e0-7080-aed2-65e571e4a2bd,3,96,296,IZIXZXZIIII,IIIIZXZXIZI,"[4, 5, 6, 7, 9]",-0.00048828124999999913,0.0,10,1.0,"{""00001100111"": 1, ""00001101011"": 1, ""00100111010"": 1, ""00100111111"": 1, ""01011100100"": 1, ""01110111101"": 1, ""01111100100"": 1, ""11010000100"": 1, ""11010001100"": 1, ""11011011110"": 1}"
019e10f6-51e0-7080-aed2-65e571e4a2bd,3,97,297,IZIXZXZIIZX,XZIIZXZXIZI,"[0, 1, 4, 5, 6, 7, 9]",-0.00048828124999999913,0.0,10,0.4,"{""00000001001"": 1, ""00001011011"": 1, ""00100000111"": 1, ""00101010111"": 1, ""00110110111"": 1, ""01110110000"": 1, ""10101010000"": 1, ""10101101100"": 1, ""11100000100"": 1, ""11110001011"": 1}"
019e10f6-51e0-7080-aed2-65e571e4a2bd,3,98,298,IZIXZXZIZXZ,ZXZIZXZXIZI,"[0, 1, 2, 4, 5, 6, 7, 9]",-0.00048828124999999913,0.0,10,0.8,"{""00000000101"": 1, ""00000001110"": 2, ""00100000011"": 1, ""01010111100"": 1, ""01010111110"": 1, ""10100111101"": 1, ""10101011000"": 1, ""10101101011"": 1, ""11110001011"": 1}"
019e10f6-51e0-7080-aed2-65e571e4a2bd,3,99,299,IZIXZXZIZYY,YYZIZXZXIZI,"[0, 1, 2, 4, 5, 6, 7, 9]",-0.00048828124999999913,0.0,10,0.8,"{""00000001110"": 1, ""00101101011"": 1, ""01001010101"": 1, ""01010000101"": 1, ""01110001110"": 1, ""01111101110"": 1, ""10000000101"": 1, ""10001011000"": 1, ""10100000011"": 1, ""11111100000"": 1}"
019e10f6-63f8-74f3-a0d8-e8f0100e6d36,4,0,300,IZIXZXZZXIX,XIXZZXZXIZI,"[0, 2, 3, 4, 5, 6, 7, 9]",-0.00048828124999999913,0.0,10,0.6,"{""00100110000"": 1, ""00110100000"": 1, ""01010000011"": 1, ""01010000111"": 1, ""01110011000"": 1, ""10001101011"": 1, ""10100001100"": 1, ""11011011001"": 1, ""11110000011"": 1, ""11111101011"": 1}"
019e10f6-63f8-74f3-a0d8-e8f0100e6d36,4,1,301,IZIXZXZZXZI,IZXZZXZXIZI,"[1, 2, 3, 4, 5, 6, 7, 9]",-0.00048828124999999913,0.0,10,0.2,"{""00000000000"": 1, ""00001100001"": 2, ""00100101010"": 1, ""00101010000"": 1, ""01010000111"": 1, ""01011011111"": 1, ""11010010000"": 1, ""11011100001"": 1, ""11110010110"": 1}"
019e10f6-63f8-74f3-a0d8-e8f0100e6d36,4,2,302,IZIXZXZZYXY,YXYZZXZXIZI,"[0, 1, 2, 3, 4, 5, 6, 7, 9]",0.00048828124999999913,0.0,10,-0.6,"{""00100110111"": 1, ""00101101110"": 1, ""01011011110"": 1, ""01110101011"": 1, ""01111011110"": 1, ""10000010100"": 1, ""10001010010"": 1, ""10001100001"": 1, ""10100001110"": 1, ""11010111000"": 1}"
019e10f6-63f8-74f3-a0d8-e8f0100e6d36,4,3,303,IZIXZXZZYYZ,ZYYZZXZXIZI,"[0, 1, 2, 3, 4, 5, 6, 7, 9]",-0.00048828124999999913,0.0,10,0.4,"{""00100001100"": 1, ""01010001001"": 1, ""01011101010"": 1, ""01110000010"": 1, ""01111010101"": 1, ""10001011111"": 1, ""10001100101"": 1, ""10001101110"": 1, ""10100110010"": 1, ""11000111011"": 1}"
019e10f6-63f8-74f3-a0d8-e8f0100e6d36,4,4,304,IZIXZYXXXXY,YXXXXYZXIZI,"[0, 1, 2, 3, 4, 5, 6, 7, 9]",-0.00048828124999999913,0.0,10,0.6,"{""00001110111"": 1, ""00101010101"": 1, ""01010100011"": 1, ""01110100001"": 1, ""01111000101"": 1, ""10001000111"": 1, ""10101101111"": 1, ""10101110111"": 1, ""11011110010"": 1, ""11111011010"": 1}"
019e10f6-63f8-74f3-a0d8-e8f0100e6d36,4,5,305,IZIXZYXXXYZ,ZYXXXYZXIZI,"[0, 1, 2, 3, 4, 5, 6, 7, 9]",0.00048828124999999913,0.0,10,-0.6,"{""00000010011"": 1, ""00001100110"": 1, ""00001100111"": 1, ""00101111111"": 1, ""10100100110"": 1, ""10101010010"": 1, ""11011000101"": 1, ""11110001000"": 1, ""11110001100"": 1, ""11111001111"": 1}"
019e10f6-63f8-74f3-a0d8-e8f0100e6d36,4,6,306,IZIXZYXXYIX,XIYXXYZXIZI,"[0, 2, 3, 4, 5, 6, 7, 9]",-0.00048828124999999913,0.0,10,0.6,"{""00000101000"": 1, ""00001010111"": 1, ""00101001000"": 1, ""00101011111"": 1, ""10000100100"": 1, ""11011101011"": 1, ""11011110011"": 1, ""11110000000"": 1, ""11110110011"": 1, ""11111101100"": 1}"
019e10f6-63f8-74f3-a0d8-e8f0100e6d36,4,7,307,IZIXZYXXYZI,IZYXXYZXIZI,"[1, 2, 3, 4, 5, 6, 7, 9]",-0.00048828124999999913,0.0,10,0.8,"{""00001010110"": 1, ""00001110101"": 1, ""01011000010"": 1, ""01011111111"": 1, ""01110001100"": 1, ""01111011100"": 1, ""10100111011"": 1, ""11010001000"": 1, ""11110001100"": 1, ""11110110001"": 1}"
019e10f6-63f8-74f3-a0d8-e8f0100e6d36,4,8,308,IZIXZYXYIXZ,ZXIYXYZXIZI,"[0, 1, 3, 4, 5, 6, 7, 9]",0.00048828124999999913,0.0,10,-0.6,"{""00000000101"": 1, ""00001001101"": 1, ""00101000110"": 1, ""01010001011"": 1, ""01011100101"": 1, ""10000010000"": 1, ""10001000000"": 1, ""10011001101"": 1, ""10100111000"": 1, ""10110011011"": 1}"
019e10f6-63f8-74f3-a0d8-e8f0100e6d36,4,9,309,IZIXZYXYIYY,YYIYXYZXIZI,"[0, 1, 3, 4, 5, 6, 7, 9]",0.00048828124999999913,0.0,10,-0.2,"{""01010000101"": 1, ""01010100000"": 1, ""01100000110"": 1, ""01110110011"": 1, ""10000111101"": 1, ""10001100100"": 1, ""10100001011"": 2, ""11011101011"": 1, ""11110110101"": 1}"
019e10f6-63f8-74f3-a0d8-e8f0100e6d36,4,10,310,IZIXZYXYZII,IIZYXYZXIZI,"[2, 3, 4, 5, 6, 7, 9]",0.00048828124999999913,0.0,10,-0.8,"{""00000011101"": 1, ""00000100000"": 1, ""00100010011"": 1, ""00101111001"": 1, ""01001000100"": 1, ""01010011101"": 1, ""10000001010"": 1, ""10001101000"": 1, ""10100010001"": 1, ""11111111110"": 1}"
019e10f6-63f8-74f3-a0d8-e8f0100e6d36,4,11,311,IZIXZYXYZZX,XZZYXYZXIZI,"[0, 1, 2, 3, 4, 5, 6, 7, 9]",0.00048828124999999913,0.0,10,-0.8,"{""01010001011"": 1, ""01010010000"": 1, ""01010111111"": 1, ""01011101000"": 1, ""01011101011"": 1, ""01110000100"": 1, ""01110001011"": 1, ""01110110100"": 1, ""10000000111"": 1, ""11110110100"": 1}"
019e10f6-63f8-74f3-a0d8-e8f0100e6d36,4,12,312,IZIXZYYIXIX,XIXIYYZXIZI,"[0, 2, 4, 5, 6, 7, 9]",-0.00048828124999999913,0.0,10,0.8,"{""00000100000"": 1, ""00001111011"": 1, ""00101100111"": 1, ""01010011011"": 1, ""01011111100"": 1, ""01110000000"": 1, ""01111100111"": 1, ""10000110111"": 1, ""11010101100"": 1, ""11110000111"": 1}"
019e10f6-63f8-74f3-a0d8-e8f0100e6d36,4,13,313,IZIXZYYIXZI,IZXIYYZXIZI,"[1, 2, 4, 5, 6, 7, 9]",-0.00048828124999999913,0.0,10,0.6,"{""00000000000"": 1, ""00100100111"": 1, ""00101100110"": 1, ""01010000000"": 1, ""01010101010"": 1, ""01011001010"": 1, ""01111000111"": 1, ""01111100000"": 1, ""01111111100"": 1, ""11111010000"": 1}"
019e10f6-63f8-74f3-a0d8-e8f0100e6d36,4,14,314,IZIXZYYIYXY,YXYIYYZXIZI,"[0, 1, 2, 4, 5, 6, 7, 9]",0.00048828124999999913,0.0,10,-0.8,"{""00001100111"": 1, ""00100011110"": 1, ""00101100111"": 1, ""00101111110"": 1, ""01110011101"": 1, ""01111010001"": 1, ""10001001110"": 1, ""11011010111"": 1, ""11011111110"": 1, ""11110100001"": 1}"
019e10f6-63f8-74f3-a0d8-e8f0100e6d36,4,15,315,IZIXZYYIYYZ,ZYYIYYZXIZI,"[0, 1, 2, 4, 5, 6, 7, 9]",-0.00048828124999999913,0.0,10,0.4,"{""00100110011"": 1, ""01010000011"": 1, ""01011100101"": 1, ""01111010011"": 1, ""01111010111"": 1, ""10010110000"": 1, ""10100000111"": 1, ""10100101001"": 1, ""11010000000"": 1, ""11010110011"": 1}"
019e10f6-63f8-74f3-a0d8-e8f0100e6d36,4,16,316,IZIXZYYZIII,IIIZYYZXIZI,"[3, 4, 5, 6, 7, 9]",-0.00048828124999999913,0.0,10,1.0,"{""00000011011"": 1, ""00000110101"": 1, ""00101100100"": 1, ""01011111000"": 1, ""01110000110"": 1, ""01111100110"": 1, ""10000011000"": 1, ""10100110010"": 1, ""11010011110"": 1, ""11011100111"": 1}"
019e10f6-63f8-74f3-a0d8-e8f0100e6d36,4,17,317,IZIXZYYZIZX,XZIZYYZXIZI,"[0, 1, 3, 4, 5, 6, 7, 9]",-0.00048828124999999913,0.0,10,0.8,"{""01000110011"": 1, ""01010011100"": 1, ""01111001000"": 1, ""10001010111"": 1, ""10100101011"": 1, ""11010011100"": 1, ""11010101111"": 1, ""11010110100"": 1, ""11111001111"": 1, ""11111111100"": 1}"
019e10f6-63f8-74f3-a0d8-e8f0100e6d36,4,18,318,IZIXZYYZZXZ,ZXZZYYZXIZI,"[0, 1, 2, 3, 4, 5, 6, 7, 9]",-0.00048828124999999913,0.0,10,0.4,"{""00101111000"": 1, ""01010000000"": 1, ""01010110011"": 1, ""01011001111"": 1, ""01110011011"": 1, ""10100101101"": 1, ""10101100101"": 1, ""11000101101"": 1, ""11110100110"": 1, ""11111111110"": 1}"
019e10f6-63f8-74f3-a0d8-e8f0100e6d36,4,19,319,IZIXZYYZZYY,YYZZYYZXIZI,"[0, 1, 2, 3, 4, 5, 6, 7, 9]",-0.00048828124999999913,0.0,10,0.4,"{""00000110011"": 1, ""00100110110"": 2, ""01001111101"": 1, ""10000010110"": 1, ""10100011010"": 1, ""10100011101"": 1, ""10100101110"": 1, ""11010011011"": 1, ""11111111000"": 1}"
019e10f6-63f8-74f3-a0d8-e8f0100e6d36,4,20,320,IZXIIXIXIXZ,ZXIXIXIIXZI,"[0, 1, 3, 5, 8, 9]",-0.00048828124999999913,0.0,10,0.8,"{""00000110101"": 1, ""00111010101"": 1, ""01011100000"": 1, ""01011110011"": 1, ""01100001110"": 1, ""01110000000"": 1, ""10010001111"": 1, ""10101101110"": 1, ""10111101110"": 1, ""11110110110"": 1}"
019e10f6-63f8-74f3-a0d8-e8f0100e6d36,4,21,321,IZXIIXIXIYY,YYIXIXIIXZI,"[0, 1, 3, 5, 8, 9]",-0.00048828124999999913,0.0,10,0.8,"{""00111100010"": 1, ""01100000011"": 1, ""01100001101"": 1, ""01100110101"": 1, ""01100110110"": 1, ""10010001101"": 1, ""10111010101"": 1, ""11011010101"": 1, ""11011100000"": 1, ""11110110110"": 1}"
019e10f6-63f8-74f3-a0d8-e8f0100e6d36,4,22,322,IZXIIXIXZII,IIZXIXIIXZI,"[2, 3, 5, 8, 9]",-0.00048828124999999913,0.0,10,0.8,"{""00000000010"": 1, ""00111010110"": 1, ""01001101101"": 1, ""01010000000"": 1, ""01100111001"": 1, ""10000000001"": 1, ""10010110111"": 1, ""10010111001"": 1, ""10101010100"": 1, ""11100111000"": 1}"
019e10f6-63f8-74f3-a0d8-e8f0100e6d36,4,23,323,IZXIIXIXZZX,XZZXIXIIXZI,"[0, 1, 2, 3, 5, 8, 9]",-0.00048828124999999913,0.0,10,0.6,"{""00101011000"": 1, ""00101100100"": 1, ""00111100011"": 1, ""01001011010"": 1, ""01001100011"": 1, ""01011101111"": 1, ""01100110100"": 1, ""10111010100"": 1, ""11100001100"": 1, ""11100110100"": 1}"
019e10f6-63f8-74f3-a0d8-e8f0100e6d36,4,24,324,IZXIIXIYXXY,YXXYIXIIXZI,"[0, 1, 2, 3, 5, 8, 9]",-0.00048828124999999913,0.0,10,1.0,"{""00010110010"": 1, ""00101011110"": 1, ""01011011110"": 1, ""01011100000"": 1, ""01011100011"": 1, ""01100001001"": 1, ""01100111011"": 1, ""10010110100"": 1, ""11011011110"": 1, ""11100001100"": 1}"
019e10f6-63f8-74f3-a0d8-e8f0100e6d36,4,25,325,IZXIIXIYXYZ,ZYXYIXIIXZI,"[0, 1, 2, 3, 5, 8, 9]",0.00048828124999999913,0.0,10,-0.6,"{""00010001010"": 1, ""00101010111"": 1, ""00101101011"": 1, ""01001011010"": 1, ""01100000010"": 1, ""10010110000"": 1, ""10101100001"": 1, ""10111100100"": 1, ""10111101110"": 1, ""11110110011"": 1}"
019e10f6-63f8-74f3-a0d8-e8f0100e6d36,4,26,326,IZXIIXIYYIX,XIYYIXIIXZI,"[0, 2, 3, 5, 8, 9]",-0.00048828124999999913,0.0,10,0.4,"{""00010110001"": 1, ""00111101100"": 1, ""01001001011"": 1, ""01011011100"": 1, ""01100000111"": 1, ""10101010100"": 1, ""11001011111"": 1, ""11001101011"": 1, ""11100111111"": 1, ""11110010100"": 1}"
019e10f6-63f8-74f3-a0d8-e8f0100e6d36,4,27,327,IZXIIXIYYZI,IZYYIXIIXZI,"[1, 2, 3, 5, 8, 9]",-0.00048828124999999913,0.0,10,0.8,"{""00101100110"": 1, ""00111010111"": 1, ""00111011110"": 1, ""01110000111"": 1, ""10000001011"": 1, ""10101011110"": 1, ""10101100110"": 1, ""11001010010"": 1, ""11001101101"": 1, ""11110110011"": 1}"
019e10f6-63f8-74f3-a0d8-e8f0100e6d36,4,28,328,IZXIIXZIIII,IIIIZXIIXZI,"[4, 5, 8, 9]",-0.00048828124999999913,0.0,10,0.6,"{""01001010011"": 1, ""01011100100"": 1, ""01110001110"": 1, ""01110100101"": 1, ""10000000101"": 1, ""10011011101"": 1, ""10101011101"": 1, ""10101101110"": 1, ""10111101010"": 2}"
019e10f6-63f8-74f3-a0d8-e8f0100e6d36,4,29,329,IZXIIXZIIZX,XZIIZXIIXZI,"[0, 1, 4, 5, 8, 9]",-0.00048828124999999913,0.0,10,1.0,"{""01001100100"": 1, ""01011100100"": 1, ""10101011000"": 1, ""10101101000"": 1, ""11011010011"": 1, ""11011010100"": 1, ""11011100000"": 1, ""11100110000"": 2, ""11110000000"": 1}"
019e10f6-63f8-74f3-a0d8-e8f0100e6d36,4,30,330,IZXIIXZIZXZ,ZXZIZXIIXZI,"[0, 1, 2, 4, 5, 8, 9]",-0.00048828124999999913,0.0,10,0.8,"{""01100110101"": 1, ""01110000101"": 1, ""01110111011"": 1, ""10010000010"": 1, ""10111010101"": 1, ""10111010110"": 1, ""10111100000"": 1, ""11001101101"": 1, ""11011100000"": 1, ""11100111000"": 1}"
019e10f6-63f8-74f3-a0d8-e8f0100e6d36,4,31,331,IZXIIXZIZYY,YYZIZXIIXZI,"[0, 1, 2, 4, 5, 8, 9]",-0.00048828124999999913,0.0,10,0.6,"{""00000000110"": 1, ""00000110110"": 1, ""00000111000"": 1, ""00010111011"": 1, ""00111010011"": 1, ""01000101010"": 1, ""01110000011"": 1, ""01110011000"": 1, ""01110111011"": 1, ""10010111011"": 1}"
019e10f6-63f8-74f3-a0d8-e8f0100e6d36,4,32,332,IZXIIXZZXIX,XIXZZXIIXZI,"[0, 2, 3, 4, 5, 8, 9]",-0.00048828124999999913,0.0,10,0.2,"{""00111010011"": 1, ""01001010111"": 1, ""01001110111"": 1, ""01011010110"": 1, ""01100111100"": 1, ""10010001100"": 1, ""10010111100"": 1, ""10111011100"": 1, ""11011100111"": 1, ""11101101011"": 1}"
019e10f6-63f8-74f3-a0d8-e8f0100e6d36,4,33,333,IZXIIXZZXZI,IZXZZXIIXZI,"[1, 2, 3, 4, 5, 8, 9]",-0.00048828124999999913,0.0,10,1.0,"{""00000000111"": 1, ""00101010110"": 1, ""00101101010"": 1, ""00111010000"": 1, ""01110111011"": 1, ""10000110110"": 1, ""10101011010"": 1, ""10111010001"": 1, ""10111010111"": 1, ""11100001010"": 1}"
019e10f6-63f8-74f3-a0d8-e8f0100e6d36,4,34,334,IZXIIXZZYXY,YXYZZXIIXZI,"[0, 1, 2, 3, 4, 5, 8, 9]",0.00048828124999999913,0.0,10,-0.8,"{""00010001011"": 1, ""00111011101"": 1, ""00111100100"": 1, ""01001010100"": 1, ""01100000111"": 1, ""11001011011"": 1, ""11001100001"": 1, ""11011011001"": 1, ""11110110001"": 1, ""11110111101"": 1}"
019e10f6-63f8-74f3-a0d8-e8f0100e6d36,4,35,335,IZXIIXZZYYZ,ZYYZZXIIXZI,"[0, 1, 2, 3, 4, 5, 8, 9]",-0.00048828124999999913,0.0,10,0.8,"{""00111101100"": 1, ""01001101010"": 1, ""01001101101"": 1, ""01011101001"": 1, ""01100110000"": 1, ""01100110101"": 1, ""10000000110"": 1, ""10000001111"": 1, ""10101010011"": 1, ""10111101111"": 1}"
019e10f6-63f8-74f3-a0d8-e8f0100e6d36,4,36,336,IZXIIYXXXXY,YXXXXYIIXZI,"[0, 1, 2, 3, 4, 5, 8, 9]",-0.00048828124999999913,0.0,10,0.6,"{""00000010111"": 1, ""00010000100"": 1, ""00101101100"": 1, ""01011001100"": 1, ""01100011110"": 1, ""10010010111"": 1, ""10101111000"": 1, ""10111001101"": 1, ""10111111101"": 1, ""11110011110"": 1}"
019e10f6-63f8-74f3-a0d8-e8f0100e6d36,4,37,337,IZXIIYXXXYZ,ZYXXXYIIXZI,"[0, 1, 2, 3, 4, 5, 8, 9]",0.00048828124999999913,0.0,10,-0.8,"{""01011011000"": 1, ""01100001011"": 1, ""01100010000"": 1, ""01100101100"": 1, ""10000011100"": 1, ""10010001011"": 1, ""10010010110"": 1, ""10010101010"": 1, ""10100010011"": 1, ""11100110010"": 1}"
019e10f6-63f8-74f3-a0d8-e8f0100e6d36,4,38,338,IZXIIYXXYIX,XIYXXYIIXZI,"[0, 2, 3, 4, 5, 8, 9]",-0.00048828124999999913,0.0,10,1.0,"{""00101000100"": 1, ""00101101100"": 1, ""01001111000"": 1, ""01001111111"": 1, ""01011001000"": 1, ""01110000111"": 1, ""10000010011"": 1, ""10101011011"": 1, ""10111001111"": 1, ""11110111011"": 1}"
019e10f6-63f8-74f3-a0d8-e8f0100e6d36,4,39,339,IZXIIYXXYZI,IZYXXYIIXZI,"[1, 2, 3, 4, 5, 8, 9]",-0.00048828124999999913,0.0,10,0.8,"{""00000011001"": 1, ""00101000010"": 1, ""00101001000"": 1, ""01110100111"": 1, ""10101101100"": 1, ""10111101010"": 1, ""11001101010"": 1, ""11011001111"": 1, ""11110000111"": 1, ""11110001011"": 1}"
019e10f6-63f8-74f3-a0d8-e8f0100e6d36,4,40,340,IZXIIYXYIXZ,ZXIYXYIIXZI,"[0, 1, 3, 4, 5, 8, 9]",0.00048828124999999913,0.0,10,-0.6,"{""00000111011"": 1, ""00101000101"": 1, ""01001000011"": 1, ""01001110000"": 1, ""01110100000"": 1, ""10000110110"": 1, ""10010010000"": 1, ""10010111011"": 1, ""11001101110"": 1, ""11110100011"": 1}"
019e10f6-63f8-74f3-a0d8-e8f0100e6d36,4,41,341,IZXIIYXYIYY,YYIYXYIIXZI,"[0, 1, 3, 4, 5, 8, 9]",0.00048828124999999913,0.0,10,-0.8,"{""00000111011"": 1, ""00010000110"": 1, ""01001001101"": 1, ""01001011011"": 1, ""01001101011"": 1, ""10000000110"": 1, ""10000101110"": 1, ""11001011011"": 1, ""11011110011"": 1, ""11100011100"": 1}"
019e10f6-63f8-74f3-a0d8-e8f0100e6d36,4,42,342,IZXIIYXYZII,IIZYXYIIXZI,"[2, 3, 4, 5, 8, 9]",0.00048828124999999913,0.0,10,-0.8,"{""00001011100"": 1, ""00101001100"": 1, ""00111100101"": 1, ""01110000100"": 1, ""10000001011"": 1, ""10010111011"": 1, ""10101000010"": 1, ""11001010101"": 1, ""11100000001"": 1, ""11110010010"": 1}"
019e10f6-63f8-74f3-a0d8-e8f0100e6d36,4,43,343,IZXIIYXYZZX,XZZYXYIIXZI,"[0, 1, 2, 3, 4, 5, 8, 9]",0.00048828124999999913,0.0,10,-0.8,"{""00010010000"": 1, ""00111000111"": 1, ""00111100111"": 1, ""00111111100"": 1, ""00111111111"": 1, ""10010110100"": 1, ""11000100111"": 1, ""11001111100"": 1, ""11011100111"": 1, ""11011110011"": 1}"
019e10f6-63f8-74f3-a0d8-e8f0100e6d36,4,44,344,IZXIIYYIXIX,XIXIYYIIXZI,"[0, 2, 4, 5, 8, 9]",-0.00048828124999999913,0.0,10,0.6,"{""01011010000"": 1, ""01100011011"": 1, ""01110000111"": 1, ""10000110111"": 1, ""10010110000"": 1, ""11001100111"": 1, ""11001111000"": 1, ""11001111111"": 1, ""11100011011"": 1, ""11110101100"": 1}"
019e10f6-63f8-74f3-a0d8-e8f0100e6d36,4,45,345,IZXIIYYIXZI,IZXIYYIIXZI,"[1, 2, 4, 5, 8, 9]",-0.00048828124999999913,0.0,10,0.6,"{""00010110001"": 1, ""01001010000"": 1, ""01110000000"": 1, ""10000111010"": 1, ""10010101100"": 1, ""10010111101"": 1, ""10101001101"": 1, ""10111001011"": 1, ""11011010110"": 1, ""11011111010"": 1}"
019e10f6-63f8-74f3-a0d8-e8f0100e6d36,4,46,346,IZXIIYYIYXY,YXYIYYIIXZI,"[0, 1, 2, 4, 5, 8, 9]",0.00048828124999999913,0.0,10,-0.6,"{""00010110101"": 1, ""00010110111"": 1, ""01001100100"": 1, ""01011111000"": 1, ""10101100001"": 1, ""11000011000"": 1, ""11011110000"": 1, ""11011111011"": 1, ""11100011110"": 1, ""11110000111"": 1}"
019e10f6-63f8-74f3-a0d8-e8f0100e6d36,4,47,347,IZXIIYYIYYZ,ZYYIYYIIXZI,"[0, 1, 2, 4, 5, 8, 9]",-0.00048828124999999913,0.0,10,0.6,"{""01001101010"": 1, ""01001111001"": 1, ""01110101010"": 1, ""01110110000"": 1, ""10010101110"": 1, ""11000001100"": 1, ""11001010101"": 1, ""11100011010"": 1, ""11100101111"": 1, ""11100110011"": 1}"
019e10f6-63f8-74f3-a0d8-e8f0100e6d36,4,48,348,IZXIIYYZIII,IIIZYYIIXZI,"[3, 4, 5, 8, 9]",-0.00048828124999999913,0.0,10,1.0,"{""00111001011"": 1, ""00111010001"": 1, ""10010000100"": 1, ""10101010001"": 1, ""10111100010"": 1, ""11001001010"": 1, ""11001010000"": 1, ""11011100101"": 1, ""11011111111"": 1, ""11100110110"": 1}"
019e10f6-63f8-74f3-a0d8-e8f0100e6d36,4,49,349,IZXIIYYZIZX,XZIZYYIIXZI,"[0, 1, 3, 4, 5, 8, 9]",-0.00048828124999999913,0.0,10,0.8,"{""00000101100"": 1, ""00101100100"": 1, ""01100000011"": 1, ""10000000111"": 1, ""10010011110"": 1, ""10111100111"": 2, ""11001001011"": 1, ""11100011011"": 1, ""11110000011"": 1}"
019e10f6-63f8-74f3-a0d8-e8f0100e6d36,4,50,350,IZXIIYYZZXZ,ZXZZYYIIXZI,"[0, 1, 2, 3, 4, 5, 8, 9]",-0.00048828124999999913,0.0,10,0.8,"{""00101001011"": 1, ""01011010101"": 1, ""01100011101"": 1, ""01100110101"": 2, ""01111100011"": 1, ""10000000110"": 1, ""10111010011"": 1, ""11100011000"": 1, ""11110000011"": 1}"
019e10f6-63f8-74f3-a0d8-e8f0100e6d36,4,51,351,IZXIIYYZZYY,YYZZYYIIXZI,"[0, 1, 2, 3, 4, 5, 8, 9]",-0.00048828124999999913,0.0,10,0.8,"{""01110000110"": 1, ""01110110000"": 1, ""10000101001"": 1, ""10010000011"": 2, ""10101111101"": 1, ""11001010101"": 1, ""11001100101"": 1, ""11011001000"": 2}"
019e10f6-63f8-74f3-a0d8-e8f0100e6d36,4,52,352,IZXIZIIIIII,IIIIIIZIXZI,"[6, 8, 9]",-0.00048828124999999913,0.0,10,1.0,"{""00101110001"": 1, ""00101110011"": 1, ""01011011111"": 1, ""01110100010"": 1, ""10000100000"": 1, ""10101100101"": 1, ""10111101100"": 1, ""10111110101"": 1, ""11011011111"": 1, ""11011110100"": 1}"
019e10f6-63f8-74f3-a0d8-e8f0100e6d36,4,53,353,IZXIZIIIIZX,XZIIIIZIXZI,"[0, 1, 6, 8, 9]",-0.00048828124999999913,0.0,10,0.6,"{""00010011000"": 1, ""00111100001"": 1, ""01100000000"": 1, ""01100111100"": 1, ""01110001111"": 1, ""10101001111"": 1, ""10101011011"": 1, ""10110100011"": 1, ""11011100000"": 1, ""11100100011"": 1}"
019e10f6-63f8-74f3-a0d8-e8f0100e6d36,4,54,354,IZXIZIIIZXZ,ZXZIIIZIXZI,"[0, 1, 2, 6, 8, 9]",-0.00048828124999999913,0.0,10,0.8,"{""00010011010"": 1, ""00101001110"": 1, ""00111111000"": 1, ""01110110000"": 1, ""10000111110"": 1, ""11001010011"": 1, ""11001111000"": 1, ""11011110110"": 1, ""11110010101"": 1, ""11110100000"": 1}"
019e10f6-63f8-74f3-a0d8-e8f0100e6d36,4,55,355,IZXIZIIIZYY,YYZIIIZIXZI,"[0, 1, 2, 6, 8, 9]",-0.00048828124999999913,0.0,10,1.0,"{""00000001011"": 1, ""00010101101"": 1, ""00101000011"": 1, ""01001010101"": 1, ""01011100101"": 1, ""01100011011"": 1, ""01110000000"": 1, ""01110101011"": 1, ""10000101011"": 1, ""10101011110"": 1}"
019e10f6-63f8-74f3-a0d8-e8f0100e6d36,4,56,356,IZXIZIIZXIX,XIXZIIZIXZI,"[0, 2, 3, 6, 8, 9]",-0.00048828124999999913,0.0,10,0.6,"{""00101101100"": 2, ""01001001100"": 1, ""01001010000"": 1, ""01011101011"": 1, ""01011110111"": 1, ""10110110111"": 1, ""10111010011"": 1, ""11001010000"": 1, ""11011110000"": 1}"
019e10f6-63f8-74f3-a0d8-e8f0100e6d36,4,57,357,IZXIZIIZXZI,IZXZIIZIXZI,"[1, 2, 3, 6, 8, 9]",-0.00048828124999999913,0.0,10,1.0,"{""00000111010"": 1, ""00010000001"": 1, ""01001111010"": 1, ""01100110000"": 1, ""10000100111"": 1, ""10010100001"": 1, ""10111001101"": 1, ""10111010111"": 1, ""11001011101"": 1, ""11100100001"": 1}"
019e10f6-63f8-74f3-a0d8-e8f0100e6d36,4,58,358,IZXIZIIZYXY,YXYZIIZIXZI,"[0, 1, 2, 3, 6, 8, 9]",0.00048828124999999913,0.0,10,-0.4,"{""00010001110"": 1, ""00010101110"": 1, ""01000001110"": 1, ""01110010100"": 1, ""01110011110"": 1, ""10010001110"": 1, ""10010110000"": 1, ""10101100111"": 1, ""10110110100"": 1, ""11011110010"": 1}"
019e10f6-63f8-74f3-a0d8-e8f0100e6d36,4,59,359,IZXIZIIZYYZ,ZYYZIIZIXZI,"[0, 1, 2, 3, 6, 8, 9]",-0.00048828124999999913,0.0,10,0.8,"{""01001000000"": 1, ""01011111010"": 1, ""01100100000"": 1, ""01110011000"": 1, ""01110101010"": 1, ""10010010000"": 1, ""10101000000"": 1, ""10101011001"": 1, ""10111011100"": 1, ""11001110110"": 1}"
019e10f6-63f8-74f3-a0d8-e8f0100e6d36,4,60,360,IZXIZIZXIXZ,ZXIXZIZIXZI,"[0, 1, 3, 4, 6, 8, 9]",-0.00048828124999999913,0.0,10,0.8,"{""00000010110"": 1, ""00010110110"": 1, ""00101001011"": 1, ""01011111011"": 1, ""01110101101"": 1, ""10000000011"": 1, ""10000100011"": 1, ""10010101110"": 1, ""10101011000"": 1, ""11110110101"": 1}"
019e10f6-63f8-74f3-a0d8-e8f0100e6d36,4,61,361,IZXIZIZXIYY,YYIXZIZIXZI,"[0, 1, 3, 4, 6, 8, 9]",-0.00048828124999999913,0.0,10,1.0,"{""00010011011"": 1, ""00010101101"": 1, ""00111100011"": 1, ""01011001101"": 1, ""01011101110"": 1, ""01011110101"": 1, ""10000101101"": 1, ""10010100011"": 1, ""10101001110"": 1, ""11001101110"": 1}"
019e10f6-63f8-74f3-a0d8-e8f0100e6d36,4,62,362,IZXIZIZXZII,IIZXZIZIXZI,"[2, 3, 4, 6, 8, 9]",-0.00048828124999999913,0.0,10,1.0,"{""00000010111"": 1, ""00111000001"": 1, ""01001110101"": 1, ""01011001101"": 1, ""01100000000"": 1, ""01100010100"": 1, ""01100101110"": 1, ""10010001110"": 1, ""10101100010"": 1, ""11011011000"": 1}"
019e10f6-63f8-74f3-a0d8-e8f0100e6d36,4,63,363,IZXIZIZXZZX,XZZXZIZIXZI,"[0, 1, 2, 3, 4, 6, 8, 9]",-0.00048828124999999913,0.0,10,0.4,"{""00010010000"": 1, ""00101101111"": 1, ""00110001111"": 1, ""00111101000"": 1, ""01100010111"": 1, ""01100011000"": 1, ""01100100000"": 1, ""01110001100"": 1, ""10010110111"": 1, ""11110110100"": 1}"
019e10f6-63f8-74f3-a0d8-e8f0100e6d36,4,64,364,IZXIZIZYXXY,YXXYZIZIXZI,"[0, 1, 2, 3, 4, 6, 8, 9]",-0.00048828124999999913,0.0,10,0.4,"{""00010011100"": 1, ""00101111011"": 1, ""01001000000"": 1, ""01001101010"": 1, ""01001101111"": 1, ""01001111010"": 1, ""11001000011"": 1, ""11011010100"": 1, ""11100110101"": 1, ""11110000101"": 1}"
019e10f6-63f8-74f3-a0d8-e8f0100e6d36,4,65,365,IZXIZIZYXYZ,ZYXYZIZIXZI,"[0, 1, 2, 3, 4, 6, 8, 9]",0.00048828124999999913,0.0,10,-1.0,"{""00101001101"": 1, ""01001000111"": 1, ""01001111010"": 1, ""01011011100"": 1, ""10010011001"": 1, ""10010111001"": 1, ""11001001110"": 1, ""11001010110"": 1, ""11100000100"": 1, ""11100110110"": 1}"
019e10f6-63f8-74f3-a0d8-e8f0100e6d36,4,66,366,IZXIZIZYYIX,XIYYZIZIXZI,"[0, 2, 3, 4, 6, 8, 9]",-0.00048828124999999913,0.0,10,0.8,"{""00010011000"": 1, ""00010101100"": 1, ""00101100111"": 1, ""00111101011"": 1, ""01110100000"": 1, ""11011011111"": 1, ""11011100000"": 1, ""11110001000"": 1, ""11110001011"": 1, ""11110011111"": 1}"
019e10f6-63f8-74f3-a0d8-e8f0100e6d36,4,67,367,IZXIZIZYYZI,IZYYZIZIXZI,"[1, 2, 3, 4, 6, 8, 9]",-0.00048828124999999913,0.0,10,0.6,"{""00011100011"": 1, ""00101011001"": 1, ""00101011110"": 1, ""10111011111"": 1, ""11011001100"": 1, ""11011011010"": 1, ""11011101110"": 1, ""11100000001"": 1, ""11110001010"": 1, ""11110010010"": 1}"
019e10f6-63f8-74f3-a0d8-e8f0100e6d36,4,68,368,IZXIZZXIXIX,XIXIXZZIXZI,"[0, 2, 4, 5, 6, 8, 9]",-0.00048828124999999913,0.0,10,0.8,"{""00101011011"": 1, ""01100101100"": 1, ""10000000000"": 1, ""10000110000"": 1, ""10101011011"": 1, ""10101110000"": 1, ""10111011000"": 1, ""10111101011"": 1, ""11100101100"": 1, ""11100110111"": 1}"
019e10f6-63f8-74f3-a0d8-e8f0100e6d36,4,69,369,IZXIZZXIXZI,IZXIXZZIXZI,"[1, 2, 4, 5, 6, 8, 9]",-0.00048828124999999913,0.0,10,0.4,"{""00000000001"": 1, ""00000011101"": 1, ""00010111011"": 1, ""00101101010"": 1, ""01001000001"": 1, ""01100001011"": 1, ""01110110000"": 1, ""10010101010"": 1, ""11011101000"": 1, ""11100011010"": 1}"
019e10f6-63f8-74f3-a0d8-e8f0100e6d36,4,70,370,IZXIZZXIYXY,YXYIXZZIXZI,"[0, 1, 2, 4, 5, 6, 8, 9]",0.00048828124999999913,0.0,10,-0.2,"{""00110000001"": 1, ""01011101011"": 1, ""01110101101"": 1, ""01110110110"": 1, ""10010000010"": 1, ""10010011101"": 1, ""10101100010"": 1, ""11001101010"": 1, ""11100000111"": 1, ""11110000100"": 1}"
019e10f6-63f8-74f3-a0d8-e8f0100e6d36,4,71,371,IZXIZZXIYYZ,ZYYIXZZIXZI,"[0, 1, 2, 4, 5, 6, 8, 9]",-0.00048828124999999913,0.0,10,0.6,"{""00111110101"": 1, ""01011110000"": 1, ""01100000101"": 1, ""01110000101"": 1, ""01110101000"": 1, ""10000110110"": 2, ""10101011111"": 1, ""10101100000"": 1, ""11110011100"": 1}"
019e10f6-63f8-74f3-a0d8-e8f0100e6d36,4,72,372,IZXIZZXZIII,IIIZXZZIXZI,"[3, 4, 5, 6, 8, 9]",-0.00048828124999999913,0.0,10,0.8,"{""00010110100"": 1, ""00101110110"": 1, ""01001101111"": 1, ""01011110000"": 1, ""01100011110"": 1, ""01100110111"": 1, ""10000100011"": 1, ""11001011000"": 1, ""11011101011"": 1, ""11110000110"": 1}"
019e10f6-63f8-74f3-a0d8-e8f0100e6d36,4,73,373,IZXIZZXZIZX,XZIZXZZIXZI,"[0, 1, 3, 4, 5, 6, 8, 9]",-0.00048828124999999913,0.0,10,0.8,"{""00101011100"": 1, ""01011101100"": 1, ""01100101111"": 1, ""01100110100"": 1, ""01110101000"": 1, ""10010000011"": 1, ""10010101011"": 1, ""10111011011"": 1, ""10111101110"": 1, ""11001011000"": 1}"
019e10f6-63f8-74f3-a0d8-e8f0100e6d36,4,74,374,IZXIZZXZZXZ,ZXZZXZZIXZI,"[0, 1, 2, 3, 4, 5, 6, 8, 9]",-0.00048828124999999913,0.0,10,0.8,"{""00010101011"": 1, ""01001011011"": 1, ""01011101110"": 1, ""10000011110"": 1, ""10010000000"": 1, ""10010011000"": 1, ""10101101101"": 1, ""11001110111"": 1, ""11100000110"": 1, ""11100011000"": 1}"
019e10f6-63f8-74f3-a0d8-e8f0100e6d36,4,75,375,IZXIZZXZZYY,YYZZXZZIXZI,"[0, 1, 2, 3, 4, 5, 6, 8, 9]",-0.00048828124999999913,0.0,10,0.2,"{""00010000011"": 1, ""00100011011"": 1, ""00101011101"": 1, ""00101110101"": 1, ""00111010000"": 1, ""01011001101"": 1, ""10000011001"": 1, ""10010000000"": 1, ""10010011110"": 1, ""11011101011"": 1}"
019e10f6-63f8-74f3-a0d8-e8f0100e6d36,4,76,376,IZXIZZYXXXY,YXXXYZZIXZI,"[0, 1, 2, 3, 4, 5, 6, 8, 9]",0.00048828124999999913,0.0,10,-0.4,"{""00000001100"": 1, ""00000101001"": 1, ""00000101110"": 1, ""00010111011"": 1, ""01001101001"": 1, ""01011100110"": 1, ""01110000100"": 1, ""01110011000"": 1, ""01110100110"": 1, ""11100110001"": 1}"
019e10f6-63f8-74f3-a0d8-e8f0100e6d36,4,77,377,IZXIZZYXXYZ,ZYXXYZZIXZI,"[0, 1, 2, 3, 4, 5, 6, 8, 9]",-0.00048828124999999913,0.0,10,1.0,"{""00000011101"": 1, ""00000111010"": 1, ""00111001111"": 1, ""00111011101"": 1, ""00111101101"": 1, ""01100010001"": 1, ""10010001111"": 1, ""10010110101"": 1, ""11011100010"": 1, ""11110111001"": 1}"
019e10f6-63f8-74f3-a0d8-e8f0100e6d36,4,78,378,IZXIZZYXYIX,XIYXYZZIXZI,"[0, 2, 3, 4, 5, 6, 8, 9]",0.00048828124999999913,0.0,10,-0.4,"{""00010010111"": 1, ""01001101011"": 1, ""01001101100"": 1, ""01100001111"": 1, ""10000001011"": 1, ""11001110000"": 1, ""11011111000"": 1, ""11100000000"": 1, ""11100101011"": 1, ""11110101011"": 1}"
019e10f6-63f8-74f3-a0d8-e8f0100e6d36,4,79,379,IZXIZZYXYZI,IZYXYZZIXZI,"[1, 2, 3, 4, 5, 6, 8, 9]",0.00048828124999999913,0.0,10,-0.6,"{""00000000011"": 1, ""00000011100"": 1, ""00111000101"": 1, ""00111100001"": 1, ""01001011010"": 1, ""01001101011"": 1, ""01011010001"": 1, ""01100100011"": 1, ""01110110010"": 1, ""10010110001"": 1}"
019e10f6-63f8-74f3-a0d8-e8f0100e6d36,4,80,380,IZXIZZYYIXZ,ZXIYYZZIXZI,"[0, 1, 3, 4, 5, 6, 8, 9]",-0.00048828124999999913,0.0,10,0.4,"{""00101110000"": 1, ""01011000110"": 1, ""01100011000"": 1, ""01100011110"": 1, ""10000100101"": 1, ""10010000000"": 1, ""10010000011"": 1, ""10010001101"": 1, ""11011000000"": 1, ""11110010011"": 1}"
019e10f6-63f8-74f3-a0d8-e8f0100e6d36,4,81,381,IZXIZZYYIYY,YYIYYZZIXZI,"[0, 1, 3, 4, 5, 6, 8, 9]",-0.00048828124999999913,0.0,10,0.8,"{""00010111101"": 1, ""01100110011"": 1, ""10000011011"": 1, ""10010010011"": 1, ""10010010101"": 1, ""10101101011"": 1, ""10111011000"": 1, ""11001111101"": 1, ""11011111101"": 1, ""11110011011"": 1}"
019e10f6-63f8-74f3-a0d8-e8f0100e6d36,4,82,382,IZXIZZYYZII,IIZYYZZIXZI,"[2, 3, 4, 5, 6, 8, 9]",-0.00048828124999999913,0.0,10,0.4,"{""00001011010"": 1, ""00010010101"": 1, ""00010100100"": 1, ""00100100100"": 1, ""00111001101"": 1, ""01100101100"": 1, ""11001010111"": 1, ""11011011000"": 1, ""11100111101"": 1, ""11110011001"": 1}"
019e10f6-63f8-74f3-a0d8-e8f0100e6d36,4,83,383,IZXIZZYYZZX,XZZYYZZIXZI,"[0, 1, 2, 3, 4, 5, 6, 8, 9]",-0.00048828124999999913,0.0,10,1.0,"{""00101110011"": 1, ""00111111111"": 1, ""01001101000"": 1, ""01001111100"": 1, ""01100001111"": 1, ""01100111111"": 1, ""01110010100"": 1, ""11100010111"": 1, ""11110000011"": 1, ""11110100111"": 1}"
019e10f6-63f8-74f3-a0d8-e8f0100e6d36,4,84,384,IZYIXXXXXXY,YXXXXXXIYZI,"[0, 1, 2, 3, 4, 5, 6, 8, 9]",-0.00048828124999999913,0.0,10,0.6,"{""00000000100"": 1, ""00011010111"": 1, ""00100101001"": 1, ""01100010001"": 1, ""10000110000"": 1, ""10100111110"": 1, ""11011010001"": 1, ""11011111001"": 1, ""11100101110"": 1, ""11110101101"": 1}"
019e10f6-63f8-74f3-a0d8-e8f0100e6d36,4,85,385,IZYIXXXXXYZ,ZYXXXXXIYZI,"[0, 1, 2, 3, 4, 5, 6, 8, 9]",0.00048828124999999913,0.0,10,-0.8,"{""00000100011"": 1, ""00010101001"": 1, ""00100011000"": 1, ""00101110001"": 1, ""01110100100"": 1, ""10000111110"": 1, ""10111000001"": 1, ""11100000010"": 1, ""11100110111"": 1, ""11111011011"": 1}"
019e10f6-63f8-74f3-a0d8-e8f0100e6d36,4,86,386,IZYIXXXXYIX,XIYXXXXIYZI,"[0, 2, 3, 4, 5, 6, 8, 9]",-0.00048828124999999913,0.0,10,0.4,"{""00001001100"": 1, ""00111111011"": 1, ""01001110000"": 1, ""01100000100"": 1, ""10100001111"": 1, ""10101000111"": 1, ""10111000000"": 1, ""11001101111"": 1, ""11100010100"": 1, ""11110101100"": 1}"
019e10f6-63f8-74f3-a0d8-e8f0100e6d36,4,87,387,IZYIXXXXYZI,IZYXXXXIYZI,"[1, 2, 3, 4, 5, 6, 8, 9]",-0.00048828124999999913,0.0,10,1.0,"{""00000111101"": 1, ""00100010110"": 1, ""00100100001"": 1, ""00100111000"": 1, ""10010100100"": 1, ""10101101111"": 1, ""11000100001"": 1, ""11000101010"": 1, ""11010101011"": 1, ""11101110010"": 1}"
019e10f6-63f8-74f3-a0d8-e8f0100e6d36,4,88,388,IZYIXXXYIXZ,ZXIYXXXIYZI,"[0, 1, 3, 4, 5, 6, 8, 9]",0.00048828124999999913,0.0,10,-0.6,"{""00100110000"": 1, ""01110001011"": 1, ""10000001011"": 1, ""10011111110"": 1, ""10100000011"": 1, ""10101111011"": 1, ""10110001101"": 1, ""10111001101"": 1, ""11000010110"": 1, ""11100110011"": 1}"
019e10f6-63f8-74f3-a0d8-e8f0100e6d36,4,89,389,IZYIXXXYIYY,YYIYXXXIYZI,"[0, 1, 3, 4, 5, 6, 8, 9]",0.00048828124999999913,0.0,10,-0.2,"{""00001000011"": 1, ""00011001000"": 1, ""00011110000"": 1, ""00111100011"": 1, ""01101001000"": 1, ""01110101101"": 1, ""11000011111"": 1, ""11100011101"": 1, ""11101000101"": 1, ""11101001011"": 1}"
019e10f6-63f8-74f3-a0d8-e8f0100e6d36,4,90,390,IZYIXXXYZII,IIZYXXXIYZI,"[2, 3, 4, 5, 6, 8, 9]",0.00048828124999999913,0.0,10,-1.0,"{""00001011011"": 1, ""00010100010"": 1, ""00100011000"": 1, ""00100110011"": 1, ""01001100001"": 1, ""01011010010"": 1, ""01100100001"": 1, ""01100110101"": 1, ""10100100110"": 1, ""10100111101"": 1}"
019e10f6-63f8-74f3-a0d8-e8f0100e6d36,4,91,391,IZYIXXXYZZX,XZZYXXXIYZI,"[0, 1, 2, 3, 4, 5, 6, 8, 9]",0.00048828124999999913,0.0,10,-1.0,"{""00011111100"": 1, ""00101100000"": 1, ""01000010111"": 2, ""01010110000"": 1, ""01100010000"": 1, ""10100100100"": 1, ""10101101100"": 1, ""11101010100"": 1, ""11110010011"": 1}"
019e10f6-63f8-74f3-a0d8-e8f0100e6d36,4,92,392,IZYIXXYIXIX,XIXIYXXIYZI,"[0, 2, 4, 5, 6, 8, 9]",-0.00048828124999999913,0.0,10,0.6,"{""00000011100"": 1, ""00100011100"": 1, ""01000100111"": 1, ""01011000000"": 1, ""01111010000"": 1, ""01111010111"": 1, ""10000011100"": 1, ""11000010111"": 1, ""11010001100"": 1, ""11101110000"": 1}"
019e10f6-63f8-74f3-a0d8-e8f0100e6d36,4,93,393,IZYIXXYIXZI,IZXIYXXIYZI,"[1, 2, 4, 5, 6, 8, 9]",-0.00048828124999999913,0.0,10,0.8,"{""00010000110"": 1, ""00010000111"": 1, ""01001000111"": 1, ""01100000110"": 1, ""10101001010"": 1, ""10101011101"": 1, ""10101101010"": 1, ""11010010001"": 1, ""11101100110"": 1, ""11110110000"": 1}"
019e10f6-63f8-74f3-a0d8-e8f0100e6d36,4,94,394,IZYIXXYIYXY,YXYIYXXIYZI,"[0, 1, 2, 4, 5, 6, 8, 9]",0.00048828124999999913,0.0,10,-0.6,"{""00010000100"": 1, ""01010100111"": 1, ""01010110011"": 1, ""01101011101"": 1, ""01101111101"": 1, ""10011111000"": 1, ""10100001000"": 1, ""10101011100"": 1, ""11000100100"": 1, ""11011110100"": 1}"
019e10f6-63f8-74f3-a0d8-e8f0100e6d36,4,95,395,IZYIXXYIYYZ,ZYYIYXXIYZI,"[0, 1, 2, 4, 5, 6, 8, 9]",-0.00048828124999999913,0.0,10,0.0,"{""00001011001"": 1, ""00100011000"": 1, ""01111100100"": 1, ""10000110011"": 1, ""10010000011"": 1, ""10011001001"": 1, ""11010011001"": 1, ""11010011111"": 1, ""11010100011"": 1, ""11011110100"": 1}"
019e10f6-63f8-74f3-a0d8-e8f0100e6d36,4,96,396,IZYIXXYZIII,IIIZYXXIYZI,"[3, 4, 5, 6, 8, 9]",-0.00048828124999999913,0.0,10,0.6,"{""00001100110"": 1, ""00011111100"": 1, ""00110111001"": 1, ""01111111110"": 1, ""10100000101"": 1, ""10100011101"": 1, ""10101000000"": 1, ""10110010101"": 1, ""10111000100"": 1, ""11010001010"": 1}"
019e10f6-63f8-74f3-a0d8-e8f0100e6d36,4,97,397,IZYIXXYZIZX,XZIZYXXIYZI,"[0, 1, 3, 4, 5, 6, 8, 9]",-0.00048828124999999913,0.0,10,0.6,"{""00110111000"": 1, ""00111000100"": 1, ""01000010000"": 1, ""01010110100"": 1, ""01100011100"": 1, ""10011111100"": 1, ""10101010100"": 1, ""11000111111"": 1, ""11011110111"": 1, ""11110110000"": 1}"
019e10f6-63f8-74f3-a0d8-e8f0100e6d36,4,98,398,IZYIXXYZZXZ,ZXZZYXXIYZI,"[0, 1, 2, 3, 4, 5, 6, 8, 9]",-0.00048828124999999913,0.0,10,0.6,"{""00000000000"": 1, ""00111000000"": 1, ""01000111000"": 1, ""10011010000"": 1, ""10111111101"": 1, ""11001011000"": 1, ""11010010110"": 1, ""11100011101"": 1, ""11100111101"": 1, ""11111001000"": 1}"
019e10f6-63f8-74f3-a0d8-e8f0100e6d36,4,99,399,IZYIXXYZZYY,YYZZYXXIYZI,"[0, 1, 2, 3, 4, 5, 6, 8, 9]",-0.00048828124999999913,0.0,10,0.4,"{""00001001101"": 1, ""00011001011"": 1, ""00101000101"": 1, ""00101101011"": 1, ""01101111000"": 1, ""10010001101"": 1, ""10101111000"": 1, ""11001101110"": 1, ""11011000010"": 1, ""11101100011"": 1}"
019e10f6-75e5-7860-a7f9-3b89dcb83b54,5,0,400,IZYIXYIXIXZ,ZXIXIYXIYZI,"[0, 1, 3, 5, 6, 8, 9]",0.00048828124999999913,0.0,10,-0.6,"{""00000011000"": 1, ""00101100010"": 1, ""01001101000"": 1, ""01101110110"": 1, ""10000011011"": 1, ""10101011000"": 1, ""11001011000"": 1, ""11001101101"": 1, ""11101111011"": 1, ""11110101110"": 1}"
019e10f6-75e5-7860-a7f9-3b89dcb83b54,5,1,401,IZYIXYIXIYY,YYIXIYXIYZI,"[0, 1, 3, 5, 6, 8, 9]",0.00048828124999999913,0.0,10,-1.0,"{""00000011000"": 1, ""00101100011"": 1, ""00111101110"": 1, ""01011100011"": 1, ""10000100011"": 1, ""10000101010"": 1, ""10100001101"": 1, ""11100010110"": 1, ""11101111011"": 1, ""11110011000"": 1}"
019e10f6-75e5-7860-a7f9-3b89dcb83b54,5,2,402,IZYIXYIXZII,IIZXIYXIYZI,"[2, 3, 5, 6, 8, 9]",0.00048828124999999913,0.0,10,-1.0,"{""00000010101"": 1, ""00000011001"": 1, ""01010000010"": 1, ""01101000000"": 1, ""01101001100"": 1, ""10000101101"": 1, ""11010000010"": 1, ""11011011010"": 1, ""11101110100"": 1, ""11111110110"": 1}"
019e10f6-75e5-7860-a7f9-3b89dcb83b54,5,3,403,IZYIXYIXZZX,XZZXIYXIYZI,"[0, 1, 2, 3, 5, 6, 8, 9]",0.00048828124999999913,0.0,10,-1.0,"{""00001001100"": 1, ""00010010111"": 1, ""00010100000"": 1, ""00011000000"": 1, ""00101101100"": 1, ""00111010100"": 1, ""00111101100"": 1, ""01110100011"": 1, ""10100000011"": 1, ""11001100000"": 1}"
019e10f6-75e5-7860-a7f9-3b89dcb83b54,5,4,404,IZYIXYIYXXY,YXXYIYXIYZI,"[0, 1, 2, 3, 5, 6, 8, 9]",0.00048828124999999913,0.0,10,-0.8,"{""00101101010"": 1, ""00111010100"": 1, ""01001001100"": 1, ""01101001111"": 2, ""01110010001"": 1, ""10000010111"": 1, ""10001001010"": 1, ""11101111011"": 1, ""11111001010"": 1}"
019e10f6-75e5-7860-a7f9-3b89dcb83b54,5,5,405,IZYIXYIYXYZ,ZYXYIYXIYZI,"[0, 1, 2, 3, 5, 6, 8, 9]",-0.00048828124999999913,0.0,10,0.2,"{""00001000110"": 1, ""00011000111"": 1, ""00100001000"": 1, ""00110100001"": 1, ""01011010111"": 1, ""01110101101"": 1, ""10000010110"": 1, ""10001000111"": 1, ""10100011001"": 1, ""11100010000"": 1}"
019e10f6-75e5-7860-a7f9-3b89dcb83b54,5,6,406,IZYIXYIYYIX,XIYYIYXIYZI,"[0, 2, 3, 5, 6, 8, 9]",0.00048828124999999913,0.0,10,-0.2,"{""00001001111"": 1, ""00100001000"": 1, ""01101000000"": 1, ""10001110000"": 1, ""10101001111"": 1, ""10111011111"": 1, ""11000010010"": 1, ""11001101000"": 1, ""11111000000"": 1, ""11111110001"": 1}"
019e10f6-75e5-7860-a7f9-3b89dcb83b54,5,7,407,IZYIXYIYYZI,IZYYIYXIYZI,"[1, 2, 3, 5, 6, 8, 9]",0.00048828124999999913,0.0,10,-0.8,"{""00010100000"": 1, ""00010101011"": 1, ""00111011111"": 1, ""00111101011"": 1, ""01100111100"": 1, ""01110100110"": 1, ""10100010010"": 1, ""11010110101"": 1, ""11011101101"": 1, ""11100010101"": 1}"
019e10f6-75e5-7860-a7f9-3b89dcb83b54,5,8,408,IZYIXYZIIII,IIIIZYXIYZI,"[4, 5, 6, 8, 9]",0.00048828124999999913,0.0,10,-0.8,"{""00000011000"": 1, ""00001110001"": 1, ""00011001011"": 1, ""01000011000"": 1, ""01011010010"": 1, ""10000100101"": 1, ""10100110000"": 1, ""10110000010"": 1, ""11001100001"": 1, ""11001101000"": 1}"
019e10f6-75e5-7860-a7f9-3b89dcb83b54,5,9,409,IZYIXYZIIZX,XZIIZYXIYZI,"[0, 1, 4, 5, 6, 8, 9]",0.00048828124999999913,0.0,10,-0.6,"{""00000010111"": 1, ""00000101000"": 1, ""00001111011"": 1, ""00100110101"": 1, ""01011011111"": 1, ""01101000100"": 1, ""10100001101"": 1, ""10101010111"": 1, ""11011101000"": 1, ""11100010100"": 1}"
019e10f6-75e5-7860-a7f9-3b89dcb83b54,5,10,410,IZYIXYZIZXZ,ZXZIZYXIYZI,"[0, 1, 2, 4, 5, 6, 8, 9]",0.00048828124999999913,0.0,10,-1.0,"{""00000010000"": 1, ""00001111011"": 1, ""00010101101"": 1, ""00011110101"": 1, ""00011111110"": 1, ""01000000110"": 1, ""01001011101"": 1, ""10000010011"": 1, ""10001001101"": 1, ""11011011110"": 1}"
019e10f6-75e5-7860-a7f9-3b89dcb83b54,5,11,411,IZYIXYZIZYY,YYZIZYXIYZI,"[0, 1, 2, 4, 5, 6, 8, 9]",0.00048828124999999913,0.0,10,-0.8,"{""00001001110"": 1, ""00010101101"": 1, ""00011001011"": 1, ""01000111011"": 1, ""01011110000"": 1, ""10011001000"": 1, ""10110111101"": 1, ""11010111011"": 1, ""11011011110"": 1, ""11100010101"": 1}"
019e10f6-75e5-7860-a7f9-3b89dcb83b54,5,12,412,IZYIXYZZXIX,XIXZZYXIYZI,"[0, 2, 3, 4, 5, 6, 8, 9]",0.00048828124999999913,0.0,10,-0.8,"{""00010101100"": 1, ""00011000111"": 1, ""01000001100"": 1, ""01001100000"": 1, ""01010110100"": 1, ""10010011011"": 1, ""10011110000"": 1, ""11000110000"": 1, ""11010001100"": 1, ""11100011100"": 1}"
019e10f6-75e5-7860-a7f9-3b89dcb83b54,5,13,413,IZYIXYZZXZI,IZXZZYXIYZI,"[1, 2, 3, 4, 5, 6, 8, 9]",0.00048828124999999913,0.0,10,-0.6,"{""00100010001"": 1, ""00101100110"": 1, ""00110001100"": 1, ""00111101100"": 1, ""10101100000"": 1, ""11000001010"": 1, ""11001101010"": 1, ""11010011100"": 1, ""11100010001"": 1, ""11100011011"": 1}"
019e10f6-75e5-7860-a7f9-3b89dcb83b54,5,14,414,IZYIXYZZYXY,YXYZZYXIYZI,"[0, 1, 2, 3, 4, 5, 6, 8, 9]",-0.00048828124999999913,0.0,10,0.4,"{""00101101101"": 1, ""00101111000"": 1, ""00110000010"": 1, ""00110110101"": 1, ""10011111000"": 1, ""10111101000"": 1, ""11000011101"": 1, ""11001101011"": 1, ""11101001110"": 1, ""11111001000"": 1}"
019e10f6-75e5-7860-a7f9-3b89dcb83b54,5,15,415,IZYIXYZZYYZ,ZYYZZYXIYZI,"[0, 1, 2, 3, 4, 5, 6, 8, 9]",0.00048828124999999913,0.0,10,-0.8,"{""00100001010"": 1, ""00111010101"": 1, ""00111100001"": 1, ""01011011111"": 1, ""01011100101"": 1, ""01110100101"": 1, ""10101100011"": 1, ""10110110101"": 1, ""11111000000"": 1, ""11111110110"": 1}"
019e10f6-75e5-7860-a7f9-3b89dcb83b54,5,16,416,IZYIYIXIXIX,XIXIXIYIYZI,"[0, 2, 4, 6, 8, 9]",-0.00048828124999999913,0.0,10,0.6,"{""00000101011"": 1, ""00111000111"": 1, ""00111011100"": 1, ""10000110000"": 1, ""10010000000"": 1, ""10010000111"": 1, ""11001011100"": 1, ""11010110111"": 1, ""11101101011"": 1, ""11110000111"": 1}"
019e10f6-75e5-7860-a7f9-3b89dcb83b54,5,17,417,IZYIYIXIXZI,IZXIXIYIYZI,"[1, 2, 4, 6, 8, 9]",-0.00048828124999999913,0.0,10,0.4,"{""00001000111"": 1, ""00111011011"": 1, ""01001000111"": 1, ""01010101000"": 1, ""01100000001"": 1, ""10000000110"": 1, ""10101011011"": 1, ""11001011100"": 1, ""11010101111"": 1, ""11010110001"": 1}"
019e10f6-75e5-7860-a7f9-3b89dcb83b54,5,18,418,IZYIYIXIYXY,YXYIXIYIYZI,"[0, 1, 2, 4, 6, 8, 9]",0.00048828124999999913,0.0,10,-0.4,"{""00011101101"": 1, ""00101010110"": 1, ""00111110111"": 1, ""01101110100"": 1, ""10100011110"": 1, ""10110101000"": 1, ""10111011110"": 1, ""11001011101"": 1, ""11010101000"": 1, ""11101000010"": 1}"
019e10f6-75e5-7860-a7f9-3b89dcb83b54,5,19,419,IZYIYIXIYYZ,ZYYIXIYIYZI,"[0, 1, 2, 4, 6, 8, 9]",-0.00048828124999999913,0.0,10,0.2,"{""01000110101"": 1, ""01010110000"": 1, ""10001110000"": 1, ""10101101100"": 1, ""10111000011"": 1, ""10111101001"": 1, ""11000101000"": 1, ""11001000110"": 1, ""11001010001"": 1, ""11001101001"": 1}"
019e10f6-75e5-7860-a7f9-3b89dcb83b54,5,20,420,IZYIYIXZIII,IIIZXIYIYZI,"[3, 4, 6, 8, 9]",-0.00048828124999999913,0.0,10,1.0,"{""00010000000"": 1, ""00100101101"": 1, ""01001011100"": 1, ""01100011101"": 1, ""01111101010"": 1, ""10011110111"": 1, ""11001000111"": 1, ""11010001010"": 1, ""11010101010"": 1, ""11110011010"": 1}"
019e10f6-75e5-7860-a7f9-3b89dcb83b54,5,21,421,IZYIYIXZIZX,XZIZXIYIYZI,"[0, 1, 3, 4, 6, 8, 9]",-0.00048828124999999913,0.0,10,0.6,"{""00001110011"": 1, ""00010011011"": 1, ""00011101000"": 1, ""00111011111"": 1, ""01000110111"": 1, ""01101111111"": 1, ""10010101111"": 1, ""10100110111"": 1, ""11001000000"": 1, ""11011011000"": 1}"
019e10f6-75e5-7860-a7f9-3b89dcb83b54,5,22,422,IZYIYIXZZXZ,ZXZZXIYIYZI,"[0, 1, 2, 3, 4, 6, 8, 9]",-0.00048828124999999913,0.0,10,0.4,"{""00011110101"": 1, ""00110110000"": 1, ""01000100101"": 1, ""01010101000"": 1, ""01101011000"": 1, ""01110110000"": 1, ""10000011101"": 1, ""10110110101"": 1, ""11011011101"": 1, ""11111110101"": 1}"
019e10f6-75e5-7860-a7f9-3b89dcb83b54,5,23,423,IZYIYIXZZYY,YYZZXIYIYZI,"[0, 1, 2, 3, 4, 6, 8, 9]",-0.00048828124999999913,0.0,10,0.6,"{""00110101010"": 1, ""01010101011"": 1, ""01110010000"": 1, ""10000000110"": 1, ""10011101000"": 1, ""10101011011"": 1, ""10111011110"": 1, ""11000110101"": 1, ""11001000110"": 1, ""11100000000"": 1}"
019e10f6-75e5-7860-a7f9-3b89dcb83b54,5,24,424,IZYIYIYXXXY,YXXXYIYIYZI,"[0, 1, 2, 3, 4, 6, 8, 9]",0.00048828124999999913,0.0,10,-0.8,"{""00000000100"": 1, ""01001011001"": 1, ""01010010010"": 1, ""01010100101"": 1, ""01110000000"": 1, ""10000011100"": 1, ""10010001000"": 1, ""11010110111"": 1, ""11100010110"": 1, ""11111110001"": 1}"
019e10f6-75e5-7860-a7f9-3b89dcb83b54,5,25,425,IZYIYIYXXYZ,ZYXXYIYIYZI,"[0, 1, 2, 3, 4, 6, 8, 9]",-0.00048828124999999913,0.0,10,0.4,"{""00000111010"": 1, ""00100101000"": 1, ""00110101110"": 1, ""01100000000"": 1, ""01100111010"": 1, ""01110001100"": 1, ""10010000101"": 1, ""10111010111"": 1, ""10111011011"": 1, ""11110000111"": 1}"
019e10f6-75e5-7860-a7f9-3b89dcb83b54,5,26,426,IZYIYIYXYIX,XIYXYIYIYZI,"[0, 2, 3, 4, 6, 8, 9]",0.00048828124999999913,0.0,10,-0.4,"{""01000011100"": 1, ""01000101011"": 1, ""01010100100"": 1, ""10000011101"": 1, ""10011100000"": 1, ""10101011011"": 1, ""10110110100"": 1, ""11000111111"": 1, ""11101011000"": 1, ""11101101011"": 1}"
019e10f6-75e5-7860-a7f9-3b89dcb83b54,5,27,427,IZYIYIYXYZI,IZYXYIYIYZI,"[1, 2, 3, 4, 6, 8, 9]",0.00048828124999999913,0.0,10,-0.2,"{""00000001000"": 1, ""00001111110"": 1, ""00010011100"": 1, ""00110000100"": 1, ""00111000001"": 1, ""10000111001"": 1, ""10111011100"": 1, ""11010101011"": 1, ""11100101011"": 1, ""11101101101"": 1}"
019e10f6-75e5-7860-a7f9-3b89dcb83b54,5,28,428,IZYIYIYYIXZ,ZXIYYIYIYZI,"[0, 1, 3, 4, 6, 8, 9]",-0.00048828124999999913,0.0,10,0.4,"{""00101011011"": 1, ""01000111101"": 1, ""01001001101"": 1, ""01010000000"": 1, ""01011011000"": 1, ""10000001101"": 1, ""10000011000"": 1, ""10011110000"": 1, ""10100100011"": 1, ""10111111101"": 1}"
019e10f6-75e5-7860-a7f9-3b89dcb83b54,5,29,429,IZYIYIYYIYY,YYIYYIYIYZI,"[0, 1, 3, 4, 6, 8, 9]",-0.00048828124999999913,0.0,10,1.0,"{""00011111110"": 1, ""00100100110"": 1, ""01000101011"": 1, ""01001000000"": 1, ""01110010101"": 1, ""10000000011"": 1, ""10000010110"": 1, ""10100111101"": 1, ""10100111110"": 1, ""11010100101"": 1}"
019e10f6-75e5-7860-a7f9-3b89dcb83b54,5,30,430,IZYIYIYYZII,IIZYYIYIYZI,"[2, 3, 4, 6, 8, 9]",-0.00048828124999999913,0.0,10,0.6,"{""00110011010"": 1, ""01010111101"": 1, ""01111100110"": 1, ""10011100110"": 1, ""10100011101"": 1, ""10101010010"": 1, ""10110101000"": 1, ""11011001110"": 1, ""11111100111"": 1, ""11111111111"": 1}"
019e10f6-75e5-7860-a7f9-3b89dcb83b54,5,31,431,IZYIYIYYZZX,XZZYYIYIYZI,"[0, 1, 2, 3, 4, 6, 8, 9]",-0.00048828124999999913,0.0,10,0.4,"{""00000100100"": 1, ""01101100111"": 1, ""01101101011"": 1, ""01111100100"": 1, ""10010000011"": 1, ""10110111111"": 1, ""11001000011"": 1, ""11011001100"": 1, ""11101000011"": 1, ""11110101011"": 1}"
019e10f6-75e5-7860-a7f9-3b89dcb83b54,5,32,432,IZYIYZIIIII,IIIIIZYIYZI,"[5, 6, 8, 9]",-0.00048828124999999913,0.0,10,0.8,"{""00000010110"": 1, ""01001001010"": 1, ""01100001001"": 1, ""01100011110"": 1, ""10011100001"": 1, ""10100110100"": 1, ""10110101101"": 1, ""11011111110"": 1, ""11101100100"": 1, ""11101110100"": 1}"
019e10f6-75e5-7860-a7f9-3b89dcb83b54,5,33,433,IZYIYZIIIZX,XZIIIZYIYZI,"[0, 1, 5, 6, 8, 9]",-0.00048828124999999913,0.0,10,0.4,"{""01000100100"": 1, ""01001011000"": 1, ""01100000011"": 1, ""01101100011"": 1, ""10000011110"": 1, ""10100100111"": 1, ""10110111100"": 1, ""11000101011"": 1, ""11011110011"": 1, ""11011111000"": 1}"
019e10f6-75e5-7860-a7f9-3b89dcb83b54,5,34,434,IZYIYZIIZXZ,ZXZIIZYIYZI,"[0, 1, 2, 5, 6, 8, 9]",-0.00048828124999999913,0.0,10,0.0,"{""00101000101"": 1, ""00111010011"": 1, ""01000010110"": 1, ""01011010101"": 1, ""01101011101"": 1, ""01111101000"": 1, ""10011110010"": 1, ""10111010100"": 1, ""11010110011"": 1, ""11101100010"": 1}"
019e10f6-75e5-7860-a7f9-3b89dcb83b54,5,35,435,IZYIYZIIZYY,YYZIIZYIYZI,"[0, 1, 2, 5, 6, 8, 9]",-0.00048828124999999913,0.0,10,0.6,"{""01010110101"": 1, ""01110010110"": 1, ""10011100110"": 1, ""10011101011"": 1, ""10101001000"": 1, ""11000100011"": 1, ""11000101110"": 1, ""11010011101"": 1, ""11011100011"": 1, ""11111100101"": 1}"
019e10f6-75e5-7860-a7f9-3b89dcb83b54,5,36,436,IZYIYZIZXIX,XIXZIZYIYZI,"[0, 2, 3, 5, 6, 8, 9]",-0.00048828124999999913,0.0,10,0.6,"{""00110010000"": 1, ""00110100000"": 1, ""00111011100"": 2, ""01000001111"": 1, ""01101001011"": 1, ""10100110111"": 1, ""10100111001"": 1, ""11100010000"": 1, ""11101111011"": 1}"
019e10f6-75e5-7860-a7f9-3b89dcb83b54,5,37,437,IZYIYZIZXZI,IZXZIZYIYZI,"[1, 2, 3, 5, 6, 8, 9]",-0.00048828124999999913,0.0,10,0.8,"{""00000000000"": 1, ""00011000111"": 1, ""00101001010"": 1, ""00110111100"": 1, ""01100000001"": 1, ""10010010000"": 1, ""10011100000"": 1, ""10110110110"": 1, ""11000110111"": 1, ""11000111100"": 1}"
019e10f6-75e5-7860-a7f9-3b89dcb83b54,5,38,438,IZYIYZIZYXY,YXYZIZYIYZI,"[0, 1, 2, 3, 5, 6, 8, 9]",0.00048828124999999913,0.0,10,0.0,"{""00000100111"": 1, ""00110110010"": 1, ""00111000010"": 1, ""01110100111"": 1, ""01111100100"": 1, ""10000010001"": 1, ""10011010010"": 1, ""10111000111"": 1, ""10111010110"": 1, ""11100110100"": 1}"
019e10f6-75e5-7860-a7f9-3b89dcb83b54,5,39,439,IZYIYZIZYYZ,ZYYZIZYIYZI,"[0, 1, 2, 3, 5, 6, 8, 9]",-0.00048828124999999913,0.0,10,1.0,"{""01101101010"": 1, ""10000001111"": 1, ""10001101001"": 1, ""10011110101"": 1, ""10011110110"": 1, ""10100101001"": 1, ""10110110101"": 1, ""11000100011"": 1, ""11010100000"": 1, ""11101111111"": 1}"
019e10f6-75e5-7860-a7f9-3b89dcb83b54,5,40,440,IZYIYZZXIXZ,ZXIXZZYIYZI,"[0, 1, 3, 4, 5, 6, 8, 9]",-0.00048828124999999913,0.0,10,0.4,"{""00100110000"": 1, ""00110100011"": 1, ""00110111000"": 1, ""10000000011"": 1, ""10000010101"": 1, ""10110000000"": 1, ""11000000011"": 1, ""11001010110"": 1, ""11010101110"": 1, ""11100010110"": 1}"
019e10f6-75e5-7860-a7f9-3b89dcb83b54,5,41,441,IZYIYZZXIYY,YYIXZZYIYZI,"[0, 1, 3, 4, 5, 6, 8, 9]",-0.00048828124999999913,0.0,10,1.0,"{""00010010110"": 1, ""00011100011"": 1, ""00101000000"": 1, ""01000110110"": 1, ""01100011011"": 1, ""01110001110"": 1, ""01110011000"": 1, ""10100101110"": 1, ""11001010101"": 1, ""11010111011"": 1}"
019e10f6-75e5-7860-a7f9-3b89dcb83b54,5,42,442,IZYIYZZXZII,IIZXZZYIYZI,"[2, 3, 4, 5, 6, 8, 9]",-0.00048828124999999913,0.0,10,0.4,"{""00101000001"": 1, ""00110110100"": 1, ""01010010110"": 1, ""01010101111"": 1, ""01100001101"": 1, ""01101100000"": 1, ""01101101101"": 1, ""10001110110"": 1, ""10100001100"": 1, ""10110001101"": 1}"
019e10f6-75e5-7860-a7f9-3b89dcb83b54,5,43,443,IZYIYZZXZZX,XZZXZZYIYZI,"[0, 1, 2, 3, 4, 5, 6, 8, 9]",-0.00048828124999999913,0.0,10,0.2,"{""00010001111"": 1, ""01000111000"": 1, ""01001000000"": 1, ""01010101111"": 1, ""01100001111"": 1, ""01101111011"": 1, ""10101101100"": 1, ""11010010100"": 1, ""11110111000"": 1, ""11111010111"": 1}"
019e10f6-75e5-7860-a7f9-3b89dcb83b54,5,44,444,IZYIYZZYXXY,YXXYZZYIYZI,"[0, 1, 2, 3, 4, 5, 6, 8, 9]",-0.00048828124999999913,0.0,10,0.6,"{""00001100110"": 1, ""00010001001"": 1, ""00101011100"": 1, ""01011011110"": 1, ""01111100011"": 1, ""01111111000"": 1, ""10001111101"": 1, ""10011110111"": 1, ""10110101101"": 1, ""11100011101"": 1}"
019e10f6-75e5-7860-a7f9-3b89dcb83b54,5,45,445,IZYIYZZYXYZ,ZYXYZZYIYZI,"[0, 1, 2, 3, 4, 5, 6, 8, 9]",0.00048828124999999913,0.0,10,-0.4,"{""01001010010"": 1, ""01110111111"": 1, ""10010001110"": 1, ""10011100100"": 1, ""11001010000"": 1, ""11010111001"": 1, ""11101001110"": 1, ""11110001000"": 1, ""11110010000"": 1, ""11111110110"": 1}"
019e10f6-75e5-7860-a7f9-3b89dcb83b54,5,46,446,IZYIYZZYYIX,XIYYZZYIYZI,"[0, 2, 3, 4, 5, 6, 8, 9]",-0.00048828124999999913,0.0,10,0.2,"{""00011100111"": 1, ""00101101100"": 1, ""00111000111"": 1, ""01110010011"": 1, ""10000111111"": 1, ""10100101100"": 1, ""10101011111"": 2, ""11010001100"": 1, ""11110010000"": 1}"
019e10f6-75e5-7860-a7f9-3b89dcb83b54,5,47,447,IZYIYZZYYZI,IZYYZZYIYZI,"[1, 2, 3, 4, 5, 6, 8, 9]",-0.00048828124999999913,0.0,10,0.2,"{""00001000101"": 1, ""00110010100"": 1, ""00111001010"": 1, ""01001000101"": 1, ""01111111111"": 1, ""10100110110"": 1, ""10101000000"": 1, ""11000101110"": 1, ""11011000000"": 1, ""11011010100"": 1}"
019e10f6-75e5-7860-a7f9-3b89dcb83b54,5,48,448,IZZXXIXIXIX,XIXIXIXXZZI,"[0, 2, 4, 6, 7, 8, 9]",-0.00048828124999999913,0.0,10,0.2,"{""00101000011"": 1, ""00110110111"": 1, ""01010011100"": 1, ""10001100111"": 1, ""10100011011"": 1, ""10101011100"": 1, ""11010011011"": 1, ""11011101011"": 1, ""11110101011"": 1, ""11111000000"": 1}"
019e10f6-75e5-7860-a7f9-3b89dcb83b54,5,49,449,IZZXXIXIXZI,IZXIXIXXZZI,"[1, 2, 4, 6, 7, 8, 9]",-0.00048828124999999913,0.0,10,0.6,"{""00001000111"": 1, ""00101001101"": 1, ""00101011011"": 1, ""01111000110"": 1, ""10100011000"": 1, ""10101011010"": 1, ""11010000001"": 1, ""11011101010"": 1, ""11011101101"": 1, ""11110001010"": 1}"
019e10f6-75e5-7860-a7f9-3b89dcb83b54,5,50,450,IZZXXIXIYXY,YXYIXIXXZZI,"[0, 1, 2, 4, 6, 7, 8, 9]",0.00048828124999999913,0.0,10,-0.6,"{""00001101011"": 1, ""00100101011"": 1, ""01010011110"": 2, ""10000000011"": 1, ""10001101011"": 1, ""10100101100"": 1, ""10100110010"": 1, ""11111011000"": 1, ""11111011110"": 1}"
019e10f6-75e5-7860-a7f9-3b89dcb83b54,5,51,451,IZZXXIXIYYZ,ZYYIXIXXZZI,"[0, 1, 2, 4, 6, 7, 8, 9]",-0.00048828124999999913,0.0,10,0.6,"{""00000000000"": 1, ""00000011100"": 1, ""00100110101"": 2, ""01011101001"": 1, ""10100110011"": 1, ""10101011010"": 1, ""10110101010"": 1, ""11000000101"": 1, ""11010000011"": 1}"
019e10f6-75e5-7860-a7f9-3b89dcb83b54,5,52,452,IZZXXIXZIII,IIIZXIXXZZI,"[3, 4, 6, 7, 8, 9]",-0.00048828124999999913,0.0,10,1.0,"{""00001101111"": 1, ""00101011101"": 1, ""01010000111"": 1, ""01011001010"": 1, ""01011101110"": 1, ""01111000101"": 1, ""10100110100"": 1, ""11010000010"": 1, ""11011101011"": 1, ""11110101100"": 1}"
019e10f6-75e5-7860-a7f9-3b89dcb83b54,5,53,453,IZZXXIXZIZX,XZIZXIXXZZI,"[0, 1, 3, 4, 6, 7, 8, 9]",-0.00048828124999999913,0.0,10,0.4,"{""00001101011"": 2, ""01010111100"": 1, ""10011101000"": 1, ""10100001111"": 1, ""10100010111"": 1, ""10100101100"": 1, ""10101010011"": 1, ""10110110000"": 1, ""11011101000"": 1}"
019e10f6-75e5-7860-a7f9-3b89dcb83b54,5,54,454,IZZXXIXZZXZ,ZXZZXIXXZZI,"[0, 1, 2, 3, 4, 6, 7, 8, 9]",-0.00048828124999999913,0.0,10,0.4,"{""00000011011"": 1, ""00001101101"": 1, ""00100011011"": 1, ""00110101011"": 1, ""01011110000"": 1, ""10100110110"": 1, ""11010010000"": 1, ""11011110101"": 1, ""11111000110"": 2}"
019e10f6-75e5-7860-a7f9-3b89dcb83b54,5,55,455,IZZXXIXZZYY,YYZZXIXXZZI,"[0, 1, 2, 3, 4, 6, 7, 8, 9]",-0.00048828124999999913,0.0,10,0.4,"{""00000000000"": 1, ""00001100110"": 1, ""00100101111"": 1, ""00101011101"": 1, ""01011011011"": 1, ""01110101000"": 1, ""10001101000"": 1, ""10001101110"": 1, ""10101000000"": 2}"
019e10f6-75e5-7860-a7f9-3b89dcb83b54,5,56,456,IZZXXIYXXXY,YXXXYIXXZZI,"[0, 1, 2, 3, 4, 6, 7, 8, 9]",0.00048828124999999913,0.0,10,-1.0,"{""00001100110"": 1, ""00100101111"": 1, ""01000010001"": 1, ""01010011111"": 1, ""01110100101"": 1, ""10000110000"": 1, ""10100010100"": 1, ""11011111011"": 1, ""11110101100"": 1, ""11110111110"": 1}"
019e10f6-75e5-7860-a7f9-3b89dcb83b54,5,57,457,IZZXXIYXXYZ,ZYXXYIXXZZI,"[0, 1, 2, 3, 4, 6, 7, 8, 9]",-0.00048828124999999913,0.0,10,-0.2,"{""00000011101"": 1, ""00100100000"": 1, ""00100111100"": 1, ""00101010110"": 1, ""00111011011"": 1, ""01110111100"": 1, ""01111000001"": 1, ""10000010011"": 1, ""10101001110"": 1, ""10101010111"": 1}"
019e10f6-75e5-7860-a7f9-3b89dcb83b54,5,58,458,IZZXXIYXYIX,XIYXYIXXZZI,"[0, 2, 3, 4, 6, 7, 8, 9]",0.00048828124999999913,0.0,10,-0.6,"{""00001110011"": 1, ""01011100000"": 1, ""01011110100"": 1, ""01110101100"": 1, ""01110110011"": 1, ""10000000100"": 1, ""10001110000"": 1, ""10001111111"": 1, ""11010011100"": 1, ""11010101011"": 1}"
019e10f6-75e5-7860-a7f9-3b89dcb83b54,5,59,459,IZZXXIYXYZI,IZYXYIXXZZI,"[1, 2, 3, 4, 6, 7, 8, 9]",0.00048828124999999913,0.0,10,-0.4,"{""00101011011"": 1, ""01010000001"": 1, ""01011111110"": 1, ""01011111111"": 1, ""10000011100"": 1, ""10100101010"": 1, ""11011110000"": 1, ""11100100000"": 1, ""11110101101"": 1, ""11110110100"": 1}"
019e10f6-75e5-7860-a7f9-3b89dcb83b54,5,60,460,IZZXXIYYIXZ,ZXIYYIXXZZI,"[0, 1, 3, 4, 6, 7, 8, 9]",-0.00048828124999999913,0.0,10,0.4,"{""00001111101"": 1, ""00101011011"": 1, ""00110000011"": 1, ""01011110011"": 1, ""01111101011"": 1, ""10000011000"": 1, ""11010010101"": 1, ""11010010110"": 1, ""11010101011"": 1, ""11011001110"": 1}"
019e10f6-75e5-7860-a7f9-3b89dcb83b54,5,61,461,IZZXXIYYIYY,YYIYYIXXZZI,"[0, 1, 3, 4, 6, 7, 8, 9]",-0.00048828124999999913,0.0,10,0.6,"{""00100100110"": 1, ""00100111101"": 1, ""00101001110"": 1, ""00111000000"": 1, ""01010010101"": 1, ""01110100110"": 1, ""01110111101"": 1, ""10101000011"": 1, ""10101001100"": 1, ""11011110000"": 1}"
019e10f6-75e5-7860-a7f9-3b89dcb83b54,5,62,462,IZZXXIYYZII,IIZYYIXXZZI,"[2, 3, 4, 6, 7, 8, 9]",-0.00048828124999999913,0.0,10,0.6,"{""00000001101"": 1, ""00001111110"": 1, ""00101010101"": 1, ""01110110010"": 1, ""10000011001"": 1, ""10001111100"": 2, ""11010011110"": 1, ""11110101011"": 1, ""11110111001"": 1}"
019e10f6-75e5-7860-a7f9-3b89dcb83b54,5,63,463,IZZXXIYYZZX,XZZYYIXXZZI,"[0, 1, 2, 3, 4, 6, 7, 8, 9]",-0.00048828124999999913,0.0,10,0.8,"{""00100111100"": 1, ""01010010111"": 1, ""01010011011"": 1, ""01110101000"": 1, ""10100100100"": 1, ""10101001111"": 1, ""10101011100"": 1, ""11011101011"": 1, ""11111000000"": 1, ""11111001100"": 1}"
019e10f6-75e5-7860-a7f9-3b89dcb83b54,5,64,464,IZZXXZIIIII,IIIIIZXXZZI,"[5, 6, 7, 8, 9]",-0.00048828124999999913,0.0,10,0.6,"{""00101011011"": 1, ""01010000100"": 1, ""01010011101"": 1, ""01101010011"": 1, ""10001101100"": 1, ""10100011001"": 1, ""10101010000"": 1, ""11011101100"": 1, ""11011111000"": 1, ""11110111001"": 1}"
019e10f6-75e5-7860-a7f9-3b89dcb83b54,5,65,465,IZZXXZIIIZX,XZIIIZXXZZI,"[0, 1, 5, 6, 7, 8, 9]",-0.00048828124999999913,0.0,10,0.6,"{""00100100111"": 1, ""01001101011"": 1, ""01010011011"": 1, ""01110101000"": 1, ""10000011100"": 1, ""10001100011"": 1, ""10100101011"": 1, ""10100101100"": 1, ""10100111111"": 1, ""11100100011"": 1}"
019e10f6-75e5-7860-a7f9-3b89dcb83b54,5,66,466,IZZXXZIIZXZ,ZXZIIZXXZZI,"[0, 1, 2, 5, 6, 7, 8, 9]",-0.00048828124999999913,0.0,10,0.8,"{""01011111000"": 2, ""01110110101"": 1, ""10001000101"": 1, ""10001110101"": 2, ""10001110110"": 1, ""10100111011"": 1, ""10101000110"": 1, ""11011101011"": 1}"
019e10f6-75e5-7860-a7f9-3b89dcb83b54,5,67,467,IZZXXZIIZYY,YYZIIZXXZZI,"[0, 1, 2, 5, 6, 7, 8, 9]",-0.00048828124999999913,0.0,10,0.4,"{""00000000000"": 1, ""00001101000"": 1, ""00001101110"": 1, ""00100100011"": 1, ""01010101000"": 1, ""01011111101"": 1, ""01110111010"": 1, ""01111011000"": 1, ""10001011110"": 1, ""11111000101"": 1}"
019e10f6-75e5-7860-a7f9-3b89dcb83b54,5,68,468,IZZXXZIZXIX,XIXZIZXXZZI,"[0, 2, 3, 5, 6, 7, 8, 9]",-0.00048828124999999913,0.0,10,0.4,"{""00000011011"": 1, ""00100110000"": 1, ""01010001100"": 1, ""01011100000"": 1, ""01110110000"": 1, ""01111001100"": 1, ""10100101011"": 1, ""11001110000"": 1, ""11011011011"": 1, ""11011100011"": 1}"
019e10f6-75e5-7860-a7f9-3b89dcb83b54,5,69,469,IZZXXZIZXZI,IZXZIZXXZZI,"[1, 2, 3, 5, 6, 7, 8, 9]",-0.00048828124999999913,0.0,10,0.0,"{""00001010110"": 1, ""00001111000"": 1, ""01010111011"": 1, ""01011110001"": 1, ""01011111100"": 1, ""10000000001"": 1, ""10010011010"": 1, ""10100111011"": 1, ""11000000001"": 1, ""11010000110"": 1}"
019e10f6-75e5-7860-a7f9-3b89dcb83b54,5,70,470,IZZXXZIZYXY,YXYZIZXXZZI,"[0, 1, 2, 3, 5, 6, 7, 8, 9]",0.00048828124999999913,0.0,10,-0.6,"{""00001000010"": 1, ""00001100001"": 1, ""00100101110"": 1, ""00100110111"": 1, ""00101001011"": 1, ""01010001110"": 1, ""10000110010"": 1, ""10100110111"": 1, ""11110101000"": 1, ""11111010010"": 1}"
019e10f6-75e5-7860-a7f9-3b89dcb83b54,5,71,471,IZZXXZIZYYZ,ZYYZIZXXZZI,"[0, 1, 2, 3, 5, 6, 7, 8, 9]",-0.00048828124999999913,0.0,10,0.4,"{""00000000111"": 1, ""00000111100"": 1, ""00001100101"": 1, ""00100100101"": 1, ""00101001001"": 1, ""00101010101"": 1, ""00101100100"": 1, ""01011110011"": 1, ""10100111110"": 1, ""11110110101"": 1}"
019e10f6-75e5-7860-a7f9-3b89dcb83b54,5,72,472,IZZXXZZXIXZ,ZXIXZZXXZZI,"[0, 1, 3, 4, 5, 6, 7, 8, 9]",-0.00048828124999999913,0.0,10,0.6,"{""00100111000"": 2, ""00101000000"": 1, ""01011100000"": 1, ""01110100110"": 1, ""01111010110"": 1, ""10000011011"": 1, ""11010010101"": 1, ""11011100011"": 1, ""11111101101"": 1}"
019e10f6-75e5-7860-a7f9-3b89dcb83b54,5,73,473,IZZXXZZXIYY,YYIXZZXXZZI,"[0, 1, 3, 4, 5, 6, 7, 8, 9]",-0.00048828124999999913,0.0,10,0.8,"{""00000000000"": 1, ""00100110110"": 1, ""01011110101"": 1, ""10001101110"": 1, ""10001110101"": 1, ""10100101110"": 1, ""10101010101"": 1, ""11010000000"": 1, ""11010011011"": 1, ""11111001011"": 1}"
019e10f6-75e5-7860-a7f9-3b89dcb83b54,5,74,474,IZZXXZZXZII,IIZXZZXXZZI,"[2, 3, 4, 5, 6, 7, 8, 9]",-0.00048828124999999913,0.0,10,0.6,"{""00001100011"": 1, ""00001101100"": 1, ""00100101111"": 1, ""00101011010"": 1, ""01010011001"": 1, ""10001101001"": 1, ""10001101111"": 1, ""10110111001"": 1, ""11010010101"": 1, ""11011111000"": 1}"
019e10f6-75e5-7860-a7f9-3b89dcb83b54,5,75,475,IZZXXZZXZZX,XZZXZZXXZZI,"[0, 1, 2, 3, 4, 5, 6, 7, 8, 9]",-0.00048828124999999913,0.0,10,0.6,"{""00000001100"": 1, ""00001110100"": 1, ""01011111000"": 1, ""01110101111"": 1, ""10100001111"": 1, ""10100011000"": 1, ""10101000011"": 1, ""10101001111"": 1, ""11010000011"": 1, ""11010011000"": 1}"
019e10f6-75e5-7860-a7f9-3b89dcb83b54,5,76,476,IZZXXZZYXXY,YXXYZZXXZZI,"[0, 1, 2, 3, 4, 5, 6, 7, 8, 9]",-0.00048828124999999913,0.0,10,0.4,"{""00000000011"": 1, ""01110101010"": 1, ""01111010010"": 1, ""01111010110"": 1, ""01111100000"": 1, ""01111101100"": 1, ""10100100101"": 1, ""10101000110"": 1, ""10111110100"": 1, ""11110111110"": 1}"
019e10f6-75e5-7860-a7f9-3b89dcb83b54,5,77,477,IZZXXZZYXYZ,ZYXYZZXXZZI,"[0, 1, 2, 3, 4, 5, 6, 7, 8, 9]",0.00048828124999999913,0.0,10,-0.4,"{""00000000001"": 1, ""00001100001"": 1, ""00100100111"": 1, ""00101010011"": 1, ""01010010101"": 1, ""01011110000"": 1, ""10001000111"": 1, ""11011110100"": 1, ""11110110011"": 1, ""11111100001"": 1}"
019e10f6-75e5-7860-a7f9-3b89dcb83b54,5,78,478,IZZXXZZYYIX,XIYYZZXXZZI,"[0, 2, 3, 4, 5, 6, 7, 8, 9]",-0.00048828124999999913,0.0,10,0.4,"{""01010010011"": 1, ""01010010100"": 1, ""01110011000"": 1, ""10000010011"": 1, ""10100000000"": 1, ""10100110011"": 1, ""10101010011"": 1, ""11010001000"": 1, ""11010010100"": 1, ""11110111000"": 1}"
019e10f6-75e5-7860-a7f9-3b89dcb83b54,5,79,479,IZZXXZZYYZI,IZYYZZXXZZI,"[1, 2, 3, 4, 5, 6, 7, 8, 9]",-0.00048828124999999913,0.0,10,0.6,"{""00101000110"": 1, ""01010010010"": 1, ""01010010011"": 1, ""01011001110"": 1, ""01011110011"": 1, ""01110110101"": 2, ""01110111101"": 1, ""10000110100"": 1, ""11110101101"": 1}"
019e10f6-75e5-7860-a7f9-3b89dcb83b54,5,80,480,IZZXYXXXXXY,YXXXXXYXZZI,"[0, 1, 2, 3, 4, 5, 6, 7, 8, 9]",0.00048828124999999913,0.0,10,-0.2,"{""00100000011"": 1, ""00101000000"": 1, ""01011001000"": 1, ""01011101011"": 1, ""01111010000"": 1, ""10000111010"": 1, ""10001001000"": 1, ""11010011010"": 1, ""11010100101"": 1, ""11011011110"": 1}"
019e10f6-75e5-7860-a7f9-3b89dcb83b54,5,81,481,IZZXYXXXXYZ,ZYXXXXYXZZI,"[0, 1, 2, 3, 4, 5, 6, 7, 8, 9]",-0.00048828124999999913,0.0,10,0.0,"{""00000101100"": 1, ""00100100000"": 1, ""00100111001"": 1, ""01011010110"": 1, ""01110110111"": 1, ""10100111000"": 1, ""11001100101"": 1, ""11010101100"": 1, ""11110010100"": 1, ""11110110100"": 1}"
019e10f6-75e5-7860-a7f9-3b89dcb83b54,5,82,482,IZZXYXXXYIX,XIYXXXYXZZI,"[0, 2, 3, 4, 5, 6, 7, 8, 9]",0.00048828124999999913,0.0,10,-0.4,"{""00000010011"": 1, ""00001100000"": 1, ""00100001100"": 1, ""01010001000"": 1, ""10000110000"": 1, ""10001101000"": 1, ""11010100111"": 1, ""11110000000"": 1, ""11110101111"": 1, ""11111100111"": 1}"
019e10f6-75e5-7860-a7f9-3b89dcb83b54,5,83,483,IZZXYXXXYZI,IZYXXXYXZZI,"[1, 2, 3, 4, 5, 6, 7, 8, 9]",0.00048828124999999913,0.0,10,-0.8,"{""00000100000"": 1, ""01001000101"": 1, ""01010000100"": 1, ""01011001000"": 1, ""01110001010"": 1, ""01110101111"": 1, ""01111110100"": 1, ""11011001011"": 1, ""11110110000"": 1, ""11111111110"": 1}"
019e10f6-75e5-7860-a7f9-3b89dcb83b54,5,84,484,IZZXYXXYIXZ,ZXIYXXYXZZI,"[0, 1, 3, 4, 5, 6, 7, 8, 9]",-0.00048828124999999913,0.0,10,0.4,"{""00000101000"": 1, ""00001000101"": 1, ""00001000110"": 1, ""00001001011"": 1, ""00001100011"": 1, ""00100101101"": 1, ""01110100101"": 1, ""10001000010"": 1, ""10011010000"": 1, ""11110101000"": 1}"
019e10f6-75e5-7860-a7f9-3b89dcb83b54,5,85,485,IZZXYXXYIYY,YYIYXXYXZZI,"[0, 1, 3, 4, 5, 6, 7, 8, 9]",-0.00048828124999999913,0.0,10,0.8,"{""00000010110"": 1, ""00000100101"": 1, ""00101101011"": 1, ""01110000110"": 1, ""01110110110"": 1, ""01110111000"": 1, ""01111000011"": 1, ""01111100101"": 1, ""10001010110"": 1, ""11010110011"": 1}"
019e10f6-75e5-7860-a7f9-3b89dcb83b54,5,86,486,IZZXYXXYZII,IIZYXXYXZZI,"[2, 3, 4, 5, 6, 7, 8, 9]",-0.00048828124999999913,0.0,10,0.4,"{""00001110100"": 1, ""00111000000"": 1, ""01010100111"": 1, ""01010110010"": 1, ""01110111011"": 1, ""10001001100"": 1, ""11101010001"": 1, ""11110110100"": 1, ""11110111001"": 1, ""11111001001"": 1}"
019e10f6-75e5-7860-a7f9-3b89dcb83b54,5,87,487,IZZXYXXYZZX,XZZYXXYXZZI,"[0, 1, 2, 3, 4, 5, 6, 7, 8, 9]",-0.00048828124999999913,0.0,10,1.0,"{""00000010111"": 1, ""00000011000"": 1, ""00100000100"": 1, ""00100001000"": 1, ""00100001011"": 1, ""00100100000"": 1, ""01110111000"": 1, ""10000100111"": 1, ""10100011100"": 1, ""11011110100"": 1}"
019e10f6-75e5-7860-a7f9-3b89dcb83b54,5,88,488,IZZXYXYIXIX,XIXIYXYXZZI,"[0, 2, 4, 5, 6, 7, 8, 9]",0.00048828124999999913,0.0,10,-1.0,"{""00000001011"": 2, ""00001011011"": 1, ""00100000000"": 2, ""00100011011"": 1, ""10100011100"": 1, ""11011000111"": 1, ""11110000000"": 1, ""11110000111"": 1}"
019e10f6-75e5-7860-a7f9-3b89dcb83b54,5,89,489,IZZXYXYIXZI,IZXIYXYXZZI,"[1, 2, 4, 5, 6, 7, 8, 9]",0.00048828124999999913,0.0,10,-0.4,"{""00000001100"": 1, ""00000100110"": 1, ""00100000000"": 1, ""01010000111"": 1, ""01011000000"": 1, ""01101111011"": 1, ""01111100000"": 1, ""10000011100"": 1, ""10100000110"": 1, ""11010111011"": 1}"
019e10f6-75e5-7860-a7f9-3b89dcb83b54,5,90,490,IZZXYXYIYXY,YXYIYXYXZZI,"[0, 1, 2, 4, 5, 6, 7, 8, 9]",-0.00048828124999999913,0.0,10,0.4,"{""00100101011"": 1, ""00101111110"": 1, ""01010001101"": 1, ""01010011001"": 1, ""01010100111"": 1, ""10001010001"": 1, ""10001110100"": 1, ""10100001011"": 1, ""10100010100"": 1, ""11110101011"": 1}"
019e10f6-75e5-7860-a7f9-3b89dcb83b54,5,91,491,IZZXYXYIYYZ,ZYYIYXYXZZI,"[0, 1, 2, 4, 5, 6, 7, 8, 9]",0.00048828124999999913,0.0,10,-0.6,"{""00000011100"": 1, ""00101111111"": 1, ""01111001001"": 1, ""01111001111"": 1, ""10001101010"": 1, ""10101111010"": 1, ""10110101111"": 1, ""11011101111"": 1, ""11110000101"": 1, ""11110101100"": 1}"
019e10f6-75e5-7860-a7f9-3b89dcb83b54,5,92,492,IZZXYXYZIII,IIIZYXYXZZI,"[3, 4, 5, 6, 7, 8, 9]",0.00048828124999999913,0.0,10,-0.2,"{""00000000110"": 1, ""00000011010"": 1, ""00001010101"": 1, ""00001101110"": 1, ""01110011000"": 1, ""10000100110"": 1, ""11010100111"": 1, ""11011001111"": 1, ""11011101011"": 1, ""11110110110"": 1}"
019e10f6-75e5-7860-a7f9-3b89dcb83b54,5,93,493,IZZXYXYZIZX,XZIZYXYXZZI,"[0, 1, 3, 4, 5, 6, 7, 8, 9]",0.00048828124999999913,0.0,10,-0.6,"{""00001000100"": 1, ""00001000111"": 1, ""00101001100"": 1, ""00101111100"": 1, ""00110000000"": 1, ""01011000111"": 1, ""01110000110"": 1, ""10000001111"": 1, ""11011110111"": 1, ""11111100111"": 1}"
019e10f6-75e5-7860-a7f9-3b89dcb83b54,5,94,494,IZZXYXYZZXZ,ZXZZYXYXZZI,"[0, 1, 2, 3, 4, 5, 6, 7, 8, 9]",0.00048828124999999913,0.0,10,-0.6,"{""00000001000"": 1, ""01110000000"": 1, ""01111000000"": 1, ""01111111110"": 1, ""10000001011"": 1, ""10000100001"": 1, ""10000101001"": 1, ""11011110101"": 1, ""11111001011"": 1, ""11111100110"": 1}"
019e10f6-75e5-7860-a7f9-3b89dcb83b54,5,95,495,IZZXYXYZZYY,YYZZYXYXZZI,"[0, 1, 2, 3, 4, 5, 6, 7, 8, 9]",0.00048828124999999913,0.0,10,-0.8,"{""00000111011"": 1, ""00001101101"": 1, ""00100110000"": 1, ""00101010011"": 1, ""01010001110"": 1, ""10101100011"": 1, ""11010111110"": 1, ""11110000011"": 1, ""11110110000"": 1, ""11110110100"": 1}"
019e10f6-75e5-7860-a7f9-3b89dcb83b54,5,96,496,IZZXYYIXIXZ,ZXIXIYYXZZI,"[0, 1, 3, 5, 6, 7, 8, 9]",-0.00048828124999999913,0.0,10,0.8,"{""00000001101"": 1, ""00001110110"": 1, ""00100010110"": 1, ""01010110110"": 1, ""10100100000"": 1, ""10101001101"": 1, ""11011100011"": 1, ""11110010110"": 1, ""11110011000"": 1, ""11111110110"": 1}"
019e10f6-75e5-7860-a7f9-3b89dcb83b54,5,97,497,IZZXYYIXIYY,YYIXIYYXZZI,"[0, 1, 3, 5, 6, 7, 8, 9]",-0.00048828124999999913,0.0,10,0.8,"{""00000110101"": 1, ""00000111011"": 1, ""00100101110"": 1, ""00101001100"": 1, ""01011011011"": 1, ""10000111000"": 1, ""10100100000"": 1, ""10100100011"": 1, ""10101001110"": 1, ""11010110110"": 1}"
019e10f6-75e5-7860-a7f9-3b89dcb83b54,5,98,498,IZZXYYIXZII,IIZXIYYXZZI,"[2, 3, 5, 6, 7, 8, 9]",-0.00048828124999999913,0.0,10,0.8,"{""00000111010"": 1, ""00100011011"": 1, ""00100101101"": 1, ""00101101111"": 1, ""01011010101"": 1, ""01110100000"": 1, ""10000111001"": 1, ""10001011011"": 1, ""10100011010"": 1, ""11010000010"": 1}"
019e10f6-75e5-7860-a7f9-3b89dcb83b54,5,99,499,IZZXYYIXZZX,XZZXIYYXZZI,"[0, 1, 2, 3, 5, 6, 7, 8, 9]",-0.00048828124999999913,0.0,10,0.8,"{""00001010100"": 1, ""00001101100"": 1, ""01101000011"": 1, ""01110101100"": 1, ""01111110100"": 1, ""10000111011"": 1, ""10001010100"": 1, ""10001100011"": 1, ""10100011000"": 1, ""10101001100"": 1}"
019e10f6-85a1-7360-b384-f69242f09131,6,0,500,IZZXYYIYXXY,YXXYIYYXZZI,"[0, 1, 2, 3, 5, 6, 7, 8, 9]",-0.00048828124999999913,0.0,10,0.6,"{""00000111010"": 1, ""00001101100"": 1, ""01010111011"": 1, ""01110111011"": 1, ""01111001001"": 1, ""10000110111"": 1, ""10001100101"": 1, ""11010110010"": 1, ""11110111111"": 1, ""11111111011"": 1}"
019e10f6-85a1-7360-b384-f69242f09131,6,1,501,IZZXYYIYXYZ,ZYXYIYYXZZI,"[0, 1, 2, 3, 5, 6, 7, 8, 9]",0.00048828124999999913,0.0,10,-0.2,"{""00000111000"": 1, ""00100010010"": 1, ""00100010101"": 1, ""00100010110"": 1, ""00101110101"": 1, ""01010100111"": 1, ""01011101000"": 1, ""01011101011"": 1, ""10110100111"": 1, ""11111111001"": 1}"
019e10f6-85a1-7360-b384-f69242f09131,6,2,502,IZZXYYIYYIX,XIYYIYYXZZI,"[0, 2, 3, 5, 6, 7, 8, 9]",-0.00048828124999999913,0.0,10,0.6,"{""00000111000"": 1, ""00100011000"": 1, ""01011010011"": 1, ""01110101100"": 1, ""10011101100"": 1, ""11010001011"": 1, ""11010010101"": 1, ""11010110111"": 1, ""11011101100"": 1, ""11111000111"": 1}"
019e10f6-85a1-7360-b384-f69242f09131,6,3,503,IZZXYYIYYZI,IZYYIYYXZZI,"[1, 2, 3, 5, 6, 7, 8, 9]",-0.00048828124999999913,0.0,10,0.6,"{""00000000001"": 1, ""00000000111"": 1, ""00100010001"": 1, ""01111001100"": 1, ""01111111110"": 1, ""10000111111"": 1, ""10001100000"": 1, ""11010110101"": 1, ""11100010100"": 1, ""11110010101"": 1}"
019e10f6-85a1-7360-b384-f69242f09131,6,4,504,IZZXYYZIIII,IIIIZYYXZZI,"[4, 5, 6, 7, 8, 9]",-0.00048828124999999913,0.0,10,0.6,"{""00100010101"": 1, ""00100101100"": 1, ""01110100010"": 1, ""01110100011"": 1, ""01111111101"": 1, ""10101011000"": 1, ""10101100010"": 1, ""10101111010"": 1, ""11011010100"": 1, ""11111111100"": 1}"
019e10f6-85a1-7360-b384-f69242f09131,6,5,505,IZZXYYZIIZX,XZIIZYYXZZI,"[0, 1, 4, 5, 6, 7, 8, 9]",-0.00048828124999999913,0.0,10,0.6,"{""00001101100"": 1, ""00100011000"": 1, ""00101001111"": 1, ""00111111011"": 1, ""10000001011"": 1, ""10000111000"": 1, ""10100100100"": 1, ""10111111000"": 1, ""11010000100"": 1, ""11110100000"": 1}"
019e10f6-85a1-7360-b384-f69242f09131,6,6,506,IZZXYYZIZXZ,ZXZIZYYXZZI,"[0, 1, 2, 4, 5, 6, 7, 8, 9]",-0.00048828124999999913,0.0,10,0.6,"{""00000000011"": 1, ""00100011000"": 1, ""00101001110"": 1, ""01011101000"": 1, ""01011101110"": 1, ""01110011110"": 1, ""01111010110"": 1, ""10000000101"": 1, ""10001111110"": 1, ""11111001101"": 1}"
019e10f6-85a1-7360-b384-f69242f09131,6,7,507,IZZXYYZIZYY,YYZIZYYXZZI,"[0, 1, 2, 4, 5, 6, 7, 8, 9]",-0.00048828124999999913,0.0,10,0.8,"{""00100100011"": 1, ""01011100000"": 1, ""01110010000"": 1, ""11010110101"": 1, ""11010110110"": 1, ""11011100110"": 1, ""11011101110"": 1, ""11110000101"": 1, ""11111001000"": 1, ""11111110011"": 1}"
019e10f6-85a1-7360-b384-f69242f09131,6,8,508,IZZXYYZZXIX,XIXZZYYXZZI,"[0, 2, 3, 4, 5, 6, 7, 8, 9]",-0.00048828124999999913,0.0,10,0.4,"{""00000111011"": 1, ""00100000111"": 1, ""00101000111"": 1, ""01010011100"": 1, ""01011100111"": 1, ""01110101100"": 1, ""10000100000"": 1, ""10001101011"": 1, ""10101110000"": 1, ""11110010111"": 1}"
019e10f6-85a1-7360-b384-f69242f09131,6,9,509,IZZXYYZZXZI,IZXZZYYXZZI,"[1, 2, 3, 4, 5, 6, 7, 8, 9]",-0.00048828124999999913,0.0,10,0.4,"{""00000001100"": 1, ""00001100111"": 1, ""00100100110"": 1, ""01001111011"": 1, ""01111000100"": 1, ""10000001101"": 1, ""10001101111"": 1, ""10100010110"": 1, ""11010000110"": 1, ""11111000100"": 1}"
019e10f6-85a1-7360-b384-f69242f09131,6,10,510,IZZXYYZZYXY,YXYZZYYXZZI,"[0, 1, 2, 3, 4, 5, 6, 7, 8, 9]",0.00048828124999999913,0.0,10,-0.4,"{""00000001100"": 1, ""00000110111"": 1, ""00101001011"": 1, ""00110101101"": 1, ""01011100010"": 1, ""01111000111"": 1, ""01111110010"": 1, ""11010100100"": 1, ""11010110111"": 1, ""11011100100"": 1}"
019e10f6-85a1-7360-b384-f69242f09131,6,11,511,IZZXYYZZYYZ,ZYYZZYYXZZI,"[0, 1, 2, 3, 4, 5, 6, 7, 8, 9]",-0.00048828124999999913,0.0,10,0.6,"{""00001100000"": 1, ""00101110101"": 1, ""01010001001"": 1, ""10000011001"": 1, ""10000111001"": 1, ""10000111100"": 1, ""10100010111"": 1, ""11010000101"": 1, ""11010110110"": 1, ""11011101010"": 1}"
019e10f6-85a1-7360-b384-f69242f09131,6,12,512,XIIXIIIIIII,IIIIIIIXIIX,"[7, 10]",-0.00048828124999999913,0.0,10,0.8,"{""00000010111"": 1, ""00001011110"": 1, ""00001111010"": 1, ""00101010101"": 1, ""00101101010"": 1, ""01010000111"": 1, ""11011110001"": 1, ""11011111011"": 1, ""11110011011"": 1, ""11111001011"": 1}"
019e10f6-85a1-7360-b384-f69242f09131,6,13,513,XIIXIIIIIZX,XZIIIIIXIIX,"[0, 1, 7, 10]",-0.00048828124999999913,0.0,10,0.8,"{""00000001111"": 1, ""00101011000"": 1, ""00101101000"": 1, ""00111100011"": 1, ""11010001100"": 1, ""11010100011"": 1, ""11011111000"": 1, ""11110011011"": 1, ""11111010000"": 1, ""11111100100"": 1}"
019e10f6-85a1-7360-b384-f69242f09131,6,14,514,XIIXIIIIZXZ,ZXZIIIIXIIX,"[0, 1, 2, 7, 10]",-0.00048828124999999913,0.0,10,1.0,"{""00000011110"": 1, ""00100011000"": 1, ""00101100000"": 1, ""11010000000"": 1, ""11010010000"": 1, ""11011111011"": 1, ""11110100110"": 1, ""11110110110"": 1, ""11111010101"": 1, ""11111101011"": 1}"
019e10f6-85a1-7360-b384-f69242f09131,6,15,515,XIIXIIIIZYY,YYZIIIIXIIX,"[0, 1, 2, 7, 10]",-0.00048828124999999913,0.0,10,1.0,"{""00000010011"": 1, ""00000011101"": 1, ""00001000101"": 1, ""00100100011"": 1, ""00101011000"": 1, ""00101111101"": 1, ""11010011000"": 1, ""11011101101"": 1, ""11110000011"": 1, ""11111001000"": 1}"
019e10f6-85a1-7360-b384-f69242f09131,6,16,516,XIIXIIIZXIX,XIXZIIIXIIX,"[0, 2, 3, 7, 10]",-0.00048828124999999913,0.0,10,0.6,"{""00000011011"": 1, ""00000110111"": 1, ""00001000000"": 1, ""00001111011"": 1, ""00100111011"": 1, ""00101100000"": 1, ""01110111011"": 1, ""11010000111"": 1, ""11010101100"": 1, ""11111011000"": 1}"
019e10f6-85a1-7360-b384-f69242f09131,6,17,517,XIIXIIIZXZI,IZXZIIIXIIX,"[1, 2, 3, 7, 10]",-0.00048828124999999913,0.0,10,1.0,"{""00000100111"": 1, ""00100000110"": 1, ""00100011101"": 1, ""00100100111"": 2, ""00101111010"": 1, ""00101111011"": 1, ""11011111010"": 1, ""11011111011"": 1, ""11110110000"": 1}"
019e10f6-85a1-7360-b384-f69242f09131,6,18,518,XIIXIIIZYXY,YXYZIIIXIIX,"[0, 1, 2, 3, 7, 10]",0.00048828124999999913,0.0,10,-0.6,"{""00100000011"": 1, ""00101000100"": 1, ""00101010001"": 1, ""00101101101"": 1, ""11010111011"": 1, ""11011111110"": 1, ""11110010100"": 1, ""11110110100"": 1, ""11111011000"": 1, ""11111100000"": 1}"
019e10f6-85a1-7360-b384-f69242f09131,6,19,519,XIIXIIIZYYZ,ZYYZIIIXIIX,"[0, 1, 2, 3, 7, 10]",-0.00048828124999999913,0.0,10,0.8,"{""00000100000"": 1, ""00001010000"": 1, ""11010001000"": 1, ""11010100000"": 1, ""11010101100"": 1, ""11011011111"": 1, ""11011111100"": 1, ""11110001010"": 1, ""11110100110"": 1, ""11110101100"": 1}"
019e10f6-85a1-7360-b384-f69242f09131,6,20,520,XIIXIIZXIXZ,ZXIXZIIXIIX,"[0, 1, 3, 4, 7, 10]",-0.00048828124999999913,0.0,10,0.4,"{""00000001110"": 1, ""00001000000"": 1, ""00100100011"": 1, ""00110010101"": 1, ""10001101101"": 1, ""11010010110"": 1, ""11010101100"": 1, ""11011110110"": 1, ""11110011000"": 1, ""11111111000"": 1}"
019e10f6-85a1-7360-b384-f69242f09131,6,21,521,XIIXIIZXIYY,YYIXZIIXIIX,"[0, 1, 3, 4, 7, 10]",-0.00048828124999999913,0.0,10,0.8,"{""00001001001"": 1, ""00101101110"": 1, ""00101111011"": 1, ""11010000011"": 1, ""11011010110"": 1, ""11011101110"": 1, ""11100010110"": 1, ""11110011011"": 1, ""11110110110"": 1, ""11111101110"": 1}"
019e10f6-85a1-7360-b384-f69242f09131,6,22,522,XIIXIIZXZII,IIZXZIIXIIX,"[2, 3, 4, 7, 10]",-0.00048828124999999913,0.0,10,0.6,"{""00000001101"": 1, ""00001110010"": 1, ""00100000000"": 1, ""00101111000"": 1, ""01011010100"": 1, ""11011001100"": 1, ""11011100010"": 1, ""11111101101"": 1, ""11111101110"": 1, ""11111110110"": 1}"
019e10f6-85a1-7360-b384-f69242f09131,6,23,523,XIIXIIZXZZX,XZZXZIIXIIX,"[0, 1, 2, 3, 4, 7, 10]",-0.00048828124999999913,0.0,10,0.8,"{""00001110100"": 1, ""00001111000"": 1, ""00101001111"": 1, ""00101010001"": 1, ""00101100000"": 1, ""00110101100"": 1, ""11110000000"": 1, ""11111001100"": 2, ""11111101111"": 1}"
019e10f6-85a1-7360-b384-f69242f09131,6,24,524,XIIXIIZYXXY,YXXYZIIXIIX,"[0, 1, 2, 3, 4, 7, 10]",-0.00048828124999999913,0.0,10,1.0,"{""00000011011"": 1, ""00000100011"": 1, ""00001000011"": 1, ""00001111000"": 1, ""00101010010"": 1, ""11010001100"": 1, ""11011011000"": 1, ""11011011110"": 1, ""11111001111"": 1, ""11111010111"": 1}"
019e10f6-85a1-7360-b384-f69242f09131,6,25,525,XIIXIIZYXYZ,ZYXYZIIXIIX,"[0, 1, 2, 3, 4, 7, 10]",0.00048828124999999913,0.0,10,-0.4,"{""00000011001"": 1, ""00001000010"": 1, ""00001100100"": 1, ""00001111010"": 1, ""00100100000"": 1, ""00100100111"": 1, ""00100111000"": 1, ""11010000100"": 1, ""11100001000"": 1, ""11110011111"": 1}"
019e10f6-85a1-7360-b384-f69242f09131,6,26,526,XIIXIIZYYIX,XIYYZIIXIIX,"[0, 2, 3, 4, 7, 10]",-0.00048828124999999913,0.0,10,0.8,"{""00000000111"": 1, ""00100001011"": 1, ""00100011000"": 1, ""00101000111"": 1, ""00101011111"": 1, ""00101100000"": 1, ""11011001011"": 1, ""11100101100"": 1, ""11111100000"": 1, ""11111111111"": 1}"
019e10f6-85a1-7360-b384-f69242f09131,6,27,527,XIIXIIZYYZI,IZYYZIIXIIX,"[1, 2, 3, 4, 7, 10]",-0.00048828124999999913,0.0,10,0.8,"{""00000111000"": 1, ""00001100111"": 1, ""00010101010"": 1, ""00100110101"": 1, ""00101011001"": 1, ""00101101011"": 1, ""11010010101"": 1, ""11010011000"": 1, ""11010110010"": 1, ""11110110101"": 1}"
019e10f6-85a1-7360-b384-f69242f09131,6,28,528,XIIXIZXIXIX,XIXIXZIXIIX,"[0, 2, 4, 5, 7, 10]",-0.00048828124999999913,0.0,10,0.8,"{""00000000000"": 1, ""00001000000"": 1, ""00001110111"": 1, ""00101011011"": 1, ""00101011100"": 1, ""11010111011"": 1, ""11110000111"": 1, ""11110101100"": 1, ""11111101011"": 1, ""11111101100"": 1}"
019e10f6-85a1-7360-b384-f69242f09131,6,29,529,XIIXIZXIXZI,IZXIXZIXIIX,"[1, 2, 4, 5, 7, 10]",-0.00048828124999999913,0.0,10,0.4,"{""00000011010"": 1, ""00000110000"": 1, ""00001101011"": 1, ""00100011011"": 1, ""00100101101"": 1, ""00100110000"": 1, ""00100110100"": 1, ""00101101111"": 1, ""11110101110"": 1, ""11111101100"": 1}"
019e10f6-85a1-7360-b384-f69242f09131,6,30,530,XIIXIZXIYXY,YXYIXZIXIIX,"[0, 1, 2, 4, 5, 7, 10]",0.00048828124999999913,0.0,10,-0.8,"{""00000000100"": 1, ""00001011011"": 1, ""00001101011"": 1, ""00100011000"": 1, ""00101101110"": 1, ""00101110001"": 1, ""11010001110"": 1, ""11010101101"": 1, ""11010110001"": 1, ""11110101110"": 1}"
019e10f6-85a1-7360-b384-f69242f09131,6,31,531,XIIXIZXIYYZ,ZYYIXZIXIIX,"[0, 1, 2, 4, 5, 7, 10]",-0.00048828124999999913,0.0,10,0.6,"{""00000000000"": 1, ""00000000110"": 1, ""00000101111"": 1, ""00101110010"": 1, ""10000000101"": 1, ""11010110011"": 2, ""11011011010"": 1, ""11100001010"": 1, ""11110101100"": 1}"
019e10f6-85a1-7360-b384-f69242f09131,6,32,532,XIIXIZXZIII,IIIZXZIXIIX,"[3, 4, 5, 7, 10]",-0.00048828124999999913,0.0,10,0.4,"{""00001000111"": 1, ""00001101101"": 1, ""00100100000"": 1, ""00100100101"": 1, ""00100110101"": 1, ""11010000011"": 1, ""11010101010"": 1, ""11011111011"": 1, ""11110101000"": 1, ""11111110011"": 1}"
019e10f6-85a1-7360-b384-f69242f09131,6,33,533,XIIXIZXZIZX,XZIZXZIXIIX,"[0, 1, 3, 4, 5, 7, 10]",-0.00048828124999999913,0.0,10,1.0,"{""00000110011"": 1, ""00000110111"": 1, ""00100000011"": 1, ""00101000011"": 1, ""11010000000"": 2, ""11011000111"": 1, ""11011110111"": 1, ""11111000111"": 1, ""11111011111"": 1}"
019e10f6-85a1-7360-b384-f69242f09131,6,34,534,XIIXIZXZZXZ,ZXZZXZIXIIX,"[0, 1, 2, 3, 4, 5, 7, 10]",-0.00048828124999999913,0.0,10,0.8,"{""00000100000"": 1, ""00010001110"": 1, ""00100101101"": 1, ""00100110011"": 1, ""00101000101"": 1, ""11110000101"": 1, ""11110011000"": 1, ""11111000011"": 1, ""11111011000"": 1, ""11111101110"": 1}"
019e10f6-85a1-7360-b384-f69242f09131,6,35,535,XIIXIZXZZYY,YYZZXZIXIIX,"[0, 1, 2, 3, 4, 5, 7, 10]",-0.00048828124999999913,0.0,10,0.4,"{""00000100101"": 1, ""00100000110"": 1, ""00101110100"": 1, ""11001000101"": 1, ""11010011101"": 1, ""11010101101"": 1, ""11010110101"": 1, ""11011000101"": 1, ""11101010000"": 1, ""11110011000"": 1}"
019e10f6-85a1-7360-b384-f69242f09131,6,36,536,XIIXIZYXXXY,YXXXYZIXIIX,"[0, 1, 2, 3, 4, 5, 7, 10]",0.00048828124999999913,0.0,10,-0.8,"{""00000111110"": 1, ""00001110010"": 1, ""00100111011"": 1, ""11001011100"": 1, ""11010000100"": 1, ""11011111011"": 1, ""11110100110"": 1, ""11111011001"": 1, ""11111100000"": 1, ""11111100110"": 1}"
019e10f6-85a1-7360-b384-f69242f09131,6,37,537,XIIXIZYXXYZ,ZYXXYZIXIIX,"[0, 1, 2, 3, 4, 5, 7, 10]",-0.00048828124999999913,0.0,10,0.6,"{""00000110110"": 1, ""00001000011"": 1, ""00100001010"": 1, ""00101010001"": 1, ""00101101101"": 1, ""00110001100"": 1, ""11010101110"": 1, ""11011100100"": 1, ""11011110101"": 1, ""11110001101"": 1}"
019e10f6-85a1-7360-b384-f69242f09131,6,38,538,XIIXIZYXYIX,XIYXYZIXIIX,"[0, 2, 3, 4, 5, 7, 10]",0.00048828124999999913,0.0,10,-0.4,"{""00000111111"": 1, ""00010011011"": 1, ""00101010111"": 1, ""11010001111"": 1, ""11010111000"": 1, ""11100011011"": 1, ""11110000011"": 1, ""11111010001"": 1, ""11111110011"": 1, ""11111111111"": 1}"
019e10f6-85a1-7360-b384-f69242f09131,6,39,539,XIIXIZYXYZI,IZYXYZIXIIX,"[1, 2, 3, 4, 5, 7, 10]",0.00048828124999999913,0.0,10,-0.4,"{""00000000010"": 1, ""00000010001"": 1, ""00000011000"": 1, ""00001011100"": 1, ""11010001000"": 1, ""11011010011"": 1, ""11110010000"": 1, ""11110010010"": 1, ""11110101101"": 1, ""11111011011"": 1}"
019e10f6-85a1-7360-b384-f69242f09131,6,40,540,XIIXIZYYIXZ,ZXIYYZIXIIX,"[0, 1, 3, 4, 5, 7, 10]",-0.00048828124999999913,0.0,10,0.6,"{""00000001110"": 1, ""00000110011"": 1, ""00001011011"": 1, ""00100010101"": 1, ""00101110000"": 1, ""10001010110"": 1, ""11010001101"": 1, ""11010011011"": 1, ""11110000000"": 1, ""11110000101"": 1}"
019e10f6-85a1-7360-b384-f69242f09131,6,41,541,XIIXIZYYIYY,YYIYYZIXIIX,"[0, 1, 3, 4, 5, 7, 10]",-0.00048828124999999913,0.0,10,1.0,"{""00000000000"": 1, ""00000001110"": 1, ""00000110011"": 1, ""00001001101"": 1, ""00101110011"": 1, ""00101111101"": 1, ""11010110011"": 1, ""11011000011"": 1, ""11011101011"": 1, ""11110011000"": 1}"
019e10f6-85a1-7360-b384-f69242f09131,6,42,542,XIIXIZYYZII,IIZYYZIXIIX,"[2, 3, 4, 5, 7, 10]",-0.00048828124999999913,0.0,10,0.6,"{""00000001100"": 1, ""00000010101"": 1, ""00001100100"": 1, ""00001110011"": 1, ""00010010110"": 1, ""00100000010"": 1, ""00100011000"": 1, ""11010000111"": 1, ""11010101001"": 1, ""11111110010"": 1}"
019e10f6-85a1-7360-b384-f69242f09131,6,43,543,XIIXIZYYZZX,XZZYYZIXIIX,"[0, 1, 2, 3, 4, 5, 7, 10]",-0.00048828124999999913,0.0,10,0.6,"{""00000011000"": 1, ""00001110011"": 1, ""00001111101"": 1, ""00101011000"": 1, ""00101101011"": 1, ""11000100111"": 1, ""11010000000"": 1, ""11010100100"": 1, ""11011011011"": 1, ""11110010100"": 1}"
019e10f6-85a1-7360-b384-f69242f09131,6,44,544,XIIXZXIXIXZ,ZXIXIXZXIIX,"[0, 1, 3, 5, 6, 7, 10]",-0.00048828124999999913,0.0,10,0.8,"{""00001010101"": 1, ""00001100000"": 1, ""00101010110"": 1, ""00101011000"": 1, ""01110000011"": 1, ""11011010101"": 1, ""11011100000"": 1, ""11011101110"": 1, ""11110110101"": 1, ""11111101101"": 1}"
019e10f6-85a1-7360-b384-f69242f09131,6,45,545,XIIXZXIXIYY,YYIXIXZXIIX,"[0, 1, 3, 5, 6, 7, 10]",-0.00048828124999999913,0.0,10,0.8,"{""00000001110"": 1, ""00001100000"": 1, ""00001100011"": 1, ""00100001101"": 1, ""00100001110"": 1, ""00100110110"": 1, ""00101100000"": 1, ""11010000000"": 1, ""11111011101"": 1, ""11111101110"": 1}"
019e10f6-85a1-7360-b384-f69242f09131,6,46,546,XIIXZXIXZII,IIZXIXZXIIX,"[2, 3, 5, 6, 7, 10]",-0.00048828124999999913,0.0,10,0.4,"{""00001100000"": 1, ""00100110101"": 1, ""01111100001"": 1, ""11001011000"": 1, ""11010000000"": 1, ""11010110100"": 1, ""11011101110"": 1, ""11110001100"": 1, ""11110111010"": 1, ""11111001101"": 1}"
019e10f6-85a1-7360-b384-f69242f09131,6,47,547,XIIXZXIXZZX,XZZXIXZXIIX,"[0, 1, 2, 3, 5, 6, 7, 10]",-0.00048828124999999913,0.0,10,1.0,"{""00000001111"": 1, ""00001100000"": 1, ""00100001111"": 1, ""00100110111"": 1, ""11010000000"": 1, ""11010001111"": 2, ""11010111011"": 1, ""11110110100"": 1, ""11110111011"": 1}"
019e10f6-85a1-7360-b384-f69242f09131,6,48,548,XIIXZXIYXXY,YXXYIXZXIIX,"[0, 1, 2, 3, 5, 6, 7, 10]",-0.00048828124999999913,0.0,10,0.4,"{""00000001111"": 1, ""00001010000"": 1, ""00001101010"": 1, ""00001101111"": 1, ""00100111101"": 1, ""00101100110"": 2, ""00110110010"": 1, ""11010111010"": 1, ""11110111011"": 1}"
019e10f6-85a1-7360-b384-f69242f09131,6,49,549,XIIXZXIYXYZ,ZYXYIXZXIIX,"[0, 1, 2, 3, 5, 6, 7, 10]",0.00048828124999999913,0.0,10,-0.2,"{""00001011101"": 1, ""00001100111"": 1, ""00001101101"": 1, ""00100110101"": 1, ""00101100111"": 1, ""00101101110"": 1, ""00110001000"": 1, ""00110011000"": 1, ""11011100111"": 1, ""11110010101"": 1}"
019e10f6-85a1-7360-b384-f69242f09131,6,50,550,XIIXZXIYYIX,XIYYIXZXIIX,"[0, 2, 3, 5, 6, 7, 10]",-0.00048828124999999913,0.0,10,0.8,"{""00001011111"": 1, ""00100111111"": 1, ""00101011000"": 1, ""00101100111"": 1, ""00101101011"": 1, ""00101101100"": 1, ""11010111000"": 2, ""11010111111"": 1, ""11011001011"": 1}"
019e10f6-85a1-7360-b384-f69242f09131,6,51,551,XIIXZXIYYZI,IZYYIXZXIIX,"[1, 2, 3, 5, 6, 7, 10]",-0.00048828124999999913,0.0,10,0.6,"{""00001101010"": 1, ""00100110011"": 1, ""00101011001"": 1, ""00101011100"": 1, ""00101100000"": 1, ""00101100111"": 1, ""00101101010"": 1, ""11001101011"": 1, ""11010000001"": 1, ""11011101010"": 1}"
019e10f6-85a1-7360-b384-f69242f09131,6,52,552,XIIXZXZIIII,IIIIZXZXIIX,"[4, 5, 6, 7, 10]",-0.00048828124999999913,0.0,10,1.0,"{""00000000011"": 1, ""00100001110"": 1, ""00100110010"": 1, ""00100111000"": 1, ""00101011001"": 1, ""11011101000"": 1, ""11011101001"": 1, ""11110110011"": 1, ""11111010011"": 1, ""11111011011"": 1}"
019e10f6-85a1-7360-b384-f69242f09131,6,53,553,XIIXZXZIIZX,XZIIZXZXIIX,"[0, 1, 4, 5, 6, 7, 10]",-0.00048828124999999913,0.0,10,0.4,"{""00000001000"": 1, ""00001010111"": 1, ""00101010101"": 1, ""00101111100"": 1, ""11011100000"": 1, ""11011100011"": 1, ""11011100111"": 1, ""11011101011"": 1, ""11101010100"": 1, ""11110110000"": 1}"
019e10f6-85a1-7360-b384-f69242f09131,6,54,554,XIIXZXZIZXZ,ZXZIZXZXIIX,"[0, 1, 2, 4, 5, 6, 7, 10]",-0.00048828124999999913,0.0,10,0.6,"{""00000000011"": 1, ""00000000110"": 1, ""00000111101"": 1, ""00001010011"": 1, ""00011011000"": 1, ""11011110000"": 1, ""11011111100"": 1, ""11110110000"": 1, ""11111011011"": 1, ""11111101000"": 1}"
019e10f6-85a1-7360-b384-f69242f09131,6,55,555,XIIXZXZIZYY,YYZIZXZXIIX,"[0, 1, 2, 4, 5, 6, 7, 10]",-0.00048828124999999913,0.0,10,1.0,"{""00000001110"": 1, ""00001010110"": 1, ""00001011000"": 1, ""00100001110"": 1, ""00100110110"": 1, ""11010001101"": 1, ""11011011110"": 1, ""11111011000"": 1, ""11111100011"": 1, ""11111101110"": 1}"
019e10f6-85a1-7360-b384-f69242f09131,6,56,556,XIIXZXZZXIX,XIXZZXZXIIX,"[0, 2, 3, 4, 5, 6, 7, 10]",-0.00048828124999999913,0.0,10,0.6,"{""00001101100"": 1, ""00101010000"": 1, ""00101100000"": 1, ""10101101100"": 1, ""11010111100"": 1, ""11011010000"": 1, ""11011010011"": 1, ""11011101011"": 1, ""11110111011"": 1, ""11111011011"": 1}"
019e10f6-85a1-7360-b384-f69242f09131,6,57,557,XIIXZXZZXZI,IZXZZXZXIIX,"[1, 2, 3, 4, 5, 6, 7, 10]",-0.00048828124999999913,0.0,10,1.0,"{""00000110001"": 1, ""00001010110"": 1, ""00001010111"": 1, ""00100000001"": 1, ""11010000000"": 1, ""11010110110"": 1, ""11011100110"": 1, ""11110001010"": 1, ""11110111011"": 1, ""11111100001"": 1}"
019e10f6-85a1-7360-b384-f69242f09131,6,58,558,XIIXZXZZYXY,YXYZZXZXIIX,"[0, 1, 2, 3, 4, 5, 6, 7, 10]",0.00048828124999999913,0.0,10,-1.0,"{""00001010001"": 1, ""00001100010"": 1, ""00100111110"": 1, ""00101010100"": 1, ""11010000001"": 1, ""11011010111"": 1, ""11011011101"": 1, ""11110110001"": 1, ""11110111110"": 1, ""11111010100"": 1}"
019e10f6-85a1-7360-b384-f69242f09131,6,59,559,XIIXZXZZYYZ,ZYYZZXZXIIX,"[0, 1, 2, 3, 4, 5, 6, 7, 10]",-0.00048828124999999913,0.0,10,0.6,"{""00001100110"": 1, ""00001101100"": 1, ""00100110011"": 1, ""00101101111"": 1, ""01010001010"": 1, ""11010000000"": 1, ""11011011001"": 1, ""11011101001"": 1, ""11110000111"": 1, ""11111010110"": 1}"
019e10f6-85a1-7360-b384-f69242f09131,6,60,560,XIIXZYXXXXY,YXXXXYZXIIX,"[0, 1, 2, 3, 4, 5, 6, 7, 10]",-0.00048828124999999913,0.0,10,0.0,"{""00000010101"": 1, ""00100101110"": 1, ""00100110111"": 1, ""00101111101"": 1, ""11010111010"": 1, ""11011100001"": 1, ""11011100011"": 1, ""11110001101"": 1, ""11110111100"": 1, ""11111001010"": 1}"
019e10f6-85a1-7360-b384-f69242f09131,6,61,561,XIIXZYXXXYZ,ZYXXXYZXIIX,"[0, 1, 2, 3, 4, 5, 6, 7, 10]",0.00048828124999999913,0.0,10,-0.4,"{""00000001100"": 1, ""00000011100"": 1, ""00001001100"": 1, ""00001011110"": 1, ""00100101010"": 1, ""00101100100"": 1, ""11010110101"": 1, ""11110010000"": 1, ""11110010110"": 1, ""11110111100"": 1}"
019e10f6-85a1-7360-b384-f69242f09131,6,62,562,XIIXZYXXYIX,XIYXXYZXIIX,"[0, 2, 3, 4, 5, 6, 7, 10]",-0.00048828124999999913,0.0,10,0.8,"{""00100010000"": 1, ""00101011100"": 1, ""00101101011"": 1, ""11010000111"": 1, ""11010111011"": 1, ""11011010111"": 1, ""11011110100"": 1, ""11110100011"": 1, ""11111100111"": 1, ""11111101100"": 1}"
019e10f6-85a1-7360-b384-f69242f09131,6,63,563,XIIXZYXXYZI,IZYXXYZXIIX,"[1, 2, 3, 4, 5, 6, 7, 10]",-0.00048828124999999913,0.0,10,0.8,"{""00000011100"": 1, ""00001001001"": 1, ""00011011000"": 1, ""00100001011"": 1, ""11010011001"": 1, ""11010011110"": 1, ""11010101000"": 1, ""11011000101"": 1, ""11011101010"": 1, ""11111001001"": 1}"
019e10f6-85a1-7360-b384-f69242f09131,6,64,564,XIIXZYXYIXZ,ZXIYXYZXIIX,"[0, 1, 3, 4, 5, 6, 7, 10]",0.00048828124999999913,0.0,10,-0.6,"{""00000010011"": 1, ""00000011000"": 1, ""00000100011"": 1, ""00000111000"": 1, ""00000111101"": 1, ""00001000011"": 1, ""00001010101"": 1, ""00100100000"": 1, ""11110000110"": 1, ""11110011101"": 1}"
019e10f6-85a1-7360-b384-f69242f09131,6,65,565,XIIXZYXYIYY,YYIYXYZXIIX,"[0, 1, 3, 4, 5, 6, 7, 10]",0.00048828124999999913,0.0,10,-0.8,"{""00000111011"": 2, ""00001001101"": 1, ""00001011011"": 1, ""00100100011"": 1, ""00100101000"": 1, ""11010001011"": 1, ""11010111000"": 1, ""11011100110"": 1, ""11110101101"": 1}"
019e10f6-85a1-7360-b384-f69242f09131,6,66,566,XIIXZYXYZII,IIZYXYZXIIX,"[2, 3, 4, 5, 6, 7, 10]",0.00048828124999999913,0.0,10,-0.6,"{""00000010000"": 1, ""00000110110"": 1, ""00001001101"": 1, ""00001011001"": 1, ""00101100101"": 1, ""01110011100"": 1, ""11010001001"": 1, ""11010001100"": 1, ""11101000111"": 1, ""11111001110"": 1}"
019e10f6-85a1-7360-b384-f69242f09131,6,67,567,XIIXZYXYZZX,XZZYXYZXIIX,"[0, 1, 2, 3, 4, 5, 6, 7, 10]",0.00048828124999999913,0.0,10,-0.4,"{""00000000000"": 1, ""00000000111"": 1, ""00000100100"": 1, ""00001101000"": 1, ""00101000000"": 1, ""00101010100"": 1, ""00101010110"": 1, ""00101110011"": 1, ""00101111111"": 1, ""11010101100"": 1}"
019e10f6-85a1-7360-b384-f69242f09131,6,68,568,XIIXZYYIXIX,XIXIYYZXIIX,"[0, 2, 4, 5, 6, 7, 10]",-0.00048828124999999913,0.0,10,0.4,"{""00001010000"": 1, ""00001100101"": 1, ""00001111101"": 1, ""00101110000"": 1, ""11010000000"": 1, ""11010011000"": 1, ""11010011011"": 1, ""11011011101"": 1, ""11011111011"": 1, ""11110101011"": 1}"
019e10f6-85a1-7360-b384-f69242f09131,6,69,569,XIIXZYYIXZI,IZXIYYZXIIX,"[1, 2, 4, 5, 6, 7, 10]",-0.00048828124999999913,0.0,10,0.4,"{""00000111101"": 1, ""00001010111"": 1, ""00101111100"": 1, ""00101111101"": 1, ""01011001011"": 1, ""11010011101"": 1, ""11011010000"": 1, ""11011111101"": 1, ""11111001101"": 1, ""11111111111"": 1}"
019e10f6-85a1-7360-b384-f69242f09131,6,70,570,XIIXZYYIYXY,YXYIYYZXIIX,"[0, 1, 2, 4, 5, 6, 7, 10]",0.00048828124999999913,0.0,10,-0.6,"{""00000001000"": 1, ""00000010001"": 1, ""00000110111"": 1, ""00100000001"": 1, ""11010000001"": 1, ""11010000111"": 1, ""11010011110"": 1, ""11110110100"": 1, ""11110111100"": 1, ""11111001000"": 1}"
019e10f6-85a1-7360-b384-f69242f09131,6,71,571,XIIXZYYIYYZ,ZYYIYYZXIIX,"[0, 1, 2, 4, 5, 6, 7, 10]",-0.00048828124999999913,0.0,10,0.2,"{""00001010011"": 1, ""00101111001"": 1, ""11010110101"": 1, ""11010110111"": 1, ""11011011010"": 1, ""11011111001"": 1, ""11100101001"": 1, ""11110100000"": 1, ""11110110110"": 1, ""11111111100"": 1}"
019e10f6-85a1-7360-b384-f69242f09131,6,72,572,XIIXZYYZIII,IIIZYYZXIIX,"[3, 4, 5, 6, 7, 10]",-0.00048828124999999913,0.0,10,0.4,"{""00000011010"": 2, ""00001100000"": 1, ""00001101011"": 1, ""00101000101"": 1, ""11010011100"": 1, ""11110111011"": 1, ""11111001110"": 1, ""11111111001"": 1, ""11111111101"": 1}"
019e10f6-85a1-7360-b384-f69242f09131,6,73,573,XIIXZYYZIZX,XZIZYYZXIIX,"[0, 1, 3, 4, 5, 6, 7, 10]",-0.00048828124999999913,0.0,10,0.8,"{""00000010011"": 1, ""00000011111"": 1, ""00000110100"": 1, ""00000110111"": 1, ""00101100111"": 1, ""11010101100"": 1, ""11010101111"": 1, ""11010110111"": 1, ""11110000000"": 1, ""11110101100"": 1}"
019e10f6-85a1-7360-b384-f69242f09131,6,74,574,XIIXZYYZZXZ,ZXZZYYZXIIX,"[0, 1, 2, 3, 4, 5, 6, 7, 10]",-0.00048828124999999913,0.0,10,0.8,"{""00000000011"": 1, ""00000101000"": 1, ""00000110011"": 1, ""00001010110"": 1, ""00100000011"": 1, ""00100000110"": 1, ""00101111101"": 1, ""11010000000"": 1, ""11010011101"": 1, ""11111011110"": 1}"
019e10f6-85a1-7360-b384-f69242f09131,6,75,575,XIIXZYYZZYY,YYZZYYZXIIX,"[0, 1, 2, 3, 4, 5, 6, 7, 10]",-0.00048828124999999913,0.0,10,0.8,"{""00000011011"": 1, ""00000111011"": 1, ""00001001110"": 1, ""00101011111"": 1, ""11010000011"": 1, ""11011001101"": 1, ""11110000000"": 1, ""11110101101"": 3}"
019e10f6-85a1-7360-b384-f69242f09131,6,76,576,XIXIIXIXIXZ,ZXIXIXIIXIX,"[0, 1, 3, 5, 8, 10]",-0.00048828124999999913,0.0,10,0.8,"{""00000000011"": 1, ""00000011011"": 1, ""00011001110"": 1, ""00111100000"": 1, ""11001010101"": 1, ""11001011000"": 1, ""11011101101"": 1, ""11110001101"": 2, ""11110111000"": 1}"
019e10f6-85a1-7360-b384-f69242f09131,6,77,577,XIXIIXIXIYY,YYIXIXIIXIX,"[0, 1, 3, 5, 8, 10]",-0.00048828124999999913,0.0,10,0.8,"{""00000000011"": 1, ""00010110101"": 1, ""00101010110"": 1, ""00101100000"": 1, ""00111100011"": 1, ""00111101101"": 1, ""01001100000"": 1, ""11100110101"": 1, ""11100111000"": 1, ""11110000011"": 1}"
019e10f6-85a1-7360-b384-f69242f09131,6,78,578,XIXIIXIXZII,IIZXIXIIXIX,"[2, 3, 5, 8, 10]",-0.00048828124999999913,0.0,10,1.0,"{""00000110110"": 1, ""00010001110"": 1, ""00101100000"": 1, ""00101100001"": 1, ""00111101101"": 1, ""10000100010"": 1, ""11001001000"": 1, ""11011101100"": 1, ""11100001100"": 1, ""11110001111"": 1}"
019e10f6-85a1-7360-b384-f69242f09131,6,79,579,XIXIIXIXZZX,XZZXIXIIXIX,"[0, 1, 2, 3, 5, 8, 10]",-0.00048828124999999913,0.0,10,0.6,"{""00000001100"": 1, ""00100111000"": 1, ""00101101110"": 1, ""00111010111"": 1, ""11001011000"": 1, ""11001101111"": 1, ""11011010100"": 1, ""11011010111"": 1, ""11011100000"": 1, ""11011100011"": 1}"
019e10f6-85a1-7360-b384-f69242f09131,6,80,580,XIXIIXIYXXY,YXXYIXIIXIX,"[0, 1, 2, 3, 5, 8, 10]",-0.00048828124999999913,0.0,10,0.6,"{""00000110000"": 1, ""00000110100"": 1, ""00010111010"": 1, ""00111000001"": 1, ""00111010001"": 1, ""00111101010"": 1, ""11001010100"": 1, ""11001100000"": 1, ""11011101010"": 1, ""11011101100"": 1}"
019e10f6-85a1-7360-b384-f69242f09131,6,81,581,XIXIIXIYXYZ,ZYXYIXIIXIX,"[0, 1, 2, 3, 5, 8, 10]",0.00048828124999999913,0.0,10,-0.4,"{""00000111010"": 1, ""00000111101"": 1, ""00010001011"": 1, ""00111001011"": 1, ""11000011001"": 1, ""11001100001"": 1, ""11001100100"": 1, ""11100000111"": 1, ""11110000000"": 1, ""11110110110"": 1}"
019e10f6-85a1-7360-b384-f69242f09131,6,82,582,XIXIIXIYYIX,XIYYIXIIXIX,"[0, 2, 3, 5, 8, 10]",-0.00048828124999999913,0.0,10,0.4,"{""00000001100"": 1, ""00010001011"": 1, ""00010111000"": 1, ""00101010000"": 1, ""00111011100"": 1, ""11001011001"": 1, ""11011010100"": 1, ""11011101100"": 1, ""11100110011"": 1, ""11100111111"": 1}"
019e10f6-85a1-7360-b384-f69242f09131,6,83,583,XIXIIXIYYZI,IZYYIXIIXIX,"[1, 2, 3, 5, 8, 10]",-0.00048828124999999913,0.0,10,-0.2,"{""00000110011"": 1, ""00000110111"": 1, ""00101010100"": 1, ""00101011100"": 1, ""00111010000"": 1, ""00111010110"": 1, ""11001101011"": 1, ""11010110101"": 1, ""11011010101"": 1, ""11100110000"": 1}"
019e10f6-85a1-7360-b384-f69242f09131,6,84,584,XIXIIXZIIII,IIIIZXIIXIX,"[4, 5, 8, 10]",-0.00048828124999999913,0.0,10,1.0,"{""00000000010"": 1, ""00000001010"": 1, ""00000111001"": 1, ""00010111110"": 1, ""00100100011"": 1, ""00111010101"": 1, ""00111101101"": 1, ""11100001100"": 1, ""11110001001"": 1, ""11110001100"": 1}"
019e10f6-85a1-7360-b384-f69242f09131,6,85,585,XIXIIXZIIZX,XZIIZXIIXIX,"[0, 1, 4, 5, 8, 10]",-0.00048828124999999913,0.0,10,1.0,"{""00010001100"": 1, ""00010111111"": 1, ""00100010100"": 1, ""00111101000"": 1, ""11001101011"": 1, ""11011100100"": 1, ""11011101000"": 1, ""11100000000"": 2, ""11110111111"": 1}"
019e10f6-85a1-7360-b384-f69242f09131,6,86,586,XIXIIXZIZXZ,ZXZIZXIIXIX,"[0, 1, 2, 4, 5, 8, 10]",-0.00048828124999999913,0.0,10,0.8,"{""00000001000"": 1, ""00010000000"": 1, ""00010000110"": 1, ""00010001000"": 1, ""00111010000"": 1, ""00111010101"": 1, ""11011100110"": 1, ""11110000011"": 1, ""11110111101"": 1, ""11110111111"": 1}"
019e10f6-85a1-7360-b384-f69242f09131,6,87,587,XIXIIXZIZYY,YYZIZXIIXIX,"[0, 1, 2, 4, 5, 8, 10]",-0.00048828124999999913,0.0,10,0.8,"{""00010000101"": 1, ""00010001001"": 1, ""00111010000"": 1, ""00111011000"": 1, ""00111101011"": 1, ""11001010011"": 1, ""11001010110"": 1, ""11011100110"": 1, ""11110001011"": 1, ""11110111000"": 1}"
019e10f6-85a1-7360-b384-f69242f09131,6,88,588,XIXIIXZZXIX,XIXZZXIIXIX,"[0, 2, 3, 4, 5, 8, 10]",-0.00048828124999999913,0.0,10,0.4,"{""00000111100"": 1, ""00000111111"": 1, ""00010111011"": 1, ""11000110111"": 1, ""11001011011"": 1, ""11001100000"": 1, ""11011100000"": 1, ""11100110000"": 1, ""11110101100"": 1, ""11110111011"": 1}"
019e10f6-85a1-7360-b384-f69242f09131,6,89,589,XIXIIXZZXZI,IZXZZXIIXIX,"[1, 2, 3, 4, 5, 8, 10]",-0.00048828124999999913,0.0,10,0.6,"{""00000000110"": 1, ""00010111011"": 1, ""00101001010"": 1, ""00101101010"": 1, ""00111010000"": 1, ""00111010110"": 1, ""10000001010"": 1, ""11001010001"": 1, ""11011101010"": 1, ""11110001100"": 1}"
019e10f6-85a1-7360-b384-f69242f09131,6,90,590,XIXIIXZZYXY,YXYZZXIIXIX,"[0, 1, 2, 3, 4, 5, 8, 10]",0.00048828124999999913,0.0,10,-0.4,"{""00010001000"": 1, ""00010001110"": 1, ""00100110010"": 1, ""10101101000"": 1, ""11010001001"": 1, ""11011101101"": 1, ""11100001100"": 1, ""11100001110"": 1, ""11100110001"": 1, ""11110000111"": 1}"
019e10f6-85a1-7360-b384-f69242f09131,6,91,591,XIXIIXZZYYZ,ZYYZZXIIXIX,"[0, 1, 2, 3, 4, 5, 8, 10]",-0.00048828124999999913,0.0,10,1.0,"{""00000000000"": 1, ""00000001010"": 1, ""00000001100"": 1, ""00010110110"": 1, ""00010111010"": 1, ""00101101001"": 1, ""11011011100"": 1, ""11100000101"": 1, ""11110000000"": 1, ""11110110000"": 1}"
019e10f6-85a1-7360-b384-f69242f09131,6,92,592,XIXIIYXXXXY,YXXXXYIIXIX,"[0, 1, 2, 3, 4, 5, 8, 10]",-0.00048828124999999913,0.0,10,0.6,"{""00010010100"": 1, ""00010100101"": 1, ""00101011111"": 1, ""00101110100"": 1, ""00111011111"": 1, ""01001111100"": 1, ""11011010001"": 1, ""11100011101"": 1, ""11100100001"": 1, ""11110101110"": 1}"
019e10f6-85a1-7360-b384-f69242f09131,6,93,593,XIXIIYXXXYZ,ZYXXXYIIXIX,"[0, 1, 2, 3, 4, 5, 8, 10]",0.00048828124999999913,0.0,10,-0.6,"{""00000101100"": 1, ""00010010010"": 1, ""00010010101"": 1, ""00010101010"": 2, ""00101001111"": 1, ""00111000101"": 1, ""10100111100"": 1, ""10110000100"": 1, ""11100100011"": 1}"
019e10f6-85a1-7360-b384-f69242f09131,6,94,594,XIXIIYXXYIX,XIYXXYIIXIX,"[0, 2, 3, 4, 5, 8, 10]",-0.00048828124999999913,0.0,10,0.0,"{""00000000000"": 1, ""00000010111"": 1, ""00000100111"": 1, ""00010000000"": 1, ""00010100000"": 1, ""00101000100"": 1, ""00111010100"": 1, ""00111110100"": 1, ""00111111111"": 1, ""11100110011"": 1}"
019e10f6-85a1-7360-b384-f69242f09131,6,95,595,XIXIIYXXYZI,IZYXXYIIXIX,"[1, 2, 3, 4, 5, 8, 10]",-0.00048828124999999913,0.0,10,0.6,"{""00000010100"": 1, ""00000111110"": 1, ""00010000110"": 1, ""00101101101"": 1, ""00111110100"": 1, ""11011000110"": 1, ""11011100111"": 1, ""11110000000"": 1, ""11110001101"": 1, ""11110101111"": 1}"
019e10f6-85a1-7360-b384-f69242f09131,6,96,596,XIXIIYXYIXZ,ZXIYXYIIXIX,"[0, 1, 3, 4, 5, 8, 10]",0.00048828124999999913,0.0,10,-0.6,"{""00000011110"": 1, ""00000100011"": 1, ""00010001000"": 1, ""00010110101"": 1, ""00111111101"": 1, ""11001001110"": 1, ""11011010011"": 1, ""11011011011"": 1, ""11100001011"": 1, ""11111001101"": 1}"
019e10f6-85a1-7360-b384-f69242f09131,6,97,597,XIXIIYXYIYY,YYIYXYIIXIX,"[0, 1, 3, 4, 5, 8, 10]",0.00048828124999999913,0.0,10,-0.2,"{""00101010110"": 2, ""00101100110"": 1, ""00111101001"": 1, ""00111110011"": 1, ""10111100101"": 1, ""11011001101"": 1, ""11011100111"": 1, ""11011111100"": 1, ""11110011101"": 1}"
019e10f6-85a1-7360-b384-f69242f09131,6,98,598,XIXIIYXYZII,IIZYXYIIXIX,"[2, 3, 4, 5, 8, 10]",0.00048828124999999913,0.0,10,-0.8,"{""00000000101"": 1, ""00000000110"": 1, ""00000111010"": 1, ""00101101001"": 1, ""00101110010"": 1, ""00111101101"": 1, ""11001000000"": 1, ""11100100001"": 2, ""11110101110"": 1}"
019e10f6-85a1-7360-b384-f69242f09131,6,99,599,XIXIIYXYZZX,XZZYXYIIXIX,"[0, 1, 2, 3, 4, 5, 8, 10]",0.00048828124999999913,0.0,10,-0.8,"{""00000011111"": 1, ""00110000000"": 1, ""00111100101"": 1, ""00111101000"": 1, ""00111111100"": 1, ""00111111111"": 1, ""11011010100"": 1, ""11100111000"": 1, ""11110000111"": 1, ""11110100011"": 1}"
019e10f6-9a24-7841-b178-fb0f91d18217,7,0,600,XIXIIYYIXIX,XIXIYYIIXIX,"[0, 2, 4, 5, 8, 10]",-0.00048828124999999913,0.0,10,0.0,"{""00000011101"": 1, ""00000110001"": 2, ""00101100111"": 1, ""00111010111"": 1, ""01110000111"": 1, ""11000100100"": 1, ""11011111011"": 1, ""11100110000"": 1, ""11110011011"": 1}"
019e10f6-9a24-7841-b178-fb0f91d18217,7,1,601,XIXIIYYIXZI,IZXIYYIIXIX,"[1, 2, 4, 5, 8, 10]",-0.00048828124999999913,0.0,10,0.4,"{""00000011101"": 2, ""00010110001"": 1, ""00111100111"": 1, ""11001100000"": 1, ""11001110000"": 1, ""11011110110"": 1, ""11100000111"": 1, ""11100101101"": 1, ""11110101110"": 1}"
019e10f6-9a24-7841-b178-fb0f91d18217,7,2,602,XIXIIYYIYXY,YXYIYYIIXIX,"[0, 1, 2, 4, 5, 8, 10]",0.00048828124999999913,0.0,10,-0.8,"{""00000011101"": 1, ""00000101110"": 1, ""00010101110"": 1, ""00110101011"": 1, ""00111010100"": 1, ""11011010010"": 1, ""11100011011"": 1, ""11100110100"": 1, ""11110011011"": 1, ""11110101000"": 1}"
019e10f6-9a24-7841-b178-fb0f91d18217,7,3,603,XIXIIYYIYYZ,ZYYIYYIIXIX,"[0, 1, 2, 4, 5, 8, 10]",-0.00048828124999999913,0.0,10,0.4,"{""00000101001"": 1, ""00000110110"": 1, ""00010111001"": 1, ""00101001010"": 1, ""00101101111"": 1, ""00111001001"": 1, ""00111111111"": 1, ""10101100010"": 1, ""11100101010"": 1, ""11110110111"": 1}"
019e10f6-9a24-7841-b178-fb0f91d18217,7,4,604,XIXIIYYZIII,IIIZYYIIXIX,"[3, 4, 5, 8, 10]",-0.00048828124999999913,0.0,10,0.6,"{""00000001101"": 1, ""00101010100"": 1, ""11011010010"": 1, ""11011100000"": 1, ""11011100010"": 1, ""11011111101"": 1, ""11100011101"": 1, ""11100100110"": 1, ""11110000101"": 1, ""11110011100"": 1}"
019e10f6-9a24-7841-b178-fb0f91d18217,7,5,605,XIXIIYYZIZX,XZIZYYIIXIX,"[0, 1, 3, 4, 5, 8, 10]",-0.00048828124999999913,0.0,10,0.4,"{""00010110100"": 2, ""00101100011"": 1, ""00101111111"": 1, ""00111000000"": 1, ""00111001000"": 1, ""00111001111"": 1, ""10000011100"": 1, ""10001001000"": 1, ""11101100100"": 1}"
019e10f6-9a24-7841-b178-fb0f91d18217,7,6,606,XIXIIYYZZXZ,ZXZZYYIIXIX,"[0, 1, 2, 3, 4, 5, 8, 10]",-0.00048828124999999913,0.0,10,0.4,"{""00000000000"": 1, ""00000110011"": 1, ""00100110101"": 1, ""00111000110"": 1, ""00111001101"": 1, ""00111111101"": 1, ""11001000011"": 1, ""11001010011"": 1, ""11100110011"": 1, ""11110110110"": 1}"
019e10f6-9a24-7841-b178-fb0f91d18217,7,7,607,XIXIIYYZZYY,YYZZYYIIXIX,"[0, 1, 2, 3, 4, 5, 8, 10]",-0.00048828124999999913,0.0,10,0.8,"{""00000000000"": 1, ""00010110101"": 1, ""00101001110"": 1, ""00101111110"": 1, ""11001110000"": 1, ""11011001000"": 1, ""11011111011"": 1, ""11100101101"": 1, ""11110000101"": 1, ""11110101011"": 1}"
019e10f6-9a24-7841-b178-fb0f91d18217,7,8,608,XIXIZIIIIII,IIIIIIZIXIX,"[6, 8, 10]",-0.00048828124999999913,0.0,10,1.0,"{""00010110100"": 1, ""00101000110"": 1, ""00111001110"": 1, ""00111110001"": 1, ""11001000100"": 1, ""11001110110"": 1, ""11011110111"": 1, ""11100111010"": 2, ""11110101110"": 1}"
019e10f6-9a24-7841-b178-fb0f91d18217,7,9,609,XIXIZIIIIZX,XZIIIIZIXIX,"[0, 1, 6, 8, 10]",-0.00048828124999999913,0.0,10,0.4,"{""00000101100"": 1, ""00010011010"": 1, ""00100100100"": 1, ""00111111111"": 1, ""11001010100"": 1, ""11001100100"": 1, ""11001110011"": 1, ""11011110011"": 1, ""11100000011"": 1, ""11100110101"": 1}"
019e10f6-9a24-7841-b178-fb0f91d18217,7,10,610,XIXIZIIIZXZ,ZXZIIIZIXIX,"[0, 1, 2, 6, 8, 10]",-0.00048828124999999913,0.0,10,0.8,"{""00000111000"": 1, ""00000111011"": 1, ""00101010110"": 1, ""00111001011"": 1, ""01001011011"": 1, ""11001010110"": 1, ""11011110000"": 1, ""11100000110"": 1, ""11110101000"": 1, ""11110111011"": 1}"
019e10f6-9a24-7841-b178-fb0f91d18217,7,11,611,XIXIZIIIZYY,YYZIIIZIXIX,"[0, 1, 2, 6, 8, 10]",-0.00048828124999999913,0.0,10,0.8,"{""00000001101"": 1, ""00000010011"": 1, ""00000010101"": 1, ""00010100101"": 1, ""00010101011"": 1, ""00100101000"": 1, ""00111110000"": 1, ""11001000110"": 1, ""11011000011"": 1, ""11100110101"": 1}"
019e10f6-9a24-7841-b178-fb0f91d18217,7,12,612,XIXIZIIZXIX,XIXZIIZIXIX,"[0, 2, 3, 6, 8, 10]",-0.00048828124999999913,0.0,10,0.4,"{""00000010011"": 1, ""00000101100"": 1, ""00010001011"": 1, ""00010001111"": 1, ""00101010000"": 1, ""00101110111"": 1, ""10110011100"": 1, ""11100001010"": 1, ""11110011100"": 1, ""11110101011"": 1}"
019e10f6-9a24-7841-b178-fb0f91d18217,7,13,613,XIXIZIIZXZI,IZXZIIZIXIX,"[1, 2, 3, 6, 8, 10]",-0.00048828124999999913,0.0,10,0.8,"{""00000000001"": 1, ""00000100000"": 1, ""00111000110"": 1, ""11011001101"": 1, ""11011011010"": 1, ""11011101011"": 1, ""11100011010"": 1, ""11110100111"": 1, ""11110111010"": 1, ""11111100110"": 1}"
019e10f6-9a24-7841-b178-fb0f91d18217,7,14,614,XIXIZIIZYXY,YXYZIIZIXIX,"[0, 1, 2, 3, 6, 8, 10]",0.00048828124999999913,0.0,10,-0.6,"{""00010001011"": 1, ""00010101011"": 1, ""00010110111"": 1, ""00101110000"": 1, ""00111000010"": 1, ""11001010001"": 1, ""11001101110"": 1, ""11011100111"": 1, ""11100000010"": 1, ""11111001101"": 1}"
019e10f6-9a24-7841-b178-fb0f91d18217,7,15,615,XIXIZIIZYYZ,ZYYZIIZIXIX,"[0, 1, 2, 3, 6, 8, 10]",-0.00048828124999999913,0.0,10,0.8,"{""00000110000"": 1, ""00010010110"": 1, ""00101101010"": 1, ""01001001111"": 1, ""11001001111"": 1, ""11001010011"": 2, ""11100000101"": 1, ""11100110000"": 1, ""11110100000"": 1}"
019e10f6-9a24-7841-b178-fb0f91d18217,7,16,616,XIXIZIZXIXZ,ZXIXZIZIXIX,"[0, 1, 3, 4, 6, 8, 10]",-0.00048828124999999913,0.0,10,1.0,"{""00000011011"": 1, ""10001011000"": 1, ""11001001110"": 1, ""11001011011"": 1, ""11100010101"": 1, ""11100101101"": 1, ""11100110101"": 1, ""11110010110"": 1, ""11110100000"": 1, ""11110101110"": 1}"
019e10f6-9a24-7841-b178-fb0f91d18217,7,17,617,XIXIZIZXIYY,YYIXZIZIXIX,"[0, 1, 3, 4, 6, 8, 10]",-0.00048828124999999913,0.0,10,0.8,"{""00000011011"": 1, ""00010011011"": 1, ""00011011001"": 1, ""00101000000"": 1, ""00101000011"": 1, ""00111111000"": 1, ""11001011000"": 1, ""11011111101"": 1, ""11100011011"": 1, ""11110010101"": 1}"
019e10f6-9a24-7841-b178-fb0f91d18217,7,18,618,XIXIZIZXZII,IIZXZIZIXIX,"[2, 3, 4, 6, 8, 10]",-0.00048828124999999913,0.0,10,0.4,"{""00010111001"": 1, ""00010111011"": 1, ""00101011101"": 1, ""11000111011"": 1, ""11001000000"": 1, ""11100000011"": 1, ""11100010110"": 1, ""11100110111"": 1, ""11100111011"": 1, ""11110101011"": 1}"
019e10f6-9a24-7841-b178-fb0f91d18217,7,19,619,XIXIZIZXZZX,XZZXZIZIXIX,"[0, 1, 2, 3, 4, 6, 8, 10]",-0.00048828124999999913,0.0,10,1.0,"{""00000001100"": 1, ""11001001100"": 2, ""11011011000"": 1, ""11100000011"": 1, ""11100101100"": 2, ""11110001111"": 1, ""11110101100"": 1, ""11110111000"": 1}"
019e10f6-9a24-7841-b178-fb0f91d18217,7,20,620,XIXIZIZYXXY,YXXYZIZIXIX,"[0, 1, 2, 3, 4, 6, 8, 10]",-0.00048828124999999913,0.0,10,0.4,"{""00000010000"": 1, ""00000111110"": 1, ""00010001100"": 1, ""00010001101"": 1, ""00111001010"": 1, ""10101111000"": 1, ""11001001111"": 1, ""11001111000"": 1, ""11011011000"": 1, ""11110101001"": 1}"
019e10f6-9a24-7841-b178-fb0f91d18217,7,21,621,XIXIZIZYXYZ,ZYXYZIZIXIX,"[0, 1, 2, 3, 4, 6, 8, 10]",0.00048828124999999913,0.0,10,-0.6,"{""00000001000"": 1, ""00010001011"": 1, ""00010011001"": 1, ""00010110111"": 1, ""00010111101"": 1, ""00101100100"": 1, ""11001000100"": 1, ""11011010101"": 1, ""11100000010"": 1, ""11110001000"": 1}"
019e10f6-9a24-7841-b178-fb0f91d18217,7,22,622,XIXIZIZYYIX,XIYYZIZIXIX,"[0, 2, 3, 4, 6, 8, 10]",-0.00048828124999999913,0.0,10,0.6,"{""00010101011"": 1, ""00101100110"": 1, ""00111101100"": 1, ""00111110011"": 1, ""11011111111"": 1, ""11100110100"": 1, ""11100111111"": 1, ""11110010011"": 1, ""11110011111"": 1, ""11110111100"": 1}"
019e10f6-9a24-7841-b178-fb0f91d18217,7,23,623,XIXIZIZYYZI,IZYYZIZIXIX,"[1, 2, 3, 4, 6, 8, 10]",-0.00048828124999999913,0.0,10,0.8,"{""00000001100"": 1, ""00000010100"": 1, ""00111110011"": 1, ""10010101000"": 1, ""11001011001"": 1, ""11001011111"": 1, ""11011011000"": 1, ""11100100001"": 1, ""11110001100"": 1, ""11110010000"": 1}"
019e10f6-9a24-7841-b178-fb0f91d18217,7,24,624,XIXIZZXIXIX,XIXIXZZIXIX,"[0, 2, 4, 5, 6, 8, 10]",-0.00048828124999999913,0.0,10,0.8,"{""00000011100"": 2, ""00111101011"": 1, ""00111110000"": 1, ""11001000000"": 1, ""11001000111"": 1, ""11011000000"": 1, ""11100001100"": 1, ""11110101011"": 1, ""11110110000"": 1}"
019e10f6-9a24-7841-b178-fb0f91d18217,7,25,625,XIXIZZXIXZI,IZXIXZZIXIX,"[1, 2, 4, 5, 6, 8, 10]",-0.00048828124999999913,0.0,10,1.0,"{""00000000000"": 1, ""00010011010"": 1, ""00010101101"": 1, ""00101101011"": 1, ""11001000001"": 1, ""11011000110"": 1, ""11011110110"": 1, ""11100000110"": 1, ""11110000001"": 1, ""11110011010"": 1}"
019e10f6-9a24-7841-b178-fb0f91d18217,7,26,626,XIXIZZXIYXY,YXYIXZZIXIX,"[0, 1, 2, 4, 5, 6, 8, 10]",0.00048828124999999913,0.0,10,-0.8,"{""00000000100"": 1, ""00000101111"": 1, ""00000110001"": 1, ""00010110001"": 1, ""00111110001"": 1, ""11001000010"": 1, ""11011000001"": 1, ""11011110001"": 1, ""11100110111"": 1, ""11110101101"": 1}"
019e10f6-9a24-7841-b178-fb0f91d18217,7,27,627,XIXIZZXIYYZ,ZYYIXZZIXIX,"[0, 1, 2, 4, 5, 6, 8, 10]",-0.00048828124999999913,0.0,10,1.0,"{""00000000000"": 1, ""00000101001"": 1, ""00010011010"": 1, ""00101110000"": 1, ""00111101111"": 1, ""11001101100"": 1, ""11011000101"": 1, ""11100000011"": 1, ""11110000101"": 1, ""11110101100"": 1}"
019e10f6-9a24-7841-b178-fb0f91d18217,7,28,628,XIXIZZXZIII,IIIZXZZIXIX,"[3, 4, 5, 6, 8, 10]",-0.00048828124999999913,0.0,10,0.6,"{""00000000100"": 1, ""00010110000"": 1, ""00010110111"": 1, ""00101000001"": 1, ""00101110101"": 1, ""00101110110"": 1, ""11001010011"": 1, ""11011011001"": 1, ""11100001100"": 1, ""11110011101"": 1}"
019e10f6-9a24-7841-b178-fb0f91d18217,7,29,629,XIXIZZXZIZX,XZIZXZZIXIX,"[0, 1, 3, 4, 5, 6, 8, 10]",-0.00048828124999999913,0.0,10,0.6,"{""00000000111"": 1, ""00000101000"": 1, ""00010011011"": 1, ""00010011100"": 1, ""00101100000"": 1, ""11011011011"": 1, ""11011101000"": 1, ""11100011111"": 1, ""11100100000"": 1, ""11110110000"": 1}"
019e10f6-9a24-7841-b178-fb0f91d18217,7,30,630,XIXIZZXZZXZ,ZXZZXZZIXIX,"[0, 1, 2, 3, 4, 5, 6, 8, 10]",-0.00048828124999999913,0.0,10,0.4,"{""00010101011"": 1, ""00101000100"": 1, ""00101000110"": 1, ""00101101000"": 1, ""00101110101"": 1, ""00111000110"": 1, ""00111111011"": 1, ""11001000110"": 1, ""11011011101"": 1, ""11111101110"": 1}"
019e10f6-9a24-7841-b178-fb0f91d18217,7,31,631,XIXIZZXZZYY,YYZZXZZIXIX,"[0, 1, 2, 3, 4, 5, 6, 8, 10]",-0.00048828124999999913,0.0,10,0.2,"{""00000000000"": 1, ""00000011000"": 1, ""00000101000"": 1, ""00001110110"": 1, ""00111011001"": 1, ""00111101010"": 1, ""11001110101"": 1, ""11110000000"": 1, ""11110100011"": 1, ""11110110011"": 1}"
019e10f6-9a24-7841-b178-fb0f91d18217,7,32,632,XIXIZZYXXXY,YXXXYZZIXIX,"[0, 1, 2, 3, 4, 5, 6, 8, 10]",0.00048828124999999913,0.0,10,-0.4,"{""00000010001"": 1, ""00010110111"": 1, ""00100100111"": 1, ""00111100010"": 1, ""11001000011"": 1, ""11001000100"": 1, ""11011010101"": 1, ""11100011100"": 1, ""11110010000"": 1, ""11110101001"": 1}"
019e10f6-9a24-7841-b178-fb0f91d18217,7,33,633,XIXIZZYXXYZ,ZYXXYZZIXIX,"[0, 1, 2, 3, 4, 5, 6, 8, 10]",-0.00048828124999999913,0.0,10,0.6,"{""00010001101"": 1, ""00010011110"": 1, ""00101100001"": 1, ""01100000000"": 1, ""11001001001"": 1, ""11001001111"": 1, ""11001111100"": 1, ""11110101110"": 1, ""11110110110"": 1, ""11110111001"": 1}"
019e10f6-9a24-7841-b178-fb0f91d18217,7,34,634,XIXIZZYXYIX,XIYXYZZIXIX,"[0, 2, 3, 4, 5, 6, 8, 10]",0.00048828124999999913,0.0,10,-1.0,"{""00000000100"": 1, ""00000010111"": 1, ""00000100111"": 1, ""00010010111"": 1, ""00101000100"": 1, ""00101101100"": 1, ""00111001000"": 1, ""11011010111"": 1, ""11110011011"": 1, ""11110101011"": 1}"
019e10f6-9a24-7841-b178-fb0f91d18217,7,35,635,XIXIZZYXYZI,IZYXYZZIXIX,"[1, 2, 3, 4, 5, 6, 8, 10]",0.00048828124999999913,0.0,10,-0.4,"{""00000001000"": 1, ""00000101010"": 1, ""00000110110"": 1, ""00010010000"": 1, ""00101000001"": 1, ""00101010111"": 1, ""00111111110"": 1, ""11001110010"": 1, ""11100000111"": 1, ""11110010001"": 1}"
019e10f6-9a24-7841-b178-fb0f91d18217,7,36,636,XIXIZZYYIXZ,ZXIYYZZIXIX,"[0, 1, 3, 4, 5, 6, 8, 10]",-0.00048828124999999913,0.0,10,0.6,"{""00000100110"": 1, ""00010010110"": 1, ""00111000011"": 1, ""00111100110"": 1, ""00111110001"": 1, ""00111111110"": 1, ""11000010101"": 1, ""11011100101"": 1, ""11100001010"": 1, ""11110111110"": 1}"
019e10f6-9a24-7841-b178-fb0f91d18217,7,37,637,XIXIZZYYIYY,YYIYYZZIXIX,"[0, 1, 3, 4, 5, 6, 8, 10]",-0.00048828124999999913,0.0,10,1.0,"{""00000111101"": 1, ""00010001101"": 1, ""00010011011"": 1, ""00010100001"": 1, ""00111011000"": 1, ""00111110000"": 1, ""11001000000"": 1, ""11001101000"": 1, ""11100010101"": 1, ""11100100001"": 1}"
019e10f6-9a24-7841-b178-fb0f91d18217,7,38,638,XIXIZZYYZII,IIZYYZZIXIX,"[2, 3, 4, 5, 6, 8, 10]",-0.00048828124999999913,0.0,10,0.8,"{""00000100100"": 1, ""00010100110"": 1, ""00101010011"": 1, ""00101010100"": 1, ""00111010100"": 1, ""11001110011"": 1, ""11011101001"": 1, ""11110010101"": 1, ""11110101001"": 1, ""11110110001"": 1}"
019e10f6-9a24-7841-b178-fb0f91d18217,7,39,639,XIXIZZYYZZX,XZZYYZZIXIX,"[0, 1, 2, 3, 4, 5, 6, 8, 10]",-0.00048828124999999913,0.0,10,0.6,"{""00000100100"": 1, ""00010010100"": 1, ""00101000010"": 1, ""00101010100"": 1, ""00101100000"": 1, ""00111010100"": 1, ""00111101000"": 1, ""11001000011"": 1, ""11001111111"": 1, ""11110011011"": 1}"
019e10f6-9a24-7841-b178-fb0f91d18217,7,40,640,XIYIXXXXXXY,YXXXXXXIYIX,"[0, 1, 2, 3, 4, 5, 6, 8, 10]",-0.00048828124999999913,0.0,10,0.6,"{""00000110110"": 1, ""00011011001"": 1, ""00101010011"": 1, ""00111001001"": 1, ""00111110101"": 1, ""11010001111"": 1, ""11011111100"": 1, ""11100001100"": 1, ""11100111111"": 1, ""11110111111"": 1}"
019e10f6-9a24-7841-b178-fb0f91d18217,7,41,641,XIYIXXXXXYZ,ZYXXXXXIYIX,"[0, 1, 2, 3, 4, 5, 6, 8, 10]",0.00048828124999999913,0.0,10,0.0,"{""00000011111"": 1, ""00001000011"": 1, ""00001011111"": 1, ""00011000100"": 1, ""00110011100"": 1, ""00111000011"": 1, ""11000010010"": 1, ""11101111101"": 1, ""11110000100"": 1, ""11111101110"": 1}"
019e10f6-9a24-7841-b178-fb0f91d18217,7,42,642,XIYIXXXXYIX,XIYXXXXIYIX,"[0, 2, 3, 4, 5, 6, 8, 10]",-0.00048828124999999913,0.0,10,0.6,"{""00000100100"": 1, ""00001100111"": 1, ""00001111000"": 2, ""00110001000"": 1, ""00110110011"": 1, ""00111111000"": 1, ""11001111000"": 1, ""11100001011"": 1, ""11110101111"": 1}"
019e10f6-9a24-7841-b178-fb0f91d18217,7,43,643,XIYIXXXXYZI,IZYXXXXIYIX,"[1, 2, 3, 4, 5, 6, 8, 10]",-0.00048828124999999913,0.0,10,0.4,"{""00000111100"": 1, ""00010000111"": 1, ""00010100100"": 1, ""00010101010"": 1, ""00110110100"": 1, ""11000010110"": 1, ""11000011010"": 1, ""11100000100"": 1, ""11110110010"": 1, ""11111101011"": 1}"
019e10f6-9a24-7841-b178-fb0f91d18217,7,44,644,XIYIXXXYIXZ,ZXIYXXXIYIX,"[0, 1, 3, 4, 5, 6, 8, 10]",0.00048828124999999913,0.0,10,-0.4,"{""00000001011"": 1, ""00011110000"": 1, ""00110001011"": 1, ""00110110000"": 1, ""00111100000"": 1, ""11001011110"": 1, ""11011110000"": 1, ""11100001000"": 1, ""11100110101"": 1, ""11101010000"": 1}"
019e10f6-9a24-7841-b178-fb0f91d18217,7,45,645,XIYIXXXYIYY,YYIYXXXIYIX,"[0, 1, 3, 4, 5, 6, 8, 10]",0.00048828124999999913,0.0,10,-0.6,"{""00010001111"": 1, ""00101101101"": 1, ""01001100000"": 1, ""11011001110"": 1, ""11011011110"": 1, ""11011111000"": 1, ""11011111011"": 1, ""11100000110"": 1, ""11110010011"": 1, ""11111111101"": 1}"
019e10f6-9a24-7841-b178-fb0f91d18217,7,46,646,XIYIXXXYZII,IIZYXXXIYIX,"[2, 3, 4, 5, 6, 8, 10]",0.00048828124999999913,0.0,10,-0.4,"{""00000111001"": 1, ""00001001110"": 1, ""00100000010"": 1, ""00100111101"": 1, ""10000100001"": 1, ""10010111000"": 1, ""10011010101"": 1, ""11011100000"": 1, ""11100100010"": 1, ""11101010101"": 1}"
019e10f6-9a24-7841-b178-fb0f91d18217,7,47,647,XIYIXXXYZZX,XZZYXXXIYIX,"[0, 1, 2, 3, 4, 5, 6, 8, 10]",0.00048828124999999913,0.0,10,0.0,"{""00100001000"": 1, ""00110100111"": 1, ""00110111111"": 1, ""00111101000"": 1, ""10010100000"": 1, ""10111110000"": 1, ""11001000011"": 1, ""11010011000"": 1, ""11010011100"": 1, ""11101101000"": 1}"
019e10f6-9a24-7841-b178-fb0f91d18217,7,48,648,XIYIXXYIXIX,XIXIYXXIYIX,"[0, 2, 4, 5, 6, 8, 10]",-0.00048828124999999913,0.0,10,0.8,"{""00011100000"": 1, ""00110010000"": 1, ""00111100000"": 1, ""10111101111"": 1, ""11001000000"": 1, ""11001000111"": 1, ""11010100111"": 1, ""11100011011"": 1, ""11110011100"": 1, ""11111001100"": 1}"
019e10f6-9a24-7841-b178-fb0f91d18217,7,49,649,XIYIXXYIXZI,IZXIYXXIYIX,"[1, 2, 4, 5, 6, 8, 10]",-0.00048828124999999913,0.0,10,0.8,"{""00000000000"": 1, ""00010000001"": 1, ""00110011000"": 1, ""00111011010"": 1, ""10111101100"": 1, ""11001101100"": 1, ""11011101100"": 1, ""11110101101"": 1, ""11111010111"": 1, ""11111100000"": 1}"
019e10f6-9a24-7841-b178-fb0f91d18217,7,50,650,XIYIXXYIYXY,YXYIYXXIYIX,"[0, 1, 2, 4, 5, 6, 8, 10]",0.00048828124999999913,0.0,10,-0.6,"{""00000000001"": 1, ""00000011110"": 1, ""00011111000"": 1, ""00100111101"": 1, ""01100011110"": 1, ""11000111011"": 1, ""11010100100"": 1, ""11110101001"": 1, ""11110101101"": 1, ""11110110010"": 1}"
019e10f6-9a24-7841-b178-fb0f91d18217,7,51,651,XIYIXXYIYYZ,ZYYIYXXIYIX,"[0, 1, 2, 4, 5, 6, 8, 10]",-0.00048828124999999913,0.0,10,0.6,"{""00000000000"": 1, ""00001000011"": 1, ""00001010010"": 1, ""00101010010"": 1, ""00111000101"": 1, ""00111010100"": 1, ""11001011001"": 1, ""11010001010"": 1, ""11101111100"": 1, ""11110101100"": 1}"
019e10f6-9a24-7841-b178-fb0f91d18217,7,52,652,XIYIXXYZIII,IIIZYXXIYIX,"[3, 4, 5, 6, 8, 10]",-0.00048828124999999913,0.0,10,0.6,"{""00000000000"": 1, ""00000101011"": 1, ""00000101111"": 1, ""00001011010"": 1, ""00001100011"": 1, ""00011001110"": 1, ""00011011110"": 1, ""11001011010"": 1, ""11001110011"": 1, ""11010001100"": 1}"
019e10f6-9a24-7841-b178-fb0f91d18217,7,53,653,XIYIXXYZIZX,XZIZYXXIYIX,"[0, 1, 3, 4, 5, 6, 8, 10]",-0.00048828124999999913,0.0,10,0.4,"{""00000101011"": 1, ""00000110000"": 1, ""00011111011"": 1, ""00100000100"": 1, ""00100111010"": 1, ""00101010111"": 1, ""01101110111"": 1, ""11000111100"": 1, ""11001000011"": 1, ""11001011111"": 1}"
019e10f6-9a24-7841-b178-fb0f91d18217,7,54,654,XIYIXXYZZXZ,ZXZZYXXIYIX,"[0, 1, 2, 3, 4, 5, 6, 8, 10]",-0.00048828124999999913,0.0,10,0.0,"{""00000000000"": 1, ""00000100011"": 1, ""00001001100"": 1, ""00001011101"": 1, ""00111011000"": 1, ""00111011001"": 1, ""00111110101"": 1, ""11011011110"": 1, ""11100000101"": 1, ""11101011000"": 1}"
019e10f6-9a24-7841-b178-fb0f91d18217,7,55,655,XIYIXXYZZYY,YYZZYXXIYIX,"[0, 1, 2, 3, 4, 5, 6, 8, 10]",-0.00048828124999999913,0.0,10,0.6,"{""00000110110"": 1, ""00010110011"": 1, ""11010100110"": 1, ""11010110011"": 1, ""11011000000"": 1, ""11011011101"": 1, ""11110000011"": 1, ""11110000110"": 1, ""11110001101"": 1, ""11110110110"": 1}"
019e10f6-9a24-7841-b178-fb0f91d18217,7,56,656,XIYIXYIXIXZ,ZXIXIYXIYIX,"[0, 1, 3, 5, 6, 8, 10]",0.00048828124999999913,0.0,10,-0.6,"{""00000000000"": 1, ""00000011000"": 1, ""00100001101"": 1, ""00100111011"": 1, ""01011011110"": 1, ""11001100011"": 1, ""11010001101"": 1, ""11011010101"": 1, ""11110000010"": 1, ""11111101110"": 1}"
019e10f6-9a24-7841-b178-fb0f91d18217,7,57,657,XIYIXYIXIYY,YYIXIYXIYIX,"[0, 1, 3, 5, 6, 8, 10]",0.00048828124999999913,0.0,10,-0.6,"{""00011001110"": 1, ""00100110101"": 1, ""00101000000"": 1, ""00110000011"": 1, ""11000110110"": 3, ""11001010110"": 1, ""11010111000"": 1, ""11110000011"": 1}"
019e10f6-9a24-7841-b178-fb0f91d18217,7,58,658,XIYIXYIXZII,IIZXIYXIYIX,"[2, 3, 5, 6, 8, 10]",0.00048828124999999913,0.0,10,-1.0,"{""00001000000"": 1, ""00010101111"": 1, ""00011001111"": 1, ""00100111001"": 1, ""00111100000"": 1, ""11001011010"": 1, ""11001101110"": 1, ""11100100001"": 1, ""11110101110"": 1, ""11111000011"": 1}"
019e10f6-9a24-7841-b178-fb0f91d18217,7,59,659,XIYIXYIXZZX,XZZXIYXIYIX,"[0, 1, 2, 3, 5, 6, 8, 10]",0.00048828124999999913,0.0,10,-0.8,"{""00001010111"": 1, ""00111011011"": 1, ""11001010100"": 1, ""11010001111"": 1, ""11010110100"": 1, ""11100100000"": 1, ""11100100011"": 1, ""11100101100"": 1, ""11110101100"": 1, ""11111111011"": 1}"
019e10f6-9a24-7841-b178-fb0f91d18217,7,60,660,XIYIXYIYXXY,YXXYIYXIYIX,"[0, 1, 2, 3, 5, 6, 8, 10]",0.00048828124999999913,0.0,10,-0.2,"{""00011001010"": 1, ""00011111001"": 1, ""00100100010"": 1, ""11000110111"": 1, ""11010110010"": 1, ""11011000000"": 1, ""11011011110"": 1, ""11110101111"": 1, ""11111001101"": 1, ""11111101100"": 1}"
019e10f6-9a24-7841-b178-fb0f91d18217,7,61,661,XIYIXYIYXYZ,ZYXYIYXIYIX,"[0, 1, 2, 3, 5, 6, 8, 10]",-0.00048828124999999913,0.0,10,0.4,"{""00010100110"": 1, ""00010111001"": 1, ""00100000100"": 1, ""00100001001"": 1, ""11000110101"": 1, ""11001011111"": 1, ""11010111001"": 1, ""11011100001"": 1, ""11101001011"": 1, ""11111000100"": 1}"
019e10f6-9a24-7841-b178-fb0f91d18217,7,62,662,XIYIXYIYYIX,XIYYIYXIYIX,"[0, 2, 3, 5, 6, 8, 10]",0.00048828124999999913,0.0,10,-0.4,"{""00000011111"": 1, ""00101010100"": 1, ""00111111111"": 1, ""01110101100"": 1, ""11001100000"": 1, ""11010000011"": 1, ""11010111000"": 1, ""11011010011"": 1, ""11011010100"": 1, ""11100100111"": 1}"
019e10f6-9a24-7841-b178-fb0f91d18217,7,63,663,XIYIXYIYYZI,IZYYIYXIYIX,"[1, 2, 3, 5, 6, 8, 10]",0.00048828124999999913,0.0,10,-0.8,"{""00000010100"": 1, ""00001111000"": 1, ""00011111000"": 1, ""00100001011"": 1, ""00100110101"": 1, ""00110100001"": 1, ""00110111000"": 1, ""11001010100"": 1, ""11101000000"": 1, ""11101111000"": 1}"
019e10f6-9a24-7841-b178-fb0f91d18217,7,64,664,XIYIXYZIIII,IIIIZYXIYIX,"[4, 5, 6, 8, 10]",0.00048828124999999913,0.0,10,-0.6,"{""00010100100"": 1, ""00100000111"": 1, ""00100010000"": 1, ""00111010101"": 1, ""00111011011"": 1, ""00111101001"": 1, ""00111101010"": 1, ""11001100100"": 1, ""11101111100"": 1, ""11111101010"": 1}"
019e10f6-9a24-7841-b178-fb0f91d18217,7,65,665,XIYIXYZIIZX,XZIIZYXIYIX,"[0, 1, 4, 5, 6, 8, 10]",0.00048828124999999913,0.0,10,-0.8,"{""00001111100"": 1, ""00100001100"": 1, ""00101101011"": 2, ""00110001100"": 1, ""11010110100"": 1, ""11011011100"": 1, ""11100010000"": 1, ""11100110000"": 1, ""11110000110"": 1}"
019e10f6-9a24-7841-b178-fb0f91d18217,7,66,666,XIYIXYZIZXZ,ZXZIZYXIYIX,"[0, 1, 2, 4, 5, 6, 8, 10]",0.00048828124999999913,0.0,10,-0.4,"{""00011001101"": 1, ""00101011011"": 1, ""00110011101"": 1, ""11000010101"": 1, ""11010000101"": 1, ""11100010101"": 1, ""11100110011"": 1, ""11101110101"": 1, ""11111001011"": 1, ""11111110110"": 1}"
019e10f6-9a24-7841-b178-fb0f91d18217,7,67,667,XIYIXYZIZYY,YYZIZYXIYIX,"[0, 1, 2, 4, 5, 6, 8, 10]",0.00048828124999999913,0.0,10,-0.6,"{""00100001000"": 1, ""00100010011"": 1, ""00100110101"": 1, ""00111010101"": 1, ""11000111011"": 1, ""11001011110"": 1, ""11010000000"": 1, ""11010001011"": 1, ""11011010100"": 1, ""11011101000"": 1}"
019e10f6-9a24-7841-b178-fb0f91d18217,7,68,668,XIYIXYZZXIX,XIXZZYXIYIX,"[0, 2, 3, 4, 5, 6, 8, 10]",0.00048828124999999913,0.0,10,-0.6,"{""00001001011"": 1, ""00001110001"": 1, ""00001111100"": 1, ""00010010111"": 1, ""00011000111"": 1, ""00011101011"": 1, ""00111101100"": 1, ""10011000110"": 1, ""11000001100"": 1, ""11001010000"": 1}"
019e10f6-9a24-7841-b178-fb0f91d18217,7,69,669,XIYIXYZZXZI,IZXZZYXIYIX,"[1, 2, 3, 4, 5, 6, 8, 10]",0.00048828124999999913,0.0,10,-0.6,"{""00000011111"": 1, ""00000100001"": 1, ""00000101010"": 1, ""00001110000"": 1, ""00010101011"": 1, ""00010101100"": 1, ""00111010000"": 1, ""11001101011"": 1, ""11011100000"": 1, ""11100011001"": 1}"
019e10f6-9a24-7841-b178-fb0f91d18217,7,70,670,XIYIXYZZYXY,YXYZZYXIYIX,"[0, 1, 2, 3, 4, 5, 6, 8, 10]",-0.00048828124999999913,0.0,10,0.0,"{""00000011110"": 1, ""00000111000"": 1, ""00001000100"": 1, ""00010011001"": 1, ""00011010111"": 1, ""00101100001"": 1, ""00110011001"": 1, ""00110100111"": 1, ""10101101110"": 1, ""11011101101"": 1}"
019e10f6-9a24-7841-b178-fb0f91d18217,7,71,671,XIYIXYZZYYZ,ZYYZZYXIYIX,"[0, 1, 2, 3, 4, 5, 6, 8, 10]",0.00048828124999999913,0.0,10,-0.6,"{""00000100000"": 1, ""00010101100"": 1, ""00011001001"": 1, ""00101100110"": 1, ""00110111111"": 1, ""11001110000"": 1, ""11011001010"": 1, ""11100100110"": 1, ""11110010000"": 1, ""11111111010"": 1}"
019e10f6-9a24-7841-b178-fb0f91d18217,7,72,672,XIYIYIXIXIX,XIXIXIYIYIX,"[0, 2, 4, 6, 8, 10]",-0.00048828124999999913,0.0,10,0.4,"{""00000110000"": 1, ""00100110000"": 1, ""00101100011"": 1, ""11000001111"": 1, ""11010101100"": 2, ""11011011011"": 1, ""11101110000"": 2, ""11110000000"": 1}"
019e10f6-9a24-7841-b178-fb0f91d18217,7,73,673,XIYIYIXIXZI,IZXIXIYIYIX,"[1, 2, 4, 6, 8, 10]",-0.00048828124999999913,0.0,10,0.4,"{""00000000110"": 1, ""00001011100"": 1, ""00001110110"": 1, ""00011110110"": 1, ""00100101111"": 1, ""00111000001"": 1, ""00111011011"": 1, ""11001011011"": 1, ""11001011101"": 1, ""11100101011"": 1}"
019e10f6-9a24-7841-b178-fb0f91d18217,7,74,674,XIYIYIXIYXY,YXYIXIYIYIX,"[0, 1, 2, 4, 6, 8, 10]",0.00048828124999999913,0.0,10,-0.6,"{""00010011101"": 1, ""00100111100"": 1, ""00101011010"": 1, ""00101011110"": 1, ""00111010001"": 1, ""11000110111"": 1, ""11001000111"": 2, ""11100011011"": 1, ""11101110111"": 1}"
019e10f6-9a24-7841-b178-fb0f91d18217,7,75,675,XIYIYIXIYYZ,ZYYIXIYIYIX,"[0, 1, 2, 4, 6, 8, 10]",-0.00048828124999999913,0.0,10,0.4,"{""00000000000"": 1, ""00101011100"": 1, ""00101101001"": 1, ""00110101010"": 1, ""00110110101"": 1, ""00111011010"": 1, ""00111110000"": 1, ""11010110011"": 1, ""11110000000"": 1, ""11110000001"": 1}"
019e10f6-9a24-7841-b178-fb0f91d18217,7,76,676,XIYIYIXZIII,IIIZXIYIYIX,"[3, 4, 6, 8, 10]",-0.00048828124999999913,0.0,10,0.4,"{""00000000010"": 1, ""00001110011"": 1, ""00011000100"": 1, ""00111000110"": 1, ""01000101001"": 1, ""01111101010"": 1, ""11000101011"": 1, ""11001011110"": 1, ""11111101111"": 1, ""11111110101"": 1}"
019e10f6-9a24-7841-b178-fb0f91d18217,7,77,677,XIYIYIXZIZX,XZIZXIYIYIX,"[0, 1, 3, 4, 6, 8, 10]",-0.00048828124999999913,0.0,10,0.0,"{""00000000111"": 1, ""00001000100"": 1, ""00001011000"": 1, ""00001101111"": 1, ""00010011100"": 1, ""00100000111"": 1, ""00110000100"": 1, ""11000011111"": 1, ""11110000111"": 1, ""11111101100"": 1}"
019e10f6-9a24-7841-b178-fb0f91d18217,7,78,678,XIYIYIXZZXZ,ZXZZXIYIYIX,"[0, 1, 2, 3, 4, 6, 8, 10]",-0.00048828124999999913,0.0,10,0.6,"{""00011110011"": 1, ""00011110101"": 1, ""00100110000"": 1, ""00110101000"": 1, ""00111011101"": 1, ""11001000001"": 1, ""11100000110"": 1, ""11101101110"": 1, ""11110000011"": 1, ""11110110110"": 1}"
019e10f6-9a24-7841-b178-fb0f91d18217,7,79,679,XIYIYIXZZYY,YYZZXIYIYIX,"[0, 1, 2, 3, 4, 6, 8, 10]",-0.00048828124999999913,0.0,10,0.4,"{""00001101110"": 1, ""00100110011"": 1, ""00110110101"": 1, ""00111010110"": 1, ""01100011101"": 1, ""10111011110"": 1, ""11000101101"": 1, ""11010110000"": 1, ""11100000011"": 1, ""11101110110"": 1}"
019e10f6-9a24-7841-b178-fb0f91d18217,7,80,680,XIYIYIYXXXY,YXXXYIYIYIX,"[0, 1, 2, 3, 4, 6, 8, 10]",0.00048828124999999913,0.0,10,-0.4,"{""00000001101"": 1, ""00001110101"": 1, ""00001111101"": 1, ""00010001011"": 1, ""00010011100"": 1, ""00011101111"": 1, ""00100101111"": 1, ""00111001000"": 1, ""11110111000"": 1, ""11111010000"": 1}"
019e10f6-9a24-7841-b178-fb0f91d18217,7,81,681,XIYIYIYXXYZ,ZYXXYIYIYIX,"[0, 1, 2, 3, 4, 6, 8, 10]",-0.00048828124999999913,0.0,10,-0.2,"{""00010011000"": 1, ""00011110111"": 1, ""00100100010"": 1, ""00100100011"": 1, ""10111000101"": 1, ""11000110010"": 1, ""11001001010"": 1, ""11010001111"": 1, ""11010011011"": 1, ""11111111100"": 1}"
019e10f6-9a24-7841-b178-fb0f91d18217,7,82,682,XIYIYIYXYIX,XIYXYIYIYIX,"[0, 2, 3, 4, 6, 8, 10]",0.00048828124999999913,0.0,10,-0.2,"{""00010000000"": 1, ""00111000011"": 1, ""01110011011"": 1, ""11000101001"": 1, ""11000101100"": 1, ""11010100100"": 1, ""11011011011"": 1, ""11100001100"": 1, ""11110010000"": 1, ""11111110100"": 1}"
019e10f6-9a24-7841-b178-fb0f91d18217,7,83,683,XIYIYIYXYZI,IZYXYIYIYIX,"[1, 2, 3, 4, 6, 8, 10]",0.00048828124999999913,0.0,10,-0.6,"{""00011010110"": 1, ""00100110011"": 1, ""00101010111"": 1, ""00110100001"": 1, ""00110111011"": 1, ""11000111000"": 1, ""11010101010"": 1, ""11011000010"": 1, ""11011000011"": 1, ""11100001110"": 1}"
019e10f6-9a24-7841-b178-fb0f91d18217,7,84,684,XIYIYIYYIXZ,ZXIYYIYIYIX,"[0, 1, 3, 4, 6, 8, 10]",-0.00048828124999999913,0.0,10,0.4,"{""00000010110"": 1, ""00001001000"": 1, ""00010001110"": 1, ""00010010101"": 1, ""00111101000"": 1, ""01100011011"": 1, ""11000101000"": 1, ""11000110000"": 1, ""11011000101"": 1, ""11100011000"": 1}"
019e10f6-9a24-7841-b178-fb0f91d18217,7,85,685,XIYIYIYYIYY,YYIYYIYIYIX,"[0, 1, 3, 4, 6, 8, 10]",-0.00048828124999999913,0.0,10,0.6,"{""00100100110"": 1, ""00101100110"": 1, ""00101111101"": 1, ""00110110000"": 1, ""00111011000"": 1, ""11000100101"": 1, ""11001011011"": 1, ""11010100110"": 1, ""11011011011"": 1, ""11101110000"": 1}"
019e10f6-9a24-7841-b178-fb0f91d18217,7,86,686,XIYIYIYYZII,IIZYYIYIYIX,"[2, 3, 4, 6, 8, 10]",-0.00048828124999999913,0.0,10,1.0,"{""00000011001"": 1, ""00010011001"": 1, ""00010011010"": 1, ""11000100100"": 1, ""11010111110"": 1, ""11110000010"": 1, ""11110001110"": 1, ""11110010111"": 1, ""11111110011"": 1, ""11111111101"": 1}"
019e10f6-9a24-7841-b178-fb0f91d18217,7,87,687,XIYIYIYYZZX,XZZYYIYIYIX,"[0, 1, 2, 3, 4, 6, 8, 10]",-0.00048828124999999913,0.0,10,0.4,"{""00001111100"": 1, ""00100101111"": 1, ""00100110000"": 1, ""00101000011"": 1, ""00110101011"": 1, ""00111001100"": 1, ""00111100111"": 1, ""11001010111"": 1, ""11010011000"": 1, ""11101110000"": 1}"
019e10f6-9a24-7841-b178-fb0f91d18217,7,88,688,XIYIYZIIIII,IIIIIZYIYIX,"[5, 6, 8, 10]",-0.00048828124999999913,0.0,10,0.6,"{""00011010111"": 1, ""00100110100"": 1, ""11000101110"": 1, ""11001000010"": 1, ""11010100100"": 1, ""11011001001"": 1, ""11011011111"": 1, ""11011111000"": 1, ""11100011000"": 1, ""11101100111"": 1}"
019e10f6-9a24-7841-b178-fb0f91d18217,7,89,689,XIYIYZIIIZX,XZIIIZYIYIX,"[0, 1, 5, 6, 8, 10]",-0.00048828124999999913,0.0,10,0.6,"{""00001100111"": 1, ""00001111000"": 1, ""00010000011"": 1, ""01010111100"": 1, ""11000110011"": 1, ""11000111111"": 1, ""11010101111"": 1, ""11101011100"": 1, ""11111100100"": 1, ""11111110011"": 1}"
019e10f6-9a24-7841-b178-fb0f91d18217,7,90,690,XIYIYZIIZXZ,ZXZIIZYIYIX,"[0, 1, 2, 5, 6, 8, 10]",-0.00048828124999999913,0.0,10,1.0,"{""00000001011"": 1, ""00100111110"": 1, ""00110101000"": 1, ""00110110110"": 1, ""00111001101"": 1, ""11001011000"": 1, ""11001011101"": 1, ""11101100101"": 1, ""11111100011"": 1, ""11111110000"": 1}"
019e10f6-9a24-7841-b178-fb0f91d18217,7,91,691,XIYIYZIIZYY,YYZIIZYIYIX,"[0, 1, 2, 5, 6, 8, 10]",-0.00048828124999999913,0.0,10,0.8,"{""00010001101"": 1, ""00010011011"": 1, ""00011101101"": 1, ""00110001110"": 1, ""00110100000"": 1, ""00110110011"": 1, ""11000110000"": 1, ""11010101011"": 1, ""11101110011"": 1, ""11111101101"": 1}"
019e10f6-9a24-7841-b178-fb0f91d18217,7,92,692,XIYIYZIZXIX,XIXZIZYIYIX,"[0, 2, 3, 5, 6, 8, 10]",-0.00048828124999999913,0.0,10,0.6,"{""00011000000"": 1, ""00011110111"": 1, ""00101010111"": 1, ""00110100000"": 1, ""00110111100"": 1, ""11000101100"": 1, ""11001000000"": 1, ""11101101100"": 1, ""11101111011"": 1, ""11110001101"": 1}"
019e10f6-9a24-7841-b178-fb0f91d18217,7,93,693,XIYIYZIZXZI,IZXZIZYIYIX,"[1, 2, 3, 5, 6, 8, 10]",-0.00048828124999999913,0.0,10,0.4,"{""00010010001"": 1, ""00011101100"": 1, ""00101001001"": 1, ""00110100110"": 1, ""00110111010"": 1, ""10000110111"": 1, ""11000010111"": 1, ""11000111101"": 1, ""11011000010"": 1, ""11110000110"": 1}"
019e10f6-9a24-7841-b178-fb0f91d18217,7,94,694,XIYIYZIZYXY,YXYZIZYIYIX,"[0, 1, 2, 3, 5, 6, 8, 10]",0.00048828124999999913,0.0,10,-0.6,"{""00110100010"": 1, ""00111010001"": 1, ""10001010100"": 1, ""11000101110"": 1, ""11011000010"": 1, ""11011001100"": 1, ""11100001011"": 1, ""11101001101"": 1, ""11110011101"": 1, ""11111111110"": 1}"
019e10f6-9a24-7841-b178-fb0f91d18217,7,95,695,XIYIYZIZYYZ,ZYYZIZYIYIX,"[0, 1, 2, 3, 5, 6, 8, 10]",-0.00048828124999999913,0.0,10,0.2,"{""00001110101"": 1, ""00010000010"": 1, ""00010011001"": 1, ""00100100010"": 1, ""00111010110"": 1, ""00111110110"": 1, ""10001101110"": 1, ""11001010000"": 1, ""11011000011"": 1, ""11111111000"": 1}"
019e10f6-9a24-7841-b178-fb0f91d18217,7,96,696,XIYIYZZXIXZ,ZXIXZZYIYIX,"[0, 1, 3, 4, 5, 6, 8, 10]",-0.00048828124999999913,0.0,10,0.8,"{""00000011000"": 1, ""00010011011"": 1, ""00011100000"": 1, ""00100110110"": 1, ""00110101110"": 1, ""11001011011"": 1, ""11010001101"": 1, ""11011010101"": 1, ""11011010110"": 1, ""11110001110"": 1}"
019e10f6-9a24-7841-b178-fb0f91d18217,7,97,697,XIYIYZZXIYY,YYIXZZYIYIX,"[0, 1, 3, 4, 5, 6, 8, 10]",-0.00048828124999999913,0.0,10,0.6,"{""00001100011"": 1, ""00001101101"": 1, ""00100111000"": 1, ""00111001110"": 1, ""00111010000"": 1, ""10010100000"": 1, ""11000101110"": 1, ""11001100000"": 1, ""11010111011"": 1, ""11011001101"": 1}"
019e10f6-9a24-7841-b178-fb0f91d18217,7,98,698,XIYIYZZXZII,IIZXZZYIYIX,"[2, 3, 4, 5, 6, 8, 10]",-0.00048828124999999913,0.0,10,0.4,"{""00110101101"": 1, ""00111100010"": 1, ""01011001101"": 1, ""11010100001"": 1, ""11011000010"": 1, ""11011011010"": 1, ""11100011010"": 1, ""11101100011"": 1, ""11110100011"": 1, ""11111100011"": 1}"
019e10f6-9a24-7841-b178-fb0f91d18217,7,99,699,XIYIYZZXZZX,XZZXZZYIYIX,"[0, 1, 2, 3, 4, 5, 6, 8, 10]",-0.00048828124999999913,0.0,10,0.8,"{""00001101111"": 1, ""00101000000"": 1, ""00101001100"": 1, ""00110100000"": 1, ""00111001100"": 1, ""00111011011"": 1, ""11000010100"": 1, ""11000100000"": 1, ""11000110111"": 1, ""11110011000"": 1}"
019e10f6-ad01-7191-9c63-83b2601a917d,8,0,700,XIYIYZZYXXY,YXXYZZYIYIX,"[0, 1, 2, 3, 4, 5, 6, 8, 10]",-0.00048828124999999913,0.0,10,0.4,"{""00000001010"": 1, ""00001100101"": 1, ""00101011000"": 1, ""11000010100"": 1, ""11000011100"": 1, ""11001000001"": 1, ""11001000101"": 1, ""11011010000"": 1, ""11101100101"": 1, ""11101111110"": 1}"
019e10f6-ad01-7191-9c63-83b2601a917d,8,1,701,XIYIYZZYXYZ,ZYXYZZYIYIX,"[0, 1, 2, 3, 4, 5, 6, 8, 10]",0.00048828124999999913,0.0,10,-0.6,"{""00101011111"": 1, ""00111011111"": 1, ""11010100010"": 1, ""11011000100"": 1, ""11011001111"": 1, ""11011010000"": 1, ""11011010110"": 1, ""11101101111"": 1, ""11110011001"": 1, ""11111101110"": 1}"
019e10f6-ad01-7191-9c63-83b2601a917d,8,2,702,XIYIYZZYYIX,XIYYZZYIYIX,"[0, 2, 3, 4, 5, 6, 8, 10]",-0.00048828124999999913,0.0,10,0.6,"{""00000011111"": 1, ""00111010011"": 1, ""01110000000"": 1, ""11001000000"": 1, ""11001000100"": 1, ""11001011000"": 1, ""11011010011"": 1, ""11101111111"": 1, ""11111110011"": 2}"
019e10f6-ad01-7191-9c63-83b2601a917d,8,3,703,XIYIYZZYYZI,IZYYZZYIYIX,"[1, 2, 3, 4, 5, 6, 8, 10]",-0.00048828124999999913,0.0,10,0.4,"{""00000011000"": 1, ""00000100111"": 1, ""00010000001"": 1, ""00010111000"": 1, ""00110100110"": 1, ""11001000001"": 1, ""11001001101"": 1, ""11010111001"": 1, ""11011100111"": 1, ""11101101101"": 1}"
019e10f6-ad01-7191-9c63-83b2601a917d,8,4,704,XIZXXIXIXIX,XIXIXIXXZIX,"[0, 2, 4, 6, 7, 8, 10]",-0.00048828124999999913,0.0,10,0.2,"{""00000011100"": 1, ""00001101011"": 1, ""00001101100"": 1, ""00100100111"": 1, ""00100101011"": 1, ""00100110011"": 1, ""00100110111"": 1, ""00101010000"": 1, ""01011110111"": 1, ""11111000000"": 1}"
019e10f6-ad01-7191-9c63-83b2601a917d,8,5,705,XIZXXIXIXZI,IZXIXIXXZIX,"[1, 2, 4, 6, 7, 8, 10]",-0.00048828124999999913,0.0,10,-0.2,"{""00000000100"": 1, ""00100011100"": 1, ""00100101011"": 1, ""00100101101"": 1, ""00100110000"": 1, ""00100111011"": 1, ""00101101010"": 1, ""01111000000"": 1, ""11010000110"": 1, ""11110011101"": 1}"
019e10f6-ad01-7191-9c63-83b2601a917d,8,6,706,XIZXXIXIYXY,YXYIXIXXZIX,"[0, 1, 2, 4, 6, 7, 8, 10]",0.00048828124999999913,0.0,10,0.0,"{""00000011100"": 1, ""00011110100"": 1, ""00100101101"": 1, ""00101000111"": 1, ""00101011011"": 1, ""11011101000"": 1, ""11011101100"": 1, ""11110011101"": 1, ""11111011000"": 1, ""11111110010"": 1}"
019e10f6-ad01-7191-9c63-83b2601a917d,8,7,707,XIZXXIXIYYZ,ZYYIXIXXZIX,"[0, 1, 2, 4, 6, 7, 8, 10]",-0.00048828124999999913,0.0,10,0.0,"{""00000110101"": 1, ""00001000101"": 1, ""00100101100"": 2, ""10010011001"": 1, ""11010010101"": 1, ""11011000000"": 1, ""11110001010"": 1, ""11111000000"": 1, ""11111000100"": 1}"
019e10f6-ad01-7191-9c63-83b2601a917d,8,8,708,XIZXXIXZIII,IIIZXIXXZIX,"[3, 4, 6, 7, 8, 10]",-0.00048828124999999913,0.0,10,0.6,"{""00000011010"": 1, ""00001010001"": 1, ""00001101011"": 1, ""00100110101"": 1, ""00100110111"": 1, ""00101000100"": 1, ""10001101110"": 1, ""11000101111"": 1, ""11011110110"": 1, ""11100110100"": 1}"
019e10f6-ad01-7191-9c63-83b2601a917d,8,9,709,XIZXXIXZIZX,XZIZXIXXZIX,"[0, 1, 3, 4, 6, 7, 8, 10]",-0.00048828124999999913,0.0,10,0.4,"{""00000000010"": 1, ""00100100100"": 1, ""00101000000"": 1, ""00101000100"": 1, ""00101101011"": 1, ""11010000011"": 1, ""11010011111"": 1, ""11011101000"": 1, ""11011110000"": 1, ""11111000000"": 1}"
019e10f6-ad01-7191-9c63-83b2601a917d,8,10,710,XIZXXIXZZXZ,ZXZZXIXXZIX,"[0, 1, 2, 3, 4, 6, 7, 8, 10]",-0.00048828124999999913,0.0,10,0.2,"{""00100101010"": 1, ""00100101101"": 1, ""00100110011"": 1, ""00101010011"": 1, ""11010011000"": 1, ""11011101101"": 2, ""11111000011"": 1, ""11111001110"": 1, ""11111101110"": 1}"
019e10f6-ad01-7191-9c63-83b2601a917d,8,11,711,XIZXXIXZZYY,YYZZXIXXZIX,"[0, 1, 2, 3, 4, 6, 7, 8, 10]",-0.00048828124999999913,0.0,10,-0.2,"{""00000010101"": 1, ""00100000000"": 1, ""00100101000"": 1, ""00100101110"": 1, ""01011110011"": 1, ""11010001000"": 2, ""11110110011"": 1, ""11111001110"": 1, ""11111011101"": 1}"
019e10f6-ad01-7191-9c63-83b2601a917d,8,12,712,XIZXXIYXXXY,YXXXYIXXZIX,"[0, 1, 2, 3, 4, 6, 7, 8, 10]",0.00048828124999999913,0.0,10,-0.4,"{""00000000111"": 1, ""00101011111"": 1, ""11011101010"": 1, ""11110001001"": 1, ""11110100000"": 1, ""11111001101"": 1, ""11111001111"": 1, ""11111011010"": 1, ""11111101111"": 1, ""11111110001"": 1}"
019e10f6-ad01-7191-9c63-83b2601a917d,8,13,713,XIZXXIYXXYZ,ZYXXYIXXZIX,"[0, 1, 2, 3, 4, 6, 7, 8, 10]",-0.00048828124999999913,0.0,10,0.4,"{""00000000101"": 1, ""00000001010"": 1, ""00000001100"": 1, ""00000011010"": 1, ""00000101101"": 1, ""00101000000"": 1, ""11000000101"": 1, ""11010010100"": 1, ""11011110000"": 1, ""11110101000"": 1}"
019e10f6-ad01-7191-9c63-83b2601a917d,8,14,714,XIZXXIYXYIX,XIYXYIXXZIX,"[0, 2, 3, 4, 6, 7, 8, 10]",0.00048828124999999913,0.0,10,-0.6,"{""00001010100"": 1, ""00001101100"": 1, ""00001111000"": 1, ""00100011011"": 1, ""11010011000"": 1, ""11110100111"": 1, ""11110110100"": 1, ""11111000001"": 1, ""11111010000"": 1, ""11111011100"": 1}"
019e10f6-ad01-7191-9c63-83b2601a917d,8,15,715,XIZXXIYXYZI,IZYXYIXXZIX,"[1, 2, 3, 4, 6, 7, 8, 10]",0.00048828124999999913,0.0,10,-0.8,"{""00000010110"": 1, ""00000010111"": 1, ""00001101010"": 1, ""00100100001"": 1, ""00100111110"": 1, ""00101001111"": 1, ""01111000011"": 1, ""11011111000"": 1, ""11110110101"": 1, ""11111000101"": 1}"
019e10f6-ad01-7191-9c63-83b2601a917d,8,16,716,XIZXXIYYIXZ,ZXIYYIXXZIX,"[0, 1, 3, 4, 6, 7, 8, 10]",-0.00048828124999999913,0.0,10,0.8,"{""00000000011"": 1, ""00100100101"": 1, ""00100110011"": 1, ""00101000000"": 1, ""00101001001"": 1, ""00101001110"": 1, ""11011101011"": 1, ""11011111110"": 1, ""11110011000"": 1, ""11110101011"": 1}"
019e10f6-ad01-7191-9c63-83b2601a917d,8,17,717,XIZXXIYYIYY,YYIYYIXXZIX,"[0, 1, 3, 4, 6, 7, 8, 10]",-0.00048828124999999913,0.0,10,0.4,"{""00001001110"": 1, ""00001111110"": 2, ""00100101011"": 1, ""00100111101"": 1, ""10010111110"": 1, ""10100100101"": 1, ""11010000000"": 1, ""11011101011"": 1, ""11011110000"": 1}"
019e10f6-ad01-7191-9c63-83b2601a917d,8,18,718,XIZXXIYYZII,IIZYYIXXZIX,"[2, 3, 4, 6, 7, 8, 10]",-0.00048828124999999913,0.0,10,0.6,"{""00000000011"": 1, ""00000010111"": 1, ""00101001010"": 1, ""00101010100"": 1, ""11010000001"": 1, ""11010011011"": 1, ""11011110000"": 1, ""11101011011"": 1, ""11110101011"": 1, ""11110111110"": 1}"
019e10f6-ad01-7191-9c63-83b2601a917d,8,19,719,XIZXXIYYZZX,XZZYYIXXZIX,"[0, 1, 2, 3, 4, 6, 7, 8, 10]",-0.00048828124999999913,0.0,10,0.6,"{""00000110011"": 1, ""00100101000"": 1, ""00100111111"": 1, ""00101011011"": 1, ""01011111100"": 1, ""10111011000"": 1, ""11011111100"": 1, ""11110111100"": 1, ""11110111111"": 1, ""11111000000"": 1}"
019e10f6-ad01-7191-9c63-83b2601a917d,8,20,720,XIZXXZIIIII,IIIIIZXXZIX,"[5, 6, 7, 8, 10]",-0.00048828124999999913,0.0,10,0.4,"{""00000010000"": 1, ""00001110000"": 1, ""00001110011"": 1, ""00010011111"": 1, ""00101011000"": 1, ""00101011011"": 1, ""10001100110"": 1, ""11010100111"": 1, ""11011110100"": 1, ""11011110111"": 1}"
019e10f6-ad01-7191-9c63-83b2601a917d,8,21,721,XIZXXZIIIZX,XZIIIZXXZIX,"[0, 1, 5, 6, 7, 8, 10]",-0.00048828124999999913,0.0,10,0.6,"{""00000000000"": 1, ""00000010111"": 1, ""00001100111"": 1, ""00001110000"": 1, ""00001110111"": 1, ""00101000100"": 2, ""00101010111"": 1, ""11011010000"": 1, ""11111111100"": 1}"
019e10f6-ad01-7191-9c63-83b2601a917d,8,22,722,XIZXXZIIZXZ,ZXZIIZXXZIX,"[0, 1, 2, 5, 6, 7, 8, 10]",-0.00048828124999999913,0.0,10,0.2,"{""00001110000"": 1, ""00001111100"": 1, ""00100001011"": 1, ""00100100101"": 1, ""00101001101"": 1, ""11010110110"": 1, ""11011001000"": 1, ""11110101000"": 1, ""11111001000"": 1, ""11111011101"": 1}"
019e10f6-ad01-7191-9c63-83b2601a917d,8,23,723,XIZXXZIIZYY,YYZIIZXXZIX,"[0, 1, 2, 5, 6, 7, 8, 10]",-0.00048828124999999913,0.0,10,0.2,"{""00100001011"": 1, ""01010000101"": 1, ""11100101011"": 1, ""11110000011"": 1, ""11110101000"": 1, ""11110101011"": 1, ""11110101101"": 1, ""11111001000"": 1, ""11111010011"": 1, ""11111010110"": 1}"
019e10f6-ad01-7191-9c63-83b2601a917d,8,24,724,XIZXXZIZXIX,XIXZIZXXZIX,"[0, 2, 3, 5, 6, 7, 8, 10]",-0.00048828124999999913,0.0,10,0.2,"{""00000011011"": 1, ""00001010111"": 1, ""00100111011"": 1, ""10100010111"": 1, ""10100110010"": 1, ""11010010111"": 1, ""11010100000"": 1, ""11011001100"": 1, ""11011101100"": 1, ""11110110000"": 1}"
019e10f6-ad01-7191-9c63-83b2601a917d,8,25,725,XIZXXZIZXZI,IZXZIZXXZIX,"[1, 2, 3, 5, 6, 7, 8, 10]",-0.00048828124999999913,0.0,10,0.2,"{""00100101100"": 1, ""00101000000"": 1, ""00101010000"": 1, ""11010010000"": 1, ""11011101000"": 1, ""11110000110"": 1, ""11110110010"": 1, ""11111010111"": 1, ""11111011101"": 1, ""11111101010"": 1}"
019e10f6-ad01-7191-9c63-83b2601a917d,8,26,726,XIZXXZIZYXY,YXYZIZXXZIX,"[0, 1, 2, 3, 5, 6, 7, 8, 10]",0.00048828124999999913,0.0,10,-0.4,"{""00000000000"": 1, ""00001100000"": 1, ""00011000100"": 1, ""00101011000"": 1, ""11010001011"": 1, ""11010011000"": 1, ""11010100010"": 1, ""11110101011"": 1, ""11110110010"": 1, ""11111000001"": 1}"
019e10f6-ad01-7191-9c63-83b2601a917d,8,27,727,XIZXXZIZYYZ,ZYYZIZXXZIX,"[0, 1, 2, 3, 5, 6, 7, 8, 10]",-0.00048828124999999913,0.0,10,0.8,"{""00000000101"": 1, ""00000001111"": 1, ""00001101111"": 1, ""00001111111"": 1, ""00100101011"": 1, ""11010000000"": 1, ""11010000110"": 1, ""11010001001"": 1, ""11110100000"": 2}"
019e10f6-ad01-7191-9c63-83b2601a917d,8,28,728,XIZXXZZXIXZ,ZXIXZZXXZIX,"[0, 1, 3, 4, 5, 6, 7, 8, 10]",-0.00048828124999999913,0.0,10,0.8,"{""00000001101"": 1, ""00001011000"": 1, ""00100100000"": 1, ""00100101101"": 1, ""00101010101"": 1, ""00101011000"": 1, ""11010010110"": 1, ""11011100011"": 1, ""11110101101"": 1, ""11110101110"": 1}"
019e10f6-ad01-7191-9c63-83b2601a917d,8,29,729,XIZXXZZXIYY,YYIXZZXXZIX,"[0, 1, 3, 4, 5, 6, 7, 8, 10]",-0.00048828124999999913,0.0,10,0.8,"{""00001100000"": 1, ""00001100011"": 1, ""00001110101"": 1, ""00100100011"": 1, ""00100110110"": 1, ""00100111000"": 1, ""00100111110"": 1, ""00101010101"": 1, ""11110110101"": 1, ""11111011011"": 1}"
019e10f6-ad01-7191-9c63-83b2601a917d,8,30,730,XIZXXZZXZII,IIZXZZXXZIX,"[2, 3, 4, 5, 6, 7, 8, 10]",-0.00048828124999999913,0.0,10,0.4,"{""00001100011"": 1, ""00001101111"": 1, ""00100100000"": 1, ""00101000001"": 1, ""01011111000"": 1, ""11011110100"": 1, ""11110000011"": 1, ""11110011000"": 1, ""11110110111"": 1, ""11111010100"": 1}"
019e10f6-ad01-7191-9c63-83b2601a917d,8,31,731,XIZXXZZXZZX,XZZXZZXXZIX,"[0, 1, 2, 3, 4, 5, 6, 7, 8, 10]",-0.00048828124999999913,0.0,10,0.4,"{""00000011000"": 1, ""00001101111"": 2, ""00100011011"": 1, ""00100101111"": 1, ""00110100011"": 1, ""11010010111"": 1, ""11011110111"": 1, ""11110000000"": 1, ""11111000011"": 1}"
019e10f6-ad01-7191-9c63-83b2601a917d,8,32,732,XIZXXZZYXXY,YXXYZZXXZIX,"[0, 1, 2, 3, 4, 5, 6, 7, 8, 10]",-0.00048828124999999913,0.0,10,0.8,"{""00000010111"": 1, ""00100111001"": 1, ""00101010111"": 1, ""00110110101"": 1, ""11010001010"": 1, ""11011100110"": 1, ""11011111000"": 1, ""11110100110"": 1, ""11110101111"": 1, ""11110111000"": 1}"
019e10f6-ad01-7191-9c63-83b2601a917d,8,33,733,XIZXXZZYXYZ,ZYXYZZXXZIX,"[0, 1, 2, 3, 4, 5, 6, 7, 8, 10]",0.00048828124999999913,0.0,10,0.0,"{""00000010000"": 1, ""00000110110"": 1, ""00001101100"": 1, ""00100000100"": 1, ""00101001100"": 1, ""01110100001"": 1, ""11010000001"": 1, ""11011101000"": 1, ""11011110011"": 1, ""11110101000"": 1}"
019e10f6-ad01-7191-9c63-83b2601a917d,8,34,734,XIZXXZZYYIX,XIYYZZXXZIX,"[0, 2, 3, 4, 5, 6, 7, 8, 10]",-0.00048828124999999913,0.0,10,0.2,"{""00000011000"": 1, ""00001101011"": 1, ""00100000000"": 1, ""00100000111"": 1, ""00100101001"": 1, ""00100111000"": 1, ""10000000111"": 1, ""11010000000"": 1, ""11010101100"": 1, ""11111000111"": 1}"
019e10f6-ad01-7191-9c63-83b2601a917d,8,35,735,XIZXXZZYYZI,IZYYZZXXZIX,"[1, 2, 3, 4, 5, 6, 7, 8, 10]",-0.00048828124999999913,0.0,10,0.8,"{""00000001100"": 1, ""00001101100"": 1, ""00100111001"": 1, ""00100111100"": 1, ""00100111111"": 1, ""11010001100"": 1, ""11010100010"": 1, ""11110100110"": 1, ""11110101011"": 2}"
019e10f6-ad01-7191-9c63-83b2601a917d,8,36,736,XIZXYXXXXXY,YXXXXXYXZIX,"[0, 1, 2, 3, 4, 5, 6, 7, 8, 10]",0.00048828124999999913,0.0,10,-0.8,"{""00000101100"": 1, ""00000111000"": 1, ""00001001000"": 1, ""00001111010"": 1, ""00100100111"": 1, ""11010111110"": 1, ""11110000011"": 1, ""11110000110"": 1, ""11110111111"": 1, ""11111110111"": 1}"
019e10f6-ad01-7191-9c63-83b2601a917d,8,37,737,XIZXYXXXXYZ,ZYXXXXYXZIX,"[0, 1, 2, 3, 4, 5, 6, 7, 8, 10]",-0.00048828124999999913,0.0,10,0.4,"{""00001011010"": 1, ""00001011111"": 1, ""00100000111"": 1, ""00101101000"": 1, ""00110110001"": 1, ""11010000011"": 1, ""11010100110"": 1, ""11011000100"": 1, ""11011010100"": 1, ""11011110100"": 1}"
019e10f6-ad01-7191-9c63-83b2601a917d,8,38,738,XIZXYXXXYIX,XIYXXXYXZIX,"[0, 2, 3, 4, 5, 6, 7, 8, 10]",0.00048828124999999913,0.0,10,0.0,"{""00000000000"": 2, ""00000010000"": 1, ""00000110011"": 1, ""00001011011"": 1, ""00010010100"": 1, ""00010100111"": 1, ""11010010111"": 1, ""11011000000"": 1, ""11011111000"": 1}"
019e10f6-ad01-7191-9c63-83b2601a917d,8,39,739,XIZXYXXXYZI,IZYXXXYXZIX,"[1, 2, 3, 4, 5, 6, 7, 8, 10]",0.00048828124999999913,0.0,10,-0.4,"{""00001111100"": 1, ""00100110110"": 1, ""00101001110"": 1, ""01010010110"": 1, ""10000101010"": 1, ""11011001101"": 1, ""11011010101"": 1, ""11110010000"": 1, ""11110111100"": 1, ""11111101101"": 1}"
019e10f6-ad01-7191-9c63-83b2601a917d,8,40,740,XIZXYXXYIXZ,ZXIYXXYXZIX,"[0, 1, 3, 4, 5, 6, 7, 8, 10]",-0.00048828124999999913,0.0,10,0.2,"{""00000110011"": 1, ""00001010101"": 1, ""00001100011"": 1, ""00100000110"": 1, ""00100100101"": 1, ""00101011011"": 1, ""11000011000"": 1, ""11010001110"": 1, ""11011101110"": 1, ""11101100101"": 1}"
019e10f6-ad01-7191-9c63-83b2601a917d,8,41,741,XIZXYXXYIYY,YYIYXXYXZIX,"[0, 1, 3, 4, 5, 6, 7, 8, 10]",-0.00048828124999999913,0.0,10,0.4,"{""00000111110"": 1, ""00001101000"": 1, ""00001110101"": 1, ""00101010110"": 1, ""00101011101"": 1, ""11010101000"": 1, ""11011001101"": 1, ""11011101101"": 1, ""11110001011"": 1, ""11110100011"": 1}"
019e10f6-ad01-7191-9c63-83b2601a917d,8,42,742,XIZXYXXYZII,IIZYXXYXZIX,"[2, 3, 4, 5, 6, 7, 8, 10]",-0.00048828124999999913,0.0,10,1.0,"{""00000101011"": 1, ""00000111101"": 1, ""00001000111"": 1, ""00100011100"": 1, ""00100100010"": 1, ""00101000011"": 1, ""00101110010"": 1, ""11010100101"": 1, ""11010101011"": 1, ""11111101011"": 1}"
019e10f6-ad01-7191-9c63-83b2601a917d,8,43,743,XIZXYXXYZZX,XZZYXXYXZIX,"[0, 1, 2, 3, 4, 5, 6, 7, 8, 10]",-0.00048828124999999913,0.0,10,0.6,"{""00000111100"": 1, ""00001101111"": 1, ""00101000000"": 1, ""00101000011"": 1, ""00101001000"": 1, ""01010101111"": 1, ""11010000011"": 1, ""11010010111"": 1, ""11111000111"": 1, ""11111110000"": 1}"
019e10f6-ad01-7191-9c63-83b2601a917d,8,44,744,XIZXYXYIXIX,XIXIYXYXZIX,"[0, 2, 4, 5, 6, 7, 8, 10]",0.00048828124999999913,0.0,10,-0.4,"{""00001001111"": 1, ""00100100000"": 1, ""00100101011"": 1, ""00100101100"": 1, ""00101011011"": 1, ""10011001011"": 1, ""11011000000"": 1, ""11011101100"": 1, ""11110110111"": 1, ""11111111100"": 1}"
019e10f6-ad01-7191-9c63-83b2601a917d,8,45,745,XIZXYXYIXZI,IZXIYXYXZIX,"[1, 2, 4, 5, 6, 7, 8, 10]",0.00048828124999999913,0.0,10,-0.4,"{""00000001011"": 1, ""00000011011"": 1, ""00001000101"": 1, ""00001001111"": 1, ""00001110000"": 1, ""00100110001"": 1, ""11000100111"": 1, ""11010111101"": 1, ""11011101101"": 1, ""11110000000"": 1}"
019e10f6-ad01-7191-9c63-83b2601a917d,8,46,746,XIZXYXYIYXY,YXYIYXYXZIX,"[0, 1, 2, 4, 5, 6, 7, 8, 10]",-0.00048828124999999913,0.0,10,0.4,"{""00000010000"": 1, ""00000011110"": 1, ""00000111101"": 1, ""00100001100"": 1, ""00101010000"": 1, ""00101010010"": 1, ""00101011100"": 1, ""11010111011"": 1, ""11011110001"": 1, ""11110001111"": 1}"
019e10f6-ad01-7191-9c63-83b2601a917d,8,47,747,XIZXYXYIYYZ,ZYYIYXYXZIX,"[0, 1, 2, 4, 5, 6, 7, 8, 10]",0.00048828124999999913,0.0,10,-0.2,"{""00000010101"": 1, ""00000010111"": 1, ""00000111001"": 1, ""00001011000"": 1, ""00100011111"": 1, ""00101100101"": 1, ""10101111100"": 1, ""11010110010"": 1, ""11011000101"": 1, ""11110010101"": 1}"
019e10f6-ad01-7191-9c63-83b2601a917d,8,48,748,XIZXYXYZIII,IIIZYXYXZIX,"[3, 4, 5, 6, 7, 8, 10]",0.00048828124999999913,0.0,10,-0.4,"{""00000111001"": 1, ""00100000001"": 1, ""00100111000"": 1, ""00101100101"": 1, ""11011010110"": 1, ""11011110000"": 1, ""11111010000"": 1, ""11111100111"": 1, ""11111110001"": 1, ""11111111100"": 1}"
019e10f6-ad01-7191-9c63-83b2601a917d,8,49,749,XIZXYXYZIZX,XZIZYXYXZIX,"[0, 1, 3, 4, 5, 6, 7, 8, 10]",0.00048828124999999913,0.0,10,-0.2,"{""00001010011"": 1, ""00001110011"": 1, ""00100001100"": 1, ""00100110100"": 1, ""00101001100"": 1, ""10101010111"": 1, ""11011010000"": 1, ""11011101000"": 1, ""11011110000"": 1, ""11110101111"": 1}"
019e10f6-ad01-7191-9c63-83b2601a917d,8,50,750,XIZXYXYZZXZ,ZXZZYXYXZIX,"[0, 1, 2, 3, 4, 5, 6, 7, 8, 10]",0.00048828124999999913,0.0,10,-0.2,"{""00000000101"": 1, ""00000100101"": 1, ""00100110110"": 1, ""00101001110"": 1, ""00101010101"": 1, ""10011011111"": 1, ""11010011110"": 1, ""11011011110"": 1, ""11110000110"": 1, ""11111011000"": 1}"
019e10f6-ad01-7191-9c63-83b2601a917d,8,51,751,XIZXYXYZZYY,YYZZYXYXZIX,"[0, 1, 2, 3, 4, 5, 6, 7, 8, 10]",0.00048828124999999913,0.0,10,-0.4,"{""00000110000"": 1, ""00001000000"": 1, ""00100101011"": 1, ""11010101011"": 1, ""11010111110"": 1, ""11011011100"": 1, ""11110010111"": 1, ""11110101011"": 1, ""11110101101"": 1, ""11111100000"": 1}"
019e10f6-ad01-7191-9c63-83b2601a917d,8,52,752,XIZXYYIXIXZ,ZXIXIYYXZIX,"[0, 1, 3, 5, 6, 7, 8, 10]",-0.00048828124999999913,0.0,10,0.6,"{""00101110110"": 1, ""00111000110"": 1, ""01011100011"": 1, ""11010001101"": 1, ""11010111010"": 1, ""11011011000"": 1, ""11011101101"": 1, ""11011101110"": 1, ""11110100000"": 1, ""11111111011"": 1}"
019e10f6-ad01-7191-9c63-83b2601a917d,8,53,753,XIZXYYIXIYY,YYIXIYYXZIX,"[0, 1, 3, 5, 6, 7, 8, 10]",-0.00048828124999999913,0.0,10,0.6,"{""00000001101"": 1, ""00000100000"": 1, ""00000111011"": 1, ""00001010110"": 1, ""00100010101"": 1, ""00100010110"": 1, ""11010011000"": 1, ""11011100000"": 1, ""11100000011"": 1, ""11111000011"": 1}"
019e10f6-ad01-7191-9c63-83b2601a917d,8,54,754,XIZXYYIXZII,IIZXIYYXZIX,"[2, 3, 5, 6, 7, 8, 10]",-0.00048828124999999913,0.0,10,0.8,"{""00000001101"": 1, ""00001010111"": 1, ""00100001100"": 1, ""00100010100"": 1, ""00101000000"": 1, ""00101000001"": 1, ""00101001101"": 1, ""11011101100"": 1, ""11011101111"": 1, ""11110101110"": 1}"
019e10f6-ad01-7191-9c63-83b2601a917d,8,55,755,XIZXYYIXZZX,XZZXIYYXZIX,"[0, 1, 2, 3, 5, 6, 7, 8, 10]",-0.00048828124999999913,0.0,10,0.8,"{""00001011000"": 1, ""00100011000"": 2, ""10101011000"": 1, ""11010001100"": 1, ""11010001111"": 1, ""11010111000"": 1, ""11011111011"": 1, ""11110100011"": 2}"
019e10f6-ad01-7191-9c63-83b2601a917d,8,56,756,XIZXYYIYXXY,YXXYIYYXZIX,"[0, 1, 2, 3, 5, 6, 7, 8, 10]",-0.00048828124999999913,0.0,10,0.8,"{""00000101000"": 1, ""00000110111"": 1, ""00100100011"": 1, ""00101000011"": 1, ""10011010001"": 1, ""11011010000"": 1, ""11011011110"": 1, ""11111110100"": 2, ""11111111000"": 1}"
019e10f6-ad01-7191-9c63-83b2601a917d,8,57,757,XIZXYYIYXYZ,ZYXYIYYXZIX,"[0, 1, 2, 3, 5, 6, 7, 8, 10]",0.00048828124999999913,0.0,10,-0.8,"{""00001010101"": 1, ""00001011001"": 1, ""00001011111"": 1, ""00100011100"": 1, ""00101000010"": 1, ""00101101001"": 1, ""11010110100"": 1, ""11011100001"": 1, ""11110010101"": 1, ""11111000111"": 1}"
019e10f6-ad01-7191-9c63-83b2601a917d,8,58,758,XIZXYYIYYIX,XIYYIYYXZIX,"[0, 2, 3, 5, 6, 7, 8, 10]",-0.00048828124999999913,0.0,10,0.4,"{""00001110100"": 1, ""00100010100"": 1, ""00100011000"": 1, ""00101111000"": 1, ""11010000111"": 1, ""11010111000"": 1, ""11010111011"": 1, ""11011100111"": 1, ""11101110100"": 1, ""11111110011"": 1}"
019e10f6-ad01-7191-9c63-83b2601a917d,8,59,759,XIZXYYIYYZI,IZYYIYYXZIX,"[1, 2, 3, 5, 6, 7, 8, 10]",-0.00048828124999999913,0.0,10,0.6,"{""00000000001"": 1, ""00000111000"": 1, ""00001101010"": 1, ""00001101100"": 1, ""00101110010"": 1, ""11010001101"": 1, ""11010011110"": 1, ""11011011110"": 1, ""11111010101"": 1, ""11111110100"": 1}"
019e10f6-ad01-7191-9c63-83b2601a917d,8,60,760,XIZXYYZIIII,IIIIZYYXZIX,"[4, 5, 6, 7, 8, 10]",-0.00048828124999999913,0.0,10,0.2,"{""00000000001"": 1, ""00000001010"": 1, ""00000101000"": 1, ""00010110011"": 1, ""00100010001"": 1, ""00101110111"": 1, ""00111000110"": 1, ""11000110000"": 1, ""11110100011"": 1, ""11111001000"": 1}"
019e10f6-ad01-7191-9c63-83b2601a917d,8,61,761,XIZXYYZIIZX,XZIIZYYXZIX,"[0, 1, 4, 5, 6, 7, 8, 10]",-0.00048828124999999913,0.0,10,0.8,"{""00100100100"": 1, ""00100101000"": 1, ""00101001100"": 1, ""00101001111"": 1, ""11011111111"": 1, ""11110011011"": 1, ""11110101000"": 1, ""11111001100"": 1, ""11111110100"": 1, ""11111111100"": 1}"
019e10f6-ad01-7191-9c63-83b2601a917d,8,62,762,XIZXYYZIZXZ,ZXZIZYYXZIX,"[0, 1, 2, 4, 5, 6, 7, 8, 10]",-0.00048828124999999913,0.0,10,0.8,"{""00000110110"": 1, ""00000111101"": 1, ""00001011101"": 1, ""00010000000"": 1, ""11011101101"": 1, ""11110100000"": 1, ""11110100011"": 1, ""11110100101"": 1, ""11111000101"": 1, ""11111111000"": 1}"
019e10f6-ad01-7191-9c63-83b2601a917d,8,63,763,XIZXYYZIZYY,YYZIZYYXZIX,"[0, 1, 2, 4, 5, 6, 7, 8, 10]",-0.00048828124999999913,0.0,10,0.8,"{""00000000000"": 1, ""00000000101"": 1, ""00000001110"": 1, ""00001011011"": 1, ""00001101110"": 1, ""00100101011"": 1, ""00101111101"": 1, ""10101110011"": 1, ""11010001101"": 1, ""11011100101"": 1}"
019e10f6-ad01-7191-9c63-83b2601a917d,8,64,764,XIZXYYZZXIX,XIXZZYYXZIX,"[0, 2, 3, 4, 5, 6, 7, 8, 10]",-0.00048828124999999913,0.0,10,1.0,"{""00000111011"": 1, ""00001010000"": 1, ""00001101100"": 1, ""00100101011"": 1, ""00101110111"": 1, ""11010000111"": 1, ""11010110000"": 1, ""11010110111"": 1, ""11011100000"": 1, ""11111110000"": 1}"
019e10f6-ad01-7191-9c63-83b2601a917d,8,65,765,XIZXYYZZXZI,IZXZZYYXZIX,"[1, 2, 3, 4, 5, 6, 7, 8, 10]",-0.00048828124999999913,0.0,10,0.8,"{""00000001101"": 1, ""00011101101"": 1, ""00100011101"": 1, ""00100100111"": 1, ""00100101011"": 1, ""11010110000"": 1, ""11011011101"": 1, ""11011101011"": 1, ""11110101011"": 1, ""11111000001"": 1}"
019e10f6-ad01-7191-9c63-83b2601a917d,8,66,766,XIZXYYZZYXY,YXYZZYYXZIX,"[0, 1, 2, 3, 4, 5, 6, 7, 8, 10]",0.00048828124999999913,0.0,10,-0.4,"{""00000001001"": 1, ""00000001110"": 1, ""00100011101"": 1, ""00101100110"": 1, ""00101111011"": 1, ""00111001000"": 1, ""11010000100"": 1, ""11010001001"": 1, ""11110101011"": 1, ""11111110100"": 1}"
019e10f6-ad01-7191-9c63-83b2601a917d,8,67,767,XIZXYYZZYYZ,ZYYZZYYXZIX,"[0, 1, 2, 3, 4, 5, 6, 7, 8, 10]",-0.00048828124999999913,0.0,10,0.8,"{""00000010100"": 1, ""00001100001"": 1, ""00101000011"": 1, ""00101111100"": 1, ""11010000000"": 1, ""11010000110"": 1, ""11011011100"": 1, ""11011101010"": 1, ""11110011010"": 1, ""11111001001"": 1}"
019e10f6-ad01-7191-9c63-83b2601a917d,8,68,768,XZIIIIIIIII,IIIIIIIIIZX,"[9, 10]",-0.00048828124999999913,0.0,10,1.0,"{""00000011110"": 1, ""00001111010"": 1, ""00010000101"": 1, ""00010101100"": 1, ""00011001100"": 1, ""00011101100"": 1, ""00011110000"": 1, ""11000010111"": 1, ""11001000111"": 1, ""11110111100"": 1}"
019e10f6-ad01-7191-9c63-83b2601a917d,8,69,769,XZIIIIIIIZX,XZIIIIIIIZX,"[0, 1, 9, 10]",-0.00048828124999999913,0.0,10,1.0,"{""00000000111"": 1, ""00000111000"": 1, ""00001110100"": 1, ""00100001011"": 1, ""00100001111"": 1, ""00110011100"": 1, ""11010111011"": 1, ""11100001011"": 1, ""11101101100"": 1, ""11110001011"": 1}"
019e10f6-ad01-7191-9c63-83b2601a917d,8,70,770,XZIIIIIIZXZ,ZXZIIIIIIZX,"[0, 1, 2, 9, 10]",-0.00048828124999999913,0.0,10,0.8,"{""00010111000"": 1, ""00101011011"": 1, ""00110010000"": 1, ""00111010000"": 1, ""11000000000"": 1, ""11010101000"": 1, ""11011011110"": 1, ""11011100010"": 1, ""11100111000"": 1, ""11101011101"": 1}"
019e10f6-ad01-7191-9c63-83b2601a917d,8,71,771,XZIIIIIIZYY,YYZIIIIIIZX,"[0, 1, 2, 9, 10]",-0.00048828124999999913,0.0,10,0.2,"{""00000011111"": 1, ""00101000101"": 1, ""00110011011"": 1, ""01000001000"": 1, ""11000001010"": 1, ""11001001000"": 1, ""11010100101"": 1, ""11101011001"": 1, ""11110100011"": 1, ""11111001011"": 1}"
019e10f6-ad01-7191-9c63-83b2601a917d,8,72,772,XZIIIIIZXIX,XIXZIIIIIZX,"[0, 2, 3, 9, 10]",-0.00048828124999999913,0.0,10,1.0,"{""00010111011"": 1, ""00011110111"": 1, ""00100010111"": 1, ""00101001011"": 1, ""11000001011"": 1, ""11001110111"": 1, ""11011011011"": 1, ""11100000111"": 1, ""11110001100"": 1, ""11111101011"": 1}"
019e10f6-ad01-7191-9c63-83b2601a917d,8,73,773,XZIIIIIZXZI,IZXZIIIIIZX,"[1, 2, 3, 9, 10]",-0.00048828124999999913,0.0,10,0.8,"{""00000000001"": 1, ""00011001011"": 1, ""00100000000"": 1, ""00110010001"": 1, ""10101010100"": 1, ""11000110111"": 1, ""11000111101"": 1, ""11010011111"": 1, ""11010100001"": 1, ""11010111011"": 1}"
019e10f6-ad01-7191-9c63-83b2601a917d,8,74,774,XZIIIIIZYXY,YXYZIIIIIZX,"[0, 1, 2, 3, 9, 10]",0.00048828124999999913,0.0,10,-0.8,"{""00011010001"": 1, ""00100011011"": 1, ""00110001011"": 1, ""00110011000"": 1, ""00110110001"": 1, ""00110110100"": 1, ""10010000111"": 1, ""11001011011"": 1, ""11011001101"": 1, ""11011100111"": 1}"
019e10f6-ad01-7191-9c63-83b2601a917d,8,75,775,XZIIIIIZYYZ,ZYYZIIIIIZX,"[0, 1, 2, 3, 9, 10]",-0.00048828124999999913,0.0,10,0.8,"{""00001000110"": 1, ""00011100011"": 1, ""00100001000"": 1, ""00101001001"": 1, ""00110010000"": 1, ""11011000101"": 1, ""11011011111"": 1, ""11101000011"": 1, ""11111000011"": 1, ""11111011111"": 1}"
019e10f6-ad01-7191-9c63-83b2601a917d,8,76,776,XZIIIIZXIXZ,ZXIXZIIIIZX,"[0, 1, 3, 4, 9, 10]",-0.00048828124999999913,0.0,10,0.6,"{""00000101011"": 1, ""00100000110"": 1, ""00100001101"": 2, ""00100100000"": 1, ""11010110110"": 1, ""11011101101"": 1, ""11101000011"": 1, ""11101011011"": 1, ""11110101001"": 1}"
019e10f6-ad01-7191-9c63-83b2601a917d,8,77,777,XZIIIIZXIYY,YYIXZIIIIZX,"[0, 1, 3, 4, 9, 10]",-0.00048828124999999913,0.0,10,1.0,"{""00000000000"": 1, ""00000001101"": 1, ""00010000000"": 1, ""00100001110"": 1, ""11000000011"": 1, ""11001010101"": 1, ""11011010110"": 1, ""11011111011"": 1, ""11100001101"": 1, ""11110001101"": 1}"
019e10f6-ad01-7191-9c63-83b2601a917d,8,78,778,XZIIIIZXZII,IIZXZIIIIZX,"[2, 3, 4, 9, 10]",-0.00048828124999999913,0.0,10,1.0,"{""00010100001"": 1, ""00011000011"": 1, ""00011010101"": 1, ""00110001111"": 1, ""11000010101"": 1, ""11001100000"": 1, ""11001110101"": 1, ""11010100011"": 1, ""11011010100"": 1, ""11100111001"": 1}"
019e10f6-ad01-7191-9c63-83b2601a917d,8,79,779,XZIIIIZXZZX,XZZXZIIIIZX,"[0, 1, 2, 3, 4, 9, 10]",-0.00048828124999999913,0.0,10,1.0,"{""00000000011"": 1, ""00001101111"": 1, ""00010101111"": 1, ""00011100000"": 1, ""00110100000"": 1, ""00111010100"": 1, ""11001001111"": 1, ""11010011011"": 1, ""11100101100"": 1, ""11101010111"": 1}"
019e10f6-ad01-7191-9c63-83b2601a917d,8,80,780,XZIIIIZYXXY,YXXYZIIIIZX,"[0, 1, 2, 3, 4, 9, 10]",-0.00048828124999999913,0.0,10,0.8,"{""00000110001"": 1, ""00100001010"": 1, ""00100010100"": 1, ""00100011101"": 1, ""00110011101"": 1, ""10110101111"": 1, ""11011110100"": 1, ""11100010111"": 1, ""11101001100"": 1, ""11101010111"": 1}"
019e10f6-ad01-7191-9c63-83b2601a917d,8,81,781,XZIIIIZYXYZ,ZYXYZIIIIZX,"[0, 1, 2, 3, 4, 9, 10]",0.00048828124999999913,0.0,10,-0.8,"{""00101000111"": 1, ""00101011100"": 1, ""00101100100"": 1, ""00110000001"": 1, ""11010001101"": 1, ""11010111010"": 1, ""11011001010"": 1, ""11011110110"": 1, ""11100001000"": 1, ""11101110000"": 1}"
019e10f6-ad01-7191-9c63-83b2601a917d,8,82,782,XZIIIIZYYIX,XIYYZIIIIZX,"[0, 2, 3, 4, 9, 10]",-0.00048828124999999913,0.0,10,0.6,"{""00000110011"": 1, ""00001010011"": 1, ""00110010100"": 1, ""11001001011"": 1, ""11001111111"": 1, ""11010010011"": 1, ""11100001011"": 1, ""11110011100"": 1, ""11110101011"": 1, ""11111001111"": 1}"
019e10f6-ad01-7191-9c63-83b2601a917d,8,83,783,XZIIIIZYYZI,IZYYZIIIIZX,"[1, 2, 3, 4, 9, 10]",-0.00048828124999999913,0.0,10,0.6,"{""00010111100"": 1, ""00100000111"": 1, ""00100011001"": 1, ""00101011001"": 1, ""11001000100"": 1, ""11100000001"": 1, ""11100011001"": 1, ""11101011001"": 1, ""11101011111"": 1, ""11110110101"": 1}"
019e10f6-ad01-7191-9c63-83b2601a917d,8,84,784,XZIIIZXIXIX,XIXIXZIIIZX,"[0, 2, 4, 5, 9, 10]",-0.00048828124999999913,0.0,10,0.6,"{""00011011011"": 1, ""00110001100"": 1, ""00110110000"": 1, ""00111110111"": 1, ""01110001011"": 1, ""11001000000"": 1, ""11001101011"": 1, ""11011011000"": 1, ""11100011011"": 1, ""11110011011"": 1}"
019e10f6-ad01-7191-9c63-83b2601a917d,8,85,785,XZIIIZXIXZI,IZXIXZIIIZX,"[1, 2, 4, 5, 9, 10]",-0.00048828124999999913,0.0,10,0.2,"{""00011110110"": 1, ""00101110000"": 1, ""00111110000"": 1, ""11001000001"": 1, ""11001101010"": 1, ""11101010111"": 1, ""11110010111"": 1, ""11110011000"": 1, ""11110101100"": 1, ""11110110010"": 1}"
019e10f6-ad01-7191-9c63-83b2601a917d,8,86,786,XZIIIZXIYXY,YXYIXZIIIZX,"[0, 1, 2, 4, 5, 9, 10]",0.00048828124999999913,0.0,10,-0.8,"{""00001110001"": 1, ""00010000000"": 1, ""00011101000"": 1, ""00011101011"": 1, ""00100000100"": 1, ""00100110111"": 1, ""11001011000"": 2, ""11001011101"": 1, ""11011011110"": 1}"
019e10f6-ad01-7191-9c63-83b2601a917d,8,87,787,XZIIIZXIYYZ,ZYYIXZIIIZX,"[0, 1, 2, 4, 5, 9, 10]",-0.00048828124999999913,0.0,10,1.0,"{""00000101111"": 1, ""00010011100"": 2, ""00011011010"": 1, ""00111000110"": 1, ""11000000110"": 1, ""11000100001"": 1, ""11001101100"": 1, ""11010110110"": 1, ""11011000101"": 1}"
019e10f6-ad01-7191-9c63-83b2601a917d,8,88,788,XZIIIZXZIII,IIIZXZIIIZX,"[3, 4, 5, 9, 10]",-0.00048828124999999913,0.0,10,0.2,"{""00001000110"": 1, ""00001100101"": 1, ""00100000110"": 1, ""00110000001"": 1, ""00111101001"": 1, ""01110101001"": 1, ""10011000111"": 1, ""11000011010"": 1, ""11100010110"": 1, ""11110000000"": 1}"
019e10f6-ad01-7191-9c63-83b2601a917d,8,89,789,XZIIIZXZIZX,XZIZXZIIIZX,"[0, 1, 3, 4, 5, 9, 10]",-0.00048828124999999913,0.0,10,0.8,"{""00001101111"": 1, ""00010000000"": 1, ""00100101111"": 1, ""00111000111"": 1, ""00111101000"": 1, ""11000010000"": 1, ""11000110111"": 1, ""11100110111"": 1, ""11101101111"": 1, ""11110011111"": 1}"
019e10f6-ad01-7191-9c63-83b2601a917d,8,90,790,XZIIIZXZZXZ,ZXZZXZIIIZX,"[0, 1, 2, 3, 4, 5, 9, 10]",-0.00048828124999999913,0.0,10,1.0,"{""00001000000"": 1, ""00110011011"": 1, ""11000101101"": 1, ""11010101011"": 1, ""11010110110"": 1, ""11011000000"": 2, ""11101000011"": 1, ""11110110011"": 1, ""11111000101"": 1}"
019e10f6-ad01-7191-9c63-83b2601a917d,8,91,791,XZIIIZXZZYY,YYZZXZIIIZX,"[0, 1, 2, 3, 4, 5, 9, 10]",-0.00048828124999999913,0.0,10,0.6,"{""00000000000"": 1, ""00001110000"": 2, ""00011000000"": 1, ""00101110000"": 1, ""00110011111"": 1, ""00111000101"": 1, ""11010010110"": 1, ""11011110011"": 1, ""11110110101"": 1}"
019e10f6-ad01-7191-9c63-83b2601a917d,8,92,792,XZIIIZYXXXY,YXXXYZIIIZX,"[0, 1, 2, 3, 4, 5, 9, 10]",0.00048828124999999913,0.0,10,0.2,"{""00000011110"": 1, ""00000101111"": 1, ""00100000111"": 1, ""00111000101"": 1, ""01010011100"": 1, ""01011111101"": 1, ""11100001101"": 1, ""11111001001"": 1, ""11111011000"": 1, ""11111100000"": 1}"
019e10f6-ad01-7191-9c63-83b2601a917d,8,93,793,XZIIIZYXXYZ,ZYXXYZIIIZX,"[0, 1, 2, 3, 4, 5, 9, 10]",-0.00048828124999999913,0.0,10,0.6,"{""00000011111"": 1, ""00001100010"": 1, ""00010001010"": 1, ""00100101000"": 1, ""01101001110"": 1, ""11001111111"": 1, ""11011110010"": 1, ""11100001001"": 1, ""11101011000"": 1, ""11111000110"": 1}"
019e10f6-ad01-7191-9c63-83b2601a917d,8,94,794,XZIIIZYXYIX,XIYXYZIIIZX,"[0, 2, 3, 4, 5, 9, 10]",0.00048828124999999913,0.0,10,-1.0,"{""00000101011"": 1, ""00010011011"": 1, ""00100110011"": 1, ""11000110011"": 1, ""11001100111"": 1, ""11011011100"": 1, ""11100100000"": 2, ""11101000011"": 1, ""11101110100"": 1}"
019e10f6-ad01-7191-9c63-83b2601a917d,8,95,795,XZIIIZYXYZI,IZYXYZIIIZX,"[1, 2, 3, 4, 5, 9, 10]",0.00048828124999999913,0.0,10,-0.6,"{""00010101011"": 1, ""00011010000"": 1, ""00100010011"": 1, ""00101101011"": 1, ""00111011011"": 1, ""00111111001"": 1, ""01101100111"": 1, ""11000100111"": 1, ""11100000011"": 1, ""11111011101"": 1}"
019e10f6-ad01-7191-9c63-83b2601a917d,8,96,796,XZIIIZYYIXZ,ZXIYYZIIIZX,"[0, 1, 3, 4, 5, 9, 10]",-0.00048828124999999913,0.0,10,0.8,"{""00001110011"": 1, ""00011111101"": 1, ""00110101011"": 1, ""11001110000"": 1, ""11001110011"": 1, ""11011000011"": 1, ""11100010101"": 1, ""11101011000"": 1, ""11110101110"": 1, ""11111100101"": 1}"
019e10f6-ad01-7191-9c63-83b2601a917d,8,97,797,XZIIIZYYIYY,YYIYYZIIIZX,"[0, 1, 3, 4, 5, 9, 10]",-0.00048828124999999913,0.0,10,0.8,"{""00011001101"": 1, ""00100010110"": 1, ""00101001110"": 1, ""00101010101"": 1, ""00110111101"": 1, ""11001110000"": 1, ""11011100101"": 1, ""11100111000"": 1, ""11111101000"": 1, ""11111101011"": 1}"
019e10f6-ad01-7191-9c63-83b2601a917d,8,98,798,XZIIIZYYZII,IIZYYZIIIZX,"[2, 3, 4, 5, 9, 10]",-0.00048828124999999913,0.0,10,0.6,"{""00010011110"": 1, ""00011001100"": 1, ""00011011011"": 1, ""00011111110"": 1, ""00101111101"": 1, ""00111011001"": 1, ""11010010101"": 1, ""11010100010"": 1, ""11010111101"": 1, ""11100101001"": 1}"
019e10f6-ad01-7191-9c63-83b2601a917d,8,99,799,XZIIIZYYZZX,XZZYYZIIIZX,"[0, 1, 2, 3, 4, 5, 9, 10]",-0.00048828124999999913,0.0,10,1.0,"{""00000100100"": 1, ""00000110011"": 1, ""00010010100"": 1, ""00010011011"": 1, ""00011101011"": 1, ""00100001100"": 1, ""00100011000"": 1, ""11010010100"": 1, ""11011101011"": 1, ""11111000011"": 1}"
019e10f6-bf40-7da3-8de6-d174644c817b,9,0,800,XZIIZXIXIXZ,ZXIXIXZIIZX,"[0, 1, 3, 5, 6, 9, 10]",-0.00048828124999999913,0.0,10,0.8,"{""00000001101"": 1, ""00000001110"": 1, ""00110001101"": 1, ""00110110101"": 1, ""11000000001"": 1, ""11000111011"": 1, ""11001100011"": 1, ""11010110101"": 1, ""11100000011"": 1, ""11111100011"": 1}"
019e10f6-bf40-7da3-8de6-d174644c817b,9,1,801,XZIIZXIXIYY,YYIXIXZIIZX,"[0, 1, 3, 5, 6, 9, 10]",-0.00048828124999999913,0.0,10,0.8,"{""00000110110"": 1, ""00101100000"": 1, ""00111010101"": 1, ""11001100011"": 1, ""11001101001"": 1, ""11001101110"": 1, ""11011100011"": 1, ""11100011000"": 1, ""11101011000"": 1, ""11111100011"": 1}"
019e10f6-bf40-7da3-8de6-d174644c817b,9,2,802,XZIIZXIXZII,IIZXIXZIIZX,"[2, 3, 5, 6, 9, 10]",-0.00048828124999999913,0.0,10,0.8,"{""00000111010"": 1, ""00010001100"": 1, ""00100111011"": 1, ""00101100001"": 1, ""00110001101"": 1, ""11001010111"": 1, ""11001111010"": 1, ""11010000010"": 1, ""11010001110"": 1, ""11111101111"": 1}"
019e10f6-bf40-7da3-8de6-d174644c817b,9,3,803,XZIIZXIXZZX,XZZXIXZIIZX,"[0, 1, 2, 3, 5, 6, 9, 10]",-0.00048828124999999913,0.0,10,0.6,"{""00000000000"": 1, ""00000111000"": 1, ""00011011000"": 1, ""00100001111"": 1, ""00101100011"": 1, ""01110111011"": 1, ""11000110111"": 1, ""11011101111"": 1, ""11100000000"": 1, ""11100101111"": 1}"
019e10f6-bf40-7da3-8de6-d174644c817b,9,4,804,XZIIZXIYXXY,YXXYIXZIIZX,"[0, 1, 2, 3, 5, 6, 9, 10]",-0.00048828124999999913,0.0,10,0.4,"{""00100001100"": 1, ""00111011000"": 1, ""10001010100"": 1, ""10001010111"": 1, ""11001011110"": 1, ""11010010001"": 1, ""11101010100"": 1, ""11101100011"": 1, ""11110110010"": 1, ""11111101111"": 1}"
019e10f6-bf40-7da3-8de6-d174644c817b,9,5,805,XZIIZXIYXYZ,ZYXYIXZIIZX,"[0, 1, 2, 3, 5, 6, 9, 10]",0.00048828124999999913,0.0,10,-0.6,"{""00110011011"": 1, ""10000111111"": 1, ""11000111000"": 1, ""11000111111"": 1, ""11010001011"": 1, ""11011101000"": 1, ""11100111100"": 1, ""11110111100"": 1, ""11110111111"": 1, ""11111010110"": 1}"
019e10f6-bf40-7da3-8de6-d174644c817b,9,6,806,XZIIZXIYYIX,XIYYIXZIIZX,"[0, 2, 3, 5, 6, 9, 10]",-0.00048828124999999913,0.0,10,0.6,"{""00000000001"": 1, ""00000110100"": 1, ""00001101100"": 1, ""00010001011"": 1, ""00100001100"": 1, ""00110110001"": 1, ""00111010011"": 1, ""01010000111"": 1, ""11000000000"": 1, ""11111101100"": 1}"
019e10f6-bf40-7da3-8de6-d174644c817b,9,7,807,XZIIZXIYYZI,IZYYIXZIIZX,"[1, 2, 3, 5, 6, 9, 10]",-0.00048828124999999913,0.0,10,0.8,"{""00000111111"": 1, ""00010001000"": 1, ""00010110010"": 1, ""00111011001"": 1, ""00111100000"": 1, ""00111101100"": 1, ""11000111000"": 1, ""11001101010"": 1, ""11100110010"": 1, ""11110111111"": 1}"
019e10f6-bf40-7da3-8de6-d174644c817b,9,8,808,XZIIZXZIIII,IIIIZXZIIZX,"[4, 5, 6, 9, 10]",-0.00048828124999999913,0.0,10,0.6,"{""00000110000"": 1, ""00001001000"": 1, ""00010000110"": 1, ""00011011011"": 1, ""00101100000"": 1, ""00111100100"": 1, ""10001010111"": 1, ""11000111000"": 1, ""11001011000"": 1, ""11001100110"": 1}"
019e10f6-bf40-7da3-8de6-d174644c817b,9,9,809,XZIIZXZIIZX,XZIIZXZIIZX,"[0, 1, 4, 5, 6, 9, 10]",-0.00048828124999999913,0.0,10,0.8,"{""00010001011"": 1, ""00011010000"": 1, ""00101011100"": 1, ""00101101011"": 1, ""00110001111"": 1, ""00110111100"": 1, ""11000011100"": 1, ""11001011100"": 2, ""11011010111"": 1}"
019e10f6-bf40-7da3-8de6-d174644c817b,9,10,810,XZIIZXZIZXZ,ZXZIZXZIIZX,"[0, 1, 2, 4, 5, 6, 9, 10]",-0.00048828124999999913,0.0,10,0.8,"{""00000111000"": 1, ""00010111000"": 1, ""00101011101"": 1, ""00110111011"": 1, ""11000101000"": 1, ""11000111110"": 1, ""11010000011"": 1, ""11010001000"": 1, ""11101010110"": 1, ""11110110011"": 1}"
019e10f6-bf40-7da3-8de6-d174644c817b,9,11,811,XZIIZXZIZYY,YYZIZXZIIZX,"[0, 1, 2, 4, 5, 6, 9, 10]",-0.00048828124999999913,0.0,10,1.0,"{""00001011011"": 1, ""00010001000"": 1, ""00010111000"": 1, ""00111101011"": 1, ""11000000110"": 1, ""11100111101"": 1, ""11101100011"": 1, ""11110000011"": 1, ""11110001101"": 1, ""11111101101"": 1}"
019e10f6-bf40-7da3-8de6-d174644c817b,9,12,812,XZIIZXZZXIX,XIXZZXZIIZX,"[0, 2, 3, 4, 5, 6, 9, 10]",-0.00048828124999999913,0.0,10,0.2,"{""00010001010"": 1, ""00110000011"": 1, ""00110011011"": 1, ""00111010111"": 1, ""11000000000"": 1, ""11000001011"": 1, ""11000011000"": 1, ""11001011100"": 1, ""11001011111"": 1, ""11101010010"": 1}"
019e10f6-bf40-7da3-8de6-d174644c817b,9,13,813,XZIIZXZZXZI,IZXZZXZIIZX,"[1, 2, 3, 4, 5, 6, 9, 10]",-0.00048828124999999913,0.0,10,0.4,"{""00001101010"": 1, ""00010001100"": 1, ""00010111010"": 1, ""00100111010"": 1, ""00110000001"": 1, ""11001011000"": 1, ""11010000010"": 1, ""11100001100"": 1, ""11100111111"": 1, ""11110111011"": 1}"
019e10f6-bf40-7da3-8de6-d174644c817b,9,14,814,XZIIZXZZYXY,YXYZZXZIIZX,"[0, 1, 2, 3, 4, 5, 6, 9, 10]",0.00048828124999999913,0.0,10,-0.8,"{""00100011000"": 1, ""00101010001"": 1, ""00110101010"": 1, ""00110110100"": 1, ""00110111000"": 1, ""00111100001"": 1, ""11000110010"": 1, ""11010001000"": 1, ""11111010111"": 1, ""11111100010"": 1}"
019e10f6-bf40-7da3-8de6-d174644c817b,9,15,815,XZIIZXZZYYZ,ZYYZZXZIIZX,"[0, 1, 2, 3, 4, 5, 6, 9, 10]",-0.00048828124999999913,0.0,10,0.6,"{""00000001001"": 1, ""00001011100"": 1, ""00010000101"": 1, ""00011011100"": 1, ""00100001001"": 1, ""00100001010"": 2, ""00100101001"": 1, ""00110111010"": 1, ""10001100101"": 1}"
019e10f6-bf40-7da3-8de6-d174644c817b,9,16,816,XZIIZYXXXXY,YXXXXYZIIZX,"[0, 1, 2, 3, 4, 5, 6, 9, 10]",-0.00048828124999999913,0.0,10,0.8,"{""00010110110"": 1, ""00011010011"": 1, ""00100011000"": 1, ""00100101110"": 1, ""00110110100"": 1, ""11000011011"": 1, ""11000100100"": 1, ""11011110100"": 1, ""11101110001"": 1, ""11101110111"": 1}"
019e10f6-bf40-7da3-8de6-d174644c817b,9,17,817,XZIIZYXXXYZ,ZYXXXYZIIZX,"[0, 1, 2, 3, 4, 5, 6, 9, 10]",0.00048828124999999913,0.0,10,-0.2,"{""00010011011"": 1, ""00110101011"": 1, ""00111000001"": 1, ""11000000100"": 1, ""11001000000"": 1, ""11001100010"": 1, ""11011001100"": 1, ""11110000100"": 1, ""11110111010"": 1, ""11111100010"": 1}"
019e10f6-bf40-7da3-8de6-d174644c817b,9,18,818,XZIIZYXXYIX,XIYXXYZIIZX,"[0, 2, 3, 4, 5, 6, 9, 10]",-0.00048828124999999913,0.0,10,0.8,"{""00000000000"": 1, ""00001110011"": 1, ""00101001000"": 1, ""00101011011"": 1, ""00111110011"": 1, ""00111110100"": 1, ""10000100011"": 1, ""11011001000"": 1, ""11110100011"": 1, ""11111010111"": 1}"
019e10f6-bf40-7da3-8de6-d174644c817b,9,19,819,XZIIZYXXYZI,IZYXXYZIIZX,"[1, 2, 3, 4, 5, 6, 9, 10]",-0.00048828124999999913,0.0,10,0.2,"{""00001100011"": 1, ""00010100111"": 1, ""00011011010"": 1, ""00011101101"": 1, ""00110010010"": 1, ""11000011000"": 1, ""11010000001"": 1, ""11101000001"": 1, ""11101110001"": 1, ""11111001111"": 1}"
019e10f6-bf40-7da3-8de6-d174644c817b,9,20,820,XZIIZYXYIXZ,ZXIYXYZIIZX,"[0, 1, 3, 4, 5, 6, 9, 10]",0.00048828124999999913,0.0,10,-0.4,"{""00011000011"": 1, ""00100110101"": 1, ""00111000000"": 1, ""00111101011"": 1, ""10101101000"": 1, ""10111010101"": 1, ""11001011000"": 1, ""11001110011"": 1, ""11110010011"": 1, ""11110011000"": 1}"
019e10f6-bf40-7da3-8de6-d174644c817b,9,21,821,XZIIZYXYIYY,YYIYXYZIIZX,"[0, 1, 3, 4, 5, 6, 9, 10]",0.00048828124999999913,0.0,10,-0.6,"{""00010010000"": 1, ""00010111110"": 1, ""00100011000"": 1, ""00110000110"": 1, ""00111101000"": 1, ""11000001011"": 1, ""11001001101"": 1, ""11101010001"": 1, ""11110000101"": 1, ""11110110110"": 1}"
019e10f6-bf40-7da3-8de6-d174644c817b,9,22,822,XZIIZYXYZII,IIZYXYZIIZX,"[2, 3, 4, 5, 6, 9, 10]",0.00048828124999999913,0.0,10,-0.4,"{""00000001001"": 1, ""00000001010"": 1, ""00001011001"": 1, ""00110110111"": 1, ""00111001101"": 1, ""01100000111"": 1, ""01101010110"": 1, ""11000110111"": 1, ""11100100100"": 1, ""11101001111"": 1}"
019e10f6-bf40-7da3-8de6-d174644c817b,9,23,823,XZIIZYXYZZX,XZZYXYZIIZX,"[0, 1, 2, 3, 4, 5, 6, 9, 10]",0.00048828124999999913,0.0,10,-1.0,"{""00001010111"": 1, ""00010010000"": 1, ""00100011100"": 1, ""00111000011"": 1, ""11000011111"": 1, ""11010100000"": 1, ""11100100011"": 1, ""11110100000"": 1, ""11110111011"": 1, ""11111101011"": 1}"
019e10f6-bf40-7da3-8de6-d174644c817b,9,24,824,XZIIZYYIXIX,XIXIYYZIIZX,"[0, 2, 4, 5, 6, 9, 10]",-0.00048828124999999913,0.0,10,0.4,"{""00000100100"": 1, ""00011001100"": 1, ""00011010000"": 1, ""00011010100"": 1, ""00110000111"": 1, ""10010101011"": 1, ""11001001111"": 1, ""11010011100"": 1, ""11010110111"": 1, ""11100110000"": 1}"
019e10f6-bf40-7da3-8de6-d174644c817b,9,25,825,XZIIZYYIXZI,IZXIYYZIIZX,"[1, 2, 4, 5, 6, 9, 10]",-0.00048828124999999913,0.0,10,0.8,"{""00010100101"": 1, ""00100111101"": 1, ""00110101011"": 1, ""00111111010"": 1, ""11001100110"": 1, ""11010011010"": 1, ""11011001100"": 1, ""11100101010"": 1, ""11111010110"": 1, ""11111100110"": 1}"
019e10f6-bf40-7da3-8de6-d174644c817b,9,26,826,XZIIZYYIYXY,YXYIYYZIIZX,"[0, 1, 2, 4, 5, 6, 9, 10]",0.00048828124999999913,0.0,10,-0.2,"{""00010101011"": 1, ""00100000101"": 1, ""00100110100"": 1, ""00101000100"": 1, ""00101010010"": 1, ""10110101110"": 1, ""10111001110"": 1, ""11100101011"": 1, ""11111100010"": 1, ""11111111011"": 1}"
019e10f6-bf40-7da3-8de6-d174644c817b,9,27,827,XZIIZYYIYYZ,ZYYIYYZIIZX,"[0, 1, 2, 4, 5, 6, 9, 10]",-0.00048828124999999913,0.0,10,0.8,"{""00011010110"": 1, ""00100000101"": 1, ""00101111010"": 1, ""00111011010"": 1, ""00111110010"": 1, ""11100101001"": 1, ""11100110110"": 1, ""11101111010"": 1, ""11101111100"": 1, ""11111100000"": 1}"
019e10f6-bf40-7da3-8de6-d174644c817b,9,28,828,XZIIZYYZIII,IIIZYYZIIZX,"[3, 4, 5, 6, 9, 10]",-0.00048828124999999913,0.0,10,0.8,"{""00001010110"": 1, ""00101010011"": 1, ""00101010100"": 1, ""00110000010"": 1, ""11011111000"": 1, ""11100000000"": 1, ""11100110111"": 1, ""11101010010"": 1, ""11110011111"": 1, ""11111110000"": 1}"
019e10f6-bf40-7da3-8de6-d174644c817b,9,29,829,XZIIZYYZIZX,XZIZYYZIIZX,"[0, 1, 3, 4, 5, 6, 9, 10]",-0.00048828124999999913,0.0,10,0.8,"{""00001100000"": 1, ""00101001100"": 1, ""00101010111"": 1, ""01111111011"": 1, ""11000110000"": 1, ""11010110011"": 1, ""11100011000"": 1, ""11100101000"": 1, ""11100101100"": 1, ""11101001000"": 1}"
019e10f6-bf40-7da3-8de6-d174644c817b,9,30,830,XZIIZYYZZXZ,ZXZZYYZIIZX,"[0, 1, 2, 3, 4, 5, 6, 9, 10]",-0.00048828124999999913,0.0,10,1.0,"{""00000011110"": 1, ""00011100110"": 1, ""00100000011"": 1, ""00100101000"": 1, ""00111011010"": 1, ""11010011011"": 1, ""11101100011"": 1, ""11101100110"": 1, ""11110000101"": 1, ""11111111000"": 1}"
019e10f6-bf40-7da3-8de6-d174644c817b,9,31,831,XZIIZYYZZYY,YYZZYYZIIZX,"[0, 1, 2, 3, 4, 5, 6, 9, 10]",-0.00048828124999999913,0.0,10,0.4,"{""00010110011"": 1, ""00100110000"": 1, ""00110000101"": 1, ""00110110101"": 1, ""11000000011"": 1, ""11000110101"": 1, ""11010100011"": 1, ""11011100111"": 1, ""11100010101"": 1, ""11100110011"": 1}"
019e10f6-bf40-7da3-8de6-d174644c817b,9,32,832,XZXXIXIXIXZ,ZXIXIXIXXZX,"[0, 1, 3, 5, 7, 8, 9, 10]",-0.00048828124999999913,0.0,10,0.4,"{""00000000000"": 1, ""00000111000"": 1, ""00101011011"": 1, ""00101101101"": 1, ""00111010110"": 1, ""01000001110"": 1, ""11011011000"": 1, ""11011100011"": 1, ""11100001101"": 1, ""11110111000"": 1}"
019e10f6-bf40-7da3-8de6-d174644c817b,9,33,833,XZXXIXIXIYY,YYIXIXIXXZX,"[0, 1, 3, 5, 7, 8, 9, 10]",-0.00048828124999999913,0.0,10,0.8,"{""00000000000"": 1, ""00000110110"": 1, ""00000111000"": 1, ""00101001011"": 1, ""00101010101"": 1, ""00101101110"": 1, ""11010110110"": 1, ""11011011011"": 1, ""11011100000"": 1, ""11011101110"": 1}"
019e10f6-bf40-7da3-8de6-d174644c817b,9,34,834,XZXXIXIXZII,IIZXIXIXXZX,"[2, 3, 5, 7, 8, 9, 10]",-0.00048828124999999913,0.0,10,0.8,"{""00000000001"": 1, ""00000000011"": 1, ""00101001100"": 1, ""00101100010"": 1, ""11011010111"": 1, ""11011011001"": 1, ""11011011010"": 1, ""11011100000"": 1, ""11110000000"": 1, ""11110110111"": 1}"
019e10f6-bf40-7da3-8de6-d174644c817b,9,35,835,XZXXIXIXZZX,XZZXIXIXXZX,"[0, 1, 2, 3, 5, 7, 8, 9, 10]",-0.00048828124999999913,0.0,10,0.6,"{""00000110100"": 1, ""00101010100"": 1, ""00101101111"": 2, ""01110000000"": 1, ""11001100011"": 1, ""11011010111"": 1, ""11011011000"": 1, ""11011100011"": 1, ""11011101111"": 1}"
019e10f6-bf40-7da3-8de6-d174644c817b,9,36,836,XZXXIXIYXXY,YXXYIXIXXZX,"[0, 1, 2, 3, 5, 7, 8, 9, 10]",-0.00048828124999999913,0.0,10,0.6,"{""00000001110"": 1, ""00000111011"": 1, ""00000111100"": 1, ""00100010111"": 1, ""11010010001"": 1, ""11011010010"": 1, ""11011011101"": 1, ""11110001010"": 1, ""11110001100"": 1, ""11110111110"": 1}"
019e10f6-bf40-7da3-8de6-d174644c817b,9,37,837,XZXXIXIYXYZ,ZYXYIXIXXZX,"[0, 1, 2, 3, 5, 7, 8, 9, 10]",0.00048828124999999913,0.0,10,0.0,"{""00000000111"": 1, ""00000110100"": 1, ""00101011001"": 1, ""00101100110"": 1, ""10110001000"": 1, ""11011000010"": 1, ""11011101101"": 1, ""11110000001"": 1, ""11110110000"": 1, ""11110111011"": 1}"
019e10f6-bf40-7da3-8de6-d174644c817b,9,38,838,XZXXIXIYYIX,XIYYIXIXXZX,"[0, 2, 3, 5, 7, 8, 9, 10]",-0.00048828124999999913,0.0,10,0.4,"{""00101010100"": 1, ""00101011111"": 1, ""01011010011"": 1, ""01101011100"": 1, ""11011010100"": 1, ""11011101011"": 1, ""11100110100"": 1, ""11100111000"": 1, ""11110001100"": 1, ""11110110100"": 1}"
019e10f6-bf40-7da3-8de6-d174644c817b,9,39,839,XZXXIXIYYZI,IZYYIXIXXZX,"[1, 2, 3, 5, 7, 8, 9, 10]",-0.00048828124999999913,0.0,10,0.6,"{""00000000000"": 1, ""00000000111"": 1, ""00000110011"": 1, ""00101010111"": 1, ""00101100001"": 1, ""00110011000"": 1, ""11011011000"": 1, ""11011101010"": 1, ""11110001101"": 1, ""11110110100"": 1}"
019e10f6-bf40-7da3-8de6-d174644c817b,9,40,840,XZXXIXZIIII,IIIIZXIXXZX,"[4, 5, 7, 8, 9, 10]",-0.00048828124999999913,0.0,10,0.8,"{""00010001001"": 1, ""00010101010"": 1, ""00101010010"": 1, ""00101010011"": 1, ""00101011001"": 1, ""00101100101"": 1, ""00101101001"": 1, ""11011010000"": 1, ""11011100101"": 1, ""11110111010"": 1}"
019e10f6-bf40-7da3-8de6-d174644c817b,9,41,841,XZXXIXZIIZX,XZIIZXIXXZX,"[0, 1, 4, 5, 7, 8, 9, 10]",-0.00048828124999999913,0.0,10,0.8,"{""00000000011"": 1, ""00000001011"": 1, ""00000111000"": 1, ""00000111111"": 1, ""00101011000"": 1, ""00101100100"": 1, ""11011010100"": 1, ""11011011000"": 1, ""11011011111"": 1, ""11110000001"": 1}"
019e10f6-bf40-7da3-8de6-d174644c817b,9,42,842,XZXXIXZIZXZ,ZXZIZXIXXZX,"[0, 1, 2, 4, 5, 7, 8, 9, 10]",-0.00048828124999999913,0.0,10,0.4,"{""00000000110"": 1, ""00000100011"": 1, ""00000111000"": 1, ""00101011000"": 1, ""00101011101"": 1, ""11001100110"": 1, ""11110001101"": 1, ""11110110000"": 1, ""11110110100"": 1, ""11110111101"": 1}"
019e10f6-bf40-7da3-8de6-d174644c817b,9,43,843,XZXXIXZIZYY,YYZIZXIXXZX,"[0, 1, 2, 4, 5, 7, 8, 9, 10]",-0.00048828124999999913,0.0,10,0.8,"{""00000110101"": 1, ""00101010101"": 1, ""00101100000"": 1, ""11011010110"": 1, ""11011011110"": 1, ""11011101101"": 1, ""11110100000"": 1, ""11110110011"": 1, ""11110110101"": 1, ""11110111000"": 1}"
019e10f6-bf40-7da3-8de6-d174644c817b,9,44,844,XZXXIXZZXIX,XIXZZXIXXZX,"[0, 2, 3, 4, 5, 7, 8, 9, 10]",-0.00048828124999999913,0.0,10,0.8,"{""00000000000"": 1, ""00000000011"": 1, ""00000111100"": 1, ""00101010000"": 1, ""00101010111"": 1, ""00101100000"": 1, ""11011101001"": 1, ""11011101100"": 1, ""11110000111"": 1, ""11110001011"": 1}"
019e10f6-bf40-7da3-8de6-d174644c817b,9,45,845,XZXXIXZZXZI,IZXZZXIXXZX,"[1, 2, 3, 4, 5, 7, 8, 9, 10]",-0.00048828124999999913,0.0,10,0.8,"{""00000110000"": 1, ""00000110001"": 1, ""00101001100"": 1, ""00101010000"": 1, ""00101010110"": 1, ""00101011011"": 1, ""00101101100"": 1, ""11010010000"": 1, ""11011100110"": 1, ""11110111011"": 1}"
019e10f6-bf40-7da3-8de6-d174644c817b,9,46,846,XZXXIXZZYXY,YXYZZXIXXZX,"[0, 1, 2, 3, 4, 5, 7, 8, 9, 10]",0.00048828124999999913,0.0,10,-0.6,"{""00101010111"": 1, ""00101100010"": 1, ""00101101110"": 2, ""00111100100"": 1, ""01000110100"": 1, ""01011010000"": 1, ""11011100001"": 1, ""11110110100"": 1, ""11110111101"": 1}"
019e10f6-bf40-7da3-8de6-d174644c817b,9,47,847,XZXXIXZZYYZ,ZYYZZXIXXZX,"[0, 1, 2, 3, 4, 5, 7, 8, 9, 10]",-0.00048828124999999913,0.0,10,0.6,"{""00000110101"": 1, ""00010001111"": 1, ""00101010000"": 1, ""00101011100"": 1, ""00101100110"": 1, ""00101101111"": 1, ""01011001001"": 1, ""01011001110"": 1, ""11011011100"": 1, ""11110001111"": 1}"
019e10f6-bf40-7da3-8de6-d174644c817b,9,48,848,XZXXIYXXXXY,YXXXXYIXXZX,"[0, 1, 2, 3, 4, 5, 7, 8, 9, 10]",-0.00048828124999999913,0.0,10,0.4,"{""00000000001"": 1, ""00000011011"": 1, ""00101011111"": 1, ""00101100010"": 1, ""10010000101"": 1, ""11011001100"": 1, ""11011010110"": 1, ""11011110001"": 1, ""11011110111"": 1, ""11110000101"": 1}"
019e10f6-bf40-7da3-8de6-d174644c817b,9,49,849,XZXXIYXXXYZ,ZYXXXYIXXZX,"[0, 1, 2, 3, 4, 5, 7, 8, 9, 10]",0.00048828124999999913,0.0,10,-0.6,"{""00000011010"": 1, ""00000110001"": 1, ""00000110111"": 1, ""00101001001"": 1, ""00101001111"": 1, ""00101101101"": 1, ""11011010010"": 1, ""11011010100"": 1, ""11110001111"": 1, ""11110101011"": 1}"
019e10f6-bf40-7da3-8de6-d174644c817b,9,50,850,XZXXIYXXYIX,XIYXXYIXXZX,"[0, 2, 3, 4, 5, 7, 8, 9, 10]",-0.00048828124999999913,0.0,10,0.6,"{""00000101011"": 1, ""00101000011"": 1, ""00101011011"": 1, ""00101110100"": 1, ""01011101100"": 1, ""11011000011"": 1, ""11011011011"": 1, ""11011101100"": 1, ""11011111111"": 1, ""11110001011"": 1}"
019e10f6-bf40-7da3-8de6-d174644c817b,9,51,851,XZXXIYXXYZI,IZYXXYIXXZX,"[1, 2, 3, 4, 5, 7, 8, 9, 10]",-0.00048828124999999913,0.0,10,0.4,"{""00000000011"": 1, ""00000010011"": 1, ""00000011001"": 1, ""00000100010"": 1, ""11011010001"": 1, ""11110000100"": 1, ""11110001110"": 1, ""11110011001"": 2, ""11110101000"": 1}"
019e10f6-bf40-7da3-8de6-d174644c817b,9,52,852,XZXXIYXYIXZ,ZXIYXYIXXZX,"[0, 1, 3, 4, 5, 7, 8, 9, 10]",0.00048828124999999913,0.0,10,-0.6,"{""00000000101"": 1, ""00000100000"": 1, ""00101000011"": 1, ""00101001101"": 1, ""00101111110"": 1, ""10000000101"": 1, ""11010000101"": 1, ""11011000011"": 1, ""11110000110"": 1, ""11110010000"": 1}"
019e10f6-bf40-7da3-8de6-d174644c817b,9,53,853,XZXXIYXYIYY,YYIYXYIXXZX,"[0, 1, 3, 4, 5, 7, 8, 9, 10]",0.00048828124999999913,0.0,10,-0.4,"{""00000010000"": 1, ""00000110110"": 1, ""00101010110"": 1, ""00101110000"": 1, ""11011110101"": 1, ""11110011101"": 1, ""11110011111"": 1, ""11110100000"": 1, ""11110100101"": 1, ""11110111011"": 1}"
019e10f6-bf40-7da3-8de6-d174644c817b,9,54,854,XZXXIYXYZII,IIZYXYIXXZX,"[2, 3, 4, 5, 7, 8, 9, 10]",0.00048828124999999913,0.0,10,-0.8,"{""00000000111"": 1, ""00000001101"": 1, ""00000011110"": 1, ""00000011111"": 1, ""00001101111"": 1, ""00101101000"": 1, ""00101110010"": 1, ""11011101011"": 1, ""11110010000"": 1, ""11110011111"": 1}"
019e10f6-bf40-7da3-8de6-d174644c817b,9,55,855,XZXXIYXYZZX,XZZYXYIXXZX,"[0, 1, 2, 3, 4, 5, 7, 8, 9, 10]",0.00048828124999999913,0.0,10,-0.6,"{""00000001011"": 1, ""00101000000"": 1, ""11011001100"": 1, ""11011010100"": 1, ""11011011011"": 1, ""11011101011"": 1, ""11110000011"": 1, ""11110010011"": 1, ""11110101011"": 1, ""11110111000"": 1}"
019e10f6-bf40-7da3-8de6-d174644c817b,9,56,856,XZXXIYYIXIX,XIXIYYIXXZX,"[0, 2, 4, 5, 7, 8, 9, 10]",-0.00048828124999999913,0.0,10,0.2,"{""00000000000"": 1, ""00000111011"": 1, ""00101001011"": 1, ""00111111100"": 1, ""11011100111"": 1, ""11011110111"": 1, ""11011111100"": 1, ""11110000111"": 1, ""11110011000"": 1, ""11110110000"": 1}"
019e10f6-bf40-7da3-8de6-d174644c817b,9,57,857,XZXXIYYIXZI,IZXIYYIXXZX,"[1, 2, 4, 5, 7, 8, 9, 10]",-0.00048828124999999913,0.0,10,0.4,"{""00000000111"": 1, ""00000101000"": 1, ""00000101010"": 1, ""00000101011"": 1, ""00000110111"": 1, ""00100001101"": 1, ""00101100000"": 1, ""00110111011"": 1, ""11011001101"": 1, ""11011110000"": 1}"
019e10f6-bf40-7da3-8de6-d174644c817b,9,58,858,XZXXIYYIYXY,YXYIYYIXXZX,"[0, 1, 2, 4, 5, 7, 8, 9, 10]",0.00048828124999999913,0.0,10,-0.4,"{""00000011011"": 1, ""00101001110"": 1, ""00101100001"": 1, ""10000100111"": 1, ""11001111001"": 1, ""11011010000"": 1, ""11110000111"": 1, ""11110011011"": 1, ""11110011100"": 1, ""11110101001"": 1}"
019e10f6-bf40-7da3-8de6-d174644c817b,9,59,859,XZXXIYYIYYZ,ZYYIYYIXXZX,"[0, 1, 2, 4, 5, 7, 8, 9, 10]",-0.00048828124999999913,0.0,10,0.6,"{""00000011111"": 1, ""00000101010"": 1, ""00000101111"": 1, ""00101011001"": 1, ""10000110110"": 1, ""11011001001"": 1, ""11011001100"": 1, ""11110000101"": 1, ""11110011001"": 1, ""11110110011"": 1}"
019e10f6-bf40-7da3-8de6-d174644c817b,9,60,860,XZXXIYYZIII,IIIZYYIXXZX,"[3, 4, 5, 7, 8, 9, 10]",-0.00048828124999999913,0.0,10,0.8,"{""00000001011"": 1, ""00000101111"": 1, ""00100100011"": 1, ""11011001111"": 1, ""11011010110"": 1, ""11110000000"": 1, ""11110000111"": 1, ""11110101011"": 1, ""11110101110"": 1, ""11110110010"": 1}"
019e10f6-bf40-7da3-8de6-d174644c817b,9,61,861,XZXXIYYZIZX,XZIZYYIXXZX,"[0, 1, 3, 4, 5, 7, 8, 9, 10]",-0.00048828124999999913,0.0,10,0.8,"{""00000110011"": 1, ""00000110100"": 1, ""00101010111"": 1, ""00101111011"": 2, ""11110000011"": 1, ""11110010000"": 1, ""11110011000"": 1, ""11110011100"": 1, ""11110011111"": 1}"
019e10f6-bf40-7da3-8de6-d174644c817b,9,62,862,XZXXIYYZZXZ,ZXZZYYIXXZX,"[0, 1, 2, 3, 4, 5, 7, 8, 9, 10]",-0.00048828124999999913,0.0,10,1.0,"{""00000000101"": 1, ""00000011101"": 1, ""00000101101"": 1, ""00000101110"": 1, ""00101100011"": 1, ""11011010110"": 1, ""11011100011"": 1, ""11011100101"": 1, ""11110011101"": 1, ""11110101101"": 1}"
019e10f6-bf40-7da3-8de6-d174644c817b,9,63,863,XZXXIYYZZYY,YYZZYYIXXZX,"[0, 1, 2, 3, 4, 5, 7, 8, 9, 10]",-0.00048828124999999913,0.0,10,0.8,"{""00000101110"": 1, ""00010110110"": 1, ""00101001000"": 1, ""00101001110"": 1, ""00101010011"": 1, ""00101100110"": 1, ""00101111011"": 1, ""11011001101"": 1, ""11011001110"": 1, ""11110011110"": 1}"
019e10f6-bf40-7da3-8de6-d174644c817b,9,64,864,XZXXZIIIIII,IIIIIIZXXZX,"[6, 7, 8, 9, 10]",-0.00048828124999999913,0.0,10,1.0,"{""00000001010"": 1, ""00000011101"": 1, ""00101000111"": 1, ""00101001000"": 1, ""00101011100"": 1, ""11011001110"": 1, ""11011100000"": 1, ""11011101110"": 1, ""11110011110"": 1, ""11110101010"": 1}"
019e10f6-bf40-7da3-8de6-d174644c817b,9,65,865,XZXXZIIIIZX,XZIIIIZXXZX,"[0, 1, 6, 7, 8, 9, 10]",-0.00048828124999999913,0.0,10,0.6,"{""00000010100"": 1, ""00000011111"": 1, ""00010100100"": 1, ""00101011000"": 1, ""00101011011"": 1, ""00101111000"": 1, ""10000110100"": 1, ""11011000111"": 1, ""11110000100"": 1, ""11110101011"": 1}"
019e10f6-bf40-7da3-8de6-d174644c817b,9,66,866,XZXXZIIIZXZ,ZXZIIIZXXZX,"[0, 1, 2, 6, 7, 8, 9, 10]",-0.00048828124999999913,0.0,10,0.4,"{""00000001011"": 1, ""00000011000"": 2, ""00000101110"": 1, ""00001110110"": 1, ""00101010000"": 1, ""01011010000"": 1, ""01111110110"": 1, ""10101110101"": 1, ""11011111110"": 1}"
019e10f6-bf40-7da3-8de6-d174644c817b,9,67,867,XZXXZIIIZYY,YYZIIIZXXZX,"[0, 1, 2, 6, 7, 8, 9, 10]",-0.00048828124999999913,0.0,10,1.0,"{""00000110000"": 1, ""00000110110"": 1, ""00101001000"": 1, ""00101010011"": 1, ""00101100000"": 1, ""11011110110"": 1, ""11110000011"": 1, ""11110000110"": 2, ""11110001000"": 1}"
019e10f6-bf40-7da3-8de6-d174644c817b,9,68,868,XZXXZIIZXIX,XIXZIIZXXZX,"[0, 2, 3, 6, 7, 8, 9, 10]",-0.00048828124999999913,0.0,10,0.8,"{""00000001001"": 1, ""00000100111"": 1, ""00101000000"": 1, ""11011000111"": 1, ""11011011011"": 1, ""11011101100"": 1, ""11110001100"": 1, ""11110011100"": 1, ""11110100000"": 1, ""11111101100"": 1}"
019e10f6-bf40-7da3-8de6-d174644c817b,9,69,869,XZXXZIIZXZI,IZXZIIZXXZX,"[1, 2, 3, 6, 7, 8, 9, 10]",-0.00048828124999999913,0.0,10,0.4,"{""00000100110"": 1, ""00000101011"": 1, ""00000110001"": 2, ""00101001101"": 1, ""00101100000"": 1, ""00101101100"": 1, ""10101010001"": 1, ""11011000010"": 1, ""11011100101"": 1}"
019e10f6-bf40-7da3-8de6-d174644c817b,9,70,870,XZXXZIIZYXY,YXYZIIZXXZX,"[0, 1, 2, 3, 6, 7, 8, 9, 10]",0.00048828124999999913,0.0,10,-0.8,"{""00101001101"": 1, ""00101011101"": 2, ""00101110100"": 1, ""00101111000"": 1, ""01101100001"": 1, ""11011001011"": 1, ""11110000010"": 1, ""11110001101"": 1, ""11110011011"": 1}"
019e10f6-bf40-7da3-8de6-d174644c817b,9,71,871,XZXXZIIZYYZ,ZYYZIIZXXZX,"[0, 1, 2, 3, 6, 7, 8, 9, 10]",-0.00048828124999999913,0.0,10,0.6,"{""00000000010"": 1, ""00000010011"": 1, ""00000110000"": 1, ""00000111001"": 1, ""00101001100"": 1, ""00101011111"": 1, ""11011000111"": 1, ""11011010101"": 2, ""11110101010"": 1}"
019e10f6-bf40-7da3-8de6-d174644c817b,9,72,872,XZXXZIZXIXZ,ZXIXZIZXXZX,"[0, 1, 3, 4, 6, 7, 8, 9, 10]",-0.00048828124999999913,0.0,10,0.8,"{""00000011000"": 2, ""00000011010"": 1, ""00000100011"": 1, ""00000111011"": 1, ""00101010110"": 1, ""00101110101"": 1, ""00101111000"": 1, ""11011000000"": 1, ""11110111000"": 1}"
019e10f6-bf40-7da3-8de6-d174644c817b,9,73,873,XZXXZIZXIYY,YYIXZIZXXZX,"[0, 1, 3, 4, 6, 7, 8, 9, 10]",-0.00048828124999999913,0.0,10,0.8,"{""00000100000"": 1, ""00101000000"": 1, ""00101010110"": 1, ""00101100000"": 1, ""11011010101"": 1, ""11011100101"": 1, ""11011111000"": 1, ""11110001101"": 1, ""11110001110"": 1, ""11110111000"": 1}"
019e10f6-bf40-7da3-8de6-d174644c817b,9,74,874,XZXXZIZXZII,IIZXZIZXXZX,"[2, 3, 4, 6, 7, 8, 9, 10]",-0.00048828124999999913,0.0,10,0.8,"{""00000000000"": 1, ""00000000001"": 1, ""00000011010"": 1, ""00000100001"": 1, ""00101001100"": 1, ""00101001111"": 1, ""00101111001"": 1, ""10101000000"": 1, ""11011100000"": 1, ""11110001101"": 1}"
019e10f6-bf40-7da3-8de6-d174644c817b,9,75,875,XZXXZIZXZZX,XZZXZIZXXZX,"[0, 1, 2, 3, 4, 6, 7, 8, 9, 10]",-0.00048828124999999913,0.0,10,1.0,"{""00000001100"": 1, ""00000110111"": 1, ""00000111000"": 1, ""00101100011"": 1, ""00101101111"": 1, ""11011001111"": 1, ""11011011000"": 1, ""11011110111"": 1, ""11110010100"": 1, ""11110011011"": 1}"
019e10f6-bf40-7da3-8de6-d174644c817b,9,76,876,XZXXZIZYXXY,YXXYZIZXXZX,"[0, 1, 2, 3, 4, 6, 7, 8, 9, 10]",-0.00048828124999999913,0.0,10,1.0,"{""00000101010"": 1, ""00000111000"": 1, ""00101101111"": 1, ""00101111011"": 1, ""11010000100"": 1, ""11011011011"": 1, ""11011011110"": 1, ""11110010111"": 1, ""11110011011"": 1, ""11110110100"": 1}"
019e10f6-bf40-7da3-8de6-d174644c817b,9,77,877,XZXXZIZYXYZ,ZYXYZIZXXZX,"[0, 1, 2, 3, 4, 6, 7, 8, 9, 10]",0.00048828124999999913,0.0,10,-0.4,"{""00000000010"": 1, ""00000010100"": 1, ""00000010110"": 1, ""00101011110"": 1, ""00101011111"": 1, ""11010010110"": 1, ""11011010110"": 1, ""11011011111"": 1, ""11011100001"": 1, ""11110000111"": 1}"
019e10f6-bf40-7da3-8de6-d174644c817b,9,78,878,XZXXZIZYYIX,XIYYZIZXXZX,"[0, 2, 3, 4, 6, 7, 8, 9, 10]",-0.00048828124999999913,0.0,10,0.6,"{""00000100000"": 1, ""00000111110"": 1, ""00010001100"": 1, ""00101000111"": 1, ""11011000000"": 1, ""11011000111"": 1, ""11011100000"": 1, ""11110000111"": 1, ""11110001011"": 1, ""11110011111"": 1}"
019e10f6-bf40-7da3-8de6-d174644c817b,9,79,879,XZXXZIZYYZI,IZYYZIZXXZX,"[1, 2, 3, 4, 6, 7, 8, 9, 10]",-0.00048828124999999913,0.0,10,0.6,"{""00000000110"": 1, ""00000011001"": 1, ""00000101100"": 1, ""00101110001"": 1, ""00101111000"": 1, ""01011011110"": 1, ""11011000111"": 1, ""11110010101"": 1, ""11110100111"": 1, ""11110110101"": 1}"
019e10f6-bf40-7da3-8de6-d174644c817b,9,80,880,XZXXZZXIXIX,XIXIXZZXXZX,"[0, 2, 4, 5, 6, 7, 8, 9, 10]",-0.00048828124999999913,0.0,10,0.4,"{""00000101100"": 1, ""00000110000"": 1, ""00101100100"": 1, ""00101101001"": 1, ""00111110000"": 1, ""10011001000"": 1, ""11011000000"": 1, ""11011110000"": 1, ""11110000100"": 1, ""11110101011"": 1}"
019e10f6-bf40-7da3-8de6-d174644c817b,9,81,881,XZXXZZXIXZI,IZXIXZZXXZX,"[1, 2, 4, 5, 6, 7, 8, 9, 10]",-0.00048828124999999913,0.0,10,0.8,"{""00000000111"": 1, ""00101101011"": 1, ""00101110001"": 1, ""10101011101"": 1, ""10111110111"": 1, ""11011000001"": 1, ""11011101010"": 1, ""11011110001"": 1, ""11011110111"": 1, ""11110011010"": 1}"
019e10f6-bf40-7da3-8de6-d174644c817b,9,82,882,XZXXZZXIYXY,YXYIXZZXXZX,"[0, 1, 2, 4, 5, 6, 7, 8, 9, 10]",0.00048828124999999913,0.0,10,-0.4,"{""00000101110"": 1, ""00000110010"": 1, ""11001000001"": 1, ""11001011100"": 1, ""11011000100"": 1, ""11011011110"": 1, ""11011100001"": 1, ""11011101010"": 1, ""11011110010"": 1, ""11110110111"": 1}"
019e10f6-bf40-7da3-8de6-d174644c817b,9,83,883,XZXXZZXIYYZ,ZYYIXZZXXZX,"[0, 1, 2, 4, 5, 6, 7, 8, 9, 10]",-0.00048828124999999913,0.0,10,0.4,"{""00000001100"": 1, ""00000011010"": 1, ""00101110101"": 1, ""10000000011"": 1, ""10101011111"": 1, ""11011011111"": 1, ""11011101001"": 1, ""11110000110"": 1, ""11110101001"": 1, ""11110101100"": 1}"
019e10f6-bf40-7da3-8de6-d174644c817b,9,84,884,XZXXZZXZIII,IIIZXZZXXZX,"[3, 4, 5, 6, 7, 8, 9, 10]",-0.00048828124999999913,0.0,10,0.4,"{""00000000101"": 1, ""00000101101"": 1, ""00000110011"": 1, ""00100011001"": 1, ""00101010010"": 1, ""00101011100"": 1, ""00101011101"": 1, ""00101110010"": 1, ""11011010100"": 1, ""11011011000"": 1}"
019e10f6-bf40-7da3-8de6-d174644c817b,9,85,885,XZXXZZXZIZX,XZIZXZZXXZX,"[0, 1, 3, 4, 5, 6, 7, 8, 9, 10]",-0.00048828124999999913,0.0,10,0.8,"{""00000000011"": 1, ""00000000111"": 1, ""00101101011"": 1, ""00101101100"": 1, ""00111101010"": 1, ""11011000111"": 1, ""11011110000"": 1, ""11100101100"": 1, ""11110000100"": 1, ""11110010101"": 1}"
019e10f6-bf40-7da3-8de6-d174644c817b,9,86,886,XZXXZZXZZXZ,ZXZZXZZXXZX,"[0, 1, 2, 3, 4, 5, 6, 7, 8, 9, 10]",-0.00048828124999999913,0.0,10,0.2,"{""00000101000"": 1, ""00101011110"": 1, ""00101101101"": 1, ""00101101110"": 1, ""01011101000"": 1, ""10101000000"": 1, ""11010011101"": 1, ""11011101101"": 1, ""11110010000"": 1, ""11110110101"": 1}"
019e10f6-bf40-7da3-8de6-d174644c817b,9,87,887,XZXXZZXZZYY,YYZZXZZXXZX,"[0, 1, 2, 3, 4, 5, 6, 7, 8, 9, 10]",-0.00048828124999999913,0.0,10,0.8,"{""00000000110"": 1, ""00101000011"": 1, ""00101101000"": 1, ""11011000000"": 1, ""11011000101"": 1, ""11011101000"": 1, ""11011101011"": 1, ""11011110000"": 1, ""11110011110"": 1, ""11110111011"": 1}"
019e10f6-bf40-7da3-8de6-d174644c817b,9,88,888,XZXXZZYXXXY,YXXXYZZXXZX,"[0, 1, 2, 3, 4, 5, 6, 7, 8, 9, 10]",0.00048828124999999913,0.0,10,-0.6,"{""00000100000"": 1, ""00000100111"": 1, ""00000101111"": 1, ""00101010010"": 1, ""00101011010"": 1, ""01001100011"": 1, ""10010111101"": 1, ""11110001000"": 1, ""11110010110"": 1, ""11110110111"": 1}"
019e10f6-bf40-7da3-8de6-d174644c817b,9,89,889,XZXXZZYXXYZ,ZYXXYZZXXZX,"[0, 1, 2, 3, 4, 5, 6, 7, 8, 9, 10]",-0.00048828124999999913,0.0,10,0.4,"{""00000001010"": 1, ""00000001111"": 1, ""00000100100"": 1, ""00000101011"": 1, ""00101011010"": 1, ""00101011110"": 1, ""00101101110"": 1, ""11001111100"": 1, ""11011010101"": 1, ""11110011101"": 1}"
019e10f6-bf40-7da3-8de6-d174644c817b,9,90,890,XZXXZZYXYIX,XIYXYZZXXZX,"[0, 2, 3, 4, 5, 6, 7, 8, 9, 10]",0.00048828124999999913,0.0,10,-0.2,"{""00000100000"": 1, ""00000110000"": 1, ""00000111111"": 1, ""00101001111"": 1, ""00101010001"": 1, ""11011011100"": 1, ""11011110100"": 1, ""11011111110"": 1, ""11110001111"": 1, ""11110110111"": 1}"
019e10f6-bf40-7da3-8de6-d174644c817b,9,91,891,XZXXZZYXYZI,IZYXYZZXXZX,"[1, 2, 3, 4, 5, 6, 7, 8, 9, 10]",0.00048828124999999913,0.0,10,-0.2,"{""00000010101"": 1, ""00000111000"": 1, ""00000111101"": 1, ""00000111110"": 2, ""00010001001"": 1, ""00101000010"": 1, ""00101011101"": 1, ""00101110111"": 1, ""11110111000"": 1}"
019e10f6-bf40-7da3-8de6-d174644c817b,9,92,892,XZXXZZYYIXZ,ZXIYYZZXXZX,"[0, 1, 3, 4, 5, 6, 7, 8, 9, 10]",-0.00048828124999999913,0.0,10,0.6,"{""00000011011"": 1, ""00000100101"": 1, ""00000101000"": 1, ""00101000011"": 1, ""00101101000"": 1, ""11011011000"": 1, ""11011011101"": 1, ""11110001101"": 1, ""11110010000"": 1, ""11110011000"": 1}"
019e10f6-bf40-7da3-8de6-d174644c817b,9,93,893,XZXXZZYYIYY,YYIYYZZXXZX,"[0, 1, 3, 4, 5, 6, 7, 8, 9, 10]",-0.00048828124999999913,0.0,10,0.8,"{""00000101000"": 2, ""00000101101"": 1, ""00000110000"": 1, ""00101111010"": 1, ""11011010101"": 1, ""11011101000"": 1, ""11011110011"": 1, ""11110100101"": 1, ""11111011101"": 1}"
019e10f6-bf40-7da3-8de6-d174644c817b,9,94,894,XZXXZZYYZII,IIZYYZZXXZX,"[2, 3, 4, 5, 6, 7, 8, 9, 10]",-0.00048828124999999913,0.0,10,0.6,"{""00000010100"": 1, ""00000010110"": 1, ""00000011010"": 1, ""00000110100"": 1, ""00000111100"": 1, ""11011000010"": 1, ""11011001011"": 1, ""11110011010"": 1, ""11110100111"": 1, ""11110111101"": 1}"
019e10f6-bf40-7da3-8de6-d174644c817b,9,95,895,XZXXZZYYZZX,XZZYYZZXXZX,"[0, 1, 2, 3, 4, 5, 6, 7, 8, 9, 10]",-0.00048828124999999913,0.0,10,0.2,"{""00000001100"": 1, ""00010101000"": 1, ""00100110011"": 1, ""00101001100"": 1, ""00101100100"": 1, ""11011011011"": 1, ""11011101000"": 1, ""11110001100"": 1, ""11110010000"": 1, ""11110111101"": 1}"
019e10f6-bf40-7da3-8de6-d174644c817b,9,96,896,XZYXXXXXXXY,YXXXXXXXYZX,"[0, 1, 2, 3, 4, 5, 6, 7, 8, 9, 10]",-0.00048828124999999913,0.0,10,0.2,"{""00000000000"": 1, ""00000001110"": 1, ""00000100110"": 1, ""00101001010"": 1, ""10000011010"": 1, ""11110001111"": 1, ""11110010101"": 1, ""11110101011"": 1, ""11111111101"": 1, ""11111111111"": 1}"
019e10f6-bf40-7da3-8de6-d174644c817b,9,97,897,XZYXXXXXXYZ,ZYXXXXXXYZX,"[0, 1, 2, 3, 4, 5, 6, 7, 8, 9, 10]",0.00048828124999999913,0.0,10,-0.2,"{""00000111000"": 1, ""00100011000"": 1, ""00101001101"": 1, ""11010001110"": 1, ""11011011101"": 1, ""11110000100"": 1, ""11110100000"": 1, ""11110101100"": 1, ""11111000111"": 1, ""11111011111"": 1}"
019e10f6-bf40-7da3-8de6-d174644c817b,9,98,898,XZYXXXXXYIX,XIYXXXXXYZX,"[0, 2, 3, 4, 5, 6, 7, 8, 9, 10]",-0.00048828124999999913,0.0,10,0.6,"{""00000010100"": 1, ""00101000111"": 1, ""00101001100"": 1, ""00101101000"": 1, ""11010001000"": 1, ""11010100000"": 1, ""11011000011"": 1, ""11110110000"": 1, ""11110110100"": 1, ""11111100000"": 1}"
019e10f6-bf40-7da3-8de6-d174644c817b,9,99,899,XZYXXXXXYZI,IZYXXXXXYZX,"[1, 2, 3, 4, 5, 6, 7, 8, 9, 10]",-0.00048828124999999913,0.0,10,0.4,"{""00000010001"": 1, ""00100000111"": 1, ""00100001110"": 1, ""00100101010"": 2, ""00101010010"": 1, ""11011011101"": 1, ""11110011000"": 1, ""11111101011"": 1, ""11111101101"": 1}"
019e10f6-d0a5-7433-b3c8-a3b23213e9dd,10,0,900,XZYXXXXYIXZ,ZXIYXXXXYZX,"[0, 1, 3, 4, 5, 6, 7, 8, 9, 10]",0.00048828124999999913,0.0,10,-0.4,"{""00000110101"": 1, ""00001110000"": 1, ""00001110011"": 1, ""00100100101"": 1, ""01011000101"": 1, ""11011000111"": 1, ""11011010000"": 1, ""11011100000"": 1, ""11110010011"": 1, ""11111010011"": 1}"
019e10f6-d0a5-7433-b3c8-a3b23213e9dd,10,1,901,XZYXXXXYIYY,YYIYXXXXYZX,"[0, 1, 3, 4, 5, 6, 7, 8, 9, 10]",0.00048828124999999913,0.0,10,-0.4,"{""00000100011"": 1, ""00010001000"": 1, ""00101001000"": 1, ""00101101110"": 1, ""00101111011"": 1, ""10101000110"": 1, ""11010010110"": 1, ""11011100000"": 1, ""11110101110"": 1, ""11111101001"": 1}"
019e10f6-d0a5-7433-b3c8-a3b23213e9dd,10,2,902,XZYXXXXYZII,IIZYXXXXYZX,"[2, 3, 4, 5, 6, 7, 8, 9, 10]",0.00048828124999999913,0.0,10,-0.2,"{""00000000110"": 1, ""00001001000"": 1, ""00001100110"": 1, ""00100100110"": 1, ""00100111110"": 1, ""01010010101"": 1, ""11010001000"": 1, ""11010001110"": 1, ""11010011111"": 1, ""11110110101"": 1}"
019e10f6-d0a5-7433-b3c8-a3b23213e9dd,10,3,903,XZYXXXXYZZX,XZZYXXXXYZX,"[0, 1, 2, 3, 4, 5, 6, 7, 8, 9, 10]",0.00048828124999999913,0.0,10,-0.8,"{""00001000000"": 1, ""00001100111"": 1, ""00111111100"": 1, ""11010000000"": 1, ""11011110100"": 1, ""11110100000"": 1, ""11110101111"": 1, ""11111001100"": 1, ""11111010000"": 1, ""11111101000"": 1}"
019e10f6-d0a5-7433-b3c8-a3b23213e9dd,10,4,904,XZYXXXYIXIX,XIXIYXXXYZX,"[0, 2, 4, 5, 6, 7, 8, 9, 10]",-0.00048828124999999913,0.0,10,0.4,"{""00000101011"": 1, ""00000110111"": 1, ""00001001011"": 1, ""00001101100"": 1, ""00101110111"": 1, ""00111101100"": 1, ""11010010000"": 1, ""11011000011"": 1, ""11011110000"": 1, ""11110110111"": 1}"
019e10f6-d0a5-7433-b3c8-a3b23213e9dd,10,5,905,XZYXXXYIXZI,IZXIYXXXYZX,"[1, 2, 4, 5, 6, 7, 8, 9, 10]",-0.00048828124999999913,0.0,10,0.6,"{""00000101100"": 1, ""00100100111"": 1, ""00101000001"": 1, ""00101000100"": 1, ""00101011010"": 1, ""11010111100"": 1, ""11011101101"": 1, ""11101100001"": 1, ""11110101010"": 1, ""11111111100"": 1}"
019e10f6-d0a5-7433-b3c8-a3b23213e9dd,10,6,906,XZYXXXYIYXY,YXYIYXXXYZX,"[0, 1, 2, 4, 5, 6, 7, 8, 9, 10]",0.00048828124999999913,0.0,10,-0.2,"{""00000001000"": 1, ""00000011110"": 2, ""00000101101"": 1, ""00001111101"": 1, ""00101101011"": 1, ""11010001101"": 1, ""11010011011"": 1, ""11010011101"": 1, ""11011001011"": 1}"
019e10f6-d0a5-7433-b3c8-a3b23213e9dd,10,7,907,XZYXXXYIYYZ,ZYYIYXXXYZX,"[0, 1, 2, 4, 5, 6, 7, 8, 9, 10]",-0.00048828124999999913,0.0,10,0.8,"{""00001001010"": 1, ""00001100101"": 1, ""00101011010"": 1, ""11010010101"": 1, ""11011000101"": 1, ""11011000110"": 1, ""11011010110"": 1, ""11011101111"": 1, ""11110110011"": 1, ""11111001001"": 1}"
019e10f6-d0a5-7433-b3c8-a3b23213e9dd,10,8,908,XZYXXXYZIII,IIIZYXXXYZX,"[3, 4, 5, 6, 7, 8, 9, 10]",-0.00048828124999999913,0.0,10,0.0,"{""00001101110"": 1, ""00100010111"": 1, ""00100011001"": 1, ""00100110001"": 1, ""00100111011"": 1, ""00101110100"": 1, ""11000100111"": 1, ""11011000010"": 1, ""11011010110"": 1, ""11110110010"": 1}"
019e10f6-d0a5-7433-b3c8-a3b23213e9dd,10,9,909,XZYXXXYZIZX,XZIZYXXXYZX,"[0, 1, 3, 4, 5, 6, 7, 8, 9, 10]",-0.00048828124999999913,0.0,10,0.6,"{""00100100000"": 1, ""00100111000"": 1, ""00100111100"": 2, ""00101011000"": 1, ""11010111000"": 1, ""11011111111"": 1, ""11110010111"": 1, ""11111010011"": 1, ""11111010111"": 1}"
019e10f6-d0a5-7433-b3c8-a3b23213e9dd,10,10,910,XZYXXXYZZXZ,ZXZZYXXXYZX,"[0, 1, 2, 3, 4, 5, 6, 7, 8, 9, 10]",-0.00048828124999999913,0.0,10,0.4,"{""00001111011"": 1, ""00001111110"": 1, ""00100000000"": 1, ""00100010101"": 1, ""01001000000"": 1, ""10000110110"": 1, ""11010111101"": 1, ""11011010011"": 1, ""11011110101"": 1, ""11110110101"": 1}"
019e10f6-d0a5-7433-b3c8-a3b23213e9dd,10,11,911,XZYXXXYZZYY,YYZZYXXXYZX,"[0, 1, 2, 3, 4, 5, 6, 7, 8, 9, 10]",-0.00048828124999999913,0.0,10,0.2,"{""00001001101"": 1, ""00001100001"": 1, ""00010100101"": 1, ""00100111110"": 1, ""00101011001"": 1, ""00110111000"": 1, ""01110101110"": 1, ""11011110000"": 1, ""11011110011"": 1, ""11111010110"": 1}"
019e10f6-d0a5-7433-b3c8-a3b23213e9dd,10,12,912,XZYXXYIXIXZ,ZXIXIYXXYZX,"[0, 1, 3, 5, 6, 7, 8, 9, 10]",0.00048828124999999913,0.0,10,-0.2,"{""00000010101"": 1, ""00000100000"": 1, ""00001110110"": 2, ""00010010101"": 1, ""00101101101"": 1, ""11010001110"": 1, ""11010010101"": 1, ""11011010011"": 1, ""11011111000"": 1}"
019e10f6-d0a5-7433-b3c8-a3b23213e9dd,10,13,913,XZYXXYIXIYY,YYIXIYXXYZX,"[0, 1, 3, 5, 6, 7, 8, 9, 10]",0.00048828124999999913,0.0,10,-0.8,"{""00000011011"": 2, ""00101010101"": 1, ""00101101101"": 1, ""11010000000"": 1, ""11010111011"": 1, ""11011101101"": 1, ""11110011110"": 1, ""11110100011"": 1, ""11111000000"": 1}"
019e10f6-d0a5-7433-b3c8-a3b23213e9dd,10,14,914,XZYXXYIXZII,IIZXIYXXYZX,"[2, 3, 5, 6, 7, 8, 9, 10]",0.00048828124999999913,0.0,10,-0.8,"{""00000010101"": 1, ""00000110100"": 1, ""00001001110"": 1, ""00101010110"": 1, ""00101011000"": 1, ""11110100001"": 1, ""11110100010"": 1, ""11111000000"": 1, ""11111110111"": 2}"
019e10f6-d0a5-7433-b3c8-a3b23213e9dd,10,15,915,XZYXXYIXZZX,XZZXIYXXYZX,"[0, 1, 2, 3, 5, 6, 7, 8, 9, 10]",0.00048828124999999913,0.0,10,-0.8,"{""00001001100"": 1, ""00001110100"": 1, ""00001110111"": 1, ""00100111000"": 1, ""00101011011"": 1, ""11010111000"": 1, ""11011011011"": 1, ""11111001111"": 1, ""11111011011"": 1, ""11111110100"": 1}"
019e10f6-d0a5-7433-b3c8-a3b23213e9dd,10,16,916,XZYXXYIYXXY,YXXYIYXXYZX,"[0, 1, 2, 3, 5, 6, 7, 8, 9, 10]",0.00048828124999999913,0.0,10,-0.8,"{""00000100101"": 1, ""00000101010"": 1, ""00000101100"": 1, ""00000111000"": 1, ""00001001010"": 1, ""00001001100"": 1, ""00001111110"": 1, ""00101101010"": 1, ""11010000011"": 1, ""11010110100"": 1}"
019e10f6-d0a5-7433-b3c8-a3b23213e9dd,10,17,917,XZYXXYIYXYZ,ZYXYIYXXYZX,"[0, 1, 2, 3, 5, 6, 7, 8, 9, 10]",-0.00048828124999999913,0.0,10,0.4,"{""00000100111"": 1, ""00001110010"": 1, ""00001110101"": 1, ""00100000001"": 1, ""00100111101"": 1, ""00101011010"": 1, ""11010011011"": 1, ""11010100100"": 1, ""11011011100"": 1, ""11110100001"": 1}"
019e10f6-d0a5-7433-b3c8-a3b23213e9dd,10,18,918,XZYXXYIYYIX,XIYYIYXXYZX,"[0, 2, 3, 5, 6, 7, 8, 9, 10]",0.00048828124999999913,0.0,10,-0.4,"{""00000100111"": 1, ""00001001000"": 1, ""00100000111"": 1, ""00101011110"": 1, ""00101101100"": 1, ""11010000000"": 1, ""11010111000"": 1, ""11111010011"": 1, ""11111100100"": 1, ""11111110011"": 1}"
019e10f6-d0a5-7433-b3c8-a3b23213e9dd,10,19,919,XZYXXYIYYZI,IZYYIYXXYZX,"[1, 2, 3, 5, 6, 7, 8, 9, 10]",0.00048828124999999913,0.0,10,-0.6,"{""00000101010"": 1, ""00100011001"": 1, ""00100110010"": 1, ""00101011110"": 1, ""11010100001"": 1, ""11011101010"": 1, ""11110011110"": 1, ""11111000001"": 1, ""11111110101"": 1, ""11111111110"": 1}"
019e10f6-d0a5-7433-b3c8-a3b23213e9dd,10,20,920,XZYXXYZIIII,IIIIZYXXYZX,"[4, 5, 6, 7, 8, 9, 10]",0.00048828124999999913,0.0,10,-0.6,"{""00000000010"": 1, ""00000010000"": 2, ""00000011000"": 1, ""00001110101"": 1, ""11010000000"": 1, ""11010111001"": 1, ""11110100101"": 1, ""11110101101"": 1, ""11110110100"": 1}"
019e10f6-d0a5-7433-b3c8-a3b23213e9dd,10,21,921,XZYXXYZIIZX,XZIIZYXXYZX,"[0, 1, 4, 5, 6, 7, 8, 9, 10]",0.00048828124999999913,0.0,10,-0.6,"{""00001110000"": 1, ""00001111011"": 1, ""00101010111"": 1, ""00101100011"": 1, ""01010110100"": 1, ""11110101011"": 1, ""11111000101"": 1, ""11111001011"": 2, ""11111001100"": 1}"
019e10f6-d0a5-7433-b3c8-a3b23213e9dd,10,22,922,XZYXXYZIZXZ,ZXZIZYXXYZX,"[0, 1, 2, 4, 5, 6, 7, 8, 9, 10]",0.00048828124999999913,0.0,10,-0.4,"{""00000011011"": 1, ""00001001101"": 1, ""00001111110"": 1, ""00101101110"": 1, ""01111000110"": 1, ""11010001110"": 1, ""11011000110"": 1, ""11011100011"": 2, ""11111100110"": 1}"
019e10f6-d0a5-7433-b3c8-a3b23213e9dd,10,23,923,XZYXXYZIZYY,YYZIZYXXYZX,"[0, 1, 2, 4, 5, 6, 7, 8, 9, 10]",0.00048828124999999913,0.0,10,-0.8,"{""00100111101"": 1, ""00101111000"": 1, ""01010100000"": 1, ""11010000011"": 1, ""11010000101"": 1, ""11010111110"": 1, ""11011010000"": 1, ""11110010101"": 1, ""11110011110"": 1, ""11111001110"": 1}"
019e10f6-d0a5-7433-b3c8-a3b23213e9dd,10,24,924,XZYXXYZZXIX,XIXZZYXXYZX,"[0, 2, 3, 4, 5, 6, 7, 8, 9, 10]",0.00048828124999999913,0.0,10,-0.2,"{""00000010000"": 1, ""00010011100"": 1, ""00100001100"": 1, ""00100110111"": 1, ""00101101100"": 1, ""00101101111"": 1, ""00101110011"": 1, ""11010000000"": 1, ""11111010111"": 1, ""11111100000"": 1}"
019e10f6-d0a5-7433-b3c8-a3b23213e9dd,10,25,925,XZYXXYZZXZI,IZXZZYXXYZX,"[1, 2, 3, 4, 5, 6, 7, 8, 9, 10]",0.00048828124999999913,0.0,10,-0.2,"{""00000101111"": 1, ""00001011101"": 1, ""00001111010"": 1, ""00100101101"": 1, ""00101010000"": 1, ""00101011010"": 1, ""00110001011"": 1, ""11110010000"": 1, ""11110011010"": 1, ""11110011011"": 1}"
019e10f6-d0a5-7433-b3c8-a3b23213e9dd,10,26,926,XZYXXYZZYXY,YXYZZYXXYZX,"[0, 1, 2, 3, 4, 5, 6, 7, 8, 9, 10]",-0.00048828124999999913,0.0,10,0.6,"{""00000011000"": 1, ""00001000100"": 1, ""00001000111"": 1, ""00100001100"": 1, ""00101010111"": 1, ""11010011101"": 1, ""11011011101"": 1, ""11110100010"": 1, ""11110101110"": 1, ""11111111011"": 1}"
019e10f6-d0a5-7433-b3c8-a3b23213e9dd,10,27,927,XZYXXYZZYYZ,ZYYZZYXXYZX,"[0, 1, 2, 3, 4, 5, 6, 7, 8, 9, 10]",0.00048828124999999913,0.0,10,-0.4,"{""00000100101"": 2, ""00000101001"": 1, ""00101010001"": 1, ""01111001010"": 1, ""10100110101"": 1, ""11011010110"": 1, ""11011101010"": 1, ""11011101111"": 1, ""11111000101"": 1}"
019e10f6-d0a5-7433-b3c8-a3b23213e9dd,10,28,928,XZYXYIXIXIX,XIXIXIYXYZX,"[0, 2, 4, 6, 7, 8, 9, 10]",-0.00048828124999999913,0.0,10,1.0,"{""00001101100"": 2, ""00001110111"": 1, ""00100101011"": 1, ""00100110000"": 1, ""00101000111"": 2, ""10000001100"": 1, ""11110000000"": 1, ""11111101100"": 1}"
019e10f6-d0a5-7433-b3c8-a3b23213e9dd,10,29,929,XZYXYIXIXZI,IZXIXIYXYZX,"[1, 2, 4, 6, 7, 8, 9, 10]",-0.00048828124999999913,0.0,10,0.2,"{""00000011101"": 1, ""00000101011"": 1, ""00100011100"": 1, ""00100101100"": 1, ""00100110111"": 1, ""00111000111"": 1, ""11010010001"": 1, ""11010110111"": 1, ""11101101011"": 1, ""11110011011"": 1}"
019e10f6-d0a5-7433-b3c8-a3b23213e9dd,10,30,930,XZYXYIXIYXY,YXYIXIYXYZX,"[0, 1, 2, 4, 6, 7, 8, 9, 10]",0.00048828124999999913,0.0,10,-0.2,"{""00000011110"": 2, ""00100101000"": 1, ""00100101111"": 1, ""11010000001"": 1, ""11010101101"": 1, ""11011000010"": 1, ""11011101000"": 1, ""11110000100"": 1, ""11110101110"": 1}"
019e10f6-d0a5-7433-b3c8-a3b23213e9dd,10,31,931,XZYXYIXIYYZ,ZYYIXIYXYZX,"[0, 1, 2, 4, 6, 7, 8, 9, 10]",-0.00048828124999999913,0.0,10,0.6,"{""00001010011"": 1, ""00001101111"": 1, ""00100101010"": 1, ""01010110101"": 1, ""11010110101"": 1, ""11011000000"": 1, ""11011000110"": 1, ""11011001010"": 1, ""11110011111"": 1, ""11111110110"": 1}"
019e10f6-d0a5-7433-b3c8-a3b23213e9dd,10,32,932,XZYXYIXZIII,IIIZXIYXYZX,"[3, 4, 6, 7, 8, 9, 10]",-0.00048828124999999913,0.0,10,0.6,"{""00000110111"": 1, ""00001110111"": 1, ""00100101011"": 1, ""00100101100"": 1, ""00100110000"": 1, ""00101000110"": 1, ""00101011101"": 1, ""01110111100"": 1, ""11010101010"": 1, ""11011000010"": 1}"
019e10f6-d0a5-7433-b3c8-a3b23213e9dd,10,33,933,XZYXYIXZIZX,XZIZXIYXYZX,"[0, 1, 3, 4, 6, 7, 8, 9, 10]",-0.00048828124999999913,0.0,10,0.8,"{""00001101000"": 1, ""00100101100"": 1, ""00100110100"": 1, ""00101000100"": 1, ""11010101111"": 1, ""11011000100"": 3, ""11110011100"": 1, ""11111100011"": 1}"
019e10f6-d0a5-7433-b3c8-a3b23213e9dd,10,34,934,XZYXYIXZZXZ,ZXZZXIYXYZX,"[0, 1, 2, 3, 4, 6, 7, 8, 9, 10]",-0.00048828124999999913,0.0,10,1.0,"{""00001101011"": 1, ""00001110101"": 1, ""00101011000"": 2, ""11010101011"": 2, ""11010101101"": 1, ""11010110000"": 1, ""11110000110"": 1, ""11111101101"": 1}"
019e10f6-d0a5-7433-b3c8-a3b23213e9dd,10,35,935,XZYXYIXZZYY,YYZZXIYXYZX,"[0, 1, 2, 3, 4, 6, 7, 8, 9, 10]",-0.00048828124999999913,0.0,10,0.4,"{""00000010011"": 1, ""00001101000"": 1, ""00001101011"": 1, ""00101110000"": 1, ""00101110111"": 1, ""11010110101"": 1, ""11011110000"": 1, ""11110000110"": 1, ""11110011011"": 1, ""11110011101"": 1}"
019e10f6-d0a5-7433-b3c8-a3b23213e9dd,10,36,936,XZYXYIYXXXY,YXXXYIYXYZX,"[0, 1, 2, 3, 4, 6, 7, 8, 9, 10]",0.00048828124999999913,0.0,10,-0.6,"{""00000111000"": 1, ""00001001111"": 1, ""00001110010"": 1, ""00100111000"": 1, ""00101000001"": 1, ""10111001110"": 1, ""11010000000"": 1, ""11011011010"": 1, ""11110100110"": 1, ""11111111011"": 1}"
019e10f6-d0a5-7433-b3c8-a3b23213e9dd,10,37,937,XZYXYIYXXYZ,ZYXXYIYXYZX,"[0, 1, 2, 3, 4, 6, 7, 8, 9, 10]",-0.00048828124999999913,0.0,10,0.6,"{""00001111001"": 1, ""00101000011"": 1, ""00101000110"": 2, ""00101001001"": 1, ""00101001111"": 1, ""00111000000"": 1, ""10001111100"": 1, ""11011010001"": 1, ""11111101000"": 1}"
019e10f6-d0a5-7433-b3c8-a3b23213e9dd,10,38,938,XZYXYIYXYIX,XIYXYIYXYZX,"[0, 2, 3, 4, 6, 7, 8, 9, 10]",0.00048828124999999913,0.0,10,-0.6,"{""00000001111"": 1, ""00001101000"": 1, ""00100111000"": 1, ""00101010111"": 1, ""00101011100"": 1, ""11000101110"": 1, ""11001011000"": 1, ""11010111000"": 1, ""11010111111"": 1, ""11110011100"": 1}"
019e10f6-d0a5-7433-b3c8-a3b23213e9dd,10,39,939,XZYXYIYXYZI,IZYXYIYXYZX,"[1, 2, 3, 4, 6, 7, 8, 9, 10]",0.00048828124999999913,0.0,10,-0.6,"{""00000010001"": 1, ""00001000110"": 1, ""00100001110"": 1, ""00100100111"": 1, ""00100110010"": 1, ""00101001000"": 1, ""00101001001"": 1, ""11010010110"": 1, ""11010111111"": 1, ""11111110101"": 1}"
019e10f6-d0a5-7433-b3c8-a3b23213e9dd,10,40,940,XZYXYIYYIXZ,ZXIYYIYXYZX,"[0, 1, 3, 4, 6, 7, 8, 9, 10]",-0.00048828124999999913,0.0,10,0.8,"{""00001111110"": 1, ""00100101011"": 1, ""00100110000"": 1, ""00100110011"": 1, ""00100111101"": 1, ""11010100110"": 1, ""11010110000"": 1, ""11011011011"": 1, ""11111110110"": 1, ""11111111110"": 1}"
019e10f6-d0a5-7433-b3c8-a3b23213e9dd,10,41,941,XZYXYIYYIYY,YYIYYIYXYZX,"[0, 1, 3, 4, 6, 7, 8, 9, 10]",-0.00048828124999999913,0.0,10,0.0,"{""00000010011"": 1, ""00001000011"": 1, ""00011100101"": 1, ""00100000110"": 1, ""00101010000"": 1, ""00101011000"": 1, ""00101110000"": 1, ""11011000000"": 1, ""11111100001"": 1, ""11111100110"": 1}"
019e10f6-d0a5-7433-b3c8-a3b23213e9dd,10,42,942,XZYXYIYYZII,IIZYYIYXYZX,"[2, 3, 4, 6, 7, 8, 9, 10]",-0.00048828124999999913,0.0,10,0.8,"{""00001100100"": 1, ""00001101011"": 1, ""00100100100"": 1, ""00100101000"": 1, ""00101010101"": 1, ""11000111100"": 1, ""11010110011"": 1, ""11010111110"": 1, ""11010111111"": 1, ""11110011000"": 1}"
019e10f6-d0a5-7433-b3c8-a3b23213e9dd,10,43,943,XZYXYIYYZZX,XZZYYIYXYZX,"[0, 1, 2, 3, 4, 6, 7, 8, 9, 10]",-0.00048828124999999913,0.0,10,0.6,"{""00000001111"": 1, ""00001110000"": 1, ""00100110000"": 1, ""00101011000"": 1, ""10100110000"": 1, ""11010000011"": 1, ""11010110011"": 1, ""11110000000"": 2, ""11111111111"": 1}"
019e10f6-d0a5-7433-b3c8-a3b23213e9dd,10,44,944,XZYXYZIIIII,IIIIIZYXYZX,"[5, 6, 7, 8, 9, 10]",-0.00048828124999999913,0.0,10,0.8,"{""00000011110"": 1, ""00100101101"": 1, ""00100110011"": 1, ""00101001001"": 1, ""00101001010"": 1, ""10100110111"": 1, ""11010100011"": 1, ""11010111011"": 1, ""11110011100"": 1, ""11111100000"": 1}"
019e10f6-d0a5-7433-b3c8-a3b23213e9dd,10,45,945,XZYXYZIIIZX,XZIIIZYXYZX,"[0, 1, 5, 6, 7, 8, 9, 10]",-0.00048828124999999913,0.0,10,0.8,"{""00000000000"": 1, ""00000001011"": 1, ""00100100100"": 1, ""00100110011"": 1, ""00100110111"": 1, ""00101011011"": 1, ""11010110011"": 1, ""11011011000"": 1, ""11011011011"": 1, ""11110100000"": 1}"
019e10f6-d0a5-7433-b3c8-a3b23213e9dd,10,46,946,XZYXYZIIZXZ,ZXZIIZYXYZX,"[0, 1, 2, 5, 6, 7, 8, 9, 10]",-0.00048828124999999913,0.0,10,0.8,"{""00001100000"": 1, ""00001110110"": 1, ""00001111110"": 1, ""00100001110"": 1, ""00100110101"": 1, ""00100111110"": 1, ""11010100110"": 1, ""11010111110"": 1, ""11011000011"": 1, ""11110010011"": 1}"
019e10f6-d0a5-7433-b3c8-a3b23213e9dd,10,47,947,XZYXYZIIZYY,YYZIIZYXYZX,"[0, 1, 2, 5, 6, 7, 8, 9, 10]",-0.00048828124999999913,0.0,10,0.6,"{""00000010011"": 1, ""00001110011"": 1, ""00100111000"": 1, ""00101001011"": 1, ""01011010000"": 1, ""11010100101"": 1, ""11010101000"": 1, ""11011001000"": 1, ""11110011110"": 1, ""11111101100"": 1}"
019e10f6-d0a5-7433-b3c8-a3b23213e9dd,10,48,948,XZYXYZIZXIX,XIXZIZYXYZX,"[0, 2, 3, 5, 6, 7, 8, 9, 10]",-0.00048828124999999913,0.0,10,0.2,"{""00100101011"": 1, ""00100110111"": 1, ""11000111011"": 1, ""11001101011"": 1, ""11010001011"": 1, ""11010101100"": 1, ""11011110000"": 1, ""11110111011"": 1, ""11111100000"": 1, ""11111110111"": 1}"
019e10f6-d0a5-7433-b3c8-a3b23213e9dd,10,49,949,XZYXYZIZXZI,IZXZIZYXYZX,"[1, 2, 3, 5, 6, 7, 8, 9, 10]",-0.00048828124999999913,0.0,10,0.2,"{""00001111010"": 1, ""00100011100"": 1, ""00100110111"": 1, ""00100111110"": 1, ""00101000000"": 1, ""10001111011"": 1, ""11011010001"": 1, ""11011011010"": 1, ""11011101100"": 1, ""11110011010"": 1}"
019e10f6-d0a5-7433-b3c8-a3b23213e9dd,10,50,950,XZYXYZIZYXY,YXYZIZYXYZX,"[0, 1, 2, 3, 5, 6, 7, 8, 9, 10]",0.00048828124999999913,0.0,10,-0.8,"{""00000001110"": 1, ""00100110100"": 1, ""00100111011"": 1, ""00101011110"": 1, ""11010110100"": 1, ""11011001011"": 1, ""11011001101"": 1, ""11110010100"": 1, ""11110011011"": 1, ""11110111110"": 1}"
019e10f6-d0a5-7433-b3c8-a3b23213e9dd,10,51,951,XZYXYZIZYYZ,ZYYZIZYXYZX,"[0, 1, 2, 3, 5, 6, 7, 8, 9, 10]",-0.00048828124999999913,0.0,10,1.0,"{""00000010000"": 1, ""00101000110"": 1, ""00101010110"": 2, ""00101011001"": 1, ""00101011010"": 1, ""00110100100"": 1, ""11011010000"": 1, ""11110000011"": 1, ""11110001111"": 1}"
019e10f6-d0a5-7433-b3c8-a3b23213e9dd,10,52,952,XZYXYZZXIXZ,ZXIXZZYXYZX,"[0, 1, 3, 4, 5, 6, 7, 8, 9, 10]",-0.00048828124999999913,0.0,10,0.4,"{""00001010101"": 1, ""00001111110"": 1, ""00100100011"": 1, ""00100111011"": 1, ""00101011011"": 1, ""11010101101"": 1, ""11010101110"": 1, ""11010111011"": 1, ""11110010110"": 1, ""11110110110"": 1}"
019e10f6-d0a5-7433-b3c8-a3b23213e9dd,10,53,953,XZYXYZZXIYY,YYIXZZYXYZX,"[0, 1, 3, 4, 5, 6, 7, 8, 9, 10]",-0.00048828124999999913,0.0,10,0.2,"{""00000011001"": 1, ""00001101101"": 1, ""00001110110"": 1, ""00101000000"": 1, ""00101011011"": 1, ""00101110110"": 1, ""11010101011"": 1, ""11110111000"": 1, ""11111111011"": 2}"
019e10f6-d0a5-7433-b3c8-a3b23213e9dd,10,54,954,XZYXYZZXZII,IIZXZZYXYZX,"[2, 3, 4, 5, 6, 7, 8, 9, 10]",-0.00048828124999999913,0.0,10,0.2,"{""00001101111"": 1, ""00101000100"": 1, ""00101010111"": 1, ""10100110111"": 1, ""11010111000"": 1, ""11011000011"": 1, ""11011010101"": 1, ""11011010110"": 1, ""11011110110"": 1, ""11111000000"": 1}"
019e10f6-d0a5-7433-b3c8-a3b23213e9dd,10,55,955,XZYXYZZXZZX,XZZXZZYXYZX,"[0, 1, 2, 3, 4, 5, 6, 7, 8, 9, 10]",-0.00048828124999999913,0.0,10,0.8,"{""00000010100"": 1, ""00001100000"": 1, ""00100100000"": 1, ""00101000000"": 1, ""00101000011"": 1, ""00101001100"": 1, ""00101001111"": 1, ""11001111011"": 1, ""11010010111"": 1, ""11011001111"": 1}"
019e10f6-d0a5-7433-b3c8-a3b23213e9dd,10,56,956,XZYXYZZYXXY,YXXYZZYXYZX,"[0, 1, 2, 3, 4, 5, 6, 7, 8, 9, 10]",-0.00048828124999999913,0.0,10,0.6,"{""00000000011"": 1, ""00000010111"": 1, ""00100000111"": 1, ""00100100000"": 1, ""00101000110"": 1, ""11011010001"": 1, ""11110100110"": 1, ""11111100000"": 1, ""11111110101"": 1, ""11111111110"": 1}"
019e10f6-d0a5-7433-b3c8-a3b23213e9dd,10,57,957,XZYXYZZYXYZ,ZYXYZZYXYZX,"[0, 1, 2, 3, 4, 5, 6, 7, 8, 9, 10]",0.00048828124999999913,0.0,10,0.0,"{""00001100000"": 1, ""00001100101"": 1, ""00100100000"": 1, ""00100101000"": 1, ""11010101000"": 1, ""11010110000"": 1, ""11011010011"": 1, ""11110111111"": 1, ""11111011111"": 1, ""11111111111"": 1}"
019e10f6-d0a5-7433-b3c8-a3b23213e9dd,10,58,958,XZYXYZZYYIX,XIYYZZYXYZX,"[0, 2, 3, 4, 5, 6, 7, 8, 9, 10]",-0.00048828124999999913,0.0,10,0.6,"{""00000010011"": 1, ""00000010100"": 1, ""00001100111"": 2, ""00100100111"": 1, ""00110100111"": 1, ""10010110011"": 1, ""11101100100"": 1, ""11110000111"": 1, ""11111100111"": 1}"
019e10f6-d0a5-7433-b3c8-a3b23213e9dd,10,59,959,XZYXYZZYYZI,IZYYZZYXYZX,"[1, 2, 3, 4, 5, 6, 7, 8, 9, 10]",-0.00048828124999999913,0.0,10,0.8,"{""00000011111"": 1, ""00001100111"": 1, ""00001101100"": 1, ""00100100000"": 1, ""00101010100"": 1, ""11011000111"": 1, ""11110001010"": 1, ""11111001010"": 1, ""11111110010"": 1, ""11111111000"": 1}"
019e10f6-d0a5-7433-b3c8-a3b23213e9dd,10,60,960,XZZIXIXIXIX,XIXIXIXIZZX,"[0, 2, 4, 6, 8, 9, 10]",-0.00048828124999999913,0.0,10,0.6,"{""00100101011"": 1, ""00110000100"": 1, ""00110101011"": 1, ""11001101011"": 1, ""11001110011"": 1, ""11010000111"": 2, ""11100000011"": 1, ""11100100000"": 1, ""11101000111"": 1}"
019e10f6-d0a5-7433-b3c8-a3b23213e9dd,10,61,961,XZZIXIXIXZI,IZXIXIXIZZX,"[1, 2, 4, 6, 8, 9, 10]",-0.00048828124999999913,0.0,10,0.8,"{""00001101100"": 1, ""00010000111"": 1, ""00010011011"": 1, ""00110101101"": 1, ""10111011011"": 1, ""11011110000"": 1, ""11100110001"": 1, ""11110101100"": 1, ""11110110000"": 2}"
019e10f6-d0a5-7433-b3c8-a3b23213e9dd,10,62,962,XZZIXIXIYXY,YXYIXIXIZZX,"[0, 1, 2, 4, 6, 8, 9, 10]",0.00048828124999999913,0.0,10,-0.8,"{""00001110001"": 1, ""00011101000"": 1, ""00101111011"": 1, ""01100101001"": 1, ""11000011001"": 1, ""11011101101"": 1, ""11100101011"": 1, ""11101110101"": 1, ""11110011100"": 1, ""11111011011"": 1}"
019e10f6-d0a5-7433-b3c8-a3b23213e9dd,10,63,963,XZZIXIXIYYZ,ZYYIXIXIZZX,"[0, 1, 2, 4, 6, 8, 9, 10]",-0.00048828124999999913,0.0,10,0.2,"{""00000011001"": 1, ""00011111111"": 1, ""00101011010"": 1, ""11000011100"": 1, ""11000101010"": 1, ""11010101001"": 2, ""11101011001"": 1, ""11110000010"": 1, ""11111000110"": 1}"
019e10f6-d0a5-7433-b3c8-a3b23213e9dd,10,64,964,XZZIXIXZIII,IIIZXIXIZZX,"[3, 4, 6, 8, 9, 10]",-0.00048828124999999913,0.0,10,0.4,"{""00000001010"": 1, ""00100100011"": 1, ""00110101000"": 1, ""00110110110"": 1, ""00111000111"": 1, ""11001011001"": 1, ""11011110001"": 1, ""11100101101"": 1, ""11101011100"": 1, ""11111011000"": 1}"
019e10f6-d0a5-7433-b3c8-a3b23213e9dd,10,65,965,XZZIXIXZIZX,XZIZXIXIZZX,"[0, 1, 3, 4, 6, 8, 9, 10]",-0.00048828124999999913,0.0,10,0.4,"{""00000000111"": 1, ""00100000011"": 1, ""00100110111"": 1, ""00101010100"": 1, ""00110001100"": 1, ""00110101011"": 1, ""11100000011"": 1, ""11100110000"": 1, ""11101000111"": 1, ""11101011111"": 1}"
019e10f6-d0a5-7433-b3c8-a3b23213e9dd,10,66,966,XZZIXIXZZXZ,ZXZZXIXIZZX,"[0, 1, 2, 3, 4, 6, 8, 9, 10]",-0.00048828124999999913,0.0,10,0.8,"{""00000011110"": 1, ""00001110101"": 1, ""00010000101"": 1, ""00100101000"": 1, ""00100101110"": 1, ""00100110101"": 1, ""00101000000"": 1, ""10101000000"": 1, ""11010011000"": 1, ""11101000011"": 1}"
019e10f6-d0a5-7433-b3c8-a3b23213e9dd,10,67,967,XZZIXIXZZYY,YYZZXIXIZZX,"[0, 1, 2, 3, 4, 6, 8, 9, 10]",-0.00048828124999999913,0.0,10,0.6,"{""00001101101"": 1, ""00010011011"": 1, ""00010011101"": 1, ""00110101010"": 1, ""00110110000"": 1, ""00111000000"": 1, ""00111010101"": 1, ""11010000011"": 1, ""11011110110"": 1, ""11100101110"": 1}"
019e10f6-d0a5-7433-b3c8-a3b23213e9dd,10,68,968,XZZIXIYXXXY,YXXXYIXIZZX,"[0, 1, 2, 3, 4, 6, 8, 9, 10]",0.00048828124999999913,0.0,10,-0.6,"{""00001100000"": 1, ""00100100101"": 1, ""00101001101"": 1, ""00111001011"": 1, ""10011101001"": 1, ""11000000111"": 1, ""11010011001"": 1, ""11100111101"": 1, ""11101000100"": 1, ""11101001100"": 1}"
019e10f6-d0a5-7433-b3c8-a3b23213e9dd,10,69,969,XZZIXIYXXYZ,ZYXXYIXIZZX,"[0, 1, 2, 3, 4, 6, 8, 9, 10]",-0.00048828124999999913,0.0,10,0.8,"{""00001101110"": 1, ""00010010111"": 1, ""00010011110"": 1, ""00100100100"": 1, ""00101001010"": 1, ""00101001111"": 2, ""00111011110"": 1, ""11011101000"": 1, ""11101010110"": 1}"
019e10f6-d0a5-7433-b3c8-a3b23213e9dd,10,70,970,XZZIXIYXYIX,XIYXYIXIZZX,"[0, 2, 3, 4, 6, 8, 9, 10]",0.00048828124999999913,0.0,10,0.0,"{""00001100111"": 1, ""00100011100"": 1, ""00110001111"": 1, ""10001100111"": 1, ""11000000011"": 1, ""11001000011"": 1, ""11001101011"": 1, ""11001111110"": 1, ""11100101011"": 2}"
019e10f6-d0a5-7433-b3c8-a3b23213e9dd,10,71,971,XZZIXIYXYZI,IZYXYIXIZZX,"[1, 2, 3, 4, 6, 8, 9, 10]",0.00048828124999999913,0.0,10,-0.4,"{""00001100001"": 1, ""00010010110"": 1, ""00010110000"": 1, ""00011100001"": 1, ""00100110001"": 1, ""00101001000"": 1, ""00110100111"": 1, ""01010010001"": 1, ""11011110000"": 1, ""11101000010"": 1}"
019e10f6-d0a5-7433-b3c8-a3b23213e9dd,10,72,972,XZZIXIYYIXZ,ZXIYYIXIZZX,"[0, 1, 3, 4, 6, 8, 9, 10]",-0.00048828124999999913,0.0,10,0.6,"{""00001101000"": 1, ""00011110011"": 1, ""00011111110"": 1, ""00100101011"": 1, ""00110111111"": 1, ""11000111000"": 1, ""11010001101"": 1, ""11011000011"": 1, ""11100110000"": 1, ""11111010110"": 1}"
019e10f6-d0a5-7433-b3c8-a3b23213e9dd,10,73,973,XZZIXIYYIYY,YYIYYIXIZZX,"[0, 1, 3, 4, 6, 8, 9, 10]",-0.00048828124999999913,0.0,10,0.4,"{""00000101000"": 1, ""00010010101"": 1, ""00011110011"": 2, ""00100011000"": 1, ""00110011110"": 1, ""00111111110"": 1, ""11001100101"": 1, ""11101000011"": 2}"
019e10f6-d0a5-7433-b3c8-a3b23213e9dd,10,74,974,XZZIXIYYZII,IIZYYIXIZZX,"[2, 3, 4, 6, 8, 9, 10]",-0.00048828124999999913,0.0,10,0.6,"{""00001101001"": 1, ""00101000100"": 1, ""00101010101"": 1, ""00101010111"": 1, ""00111010101"": 1, ""11000010111"": 1, ""11000011001"": 1, ""11100110011"": 1, ""11110100111"": 1, ""11110110100"": 1}"
019e10f6-d0a5-7433-b3c8-a3b23213e9dd,10,75,975,XZZIXIYYZZX,XZZYYIXIZZX,"[0, 1, 2, 3, 4, 6, 8, 9, 10]",-0.00048828124999999913,0.0,10,0.8,"{""00000011011"": 1, ""00011100111"": 1, ""00011111111"": 1, ""00101011011"": 1, ""10101001111"": 1, ""11000001111"": 1, ""11001101011"": 1, ""11110101000"": 1, ""11110111111"": 1, ""11111011000"": 1}"
019e10f6-d0a5-7433-b3c8-a3b23213e9dd,10,76,976,XZZIXZIIIII,IIIIIZXIZZX,"[5, 6, 8, 9, 10]",-0.00048828124999999913,0.0,10,0.6,"{""00000000101"": 1, ""00001110111"": 1, ""00010000100"": 1, ""00010000101"": 1, ""00010001100"": 1, ""00010001101"": 1, ""00100000010"": 1, ""00100101100"": 1, ""00110111011"": 1, ""11101110000"": 1}"
019e10f6-d0a5-7433-b3c8-a3b23213e9dd,10,77,977,XZZIXZIIIZX,XZIIIZXIZZX,"[0, 1, 5, 6, 8, 9, 10]",-0.00048828124999999913,0.0,10,0.6,"{""00000000000"": 1, ""00000001011"": 1, ""00010100000"": 1, ""10100101010"": 1, ""11000000011"": 1, ""11010001011"": 1, ""11010011000"": 1, ""11101001100"": 2, ""11110010011"": 1}"
019e10f6-d0a5-7433-b3c8-a3b23213e9dd,10,78,978,XZZIXZIIZXZ,ZXZIIZXIZZX,"[0, 1, 2, 5, 6, 8, 9, 10]",-0.00048828124999999913,0.0,10,0.8,"{""00001111011"": 1, ""00011111110"": 1, ""00101001011"": 1, ""00110111110"": 1, ""01010001110"": 1, ""11010010110"": 1, ""11010011000"": 1, ""11100101011"": 1, ""11101010000"": 1, ""11110101101"": 1}"
019e10f6-d0a5-7433-b3c8-a3b23213e9dd,10,79,979,XZZIXZIIZYY,YYZIIZXIZZX,"[0, 1, 2, 5, 6, 8, 9, 10]",-0.00048828124999999913,0.0,10,1.0,"{""00000011000"": 1, ""00000011101"": 1, ""00001100011"": 1, ""00001110110"": 1, ""00100110011"": 1, ""11000010101"": 1, ""11001100011"": 1, ""11010010000"": 1, ""11101001110"": 1, ""11111011011"": 1}"
019e10f6-d0a5-7433-b3c8-a3b23213e9dd,10,80,980,XZZIXZIZXIX,XIXZIZXIZZX,"[0, 2, 3, 5, 6, 8, 9, 10]",-0.00048828124999999913,0.0,10,0.8,"{""00000000111"": 1, ""00000011100"": 1, ""00111011011"": 1, ""11001011100"": 1, ""11001100111"": 1, ""11010000111"": 1, ""11010011011"": 1, ""11011110111"": 1, ""11100111100"": 1, ""11111010000"": 1}"
019e10f6-d0a5-7433-b3c8-a3b23213e9dd,10,81,981,XZZIXZIZXZI,IZXZIZXIZZX,"[1, 2, 3, 5, 6, 8, 9, 10]",-0.00048828124999999913,0.0,10,0.2,"{""00000001100"": 1, ""00001011011"": 1, ""00100111100"": 1, ""00101011011"": 1, ""00110111101"": 1, ""00110111111"": 1, ""10000001010"": 1, ""11001101011"": 1, ""11001111011"": 1, ""11110001010"": 1}"
019e10f6-d0a5-7433-b3c8-a3b23213e9dd,10,82,982,XZZIXZIZYXY,YXYZIZXIZZX,"[0, 1, 2, 3, 5, 6, 8, 9, 10]",0.00048828124999999913,0.0,10,-0.4,"{""00011100111"": 1, ""00100111110"": 1, ""00110100100"": 1, ""00110110000"": 1, ""11010010001"": 1, ""11011000111"": 1, ""11011110111"": 1, ""11100011000"": 1, ""11110101000"": 1, ""11110111011"": 1}"
019e10f6-d0a5-7433-b3c8-a3b23213e9dd,10,83,983,XZZIXZIZYYZ,ZYYZIZXIZZX,"[0, 1, 2, 3, 5, 6, 8, 9, 10]",-0.00048828124999999913,0.0,10,0.8,"{""00001100110"": 1, ""00010010110"": 1, ""00010111010"": 1, ""00100100101"": 1, ""00100111100"": 1, ""00101011100"": 2, ""10001101011"": 1, ""11010011010"": 1, ""11111001010"": 1}"
019e10f6-d0a5-7433-b3c8-a3b23213e9dd,10,84,984,XZZIXZZXIXZ,ZXIXZZXIZZX,"[0, 1, 3, 4, 5, 6, 8, 9, 10]",-0.00048828124999999913,0.0,10,0.6,"{""00001100000"": 1, ""00100110101"": 1, ""00110100000"": 1, ""00110110110"": 1, ""00111011011"": 1, ""11000000000"": 1, ""11000100000"": 1, ""11001100000"": 1, ""11011110101"": 1, ""11100100010"": 1}"
019e10f6-d0a5-7433-b3c8-a3b23213e9dd,10,85,985,XZZIXZZXIYY,YYIXZZXIZZX,"[0, 1, 3, 4, 5, 6, 8, 9, 10]",-0.00048828124999999913,0.0,10,0.4,"{""00000000001"": 1, ""00000001101"": 1, ""00101010110"": 1, ""00111001101"": 1, ""00111001110"": 1, ""11000000010"": 1, ""11000010101"": 1, ""11100110101"": 1, ""11100111000"": 1, ""11111101101"": 1}"
019e10f6-d0a5-7433-b3c8-a3b23213e9dd,10,86,986,XZZIXZZXZII,IIZXZZXIZZX,"[2, 3, 4, 5, 6, 8, 9, 10]",-0.00048828124999999913,0.0,10,0.8,"{""00010001100"": 1, ""00010001110"": 1, ""00011100001"": 1, ""00100100000"": 1, ""00101001111"": 1, ""10100100011"": 1, ""11010010111"": 1, ""11101000001"": 1, ""11110100010"": 1, ""11111000011"": 1}"
019e10f6-d0a5-7433-b3c8-a3b23213e9dd,10,87,987,XZZIXZZXZZX,XZZXZZXIZZX,"[0, 1, 2, 3, 4, 5, 6, 8, 9, 10]",-0.00048828124999999913,0.0,10,0.8,"{""00000001100"": 1, ""00001101111"": 1, ""00010000011"": 1, ""00100110111"": 1, ""00101000011"": 1, ""00110100011"": 1, ""00110110111"": 1, ""11000011011"": 1, ""11100110100"": 1, ""11100111001"": 1}"
019e10f6-d0a5-7433-b3c8-a3b23213e9dd,10,88,988,XZZIXZZYXXY,YXXYZZXIZZX,"[0, 1, 2, 3, 4, 5, 6, 8, 9, 10]",-0.00048828124999999913,0.0,10,0.4,"{""00000001100"": 1, ""00001100101"": 1, ""00010000000"": 1, ""00100011001"": 1, ""00101010010"": 1, ""00110100001"": 1, ""00110110010"": 1, ""00111000101"": 1, ""10111101000"": 1, ""11101001101"": 1}"
019e10f6-d0a5-7433-b3c8-a3b23213e9dd,10,89,989,XZZIXZZYXYZ,ZYXYZZXIZZX,"[0, 1, 2, 3, 4, 5, 6, 8, 9, 10]",0.00048828124999999913,0.0,10,-0.4,"{""00001100101"": 1, ""00001111001"": 1, ""00010100100"": 1, ""11011100111"": 1, ""11101000001"": 1, ""11101000100"": 1, ""11101010110"": 1, ""11111000111"": 1, ""11111010011"": 1, ""11111101000"": 1}"
019e10f6-d0a5-7433-b3c8-a3b23213e9dd,10,90,990,XZZIXZZYYIX,XIYYZZXIZZX,"[0, 2, 3, 4, 5, 6, 8, 9, 10]",-0.00048828124999999913,0.0,10,0.2,"{""00000111111"": 1, ""00011101011"": 2, ""00101001011"": 1, ""00101010010"": 1, ""00111000000"": 1, ""00111010011"": 1, ""11011011000"": 1, ""11110110010"": 1, ""11111010011"": 1}"
019e10f6-d0a5-7433-b3c8-a3b23213e9dd,10,91,991,XZZIXZZYYZI,IZYYZZXIZZX,"[1, 2, 3, 4, 5, 6, 8, 9, 10]",-0.00048828124999999913,0.0,10,0.4,"{""00001111001"": 1, ""00010010101"": 1, ""00101000001"": 1, ""00101011000"": 1, ""00101011001"": 1, ""00111010010"": 1, ""11000010001"": 1, ""11001001100"": 1, ""11010100111"": 1, ""11111010100"": 1}"
019e10f6-d0a5-7433-b3c8-a3b23213e9dd,10,92,992,XZZIYXXXXXY,YXXXXXYIZZX,"[0, 1, 2, 3, 4, 5, 6, 8, 9, 10]",0.00048828124999999913,0.0,10,-0.2,"{""00000100000"": 1, ""00011000100"": 1, ""00011010110"": 1, ""00100010101"": 1, ""00110100001"": 1, ""11010000100"": 1, ""11011011000"": 1, ""11100011011"": 1, ""11101100101"": 1, ""11111110101"": 1}"
019e10f6-d0a5-7433-b3c8-a3b23213e9dd,10,93,993,XZZIYXXXXYZ,ZYXXXXYIZZX,"[0, 1, 2, 3, 4, 5, 6, 8, 9, 10]",-0.00048828124999999913,0.0,10,0.8,"{""00010001010"": 1, ""00010101101"": 1, ""00101000001"": 1, ""00110010101"": 1, ""00110111110"": 1, ""00111100100"": 1, ""00111110101"": 1, ""11000001001"": 1, ""11100001011"": 1, ""11101111111"": 1}"
019e10f6-d0a5-7433-b3c8-a3b23213e9dd,10,94,994,XZZIYXXXYIX,XIYXXXYIZZX,"[0, 2, 3, 4, 5, 6, 8, 9, 10]",0.00048828124999999913,0.0,10,-0.6,"{""00000000101"": 1, ""00000011011"": 1, ""00000100000"": 1, ""00001001100"": 1, ""00011101000"": 1, ""00110111001"": 1, ""11001000100"": 1, ""11001010100"": 1, ""11011111011"": 1, ""11111100111"": 1}"
019e10f6-d0a5-7433-b3c8-a3b23213e9dd,10,95,995,XZZIYXXXYZI,IZYXXXYIZZX,"[1, 2, 3, 4, 5, 6, 8, 9, 10]",0.00048828124999999913,0.0,10,-0.2,"{""00001001101"": 1, ""00100010111"": 1, ""00100011110"": 1, ""00110100100"": 1, ""00110101111"": 1, ""11010010011"": 1, ""11010110010"": 1, ""11100000100"": 1, ""11101011110"": 1, ""11101101011"": 1}"
019e10f6-d0a5-7433-b3c8-a3b23213e9dd,10,96,996,XZZIYXXYIXZ,ZXIYXXYIZZX,"[0, 1, 3, 4, 5, 6, 8, 9, 10]",-0.00048828124999999913,0.0,10,0.6,"{""00001100011"": 1, ""00010100110"": 1, ""00011001101"": 1, ""00101100110"": 1, ""00111110011"": 1, ""11000000011"": 1, ""11000011000"": 1, ""11010001010"": 1, ""11011110101"": 1, ""11101110110"": 1}"
019e10f6-d0a5-7433-b3c8-a3b23213e9dd,10,97,997,XZZIYXXYIYY,YYIYXXYIZZX,"[0, 1, 3, 4, 5, 6, 8, 9, 10]",-0.00048828124999999913,0.0,10,0.6,"{""00010100110"": 1, ""00011101110"": 1, ""00100010101"": 1, ""00101000110"": 1, ""00110000101"": 1, ""11010110011"": 1, ""11011000101"": 1, ""11011100000"": 1, ""11100100000"": 1, ""11111001101"": 1}"
019e10f6-d0a5-7433-b3c8-a3b23213e9dd,10,98,998,XZZIYXXYZII,IIZYXXYIZZX,"[2, 3, 4, 5, 6, 8, 9, 10]",-0.00048828124999999913,0.0,10,0.4,"{""00000111101"": 1, ""00001001101"": 1, ""00010101000"": 1, ""00011000100"": 1, ""00011011110"": 1, ""00101101100"": 1, ""00110000001"": 1, ""00110010010"": 1, ""11101001101"": 1, ""11111111110"": 1}"
019e10f6-d0a5-7433-b3c8-a3b23213e9dd,10,99,999,XZZIYXXYZZX,XZZYXXYIZZX,"[0, 1, 2, 3, 4, 5, 6, 8, 9, 10]",-0.00048828124999999913,0.0,10,0.6,"{""00000000000"": 1, ""00000100111"": 1, ""00100001011"": 1, ""00110010101"": 1, ""01011100011"": 1, ""11001101111"": 1, ""11010101011"": 1, ""11011001001"": 1, ""11011100000"": 1, ""11100111000"": 1}"
019e10f6-e569-7a22-aca4-985ddff0d6c0,11,0,1000,XZZIYXYIXIX,XIXIYXYIZZX,"[0, 2, 4, 5, 6, 8, 9, 10]",0.00048828124999999913,0.0,10,-0.4,"{""00001101100"": 1, ""00100001011"": 1, ""00101100111"": 1, ""00111100000"": 1, ""00111100111"": 1, ""11011001011"": 1, ""11011101101"": 1, ""11101100000"": 1, ""11111010111"": 1, ""11111111011"": 1}"
019e10f6-e569-7a22-aca4-985ddff0d6c0,11,1,1001,XZZIYXYIXZI,IZXIYXYIZZX,"[1, 2, 4, 5, 6, 8, 9, 10]",0.00048828124999999913,0.0,10,-0.4,"{""00001100111"": 1, ""00010111101"": 1, ""00100011010"": 1, ""00100101100"": 1, ""00101111010"": 1, ""11000010010"": 1, ""11001000000"": 1, ""11100000011"": 1, ""11110000000"": 1, ""11111010001"": 1}"
019e10f6-e569-7a22-aca4-985ddff0d6c0,11,2,1002,XZZIYXYIYXY,YXYIYXYIZZX,"[0, 1, 2, 4, 5, 6, 8, 9, 10]",-0.00048828124999999913,0.0,10,0.6,"{""00001101111"": 1, ""00010001101"": 1, ""00010100111"": 1, ""00011010110"": 1, ""00101001110"": 1, ""00101111101"": 1, ""00110010001"": 1, ""10101101000"": 1, ""11100110100"": 1, ""11110101011"": 1}"
019e10f6-e569-7a22-aca4-985ddff0d6c0,11,3,1003,XZZIYXYIYYZ,ZYYIYXYIZZX,"[0, 1, 2, 4, 5, 6, 8, 9, 10]",0.00048828124999999913,0.0,10,-0.6,"{""00000010101"": 1, ""00001101100"": 1, ""00001111111"": 1, ""00011011111"": 1, ""00110110011"": 1, ""11000010000"": 1, ""11000010100"": 1, ""11000100101"": 1, ""11010111001"": 1, ""11111111010"": 1}"
019e10f6-e569-7a22-aca4-985ddff0d6c0,11,4,1004,XZZIYXYZIII,IIIZYXYIZZX,"[3, 4, 5, 6, 8, 9, 10]",0.00048828124999999913,0.0,10,-0.2,"{""00000101011"": 1, ""00001111101"": 1, ""00100011110"": 1, ""00110010111"": 1, ""00110110000"": 1, ""01000111111"": 1, ""11001011000"": 1, ""11011011000"": 1, ""11110110011"": 1, ""11111100101"": 1}"
019e10f6-e569-7a22-aca4-985ddff0d6c0,11,5,1005,XZZIYXYZIZX,XZIZYXYIZZX,"[0, 1, 3, 4, 5, 6, 8, 9, 10]",0.00048828124999999913,0.0,10,-1.0,"{""00000010000"": 1, ""00001101111"": 1, ""00111100100"": 1, ""11000001111"": 1, ""11001110000"": 1, ""11011011000"": 1, ""11100000111"": 1, ""11100101011"": 1, ""11110011000"": 1, ""11111100111"": 1}"
019e10f6-e569-7a22-aca4-985ddff0d6c0,11,6,1006,XZZIYXYZZXZ,ZXZZYXYIZZX,"[0, 1, 2, 3, 4, 5, 6, 8, 9, 10]",0.00048828124999999913,0.0,10,-1.0,"{""00011101101"": 1, ""00110110000"": 1, ""00110110101"": 2, ""11000111110"": 1, ""11010010110"": 1, ""11011000011"": 1, ""11011110000"": 1, ""11110000101"": 1, ""11111101111"": 1}"
019e10f6-e569-7a22-aca4-985ddff0d6c0,11,7,1007,XZZIYXYZZYY,YYZZYXYIZZX,"[0, 1, 2, 3, 4, 5, 6, 8, 9, 10]",0.00048828124999999913,0.0,10,-0.6,"{""00011101000"": 1, ""00100000110"": 1, ""00100111011"": 1, ""00110011110"": 1, ""00110101000"": 1, ""11001011000"": 1, ""11010001011"": 1, ""11010010101"": 1, ""11010101000"": 1, ""11110110110"": 1}"
019e10f6-e569-7a22-aca4-985ddff0d6c0,11,8,1008,XZZIYYIXIXZ,ZXIXIYYIZZX,"[0, 1, 3, 5, 6, 8, 9, 10]",-0.00048828124999999913,0.0,10,0.8,"{""00010000000"": 1, ""00010000001"": 1, ""00010111000"": 1, ""00011100011"": 1, ""00011101110"": 1, ""11000110110"": 1, ""11011101101"": 1, ""11100011011"": 1, ""11101000000"": 1, ""11111111011"": 1}"
019e10f6-e569-7a22-aca4-985ddff0d6c0,11,9,1009,XZZIYYIXIYY,YYIXIYYIZZX,"[0, 1, 3, 5, 6, 8, 9, 10]",-0.00048828124999999913,0.0,10,0.8,"{""00011101110"": 1, ""00101000000"": 1, ""00110011011"": 1, ""00110011110"": 1, ""00110100011"": 1, ""00111001101"": 1, ""11001011011"": 1, ""11100010110"": 1, ""11101001101"": 1, ""11110001000"": 1}"
019e10f6-e569-7a22-aca4-985ddff0d6c0,11,10,1010,XZZIYYIXZII,IIZXIYYIZZX,"[2, 3, 5, 6, 8, 9, 10]",-0.00048828124999999913,0.0,10,0.6,"{""00000001101"": 1, ""00011010110"": 1, ""00100100000"": 1, ""00100101100"": 1, ""10010111011"": 1, ""11010110011"": 1, ""11011100010"": 1, ""11110011011"": 1, ""11111000011"": 1, ""11111001110"": 1}"
019e10f6-e569-7a22-aca4-985ddff0d6c0,11,11,1011,XZZIYYIXZZX,XZZXIYYIZZX,"[0, 1, 2, 3, 5, 6, 8, 9, 10]",-0.00048828124999999913,0.0,10,0.6,"{""00001010100"": 1, ""00001100011"": 1, ""00001101100"": 1, ""00001101111"": 1, ""00001111000"": 1, ""00101111000"": 1, ""00101111011"": 1, ""00111111000"": 1, ""11000011000"": 1, ""11110101100"": 1}"
019e10f6-e569-7a22-aca4-985ddff0d6c0,11,12,1012,XZZIYYIYXXY,YXXYIYYIZZX,"[0, 1, 2, 3, 5, 6, 8, 9, 10]",-0.00048828124999999913,0.0,10,-0.2,"{""00001011101"": 1, ""00010001101"": 1, ""00010110010"": 1, ""00011101001"": 1, ""00100110010"": 1, ""00101010100"": 1, ""00101011101"": 1, ""00111110000"": 1, ""11100100100"": 1, ""11110011101"": 1}"
019e10f6-e569-7a22-aca4-985ddff0d6c0,11,13,1013,XZZIYYIYXYZ,ZYXYIYYIZZX,"[0, 1, 2, 3, 5, 6, 8, 9, 10]",0.00048828124999999913,0.0,10,-0.6,"{""00001010111"": 1, ""00100101110"": 1, ""11001010011"": 1, ""11001010101"": 1, ""11010110101"": 1, ""11010111000"": 1, ""11011011100"": 1, ""11011100010"": 1, ""11100100100"": 1, ""11110011100"": 1}"
019e10f6-e569-7a22-aca4-985ddff0d6c0,11,14,1014,XZZIYYIYYIX,XIYYIYYIZZX,"[0, 2, 3, 5, 6, 8, 9, 10]",-0.00048828124999999913,0.0,10,0.8,"{""00001100111"": 1, ""00010111111"": 1, ""00011100000"": 1, ""00101000011"": 1, ""00110100111"": 1, ""00110101100"": 1, ""11000110011"": 1, ""11010110011"": 1, ""11100011111"": 1, ""11101000000"": 1}"
019e10f6-e569-7a22-aca4-985ddff0d6c0,11,15,1015,XZZIYYIYYZI,IZYYIYYIZZX,"[1, 2, 3, 5, 6, 8, 9, 10]",-0.00048828124999999913,0.0,10,1.0,"{""00000111111"": 1, ""00001010100"": 1, ""00001100111"": 2, ""00001101101"": 1, ""00010110100"": 1, ""11000000110"": 1, ""11001011110"": 1, ""11011101011"": 1, ""11111110011"": 1}"
019e10f6-e569-7a22-aca4-985ddff0d6c0,11,16,1016,XZZIYYZIIII,IIIIZYYIZZX,"[4, 5, 6, 8, 9, 10]",-0.00048828124999999913,0.0,10,0.2,"{""00000101010"": 1, ""00010101110"": 1, ""00101111110"": 1, ""00110011101"": 1, ""00110101011"": 1, ""00111001110"": 1, ""01101001110"": 1, ""11010100111"": 1, ""11010111111"": 1, ""11110011001"": 1}"
019e10f6-e569-7a22-aca4-985ddff0d6c0,11,17,1017,XZZIYYZIIZX,XZIIZYYIZZX,"[0, 1, 4, 5, 6, 8, 9, 10]",-0.00048828124999999913,0.0,10,0.4,"{""00000010000"": 1, ""00010011100"": 1, ""00011010011"": 1, ""00110010111"": 1, ""11001010000"": 1, ""11011101000"": 1, ""11100011111"": 1, ""11101001111"": 1, ""11101111011"": 1, ""11111001101"": 1}"
019e10f6-e569-7a22-aca4-985ddff0d6c0,11,18,1018,XZZIYYZIZXZ,ZXZIZYYIZZX,"[0, 1, 2, 4, 5, 6, 8, 9, 10]",-0.00048828124999999913,0.0,10,0.4,"{""00010000101"": 1, ""00010111000"": 1, ""00011101011"": 1, ""00101100000"": 1, ""00101100101"": 1, ""00110100000"": 1, ""00111001110"": 1, ""01001010000"": 1, ""11100100101"": 1, ""11101110011"": 1}"
019e10f6-e569-7a22-aca4-985ddff0d6c0,11,19,1019,XZZIYYZIZYY,YYZIZYYIZZX,"[0, 1, 2, 4, 5, 6, 8, 9, 10]",-0.00048828124999999913,0.0,10,0.0,"{""00001010110"": 1, ""00001101011"": 1, ""00101000000"": 1, ""01000110110"": 1, ""11010001000"": 1, ""11010100011"": 1, ""11011100011"": 1, ""11101011101"": 1, ""11110110101"": 2}"
019e10f6-e569-7a22-aca4-985ddff0d6c0,11,20,1020,XZZIYYZZXIX,XIXZZYYIZZX,"[0, 2, 3, 4, 5, 6, 8, 9, 10]",-0.00048828124999999913,0.0,10,0.2,"{""00000000111"": 1, ""00001110000"": 1, ""00011001011"": 1, ""11000000000"": 1, ""11000110000"": 1, ""11010011011"": 1, ""11011011100"": 1, ""11100101100"": 1, ""11101110111"": 1, ""11111000001"": 1}"
019e10f6-e569-7a22-aca4-985ddff0d6c0,11,21,1021,XZZIYYZZXZI,IZXZZYYIZZX,"[1, 2, 3, 4, 5, 6, 8, 9, 10]",-0.00048828124999999913,0.0,10,0.4,"{""00000101100"": 1, ""00001101011"": 1, ""00010010111"": 1, ""00010110000"": 1, ""00101001011"": 1, ""00111110001"": 1, ""01111001100"": 1, ""11011010000"": 1, ""11110011011"": 1, ""11111110110"": 1}"
019e10f6-e569-7a22-aca4-985ddff0d6c0,11,22,1022,XZZIYYZZYXY,YXYZZYYIZZX,"[0, 1, 2, 3, 4, 5, 6, 8, 9, 10]",0.00048828124999999913,0.0,10,-0.4,"{""00010110011"": 1, ""00011011101"": 1, ""00100010110"": 1, ""10010000111"": 1, ""11010000111"": 1, ""11011010001"": 1, ""11011100001"": 1, ""11101110111"": 1, ""11110101110"": 1, ""11111110111"": 1}"
019e10f6-e569-7a22-aca4-985ddff0d6c0,11,23,1023,XZZIYYZZYYZ,ZYYZZYYIZZX,"[0, 1, 2, 3, 4, 5, 6, 8, 9, 10]",-0.00048828124999999913,0.0,10,0.6,"{""00001100110"": 1, ""00001101100"": 1, ""00100010001"": 1, ""00100011100"": 1, ""00101001010"": 1, ""00110011100"": 1, ""11000001111"": 1, ""11001100000"": 1, ""11100010000"": 1, ""11111101010"": 1}"
019e10f6-e569-7a22-aca4-985ddff0d6c0,11,24,1024,YXIYXIXIXIX,XIXIXIXYIXY,"[0, 2, 4, 6, 7, 9, 10]",0.00048828124999999913,0.0,10,-0.6,"{""01000000111"": 1, ""01110101111"": 1, ""01110110111"": 1, ""10000011100"": 1, ""10001110000"": 1, ""10111011011"": 1, ""11010011100"": 1, ""11100110000"": 2, ""11111000000"": 1}"
019e10f6-e569-7a22-aca4-985ddff0d6c0,11,25,1025,YXIYXIXIXZI,IZXIXIXYIXY,"[1, 2, 4, 6, 7, 9, 10]",0.00048828124999999913,0.0,10,-0.4,"{""00010011011"": 1, ""01100101011"": 1, ""01110010000"": 1, ""01110110000"": 1, ""01110110110"": 1, ""10000011100"": 1, ""10001101101"": 1, ""10110110001"": 1, ""10111000011"": 1, ""10111010001"": 1}"
019e10f6-e569-7a22-aca4-985ddff0d6c0,11,26,1026,YXIYXIXIYXY,YXYIXIXYIXY,"[0, 1, 2, 4, 6, 7, 9, 10]",-0.00048828124999999913,0.0,10,-0.2,"{""00000011000"": 1, ""00010000010"": 1, ""00101000010"": 1, ""01101000001"": 1, ""01110101110"": 1, ""01111101110"": 1, ""10001011101"": 1, ""11100101000"": 1, ""11100101100"": 1, ""11101110001"": 1}"
019e10f6-e569-7a22-aca4-985ddff0d6c0,11,27,1027,YXIYXIXIYYZ,ZYYIXIXYIXY,"[0, 1, 2, 4, 6, 7, 9, 10]",0.00048828124999999913,0.0,10,-0.2,"{""00000010010"": 1, ""00011000101"": 1, ""00100101001"": 1, ""01111011001"": 1, ""10000000000"": 1, ""10001101010"": 1, ""10001110110"": 1, ""10111000000"": 1, ""11011101101"": 2}"
019e10f6-e569-7a22-aca4-985ddff0d6c0,11,28,1028,YXIYXIXZIII,IIIZXIXYIXY,"[3, 4, 6, 7, 9, 10]",0.00048828124999999913,0.0,10,0.0,"{""00010010100"": 1, ""01000000101"": 1, ""01000000110"": 1, ""01111000011"": 1, ""10001011010"": 1, ""10001101100"": 1, ""11001110000"": 1, ""11011110110"": 1, ""11101110001"": 1, ""11110010011"": 1}"
019e10f6-e569-7a22-aca4-985ddff0d6c0,11,29,1029,YXIYXIXZIZX,XZIZXIXYIXY,"[0, 1, 3, 4, 6, 7, 9, 10]",0.00048828124999999913,0.0,10,-0.6,"{""00111000111"": 1, ""01000011111"": 1, ""01001101011"": 1, ""01001110100"": 1, ""01111100000"": 1, ""10000001011"": 1, ""10111011011"": 1, ""11010000011"": 1, ""11100110111"": 2}"
019e10f6-e569-7a22-aca4-985ddff0d6c0,11,30,1030,YXIYXIXZZXZ,ZXZZXIXYIXY,"[0, 1, 2, 3, 4, 6, 7, 9, 10]",0.00048828124999999913,0.0,10,-0.6,"{""00011101000"": 1, ""00100101011"": 1, ""01001101110"": 1, ""01111011110"": 1, ""10000000011"": 1, ""10001110011"": 1, ""10110110011"": 1, ""11001101110"": 1, ""11010010110"": 1, ""11101000101"": 1}"
019e10f6-e569-7a22-aca4-985ddff0d6c0,11,31,1031,YXIYXIXZZYY,YYZZXIXYIXY,"[0, 1, 2, 3, 4, 6, 7, 9, 10]",0.00048828124999999913,0.0,10,-0.6,"{""00101000011"": 1, ""00101001000"": 1, ""00101011101"": 1, ""01000011110"": 1, ""01001101101"": 1, ""10000101101"": 1, ""10001110110"": 1, ""11010000011"": 1, ""11010000101"": 1, ""11011110011"": 1}"
019e10f6-e569-7a22-aca4-985ddff0d6c0,11,32,1032,YXIYXIYXXXY,YXXXYIXYIXY,"[0, 1, 2, 3, 4, 6, 7, 9, 10]",-0.00048828124999999913,0.0,10,0.2,"{""00010000011"": 1, ""00100101010"": 1, ""01001111011"": 1, ""10000010101"": 1, ""10101010000"": 1, ""10101011010"": 1, ""10110100000"": 1, ""10110110111"": 1, ""10111011010"": 1, ""11101100000"": 1}"
019e10f6-e569-7a22-aca4-985ddff0d6c0,11,33,1033,YXIYXIYXXYZ,ZYXXYIXYIXY,"[0, 1, 2, 3, 4, 6, 7, 9, 10]",0.00048828124999999913,0.0,10,-0.2,"{""00010001000"": 1, ""00010010101"": 1, ""00010101001"": 1, ""00100111001"": 1, ""01111001001"": 1, ""01111010100"": 1, ""10111011010"": 1, ""11010001100"": 1, ""11011111101"": 1, ""11101011101"": 1}"
019e10f6-e569-7a22-aca4-985ddff0d6c0,11,34,1034,YXIYXIYXYIX,XIYXYIXYIXY,"[0, 2, 3, 4, 6, 7, 9, 10]",-0.00048828124999999913,0.0,10,0.2,"{""00101000011"": 1, ""00101110011"": 1, ""01000000011"": 1, ""01000011011"": 1, ""01001110011"": 1, ""01111000000"": 1, ""10000101011"": 1, ""11000000100"": 1, ""11010001111"": 1, ""11011101011"": 1}"
019e10f6-e569-7a22-aca4-985ddff0d6c0,11,35,1035,YXIYXIYXYZI,IZYXYIXYIXY,"[1, 2, 3, 4, 6, 7, 9, 10]",-0.00048828124999999913,0.0,10,-0.6,"{""00101000110"": 1, ""01000011000"": 1, ""01111011010"": 1, ""01111111001"": 1, ""10000010110"": 1, ""10001100010"": 1, ""10011101101"": 1, ""10110110111"": 1, ""11010100111"": 1, ""11100100100"": 1}"
019e10f6-e569-7a22-aca4-985ddff0d6c0,11,36,1036,YXIYXIYYIXZ,ZXIYYIXYIXY,"[0, 1, 3, 4, 6, 7, 9, 10]",0.00048828124999999913,0.0,10,-0.8,"{""00010010110"": 1, ""00100110000"": 1, ""01001101011"": 1, ""01011000011"": 1, ""10001010000"": 1, ""10001110011"": 1, ""10001111110"": 1, ""10111011000"": 1, ""11001001101"": 1, ""11010100101"": 1}"
019e10f6-e569-7a22-aca4-985ddff0d6c0,11,37,1037,YXIYXIYYIYY,YYIYYIXYIXY,"[0, 1, 3, 4, 6, 7, 9, 10]",0.00048828124999999913,0.0,10,-0.8,"{""00010001101"": 1, ""00010010110"": 1, ""01001110011"": 2, ""10001111110"": 1, ""10101110000"": 1, ""10110110000"": 1, ""10111001101"": 1, ""11100101101"": 1, ""11100110011"": 1}"
019e10f6-e569-7a22-aca4-985ddff0d6c0,11,38,1038,YXIYXIYYZII,IIZYYIXYIXY,"[2, 3, 4, 6, 7, 9, 10]",0.00048828124999999913,0.0,10,-0.2,"{""00111000001"": 1, ""01000000010"": 1, ""01000001101"": 1, ""01110001111"": 1, ""10000000000"": 1, ""10000001101"": 1, ""10100011010"": 1, ""10111010010"": 1, ""10111101010"": 1, ""11101000001"": 1}"
019e10f6-e569-7a22-aca4-985ddff0d6c0,11,39,1039,YXIYXIYYZZX,XZZYYIXYIXY,"[0, 1, 2, 3, 4, 6, 7, 9, 10]",0.00048828124999999913,0.0,10,-0.6,"{""00001110000"": 1, ""00101001111"": 1, ""00101011011"": 1, ""01000000000"": 1, ""10111011000"": 1, ""11000010000"": 1, ""11010011001"": 1, ""11011100100"": 1, ""11011101000"": 1, ""11101000011"": 1}"
019e10f6-e569-7a22-aca4-985ddff0d6c0,11,40,1040,YXIYXZIIIII,IIIIIZXYIXY,"[5, 6, 7, 9, 10]",0.00048828124999999913,0.0,10,-1.0,"{""00010000100"": 1, ""00010001001"": 1, ""00100110001"": 1, ""10000000000"": 1, ""10110100111"": 1, ""10110101110"": 1, ""10111000110"": 1, ""10111010011"": 1, ""11100101000"": 1, ""11101000100"": 1}"
019e10f6-e569-7a22-aca4-985ddff0d6c0,11,41,1041,YXIYXZIIIZX,XZIIIZXYIXY,"[0, 1, 5, 6, 7, 9, 10]",0.00048828124999999913,0.0,10,-0.6,"{""00101000000"": 1, ""00101000011"": 1, ""00101100000"": 1, ""01000001111"": 2, ""01001111000"": 1, ""01101011011"": 1, ""10001110011"": 1, ""10110101111"": 1, ""11101011011"": 1}"
019e10f6-e569-7a22-aca4-985ddff0d6c0,11,42,1042,YXIYXZIIZXZ,ZXZIIZXYIXY,"[0, 1, 2, 5, 6, 7, 9, 10]",0.00048828124999999913,0.0,10,0.2,"{""00100001110"": 1, ""01101010101"": 1, ""01110110101"": 1, ""10000111110"": 1, ""10111000011"": 1, ""10111100110"": 1, ""11010001110"": 1, ""11010011110"": 1, ""11101101101"": 1, ""11111010101"": 1}"
019e10f6-e569-7a22-aca4-985ddff0d6c0,11,43,1043,YXIYXZIIZYY,YYZIIZXYIXY,"[0, 1, 2, 5, 6, 7, 9, 10]",0.00048828124999999913,0.0,10,-0.4,"{""00010011101"": 1, ""00110000101"": 1, ""00110110110"": 1, ""10001100011"": 1, ""10110110110"": 1, ""11000000101"": 1, ""11001110101"": 1, ""11010000011"": 1, ""11100111011"": 1, ""11100111101"": 1}"
019e10f6-e569-7a22-aca4-985ddff0d6c0,11,44,1044,YXIYXZIZXIX,XIXZIZXYIXY,"[0, 2, 3, 5, 6, 7, 9, 10]",0.00048828124999999913,0.0,10,-0.4,"{""00000001011"": 1, ""00010010000"": 1, ""01001000000"": 1, ""10000010111"": 1, ""10000011011"": 1, ""10001101011"": 1, ""10110101011"": 1, ""11011010000"": 1, ""11101001011"": 1, ""11101011011"": 1}"
019e10f6-e569-7a22-aca4-985ddff0d6c0,11,45,1045,YXIYXZIZXZI,IZXZIZXYIXY,"[1, 2, 3, 5, 6, 7, 9, 10]",0.00048828124999999913,0.0,10,-0.6,"{""00011100100"": 1, ""01110100111"": 1, ""01111000000"": 1, ""10001101011"": 1, ""10110110110"": 1, ""10111011010"": 1, ""11000101101"": 1, ""11100001100"": 1, ""11100101011"": 1, ""11101000110"": 1}"
019e10f6-e569-7a22-aca4-985ddff0d6c0,11,46,1046,YXIYXZIZYXY,YXYZIZXYIXY,"[0, 1, 2, 3, 5, 6, 7, 9, 10]",-0.00048828124999999913,0.0,10,0.8,"{""00100100001"": 1, ""00100101101"": 1, ""00101001101"": 1, ""01001100010"": 1, ""01110110000"": 1, ""01110110111"": 1, ""01110111110"": 1, ""11010011011"": 1, ""11011100001"": 1, ""11100100111"": 1}"
019e10f6-e569-7a22-aca4-985ddff0d6c0,11,47,1047,YXIYXZIZYYZ,ZYYZIZXYIXY,"[0, 1, 2, 3, 5, 6, 7, 9, 10]",0.00048828124999999913,0.0,10,-0.4,"{""00100010110"": 1, ""00101000011"": 1, ""00110101111"": 1, ""01110101100"": 1, ""01110111010"": 1, ""10111001010"": 1, ""11010000011"": 1, ""11011100000"": 1, ""11011110001"": 1, ""11101000011"": 1}"
019e10f6-e569-7a22-aca4-985ddff0d6c0,11,48,1048,YXIYXZZXIXZ,ZXIXZZXYIXY,"[0, 1, 3, 4, 5, 6, 7, 9, 10]",0.00048828124999999913,0.0,10,-0.4,"{""00010000011"": 1, ""00011001110"": 1, ""00110100000"": 1, ""01001111011"": 1, ""01011111000"": 1, ""10001100011"": 1, ""10001101110"": 1, ""11001111101"": 1, ""11010010110"": 1, ""11100101110"": 1}"
019e10f6-e569-7a22-aca4-985ddff0d6c0,11,49,1049,YXIYXZZXIYY,YYIXZZXYIXY,"[0, 1, 3, 4, 5, 6, 7, 9, 10]",0.00048828124999999913,0.0,10,0.0,"{""00000010110"": 1, ""00010101110"": 1, ""00101001101"": 1, ""00101001110"": 1, ""00110101101"": 1, ""01001001101"": 1, ""01011100000"": 1, ""01111000000"": 1, ""10110101010"": 1, ""11100111000"": 1}"
019e10f6-e569-7a22-aca4-985ddff0d6c0,11,50,1050,YXIYXZZXZII,IIZXZZXYIXY,"[2, 3, 4, 5, 6, 7, 9, 10]",0.00048828124999999913,0.0,10,-0.4,"{""00011100000"": 1, ""00101011001"": 1, ""00111011000"": 1, ""10000000011"": 1, ""10000011000"": 1, ""10001110110"": 1, ""10110100000"": 1, ""10110110111"": 1, ""10111000101"": 1, ""11010110111"": 1}"
019e10f6-e569-7a22-aca4-985ddff0d6c0,11,51,1051,YXIYXZZXZZX,XZZXZZXYIXY,"[0, 1, 2, 3, 4, 5, 6, 7, 9, 10]",0.00048828124999999913,0.0,10,0.2,"{""00101001100"": 1, ""00111001100"": 1, ""01000000000"": 1, ""01001010100"": 1, ""01100111011"": 1, ""10000011000"": 1, ""10100101111"": 1, ""10110101100"": 1, ""11010001000"": 1, ""11011001111"": 1}"
019e10f6-e569-7a22-aca4-985ddff0d6c0,11,52,1052,YXIYXZZYXXY,YXXYZZXYIXY,"[0, 1, 2, 3, 4, 5, 6, 7, 9, 10]",0.00048828124999999913,0.0,10,-0.6,"{""00100100011"": 1, ""00101011011"": 1, ""01001101100"": 1, ""01001111100"": 1, ""01110100000"": 1, ""10010000101"": 1, ""10111011011"": 1, ""11011111000"": 1, ""11100111000"": 1, ""11101011000"": 1}"
019e10f6-e569-7a22-aca4-985ddff0d6c0,11,53,1053,YXIYXZZYXYZ,ZYXYZZXYIXY,"[0, 1, 2, 3, 4, 5, 6, 7, 9, 10]",-0.00048828124999999913,0.0,10,0.8,"{""00011101011"": 1, ""00101001101"": 1, ""00101001110"": 1, ""01111011100"": 1, ""10001101011"": 1, ""10010101000"": 1, ""10101011000"": 1, ""10111010100"": 1, ""11010001110"": 1, ""11101011111"": 1}"
019e10f6-e569-7a22-aca4-985ddff0d6c0,11,54,1054,YXIYXZZYYIX,XIYYZZXYIXY,"[0, 2, 3, 4, 5, 6, 7, 9, 10]",0.00048828124999999913,0.0,10,-0.4,"{""01000010100"": 1, ""01111011000"": 1, ""10001111000"": 1, ""10010010011"": 1, ""10110101011"": 1, ""11011010011"": 1, ""11011101100"": 1, ""11011111000"": 1, ""11101001100"": 1, ""11101111000"": 1}"
019e10f6-e569-7a22-aca4-985ddff0d6c0,11,55,1055,YXIYXZZYYZI,IZYYZZXYIXY,"[1, 2, 3, 4, 5, 6, 7, 9, 10]",0.00048828124999999913,0.0,10,-0.8,"{""00010000101"": 1, ""00010001100"": 1, ""00010011001"": 1, ""00011100110"": 1, ""01110100001"": 1, ""10000010011"": 1, ""10001110100"": 1, ""10111001011"": 1, ""11101011000"": 1, ""11101011001"": 1}"
019e10f6-e569-7a22-aca4-985ddff0d6c0,11,56,1056,YXIYYXXXXXY,YXXXXXYYIXY,"[0, 1, 2, 3, 4, 5, 6, 7, 9, 10]",-0.00048828124999999913,0.0,10,0.4,"{""00100101000"": 1, ""00100111001"": 1, ""01001010110"": 1, ""01100101101"": 1, ""01111111001"": 1, ""10111100110"": 1, ""11011010010"": 1, ""11100011101"": 1, ""11100101110"": 1, ""11101110111"": 1}"
019e10f6-e569-7a22-aca4-985ddff0d6c0,11,57,1057,YXIYYXXXXYZ,ZYXXXXYYIXY,"[0, 1, 2, 3, 4, 5, 6, 7, 9, 10]",0.00048828124999999913,0.0,10,0.0,"{""00010001000"": 1, ""00010011101"": 1, ""01000001100"": 1, ""10000001111"": 1, ""10010110011"": 1, ""10111110111"": 1, ""11011100110"": 1, ""11100000000"": 1, ""11101010000"": 1, ""11101100001"": 1}"
019e10f6-e569-7a22-aca4-985ddff0d6c0,11,58,1058,YXIYYXXXYIX,XIYXXXYYIXY,"[0, 2, 3, 4, 5, 6, 7, 9, 10]",-0.00048828124999999913,0.0,10,0.4,"{""00011001100"": 1, ""00011011000"": 1, ""01000000000"": 1, ""01110010100"": 1, ""10000100100"": 1, ""10110101111"": 1, ""11010101100"": 1, ""11011111111"": 1, ""11101011011"": 1, ""11101101100"": 1}"
019e10f6-e569-7a22-aca4-985ddff0d6c0,11,59,1059,YXIYYXXXYZI,IZYXXXYYIXY,"[1, 2, 3, 4, 5, 6, 7, 9, 10]",-0.00048828124999999913,0.0,10,0.4,"{""00100111100"": 1, ""01001001101"": 1, ""01001101111"": 1, ""01001111010"": 1, ""01111101011"": 1, ""10000111010"": 1, ""10110001100"": 1, ""11000011100"": 1, ""11010010110"": 1, ""11101000000"": 1}"
019e10f6-e569-7a22-aca4-985ddff0d6c0,11,60,1060,YXIYYXXYIXZ,ZXIYXXYYIXY,"[0, 1, 3, 4, 5, 6, 7, 9, 10]",0.00048828124999999913,0.0,10,-0.2,"{""00011011101"": 1, ""01110010000"": 1, ""10000000011"": 1, ""10001000110"": 1, ""10110011011"": 1, ""10110100000"": 1, ""11010000101"": 1, ""11010111101"": 1, ""11101001011"": 1, ""11111000011"": 1}"
019e10f6-e569-7a22-aca4-985ddff0d6c0,11,61,1061,YXIYYXXYIYY,YYIYXXYYIXY,"[0, 1, 3, 4, 5, 6, 7, 9, 10]",0.00048828124999999913,0.0,10,-0.4,"{""00001010011"": 1, ""01000101000"": 1, ""01001000101"": 2, ""01110101011"": 1, ""10000001101"": 1, ""10101100101"": 1, ""10110100011"": 1, ""10110101101"": 1, ""11010111101"": 1}"
019e10f6-e569-7a22-aca4-985ddff0d6c0,11,62,1062,YXIYYXXYZII,IIZYXXYYIXY,"[2, 3, 4, 5, 6, 7, 9, 10]",0.00048828124999999913,0.0,10,-0.4,"{""00010110001"": 1, ""00010111100"": 1, ""00011010001"": 1, ""00100101101"": 1, ""00111011001"": 1, ""01001010001"": 1, ""01001011101"": 1, ""10101111111"": 1, ""10110011010"": 1, ""11101111100"": 1}"
019e10f6-e569-7a22-aca4-985ddff0d6c0,11,63,1063,YXIYYXXYZZX,XZZYXXYYIXY,"[0, 1, 2, 3, 4, 5, 6, 7, 9, 10]",0.00048828124999999913,0.0,10,0.0,"{""00010111000"": 1, ""00101001011"": 1, ""01000101011"": 1, ""01001110111"": 1, ""10000110111"": 1, ""10001011111"": 1, ""10011001011"": 1, ""11010001100"": 1, ""11010010100"": 1, ""11110101111"": 1}"
019e10f6-e569-7a22-aca4-985ddff0d6c0,11,64,1064,YXIYYXYIXIX,XIXIYXYYIXY,"[0, 2, 4, 5, 6, 7, 9, 10]",-0.00048828124999999913,0.0,10,-0.2,"{""00010000111"": 1, ""00100010000"": 1, ""00101010000"": 1, ""00101010110"": 1, ""00101100000"": 1, ""00101100111"": 1, ""00111010000"": 1, ""01100000000"": 1, ""01101001011"": 1, ""10001101100"": 1}"
019e10f6-e569-7a22-aca4-985ddff0d6c0,11,65,1065,YXIYYXYIXZI,IZXIYXYYIXY,"[1, 2, 4, 5, 6, 7, 9, 10]",-0.00048828124999999913,0.0,10,0.2,"{""00011001100"": 1, ""00100101101"": 1, ""00111010000"": 1, ""01000010001"": 1, ""01001000000"": 1, ""01111010000"": 1, ""10001011010"": 1, ""11011011011"": 1, ""11100111100"": 1, ""11101010100"": 1}"
019e10f6-e569-7a22-aca4-985ddff0d6c0,11,66,1066,YXIYYXYIYXY,YXYIYXYYIXY,"[0, 1, 2, 4, 5, 6, 7, 9, 10]",0.00048828124999999913,0.0,10,-0.6,"{""00011011011"": 1, ""00100000001"": 1, ""10000010001"": 1, ""10110001011"": 1, ""10110101000"": 1, ""11011000100"": 1, ""11100101011"": 1, ""11101001110"": 1, ""11101010001"": 1, ""11110011101"": 1}"
019e10f6-e569-7a22-aca4-985ddff0d6c0,11,67,1067,YXIYYXYIYYZ,ZYYIYXYYIXY,"[0, 1, 2, 4, 5, 6, 7, 9, 10]",-0.00048828124999999913,0.0,10,0.6,"{""00100011010"": 1, ""00110110001"": 1, ""01101100011"": 1, ""01110101100"": 1, ""10001000011"": 1, ""10001110101"": 1, ""10110000010"": 1, ""10110000101"": 1, ""11010010011"": 1, ""11101001010"": 1}"
019e10f6-e569-7a22-aca4-985ddff0d6c0,11,68,1068,YXIYYXYZIII,IIIZYXYYIXY,"[3, 4, 5, 6, 7, 9, 10]",-0.00048828124999999913,0.0,10,0.6,"{""00001011110"": 1, ""00101100101"": 1, ""01001101111"": 1, ""01110110110"": 1, ""01111001001"": 1, ""01111010000"": 1, ""01111100001"": 1, ""01111100010"": 1, ""11001011110"": 1, ""11111110101"": 1}"
019e10f6-e569-7a22-aca4-985ddff0d6c0,11,69,1069,YXIYYXYZIZX,XZIZYXYYIXY,"[0, 1, 3, 4, 5, 6, 7, 9, 10]",-0.00048828124999999913,0.0,10,0.6,"{""00010001011"": 1, ""00010100011"": 1, ""00100010111"": 1, ""00101100000"": 1, ""01010100101"": 1, ""01111001011"": 1, ""01111111011"": 1, ""10000100100"": 1, ""10001101111"": 1, ""11110110100"": 1}"
019e10f6-e569-7a22-aca4-985ddff0d6c0,11,70,1070,YXIYYXYZZXZ,ZXZZYXYYIXY,"[0, 1, 2, 3, 4, 5, 6, 7, 9, 10]",-0.00048828124999999913,0.0,10,0.2,"{""00001101011"": 1, ""00011000000"": 1, ""00100001011"": 1, ""01001101110"": 1, ""01011110101"": 1, ""01111001000"": 1, ""10000111011"": 1, ""11100001110"": 1, ""11100110000"": 2}"
019e10f6-e569-7a22-aca4-985ddff0d6c0,11,71,1071,YXIYYXYZZYY,YYZZYXYYIXY,"[0, 1, 2, 3, 4, 5, 6, 7, 9, 10]",-0.00048828124999999913,0.0,10,0.2,"{""00100011000"": 1, ""00101101011"": 1, ""00111010101"": 1, ""01001011101"": 1, ""01111001000"": 1, ""10001101101"": 1, ""10001101110"": 1, ""10001110101"": 1, ""11000100110"": 1, ""11100100110"": 1}"
019e10f6-e569-7a22-aca4-985ddff0d6c0,11,72,1072,YXIYYYIXIXZ,ZXIXIYYYIXY,"[0, 1, 3, 5, 6, 7, 9, 10]",0.00048828124999999913,0.0,10,-0.4,"{""00100101101"": 1, ""00111111000"": 1, ""01000000101"": 1, ""01000010110"": 1, ""01000111011"": 1, ""01111110101"": 1, ""01111111000"": 1, ""10001100000"": 1, ""10001100011"": 1, ""10110101101"": 1}"
019e10f6-e569-7a22-aca4-985ddff0d6c0,11,73,1073,YXIYYYIXIYY,YYIXIYYYIXY,"[0, 1, 3, 5, 6, 7, 9, 10]",0.00048828124999999913,0.0,10,-0.4,"{""00101111011"": 1, ""01000110101"": 1, ""01011010101"": 1, ""01111000011"": 1, ""10000001110"": 1, ""10110010110"": 1, ""11001101110"": 1, ""11011100000"": 1, ""11100100000"": 1, ""11101101101"": 1}"
019e10f6-e569-7a22-aca4-985ddff0d6c0,11,74,1074,YXIYYYIXZII,IIZXIYYYIXY,"[2, 3, 5, 6, 7, 9, 10]",0.00048828124999999913,0.0,10,-0.8,"{""00101000001"": 1, ""01001010110"": 1, ""01110010111"": 1, ""01111111000"": 1, ""01111111010"": 1, ""10001011010"": 1, ""10001100000"": 1, ""10111111010"": 1, ""11011100001"": 1, ""11111001111"": 1}"
019e10f6-e569-7a22-aca4-985ddff0d6c0,11,75,1075,YXIYYYIXZZX,XZZXIYYYIXY,"[0, 1, 2, 3, 5, 6, 7, 9, 10]",0.00048828124999999913,0.0,10,-0.4,"{""00011100011"": 1, ""00011101111"": 1, ""00101001100"": 1, ""01000000000"": 1, ""01110011000"": 1, ""01110011011"": 1, ""10110000000"": 1, ""10111110110"": 1, ""11010111011"": 1, ""11100010000"": 1}"
019e10f6-e569-7a22-aca4-985ddff0d6c0,11,76,1076,YXIYYYIYXXY,YXXYIYYYIXY,"[0, 1, 2, 3, 5, 6, 7, 9, 10]",0.00048828124999999913,0.0,10,-0.4,"{""00011010111"": 1, ""00011100010"": 1, ""01001010001"": 1, ""01001011101"": 1, ""01111000110"": 1, ""10000110111"": 1, ""10001010001"": 1, ""10110001010"": 1, ""11010110101"": 1, ""11100100011"": 1}"
019e10f6-e569-7a22-aca4-985ddff0d6c0,11,77,1077,YXIYYYIYXYZ,ZYXYIYYYIXY,"[0, 1, 2, 3, 5, 6, 7, 9, 10]",-0.00048828124999999913,0.0,10,0.6,"{""00100100111"": 1, ""00111001011"": 1, ""01000000001"": 1, ""01001011011"": 1, ""01111001110"": 1, ""10110000000"": 1, ""10111000001"": 1, ""11011010000"": 1, ""11100010110"": 1, ""11100101011"": 1}"
019e10f6-e569-7a22-aca4-985ddff0d6c0,11,78,1078,YXIYYYIYYIX,XIYYIYYYIXY,"[0, 2, 3, 5, 6, 7, 9, 10]",0.00048828124999999913,0.0,10,-0.8,"{""00011010011"": 1, ""00100101100"": 1, ""01000000000"": 1, ""01000111111"": 1, ""10001010011"": 1, ""10110010100"": 1, ""11100100000"": 2, ""11100111000"": 1, ""11101111111"": 1}"
019e10f6-e569-7a22-aca4-985ddff0d6c0,11,79,1079,YXIYYYIYYZI,IZYYIYYYIXY,"[1, 2, 3, 5, 6, 7, 9, 10]",0.00048828124999999913,0.0,10,-0.4,"{""00100011110"": 1, ""00101111111"": 1, ""01001001010"": 1, ""01101111110"": 1, ""01110101101"": 1, ""10000000001"": 1, ""10101000111"": 1, ""10110101011"": 1, ""11100010100"": 1, ""11100100110"": 1}"
019e10f6-e569-7a22-aca4-985ddff0d6c0,11,80,1080,YXIYYYZIIII,IIIIZYYYIXY,"[4, 5, 6, 7, 9, 10]",0.00048828124999999913,0.0,10,-0.4,"{""00010101011"": 1, ""00100010100"": 1, ""01000111101"": 1, ""01001101110"": 1, ""01111110011"": 1, ""01111110110"": 1, ""10001000001"": 1, ""10001101100"": 1, ""10100100001"": 1, ""11011011000"": 1}"
019e10f6-e569-7a22-aca4-985ddff0d6c0,11,81,1081,YXIYYYZIIZX,XZIIZYYYIXY,"[0, 1, 4, 5, 6, 7, 9, 10]",0.00048828124999999913,0.0,10,-0.6,"{""00011010111"": 1, ""00100011100"": 1, ""00101011000"": 1, ""01101111100"": 1, ""10001011000"": 1, ""10110101011"": 1, ""10110101111"": 1, ""11010110000"": 1, ""11011011000"": 1, ""11100011011"": 1}"
019e10f6-e569-7a22-aca4-985ddff0d6c0,11,82,1082,YXIYYYZIZXZ,ZXZIZYYYIXY,"[0, 1, 2, 4, 5, 6, 7, 9, 10]",0.00048828124999999913,0.0,10,0.2,"{""00011110000"": 1, ""00101111000"": 1, ""01111100101"": 1, ""10000000110"": 1, ""10100101101"": 1, ""10111110101"": 1, ""11011100000"": 1, ""11011101001"": 1, ""11101011011"": 1, ""11110100110"": 1}"
019e10f6-e569-7a22-aca4-985ddff0d6c0,11,83,1083,YXIYYYZIZYY,YYZIZYYYIXY,"[0, 1, 2, 4, 5, 6, 7, 9, 10]",0.00048828124999999913,0.0,10,-0.8,"{""00100100000"": 1, ""01000110110"": 1, ""01110101011"": 1, ""01111111110"": 1, ""10001100000"": 1, ""10110100101"": 1, ""10110101101"": 1, ""11011110110"": 1, ""11101001000"": 1, ""11101001011"": 1}"
019e10f6-e569-7a22-aca4-985ddff0d6c0,11,84,1084,YXIYYYZZXIX,XIXZZYYYIXY,"[0, 2, 3, 4, 5, 6, 7, 9, 10]",0.00048828124999999913,0.0,10,-0.4,"{""01000011100"": 1, ""01010000111"": 1, ""01110010000"": 1, ""01111000000"": 1, ""01111000111"": 1, ""10110011100"": 1, ""11010010110"": 1, ""11010110111"": 1, ""11011100111"": 1, ""11111110000"": 1}"
019e10f6-e569-7a22-aca4-985ddff0d6c0,11,85,1085,YXIYYYZZXZI,IZXZZYYYIXY,"[1, 2, 3, 4, 5, 6, 7, 9, 10]",0.00048828124999999913,0.0,10,-0.6,"{""00100011011"": 1, ""01000011011"": 1, ""01110010110"": 1, ""01111000110"": 1, ""01111111011"": 1, ""10000001011"": 1, ""10000111100"": 1, ""10110100110"": 1, ""10111001010"": 1, ""11010101101"": 1}"
019e10f6-e569-7a22-aca4-985ddff0d6c0,11,86,1086,YXIYYYZZYXY,YXYZZYYYIXY,"[0, 1, 2, 3, 4, 5, 6, 7, 9, 10]",-0.00048828124999999913,0.0,10,0.2,"{""00010110001"": 1, ""00101110010"": 1, ""01000111000"": 1, ""01001010000"": 1, ""01110110100"": 1, ""10000001000"": 1, ""10111000010"": 1, ""11100010110"": 1, ""11101001000"": 1, ""11111000100"": 1}"
019e10f6-e569-7a22-aca4-985ddff0d6c0,11,87,1087,YXIYYYZZYYZ,ZYYZZYYYIXY,"[0, 1, 2, 3, 4, 5, 6, 7, 9, 10]",0.00048828124999999913,0.0,10,-0.4,"{""00100011100"": 1, ""00100101010"": 1, ""00101110101"": 1, ""01001101010"": 1, ""01001101100"": 1, ""01110111100"": 1, ""10000010000"": 1, ""10010110000"": 1, ""10110011010"": 1, ""11100010101"": 1}"
019e10f6-e569-7a22-aca4-985ddff0d6c0,11,88,1088,YXXZXXXXXXY,YXXXXXXZXXY,"[0, 1, 2, 3, 4, 5, 6, 7, 8, 9, 10]",-0.00048828124999999913,0.0,10,0.0,"{""00001010001"": 1, ""00001100011"": 1, ""00011000001"": 1, ""00011001001"": 1, ""00100100110"": 1, ""00110010101"": 1, ""01001000111"": 1, ""11100110001"": 1, ""11101100001"": 1, ""11101100101"": 1}"
019e10f6-e569-7a22-aca4-985ddff0d6c0,11,89,1089,YXXZXXXXXYZ,ZYXXXXXZXXY,"[0, 1, 2, 3, 4, 5, 6, 7, 8, 9, 10]",0.00048828124999999913,0.0,10,-0.6,"{""00011000001"": 1, ""00101100011"": 1, ""00110001011"": 1, ""00110111011"": 1, ""01001111111"": 1, ""01011100110"": 1, ""01110110101"": 1, ""10100011010"": 1, ""11000110111"": 1, ""11011101100"": 1}"
019e10f6-e569-7a22-aca4-985ddff0d6c0,11,90,1090,YXXZXXXXYIX,XIYXXXXZXXY,"[0, 2, 3, 4, 5, 6, 7, 8, 9, 10]",-0.00048828124999999913,0.0,10,0.2,"{""00000001011"": 1, ""00010001000"": 1, ""00100000000"": 1, ""00111110011"": 1, ""01001100011"": 1, ""10010011011"": 1, ""11001000000"": 1, ""11011101011"": 1, ""11110010100"": 1, ""11111010000"": 1}"
019e10f6-e569-7a22-aca4-985ddff0d6c0,11,91,1091,YXXZXXXXYZI,IZYXXXXZXXY,"[1, 2, 3, 4, 5, 6, 7, 8, 9, 10]",-0.00048828124999999913,0.0,10,0.6,"{""00011011001"": 1, ""01000101101"": 1, ""01000110011"": 1, ""10010000011"": 1, ""10101110100"": 1, ""10110000011"": 1, ""10110001111"": 1, ""10110111110"": 1, ""10111011111"": 1, ""11110110101"": 1}"
019e10f6-e569-7a22-aca4-985ddff0d6c0,11,92,1092,YXXZXXXYIXZ,ZXIYXXXZXXY,"[0, 1, 3, 4, 5, 6, 7, 8, 9, 10]",0.00048828124999999913,0.0,10,-0.2,"{""01001101011"": 1, ""10000000110"": 1, ""10000010011"": 1, ""10100110010"": 1, ""10111001011"": 1, ""10111100011"": 1, ""11010010101"": 1, ""11100100110"": 1, ""11101010011"": 1, ""11111100000"": 1}"
019e10f6-e569-7a22-aca4-985ddff0d6c0,11,93,1093,YXXZXXXYIYY,YYIYXXXZXXY,"[0, 1, 3, 4, 5, 6, 7, 8, 9, 10]",0.00048828124999999913,0.0,10,0.0,"{""00000001000"": 1, ""00000010101"": 1, ""00000111011"": 1, ""00010010011"": 1, ""00101001001"": 1, ""00101011101"": 1, ""01010110101"": 1, ""01101011000"": 1, ""10001000000"": 1, ""10001010101"": 1}"
019e10f6-e569-7a22-aca4-985ddff0d6c0,11,94,1094,YXXZXXXYZII,IIZYXXXZXXY,"[2, 3, 4, 5, 6, 7, 8, 9, 10]",0.00048828124999999913,0.0,10,-0.2,"{""01010000000"": 1, ""01110101001"": 1, ""10010110100"": 1, ""10111011101"": 1, ""11001010001"": 1, ""11001111110"": 1, ""11100000000"": 1, ""11100001011"": 1, ""11110011011"": 1, ""11110011110"": 1}"
019e10f6-e569-7a22-aca4-985ddff0d6c0,11,95,1095,YXXZXXXYZZX,XZZYXXXZXXY,"[0, 1, 2, 3, 4, 5, 6, 7, 8, 9, 10]",0.00048828124999999913,0.0,10,-0.4,"{""00001111100"": 1, ""00101010011"": 1, ""00101100111"": 1, ""00110110100"": 1, ""01001100000"": 1, ""01010100011"": 1, ""10010100100"": 1, ""10111100011"": 1, ""11001110111"": 1, ""11011101111"": 1}"
019e10f6-e569-7a22-aca4-985ddff0d6c0,11,96,1096,YXXZXXYIXIX,XIXIYXXZXXY,"[0, 2, 4, 5, 6, 7, 8, 9, 10]",-0.00048828124999999913,0.0,10,0.0,"{""00111000111"": 1, ""01101100000"": 1, ""10010000111"": 1, ""10011110111"": 1, ""11011000000"": 1, ""11100101011"": 1, ""11100110000"": 2, ""11101000000"": 1, ""11111100000"": 1}"
019e10f6-e569-7a22-aca4-985ddff0d6c0,11,97,1097,YXXZXXYIXZI,IZXIYXXZXXY,"[1, 2, 4, 5, 6, 7, 8, 9, 10]",-0.00048828124999999913,0.0,10,0.4,"{""01010001100"": 1, ""01010011010"": 1, ""01011001101"": 1, ""01100011010"": 1, ""10011111011"": 1, ""10101001101"": 1, ""11000011110"": 1, ""11000101101"": 1, ""11100110001"": 1, ""11110011100"": 1}"
019e10f6-e569-7a22-aca4-985ddff0d6c0,11,98,1098,YXXZXXYIYXY,YXYIYXXZXXY,"[0, 1, 2, 4, 5, 6, 7, 8, 9, 10]",0.00048828124999999913,0.0,10,-0.2,"{""00011110100"": 1, ""00110000101"": 1, ""01000100001"": 1, ""01001010100"": 1, ""01110001110"": 1, ""01111110001"": 1, ""10011100011"": 1, ""10100000100"": 1, ""11010011110"": 1, ""11100010010"": 1}"
019e10f6-e569-7a22-aca4-985ddff0d6c0,11,99,1099,YXXZXXYIYYZ,ZYYIYXXZXXY,"[0, 1, 2, 4, 5, 6, 7, 8, 9, 10]",-0.00048828124999999913,0.0,10,-0.2,"{""00000100000"": 1, ""00010111001"": 1, ""00100001010"": 1, ""00110110100"": 1, ""01001110000"": 1, ""10000001101"": 1, ""10000101100"": 1, ""10011001011"": 1, ""10100110010"": 1, ""10111101100"": 1}"
019e10f6-f602-7171-954e-ba96115adc8d,12,0,1100,YXXZXXYZIII,IIIZYXXZXXY,"[3, 4, 5, 6, 7, 8, 9, 10]",-0.00048828124999999913,0.0,10,0.8,"{""00000001011"": 1, ""00110101001"": 1, ""01001101010"": 1, ""10010101101"": 1, ""10011100011"": 1, ""10110100010"": 1, ""10111011100"": 1, ""11011110100"": 1, ""11101000111"": 1, ""11110000111"": 1}"
019e10f6-f602-7171-954e-ba96115adc8d,12,1,1101,YXXZXXYZIZX,XZIZYXXZXXY,"[0, 1, 3, 4, 5, 6, 7, 8, 9, 10]",-0.00048828124999999913,0.0,10,0.2,"{""00000011011"": 1, ""00001110111"": 1, ""00100100011"": 1, ""01010001100"": 1, ""01111001100"": 1, ""10111101011"": 1, ""11001001000"": 1, ""11100001000"": 1, ""11110111111"": 1, ""11111010111"": 1}"
019e10f6-f602-7171-954e-ba96115adc8d,12,2,1102,YXXZXXYZZXZ,ZXZZYXXZXXY,"[0, 1, 2, 3, 4, 5, 6, 7, 8, 9, 10]",-0.00048828124999999913,0.0,10,0.0,"{""00000001011"": 1, ""00111100110"": 1, ""01000000110"": 1, ""01010101011"": 1, ""10011011101"": 1, ""10100001101"": 1, ""11010111110"": 1, ""11100000011"": 1, ""11110011000"": 1, ""11110110000"": 1}"
019e10f6-f602-7171-954e-ba96115adc8d,12,3,1103,YXXZXXYZZYY,YYZZYXXZXXY,"[0, 1, 2, 3, 4, 5, 6, 7, 8, 9, 10]",-0.00048828124999999913,0.0,10,0.4,"{""00001111000"": 1, ""00111110000"": 1, ""00111111110"": 1, ""01011010110"": 1, ""01011011110"": 1, ""10000101000"": 1, ""10001110110"": 1, ""10010101000"": 1, ""10010110110"": 1, ""11010100000"": 1}"
019e10f6-f602-7171-954e-ba96115adc8d,12,4,1104,YXXZXYIXIXZ,ZXIXIYXZXXY,"[0, 1, 3, 5, 6, 7, 8, 9, 10]",0.00048828124999999913,0.0,10,0.0,"{""00000010001"": 1, ""01010001110"": 1, ""01110011000"": 1, ""01111100011"": 1, ""10001011011"": 1, ""10001111000"": 1, ""10110011000"": 1, ""11000110110"": 1, ""11001000000"": 1, ""11101100000"": 1}"
019e10f6-f602-7171-954e-ba96115adc8d,12,5,1105,YXXZXYIXIYY,YYIXIYXZXXY,"[0, 1, 3, 5, 6, 7, 8, 9, 10]",0.00048828124999999913,0.0,10,-0.2,"{""00000100000"": 1, ""00000111011"": 1, ""01011110110"": 1, ""01100100011"": 1, ""10000010110"": 1, ""10000101110"": 1, ""10110110100"": 1, ""10110111011"": 1, ""11010111011"": 1, ""11110010101"": 1}"
019e10f6-f602-7171-954e-ba96115adc8d,12,6,1106,YXXZXYIXZII,IIZXIYXZXXY,"[2, 3, 5, 6, 7, 8, 9, 10]",0.00048828124999999913,0.0,10,-0.8,"{""00010100010"": 1, ""00011011010"": 1, ""01001100011"": 1, ""01010010111"": 1, ""10000110101"": 1, ""10001101111"": 1, ""10111011011"": 1, ""11010001111"": 1, ""11011101101"": 1, ""11100001100"": 1}"
019e10f6-f602-7171-954e-ba96115adc8d,12,7,1107,YXXZXYIXZZX,XZZXIYXZXXY,"[0, 1, 2, 3, 5, 6, 7, 8, 9, 10]",0.00048828124999999913,0.0,10,-0.6,"{""00100000000"": 1, ""00101011011"": 1, ""00111000000"": 1, ""01010010111"": 1, ""01111101111"": 1, ""10011111000"": 1, ""10101110100"": 1, ""10110110100"": 1, ""11000110100"": 1, ""11101110100"": 1}"
019e10f6-f602-7171-954e-ba96115adc8d,12,8,1108,YXXZXYIYXXY,YXXYIYXZXXY,"[0, 1, 2, 3, 5, 6, 7, 8, 9, 10]",0.00048828124999999913,0.0,10,-0.6,"{""00111111011"": 1, ""01110000011"": 1, ""10010011100"": 1, ""10010111001"": 1, ""10011001100"": 1, ""10110110001"": 1, ""10111010010"": 1, ""11000100000"": 1, ""11011100101"": 1, ""11110011100"": 1}"
019e10f6-f602-7171-954e-ba96115adc8d,12,9,1109,YXXZXYIYXYZ,ZYXYIYXZXXY,"[0, 1, 2, 3, 5, 6, 7, 8, 9, 10]",-0.00048828124999999913,0.0,10,0.8,"{""01010101011"": 1, ""01011001011"": 1, ""01100101110"": 1, ""01101000111"": 1, ""01111100100"": 1, ""10000000010"": 1, ""10000111111"": 1, ""10111100010"": 1, ""11000100000"": 1, ""11001110011"": 1}"
019e10f6-f602-7171-954e-ba96115adc8d,12,10,1110,YXXZXYIYYIX,XIYYIYXZXXY,"[0, 2, 3, 5, 6, 7, 8, 9, 10]",0.00048828124999999913,0.0,10,-0.2,"{""00100110011"": 1, ""01000011111"": 1, ""01001101100"": 1, ""01011000011"": 1, ""01110111111"": 1, ""01111010011"": 1, ""11000010011"": 1, ""11001101011"": 1, ""11010001011"": 1, ""11100000100"": 1}"
019e10f6-f602-7171-954e-ba96115adc8d,12,11,1111,YXXZXYIYYZI,IZYYIYXZXXY,"[1, 2, 3, 5, 6, 7, 8, 9, 10]",0.00048828124999999913,0.0,10,-0.8,"{""00110010010"": 2, ""01001001101"": 1, ""01110000110"": 1, ""10100100001"": 1, ""10100100110"": 1, ""11000010010"": 1, ""11000101101"": 1, ""11100000110"": 1, ""11110100111"": 1}"
019e10f6-f602-7171-954e-ba96115adc8d,12,12,1112,YXXZXYZIIII,IIIIZYXZXXY,"[4, 5, 6, 7, 8, 9, 10]",0.00048828124999999913,0.0,10,-0.8,"{""00001110010"": 1, ""00100000001"": 1, ""00101010100"": 1, ""00101101110"": 1, ""00111001010"": 1, ""01011100100"": 1, ""01100101011"": 1, ""01110000100"": 1, ""10111100010"": 1, ""11010001000"": 1}"
019e10f6-f602-7171-954e-ba96115adc8d,12,13,1113,YXXZXYZIIZX,XZIIZYXZXXY,"[0, 1, 4, 5, 6, 7, 8, 9, 10]",0.00048828124999999913,0.0,10,-0.6,"{""00000010100"": 1, ""00011001000"": 1, ""00101011111"": 1, ""00101101000"": 1, ""00111110000"": 1, ""01110110011"": 1, ""10011000111"": 1, ""10011001011"": 2, ""11000111011"": 1}"
019e10f6-f602-7171-954e-ba96115adc8d,12,14,1114,YXXZXYZIZXZ,ZXZIZYXZXXY,"[0, 1, 2, 4, 5, 6, 7, 8, 9, 10]",0.00048828124999999913,0.0,10,-0.8,"{""00000111000"": 1, ""01010101011"": 1, ""01100101101"": 1, ""01110000011"": 1, ""10011001011"": 1, ""10101001101"": 1, ""10101001110"": 1, ""11001110000"": 1, ""11011011110"": 1, ""11110101011"": 1}"
019e10f6-f602-7171-954e-ba96115adc8d,12,15,1115,YXXZXYZIZYY,YYZIZYXZXXY,"[0, 1, 2, 4, 5, 6, 7, 8, 9, 10]",0.00048828124999999913,0.0,10,-0.6,"{""01100100011"": 1, ""01101011100"": 1, ""10001011011"": 1, ""10010110110"": 1, ""10100011011"": 1, ""10110110000"": 1, ""11001101101"": 1, ""11011010000"": 1, ""11011010110"": 1, ""11100110110"": 1}"
019e10f6-f602-7171-954e-ba96115adc8d,12,16,1116,YXXZXYZZXIX,XIXZZYXZXXY,"[0, 2, 3, 4, 5, 6, 7, 8, 9, 10]",0.00048828124999999913,0.0,10,-0.6,"{""00001110111"": 1, ""00100100000"": 1, ""01011111011"": 1, ""10000110111"": 1, ""10000111011"": 1, ""10001101011"": 1, ""10011010000"": 1, ""10111011100"": 1, ""11100110000"": 1, ""11101101100"": 1}"
019e10f6-f602-7171-954e-ba96115adc8d,12,17,1117,YXXZXYZZXZI,IZXZZYXZXXY,"[1, 2, 3, 4, 5, 6, 7, 8, 9, 10]",0.00048828124999999913,0.0,10,-0.2,"{""00000111000"": 1, ""00001100110"": 1, ""00110011011"": 1, ""00111001010"": 1, ""01100011101"": 1, ""01100100110"": 1, ""10011111111"": 1, ""10110000011"": 1, ""10110001000"": 1, ""11100110111"": 1}"
019e10f6-f602-7171-954e-ba96115adc8d,12,18,1118,YXXZXYZZYXY,YXYZZYXZXXY,"[0, 1, 2, 3, 4, 5, 6, 7, 8, 9, 10]",-0.00048828124999999913,0.0,10,0.6,"{""00000101101"": 1, ""00100110100"": 1, ""01011001110"": 1, ""01110001100"": 1, ""10001011100"": 1, ""10001101000"": 1, ""10011000001"": 1, ""10011000111"": 1, ""10111100001"": 1, ""11000101101"": 1}"
019e10f6-f602-7171-954e-ba96115adc8d,12,19,1119,YXXZXYZZYYZ,ZYYZZYXZXXY,"[0, 1, 2, 3, 4, 5, 6, 7, 8, 9, 10]",0.00048828124999999913,0.0,10,-0.8,"{""01000001100"": 1, ""01010110000"": 1, ""01100011111"": 1, ""01100100101"": 1, ""01101111111"": 1, ""01110000000"": 1, ""10001011001"": 1, ""10010101010"": 1, ""11100000011"": 1, ""11100000110"": 1}"
019e10f6-f602-7171-954e-ba96115adc8d,12,20,1120,YXXZYIXIXIX,XIXIXIYZXXY,"[0, 2, 4, 6, 7, 8, 9, 10]",-0.00048828124999999913,0.0,10,0.4,"{""00000011100"": 1, ""00010101100"": 1, ""00110010000"": 1, ""01010011011"": 1, ""01111011011"": 1, ""10011101100"": 1, ""10110110111"": 1, ""11000000000"": 1, ""11000110111"": 1, ""11011101100"": 1}"
019e10f6-f602-7171-954e-ba96115adc8d,12,21,1121,YXXZYIXIXZI,IZXIXIYZXXY,"[1, 2, 4, 6, 7, 8, 9, 10]",-0.00048828124999999913,0.0,10,0.8,"{""00001110110"": 1, ""01000101101"": 1, ""01000110001"": 1, ""01010000011"": 1, ""01010000110"": 1, ""01111010010"": 1, ""10000101010"": 1, ""10000110000"": 1, ""10010000110"": 1, ""10011110110"": 1}"
019e10f6-f602-7171-954e-ba96115adc8d,12,22,1122,YXXZYIXIYXY,YXYIXIYZXXY,"[0, 1, 2, 4, 6, 7, 8, 9, 10]",0.00048828124999999913,0.0,10,-0.2,"{""00101000010"": 1, ""00110011110"": 1, ""01100011110"": 1, ""01101110111"": 1, ""10001101000"": 1, ""10110101001"": 1, ""10110110010"": 1, ""10111110001"": 1, ""11110110111"": 1, ""11111110100"": 1}"
019e10f6-f602-7171-954e-ba96115adc8d,12,23,1123,YXXZYIXIYYZ,ZYYIXIYZXXY,"[0, 1, 2, 4, 6, 7, 8, 9, 10]",-0.00048828124999999913,0.0,10,0.0,"{""00010001010"": 1, ""00010101010"": 1, ""00101101010"": 1, ""00111110011"": 1, ""01110101100"": 1, ""10010110011"": 1, ""10011011001"": 1, ""11011011000"": 1, ""11101011110"": 1, ""11111110000"": 1}"
019e10f6-f602-7171-954e-ba96115adc8d,12,24,1124,YXXZYIXZIII,IIIZXIYZXXY,"[3, 4, 6, 7, 8, 9, 10]",-0.00048828124999999913,0.0,10,0.8,"{""00001110001"": 1, ""00010000001"": 1, ""00010110011"": 1, ""00100101110"": 1, ""01100000001"": 1, ""10001000100"": 1, ""10100011001"": 1, ""10110101010"": 1, ""11101011000"": 1, ""11101011011"": 1}"
019e10f6-f602-7171-954e-ba96115adc8d,12,25,1125,YXXZYIXZIZX,XZIZXIYZXXY,"[0, 1, 3, 4, 6, 7, 8, 9, 10]",-0.00048828124999999913,0.0,10,-0.2,"{""00001111011"": 1, ""01001011000"": 1, ""01101110100"": 1, ""01101111011"": 1, ""10011110101"": 1, ""10111110111"": 1, ""11010011100"": 1, ""11100101111"": 1, ""11101000011"": 1, ""11111000100"": 1}"
019e10f6-f602-7171-954e-ba96115adc8d,12,26,1126,YXXZYIXZZXZ,ZXZZXIYZXXY,"[0, 1, 2, 3, 4, 6, 7, 8, 9, 10]",-0.00048828124999999913,0.0,10,0.4,"{""00011000000"": 1, ""00101011001"": 1, ""00101011110"": 1, ""01101110101"": 1, ""10000101101"": 1, ""10010101010"": 1, ""10011000000"": 1, ""10011101110"": 1, ""11001000101"": 1, ""11010101101"": 1}"
019e10f6-f602-7171-954e-ba96115adc8d,12,27,1127,YXXZYIXZZYY,YYZZXIYZXXY,"[0, 1, 2, 3, 4, 6, 7, 8, 9, 10]",-0.00048828124999999913,0.0,10,0.6,"{""00101000000"": 1, ""00101011011"": 1, ""00101100011"": 1, ""01011000000"": 1, ""01110110011"": 1, ""01111011000"": 1, ""10011100101"": 1, ""10111000101"": 1, ""11011011101"": 1, ""11110011101"": 1}"
019e10f6-f602-7171-954e-ba96115adc8d,12,28,1128,YXXZYIYXXXY,YXXXYIYZXXY,"[0, 1, 2, 3, 4, 6, 7, 8, 9, 10]",0.00048828124999999913,0.0,10,-0.2,"{""00010011001"": 1, ""00110011010"": 1, ""00110110100"": 1, ""01110101010"": 1, ""10011010011"": 1, ""10111000001"": 1, ""11000111000"": 1, ""11001101111"": 1, ""11111100000"": 2}"
019e10f6-f602-7171-954e-ba96115adc8d,12,29,1129,YXXZYIYXXYZ,ZYXXYIYZXXY,"[0, 1, 2, 3, 4, 6, 7, 8, 9, 10]",-0.00048828124999999913,0.0,10,-0.2,"{""00010111010"": 1, ""01000101011"": 1, ""01111000001"": 1, ""01111000010"": 1, ""10000011110"": 1, ""10010000110"": 1, ""10010110011"": 1, ""10011100101"": 1, ""10101011011"": 1, ""11010101011"": 1}"
019e10f6-f602-7171-954e-ba96115adc8d,12,30,1130,YXXZYIYXYIX,XIYXYIYZXXY,"[0, 2, 3, 4, 6, 7, 8, 9, 10]",0.00048828124999999913,0.0,10,0.0,"{""00000101100"": 1, ""00100100100"": 1, ""01000101011"": 1, ""01111010000"": 1, ""10101101100"": 1, ""10111000111"": 1, ""11011000011"": 1, ""11011110100"": 1, ""11110010111"": 1, ""11111100011"": 1}"
019e10f6-f602-7171-954e-ba96115adc8d,12,31,1131,YXXZYIYXYZI,IZYXYIYZXXY,"[1, 2, 3, 4, 6, 7, 8, 9, 10]",0.00048828124999999913,0.0,10,-0.2,"{""00111110101"": 1, ""01001100110"": 1, ""01011000011"": 1, ""10011011100"": 1, ""10101110101"": 1, ""10110111001"": 1, ""10111001000"": 1, ""11001011011"": 1, ""11001101100"": 1, ""11111100001"": 1}"
019e10f6-f602-7171-954e-ba96115adc8d,12,32,1132,YXXZYIYYIXZ,ZXIYYIYZXXY,"[0, 1, 3, 4, 6, 7, 8, 9, 10]",-0.00048828124999999913,0.0,10,0.2,"{""00001001101"": 1, ""01001000011"": 1, ""01001001110"": 1, ""01101110011"": 1, ""01110010010"": 1, ""01110111000"": 1, ""01111110011"": 1, ""10000111101"": 1, ""10110110000"": 1, ""11101001101"": 1}"
019e10f6-f602-7171-954e-ba96115adc8d,12,33,1133,YXXZYIYYIYY,YYIYYIYZXXY,"[0, 1, 3, 4, 6, 7, 8, 9, 10]",-0.00048828124999999913,0.0,10,0.2,"{""00000011011"": 1, ""00001100101"": 1, ""00011100000"": 1, ""00100110000"": 1, ""00110101011"": 1, ""01000111110"": 1, ""01111101011"": 1, ""10011010110"": 1, ""10111000000"": 1, ""11101110000"": 1}"
019e10f6-f602-7171-954e-ba96115adc8d,12,34,1134,YXXZYIYYZII,IIZYYIYZXXY,"[2, 3, 4, 6, 7, 8, 9, 10]",-0.00048828124999999913,0.0,10,0.8,"{""00010110011"": 1, ""00100110000"": 1, ""01000011110"": 1, ""01111001110"": 1, ""10110110010"": 1, ""11000010111"": 1, ""11010001110"": 1, ""11011000000"": 1, ""11011001111"": 1, ""11101010101"": 1}"
019e10f6-f602-7171-954e-ba96115adc8d,12,35,1135,YXXZYIYYZZX,XZZYYIYZXXY,"[0, 1, 2, 3, 4, 6, 7, 8, 9, 10]",-0.00048828124999999913,0.0,10,0.8,"{""01010001100"": 1, ""01011101011"": 1, ""01100110011"": 1, ""01111010100"": 1, ""10000100100"": 1, ""10100010100"": 1, ""10101101000"": 1, ""10111001111"": 1, ""11001111100"": 1, ""11110000000"": 1}"
019e10f6-f602-7171-954e-ba96115adc8d,12,36,1136,YXXZYZIIIII,IIIIIZYZXXY,"[5, 6, 7, 8, 9, 10]",-0.00048828124999999913,0.0,10,0.0,"{""00110100110"": 1, ""10001011000"": 1, ""10110011110"": 1, ""10110110101"": 1, ""11000101010"": 1, ""11010111010"": 1, ""11011000010"": 1, ""11100010010"": 1, ""11100011011"": 1, ""11110001110"": 1}"
019e10f6-f602-7171-954e-ba96115adc8d,12,37,1137,YXXZYZIIIZX,XZIIIZYZXXY,"[0, 1, 5, 6, 7, 8, 9, 10]",-0.00048828124999999913,0.0,10,0.8,"{""00100011011"": 1, ""00101000011"": 1, ""00101010100"": 1, ""00111110000"": 1, ""10000100100"": 1, ""11000001000"": 1, ""11011001011"": 1, ""11101010100"": 1, ""11110001011"": 1, ""11110011011"": 1}"
019e10f6-f602-7171-954e-ba96115adc8d,12,38,1138,YXXZYZIIZXZ,ZXZIIZYZXXY,"[0, 1, 2, 5, 6, 7, 8, 9, 10]",-0.00048828124999999913,0.0,10,0.8,"{""00000010101"": 1, ""01100011110"": 1, ""01101111011"": 1, ""01110101110"": 1, ""10010000000"": 1, ""10010111000"": 1, ""10101111110"": 1, ""11001100000"": 1, ""11011001110"": 1, ""11100111110"": 1}"
019e10f6-f602-7171-954e-ba96115adc8d,12,39,1139,YXXZYZIIZYY,YYZIIZYZXXY,"[0, 1, 2, 5, 6, 7, 8, 9, 10]",-0.00048828124999999913,0.0,10,0.6,"{""01001010000"": 1, ""01111000101"": 1, ""10000011101"": 1, ""10010000000"": 2, ""10101110101"": 1, ""10111010101"": 1, ""11000110011"": 1, ""11010111000"": 1, ""11100110101"": 1}"
019e10f6-f602-7171-954e-ba96115adc8d,12,40,1140,YXXZYZIZXIX,XIXZIZYZXXY,"[0, 2, 3, 5, 6, 7, 8, 9, 10]",-0.00048828124999999913,0.0,10,0.2,"{""00011011011"": 1, ""00110010111"": 1, ""10001110111"": 1, ""10010111111"": 1, ""11000111011"": 1, ""11001111011"": 1, ""11011000000"": 1, ""11011111100"": 1, ""11110110000"": 1, ""11111110000"": 1}"
019e10f6-f602-7171-954e-ba96115adc8d,12,41,1141,YXXZYZIZXZI,IZXZIZYZXXY,"[1, 2, 3, 5, 6, 7, 8, 9, 10]",-0.00048828124999999913,0.0,10,0.8,"{""00011000000"": 1, ""00111101011"": 1, ""01000100001"": 1, ""01001011010"": 1, ""01010001101"": 1, ""01101101100"": 1, ""01111011010"": 1, ""11001110110"": 1, ""11011101011"": 1, ""11100101101"": 1}"
019e10f6-f602-7171-954e-ba96115adc8d,12,42,1142,YXXZYZIZYXY,YXYZIZYZXXY,"[0, 1, 2, 3, 5, 6, 7, 8, 9, 10]",0.00048828124999999913,0.0,10,-0.6,"{""00100100111"": 1, ""00110000010"": 1, ""01010001101"": 1, ""10001001000"": 1, ""10101111001"": 1, ""10110100111"": 1, ""10111000111"": 1, ""11010101110"": 1, ""11010111110"": 1, ""11011101000"": 1}"
019e10f6-f602-7171-954e-ba96115adc8d,12,43,1143,YXXZYZIZYYZ,ZYYZIZYZXXY,"[0, 1, 2, 3, 5, 6, 7, 8, 9, 10]",-0.00048828124999999913,0.0,10,0.0,"{""00010000011"": 1, ""00011111100"": 1, ""00101000110"": 1, ""00110011001"": 1, ""01010111100"": 1, ""01100001010"": 1, ""10000110000"": 1, ""10110111101"": 1, ""10111001111"": 1, ""11000010111"": 1}"
019e10f6-f602-7171-954e-ba96115adc8d,12,44,1144,YXXZYZZXIXZ,ZXIXZZYZXXY,"[0, 1, 3, 4, 5, 6, 7, 8, 9, 10]",-0.00048828124999999913,0.0,10,0.2,"{""00110011011"": 1, ""01001001101"": 1, ""01001101110"": 1, ""01001111011"": 1, ""01011101101"": 1, ""01111011000"": 1, ""01111011001"": 1, ""10001100000"": 1, ""10111010101"": 1, ""11000000000"": 1}"
019e10f6-f602-7171-954e-ba96115adc8d,12,45,1145,YXXZYZZXIYY,YYIXZZYZXXY,"[0, 1, 3, 4, 5, 6, 7, 8, 9, 10]",-0.00048828124999999913,0.0,10,0.6,"{""00000010101"": 1, ""00000111011"": 1, ""00101001101"": 1, ""01001111011"": 1, ""01110100000"": 1, ""10100001101"": 1, ""10100011011"": 1, ""10101100011"": 1, ""10111001110"": 1, ""11010100000"": 1}"
019e10f6-f602-7171-954e-ba96115adc8d,12,46,1146,YXXZYZZXZII,IIZXZZYZXXY,"[2, 3, 4, 5, 6, 7, 8, 9, 10]",-0.00048828124999999913,0.0,10,0.4,"{""00101000001"": 1, ""00110000000"": 1, ""00111100001"": 1, ""01110100111"": 1, ""01111011001"": 1, ""10000000011"": 1, ""10001010101"": 1, ""11010100010"": 1, ""11011010111"": 1, ""11111001101"": 1}"
019e10f6-f602-7171-954e-ba96115adc8d,12,47,1147,YXXZYZZXZZX,XZZXZZYZXXY,"[0, 1, 2, 3, 4, 5, 6, 7, 8, 9, 10]",-0.00048828124999999913,0.0,10,0.4,"{""00011001100"": 1, ""01000010100"": 1, ""01010110101"": 1, ""01101100011"": 1, ""10101101100"": 1, ""10111000000"": 1, ""11001010111"": 1, ""11001101111"": 1, ""11011110100"": 1, ""11100100011"": 1}"
019e10f6-f602-7171-954e-ba96115adc8d,12,48,1148,YXXZYZZYXXY,YXXYZZYZXXY,"[0, 1, 2, 3, 4, 5, 6, 7, 8, 9, 10]",-0.00048828124999999913,0.0,10,0.6,"{""00011001111"": 1, ""00110011101"": 1, ""01100000110"": 1, ""01101110001"": 1, ""10110100101"": 1, ""10111000110"": 1, ""11000010010"": 1, ""11011010101"": 1, ""11011110010"": 1, ""11011111001"": 1}"
019e10f6-f602-7171-954e-ba96115adc8d,12,49,1149,YXXZYZZYXYZ,ZYXYZZYZXXY,"[0, 1, 2, 3, 4, 5, 6, 7, 8, 9, 10]",0.00048828124999999913,0.0,10,0.0,"{""00001001001"": 1, ""00010010101"": 1, ""01100110000"": 1, ""10010111100"": 1, ""10110011010"": 1, ""10111010000"": 1, ""11000011001"": 1, ""11001111010"": 1, ""11010000001"": 1, ""11100101000"": 1}"
019e10f6-f602-7171-954e-ba96115adc8d,12,50,1150,YXXZYZZYYIX,XIYYZZYZXXY,"[0, 2, 3, 4, 5, 6, 7, 8, 9, 10]",-0.00048828124999999913,0.0,10,0.4,"{""00000010011"": 1, ""00010101011"": 1, ""00101010100"": 1, ""00110000000"": 1, ""00110011000"": 1, ""01011100111"": 1, ""10001000001"": 1, ""10011111111"": 1, ""10110010100"": 1, ""11110110001"": 1}"
019e10f6-f602-7171-954e-ba96115adc8d,12,51,1151,YXXZYZZYYZI,IZYYZZYZXXY,"[1, 2, 3, 4, 5, 6, 7, 8, 9, 10]",-0.00048828124999999913,0.0,10,0.6,"{""00000010011"": 1, ""00111101001"": 1, ""01111001011"": 1, ""10010001100"": 1, ""10011010101"": 1, ""10101110101"": 1, ""11000010011"": 1, ""11001110100"": 1, ""11001111111"": 1, ""11110001011"": 1}"
019e10f6-f602-7171-954e-ba96115adc8d,12,52,1152,YXYZIXIXIXZ,ZXIXIXIZYXY,"[0, 1, 3, 5, 7, 8, 9, 10]",0.00048828124999999913,0.0,10,-0.2,"{""00001010110"": 1, ""01000000000"": 1, ""01000000011"": 1, ""01000110110"": 1, ""01011010110"": 1, ""01011101011"": 1, ""01110011000"": 1, ""10100001110"": 1, ""11001011001"": 1, ""11001101110"": 1}"
019e10f6-f602-7171-954e-ba96115adc8d,12,53,1153,YXYZIXIXIYY,YYIXIXIZYXY,"[0, 1, 3, 5, 7, 8, 9, 10]",0.00048828124999999913,0.0,10,-0.8,"{""00001011000"": 1, ""00001101101"": 1, ""00100001101"": 1, ""00111100000"": 1, ""01000000100"": 1, ""01001000011"": 1, ""10011000000"": 1, ""10110000000"": 1, ""11001011000"": 1, ""11010000000"": 1}"
019e10f6-f602-7171-954e-ba96115adc8d,12,54,1154,YXYZIXIXZII,IIZXIXIZYXY,"[2, 3, 5, 7, 8, 9, 10]",0.00048828124999999913,0.0,10,-1.0,"{""00001101111"": 1, ""00010111011"": 1, ""00100000001"": 1, ""00100111000"": 1, ""00111010110"": 1, ""00111101111"": 1, ""01101010111"": 1, ""01110111000"": 1, ""11010000000"": 1, ""11100111011"": 1}"
019e10f6-f602-7171-954e-ba96115adc8d,12,55,1155,YXYZIXIXZZX,XZZXIXIZYXY,"[0, 1, 2, 3, 5, 7, 8, 9, 10]",0.00048828124999999913,0.0,10,-0.4,"{""01010000000"": 1, ""01110001101"": 1, ""01110111000"": 1, ""10000001111"": 1, ""10110110100"": 1, ""11010001100"": 1, ""11100110100"": 1, ""11101101100"": 1, ""11111011000"": 1, ""11111101100"": 1}"
019e10f6-f602-7171-954e-ba96115adc8d,12,56,1156,YXYZIXIYXXY,YXXYIXIZYXY,"[0, 1, 2, 3, 5, 7, 8, 9, 10]",0.00048828124999999913,0.0,10,-0.2,"{""00000001000"": 1, ""01000111101"": 1, ""01001011110"": 1, ""01001100000"": 1, ""01011100110"": 1, ""01011101010"": 1, ""10101010111"": 1, ""10101011000"": 1, ""11001010011"": 1, ""11111010000"": 1}"
019e10f6-f602-7171-954e-ba96115adc8d,12,57,1157,YXYZIXIYXYZ,ZYXYIXIZYXY,"[0, 1, 2, 3, 5, 7, 8, 9, 10]",-0.00048828124999999913,0.0,10,0.8,"{""00000001000"": 1, ""00010010100"": 1, ""00111010011"": 1, ""01000110011"": 1, ""01000111001"": 1, ""01011011100"": 1, ""10011100001"": 1, ""10110111010"": 1, ""11010001101"": 1, ""11111100010"": 1}"
019e10f6-f602-7171-954e-ba96115adc8d,12,58,1158,YXYZIXIYYIX,XIYYIXIZYXY,"[0, 2, 3, 5, 7, 8, 9, 10]",0.00048828124999999913,0.0,10,-1.0,"{""00010000111"": 1, ""00100000111"": 1, ""00100001100"": 1, ""00111101011"": 1, ""01000110011"": 1, ""01011100000"": 1, ""10000111111"": 1, ""10011011111"": 1, ""10011100111"": 1, ""11100000111"": 1}"
019e10f6-f602-7171-954e-ba96115adc8d,12,59,1159,YXYZIXIYYZI,IZYYIXIZYXY,"[1, 2, 3, 5, 7, 8, 9, 10]",0.00048828124999999913,0.0,10,-0.4,"{""00010111000"": 1, ""01000000100"": 1, ""01001101011"": 1, ""10010001011"": 1, ""10011010010"": 1, ""10110001101"": 1, ""11100110100"": 1, ""11111010100"": 1, ""11111100001"": 1, ""11111101101"": 1}"
019e10f6-f602-7171-954e-ba96115adc8d,12,60,1160,YXYZIXZIIII,IIIIZXIZYXY,"[4, 5, 7, 8, 9, 10]",0.00048828124999999913,0.0,10,-0.4,"{""00100110010"": 1, ""01011101001"": 1, ""10000000000"": 1, ""10001011111"": 1, ""10011010110"": 1, ""10011101110"": 1, ""10100000011"": 1, ""11001111101"": 1, ""11100001101"": 1, ""11111010100"": 1}"
019e10f6-f602-7171-954e-ba96115adc8d,12,61,1161,YXYZIXZIIZX,XZIIZXIZYXY,"[0, 1, 4, 5, 7, 8, 9, 10]",0.00048828124999999913,0.0,10,0.0,"{""01001011011"": 1, ""01101011111"": 1, ""01110010111"": 1, ""10011010111"": 1, ""10101100000"": 1, ""10110000100"": 1, ""10111101011"": 1, ""11000110111"": 1, ""11100110011"": 1, ""11100111110"": 1}"
019e10f6-f602-7171-954e-ba96115adc8d,12,62,1162,YXYZIXZIZXZ,ZXZIZXIZYXY,"[0, 1, 2, 4, 5, 7, 8, 9, 10]",0.00048828124999999913,0.0,10,-0.8,"{""00010000011"": 1, ""00111010011"": 1, ""00111100101"": 1, ""01101101101"": 1, ""10000110000"": 1, ""10000110011"": 1, ""10100111110"": 1, ""10110000000"": 1, ""10110001000"": 1, ""11001011101"": 1}"
019e10f6-f602-7171-954e-ba96115adc8d,12,63,1163,YXYZIXZIZYY,YYZIZXIZYXY,"[0, 1, 2, 4, 5, 7, 8, 9, 10]",0.00048828124999999913,0.0,10,-0.4,"{""01001101000"": 1, ""01011101000"": 1, ""01011101011"": 1, ""01011101110"": 1, ""01100100011"": 1, ""01110000010"": 1, ""01110001110"": 1, ""01110111011"": 1, ""10011111011"": 1, ""11111100011"": 1}"
019e10f6-f602-7171-954e-ba96115adc8d,12,64,1164,YXYZIXZZXIX,XIXZZXIZYXY,"[0, 2, 3, 4, 5, 7, 8, 9, 10]",0.00048828124999999913,0.0,10,-0.4,"{""00001011100"": 1, ""00010000111"": 1, ""00011010111"": 1, ""00100111100"": 1, ""00110001011"": 1, ""00111100111"": 1, ""01000001011"": 1, ""01110011111"": 1, ""01110110000"": 1, ""10110110100"": 1}"
019e10f6-f602-7171-954e-ba96115adc8d,12,65,1165,YXYZIXZZXZI,IZXZZXIZYXY,"[1, 2, 3, 4, 5, 7, 8, 9, 10]",0.00048828124999999913,0.0,10,-0.8,"{""00001101010"": 1, ""00010000111"": 1, ""00100001010"": 1, ""00100111101"": 1, ""10000000110"": 1, ""10101010111"": 1, ""11010111100"": 1, ""11100000111"": 1, ""11111101101"": 1, ""11111110110"": 1}"
019e10f6-f602-7171-954e-ba96115adc8d,12,66,1166,YXYZIXZZYXY,YXYZZXIZYXY,"[0, 1, 2, 3, 4, 5, 7, 8, 9, 10]",-0.00048828124999999913,0.0,10,0.6,"{""00110010100"": 1, ""01000000010"": 1, ""01011010001"": 1, ""01011010010"": 1, ""10011111101"": 1, ""10110000100"": 2, ""10110111101"": 1, ""10110111110"": 1, ""11110111110"": 1}"
019e10f6-f602-7171-954e-ba96115adc8d,12,67,1167,YXYZIXZZYYZ,ZYYZZXIZYXY,"[0, 1, 2, 3, 4, 5, 7, 8, 9, 10]",0.00048828124999999913,0.0,10,-0.8,"{""00001011010"": 1, ""00001100011"": 1, ""00010111100"": 1, ""00101100001"": 1, ""01000110001"": 1, ""10000110011"": 1, ""10011010000"": 1, ""10101010000"": 1, ""10110001111"": 1, ""11001010000"": 1}"
019e10f6-f602-7171-954e-ba96115adc8d,12,68,1168,YXYZIYXXXXY,YXXXXYIZYXY,"[0, 1, 2, 3, 4, 5, 7, 8, 9, 10]",0.00048828124999999913,0.0,10,-0.2,"{""00001100101"": 1, ""00010000000"": 1, ""00100111101"": 1, ""01100010101"": 1, ""01110100111"": 1, ""10001101100"": 1, ""10100100101"": 1, ""10111010010"": 1, ""11001010001"": 1, ""11010010110"": 1}"
019e10f6-f602-7171-954e-ba96115adc8d,12,69,1169,YXYZIYXXXYZ,ZYXXXYIZYXY,"[0, 1, 2, 3, 4, 5, 7, 8, 9, 10]",-0.00048828124999999913,0.0,10,0.6,"{""00100010101"": 1, ""00100101111"": 1, ""01000110001"": 1, ""01110110111"": 1, ""10110001110"": 1, ""11010110111"": 1, ""11100011100"": 1, ""11100110101"": 1, ""11100111101"": 1, ""11111000111"": 1}"
019e10f6-f602-7171-954e-ba96115adc8d,12,70,1170,YXYZIYXXYIX,XIYXXYIZYXY,"[0, 2, 3, 4, 5, 7, 8, 9, 10]",0.00048828124999999913,0.0,10,-0.4,"{""00111000100"": 1, ""00111110100"": 1, ""01000001100"": 1, ""01000110000"": 1, ""10101000000"": 1, ""10101100111"": 1, ""11001001111"": 1, ""11010010000"": 1, ""11100110110"": 1, ""11101101010"": 1}"
019e10f6-f602-7171-954e-ba96115adc8d,12,71,1171,YXYZIYXXYZI,IZYXXYIZYXY,"[1, 2, 3, 4, 5, 7, 8, 9, 10]",0.00048828124999999913,0.0,10,-0.4,"{""00001001110"": 1, ""00001101011"": 1, ""00010110101"": 1, ""00010111100"": 1, ""01000010001"": 1, ""01011001101"": 1, ""01011010001"": 1, ""11001101010"": 1, ""11001101011"": 1, ""11010100101"": 1}"
019e10f6-f602-7171-954e-ba96115adc8d,12,72,1172,YXYZIYXYIXZ,ZXIYXYIZYXY,"[0, 1, 3, 4, 5, 7, 8, 9, 10]",-0.00048828124999999913,0.0,10,0.8,"{""00001011000"": 1, ""00001111101"": 1, ""00111101011"": 1, ""01011101000"": 1, ""10000010000"": 1, ""10001110000"": 1, ""10011000000"": 1, ""10100111101"": 1, ""10101100110"": 1, ""11010001011"": 1}"
019e10f6-f602-7171-954e-ba96115adc8d,12,73,1173,YXYZIYXYIYY,YYIYXYIZYXY,"[0, 1, 3, 4, 5, 7, 8, 9, 10]",-0.00048828124999999913,0.0,10,0.6,"{""00100011101"": 1, ""00100111011"": 1, ""01110011100"": 1, ""10000101110"": 1, ""10000110101"": 1, ""10110000110"": 1, ""10110100011"": 1, ""11001101000"": 1, ""11111000010"": 1, ""11111100110"": 1}"
019e10f6-f602-7171-954e-ba96115adc8d,12,74,1174,YXYZIYXYZII,IIZYXYIZYXY,"[2, 3, 4, 5, 7, 8, 9, 10]",-0.00048828124999999913,0.0,10,0.6,"{""00010101101"": 1, ""00010101110"": 1, ""00100000110"": 1, ""00100100111"": 1, ""10000010011"": 1, ""10001000011"": 1, ""10101001110"": 1, ""10110001010"": 1, ""10111111010"": 1, ""11010111001"": 1}"
019e10f6-f602-7171-954e-ba96115adc8d,12,75,1175,YXYZIYXYZZX,XZZYXYIZYXY,"[0, 1, 2, 3, 4, 5, 7, 8, 9, 10]",-0.00048828124999999913,0.0,10,0.8,"{""00001100100"": 1, ""00010000111"": 1, ""00111100111"": 1, ""00111110000"": 1, ""01000010000"": 1, ""01001010100"": 1, ""10000001011"": 1, ""10011101011"": 1, ""11001000011"": 1, ""11100111011"": 1}"
019e10f6-f602-7171-954e-ba96115adc8d,12,76,1176,YXYZIYYIXIX,XIXIYYIZYXY,"[0, 2, 4, 5, 7, 8, 9, 10]",0.00048828124999999913,0.0,10,-0.2,"{""00100000100"": 1, ""00101010111"": 1, ""00111101100"": 1, ""01000000111"": 1, ""01000011100"": 1, ""01110000111"": 1, ""01110011011"": 1, ""10000011111"": 1, ""10101001011"": 1, ""10110000000"": 1}"
019e10f6-f602-7171-954e-ba96115adc8d,12,77,1177,YXYZIYYIXZI,IZXIYYIZYXY,"[1, 2, 4, 5, 7, 8, 9, 10]",0.00048828124999999913,0.0,10,-0.4,"{""00100110110"": 1, ""00111001011"": 1, ""01011101011"": 1, ""01101001011"": 1, ""01110110110"": 1, ""01111001010"": 1, ""10000101100"": 1, ""10110011010"": 1, ""11001011010"": 1, ""11010000001"": 1}"
019e10f6-f602-7171-954e-ba96115adc8d,12,78,1178,YXYZIYYIYXY,YXYIYYIZYXY,"[0, 1, 2, 4, 5, 7, 8, 9, 10]",-0.00048828124999999913,0.0,10,0.2,"{""01011001000"": 1, ""01011010111"": 1, ""01101000010"": 1, ""11001100100"": 1, ""11010010111"": 1, ""11010011101"": 2, ""11010111110"": 1, ""11100011000"": 1, ""11100100010"": 1}"
019e10f6-f602-7171-954e-ba96115adc8d,12,79,1179,YXYZIYYIYYZ,ZYYIYYIZYXY,"[0, 1, 2, 4, 5, 7, 8, 9, 10]",0.00048828124999999913,0.0,10,0.2,"{""00001010110"": 1, ""00011001001"": 1, ""00110000110"": 1, ""01101000110"": 1, ""01101010110"": 1, ""10000110101"": 1, ""10101110000"": 1, ""11101000100"": 1, ""11101001100"": 1, ""11111111010"": 1}"
019e10f6-f602-7171-954e-ba96115adc8d,12,80,1180,YXYZIYYZIII,IIIZYYIZYXY,"[3, 4, 5, 7, 8, 9, 10]",0.00048828124999999913,0.0,10,-0.8,"{""00001111101"": 1, ""00111111100"": 1, ""01000011001"": 1, ""01011111111"": 1, ""01101010001"": 1, ""01110011011"": 1, ""10011111111"": 1, ""10110100100"": 1, ""11001100000"": 1, ""11001100101"": 1}"
019e10f6-f602-7171-954e-ba96115adc8d,12,81,1181,YXYZIYYZIZX,XZIZYYIZYXY,"[0, 1, 3, 4, 5, 7, 8, 9, 10]",0.00048828124999999913,0.0,10,-0.4,"{""00001010100"": 1, ""00010101111"": 1, ""01001010011"": 1, ""01101001100"": 1, ""01101111100"": 1, ""01110101011"": 1, ""01111010100"": 1, ""10011001011"": 1, ""11100110100"": 1, ""11111110111"": 1}"
019e10f6-f602-7171-954e-ba96115adc8d,12,82,1182,YXYZIYYZZXZ,ZXZZYYIZYXY,"[0, 1, 2, 3, 4, 5, 7, 8, 9, 10]",0.00048828124999999913,0.0,10,-0.2,"{""00010000110"": 1, ""00111000101"": 1, ""01000001110"": 1, ""10001111110"": 1, ""10101010110"": 1, ""11001010110"": 1, ""11010011110"": 1, ""11100011110"": 1, ""11100100110"": 1, ""11111001011"": 1}"
019e10f6-f602-7171-954e-ba96115adc8d,12,83,1183,YXYZIYYZZYY,YYZZYYIZYXY,"[0, 1, 2, 3, 4, 5, 7, 8, 9, 10]",0.00048828124999999913,0.0,10,-0.6,"{""00010110011"": 1, ""00111001011"": 1, ""01000000110"": 1, ""01000101000"": 1, ""01011111101"": 1, ""10011111000"": 1, ""10111111011"": 1, ""11000110110"": 1, ""11010000011"": 1, ""11100110011"": 1}"
019e10f6-f602-7171-954e-ba96115adc8d,12,84,1184,YXYZZIIIIII,IIIIIIZZYXY,"[6, 7, 8, 9, 10]",0.00048828124999999913,0.0,10,-0.4,"{""00101111111"": 1, ""01001100101"": 1, ""01101011100"": 1, ""10101011001"": 1, ""10110011101"": 1, ""10111001000"": 1, ""11010100111"": 1, ""11100011100"": 1, ""11100110000"": 1, ""11111111011"": 1}"
019e10f6-f602-7171-954e-ba96115adc8d,12,85,1185,YXYZZIIIIZX,XZIIIIZZYXY,"[0, 1, 6, 7, 8, 9, 10]",0.00048828124999999913,0.0,10,-1.0,"{""01000111011"": 1, ""01011110011"": 1, ""01110011011"": 1, ""10011001011"": 1, ""10011010111"": 1, ""10011111100"": 1, ""10101101011"": 1, ""10101101100"": 1, ""10110000111"": 1, ""11010010100"": 1}"
019e10f6-f602-7171-954e-ba96115adc8d,12,86,1186,YXYZZIIIZXZ,ZXZIIIZZYXY,"[0, 1, 2, 6, 7, 8, 9, 10]",0.00048828124999999913,0.0,10,-1.0,"{""00001101011"": 1, ""00100001110"": 1, ""00111011110"": 1, ""01101100110"": 1, ""01110010011"": 1, ""10011111101"": 1, ""10110010101"": 1, ""11001010011"": 1, ""11001100110"": 1, ""11100100110"": 1}"
019e10f6-f602-7171-954e-ba96115adc8d,12,87,1187,YXYZZIIIZYY,YYZIIIZZYXY,"[0, 1, 2, 6, 7, 8, 9, 10]",0.00048828124999999913,0.0,10,-0.2,"{""00010001110"": 1, ""00011000011"": 1, ""00101101000"": 1, ""01011011000"": 1, ""01110100110"": 1, ""01111010101"": 1, ""10111000110"": 1, ""11111000000"": 1, ""11111000011"": 1, ""11111010110"": 1}"
019e10f6-f602-7171-954e-ba96115adc8d,12,88,1188,YXYZZIIZXIX,XIXZIIZZYXY,"[0, 2, 3, 6, 7, 8, 9, 10]",0.00048828124999999913,0.0,10,-0.8,"{""00010001011"": 1, ""01000101100"": 1, ""01101100111"": 1, ""01101110111"": 1, ""01110010000"": 1, ""01110111011"": 1, ""10000111011"": 1, ""11010011010"": 1, ""11100101011"": 1, ""11111100000"": 1}"
019e10f6-f602-7171-954e-ba96115adc8d,12,89,1189,YXYZZIIZXZI,IZXZIIZZYXY,"[1, 2, 3, 6, 7, 8, 9, 10]",0.00048828124999999913,0.0,10,-0.8,"{""00001010110"": 1, ""01000001010"": 1, ""01000011010"": 1, ""01110111101"": 1, ""10011011010"": 1, ""10011100111"": 1, ""10101100001"": 1, ""11100011011"": 1, ""11111001010"": 1, ""11111110011"": 1}"
019e10f6-f602-7171-954e-ba96115adc8d,12,90,1190,YXYZZIIZYXY,YXYZIIZZYXY,"[0, 1, 2, 3, 6, 7, 8, 9, 10]",-0.00048828124999999913,0.0,10,0.4,"{""00000101000"": 1, ""00001000010"": 1, ""00100000111"": 1, ""01000110100"": 1, ""01011111000"": 1, ""01110011000"": 1, ""01110111011"": 1, ""11000010100"": 1, ""11101011000"": 1, ""11111100010"": 1}"
019e10f6-f602-7171-954e-ba96115adc8d,12,91,1191,YXYZZIIZYYZ,ZYYZIIZZYXY,"[0, 1, 2, 3, 6, 7, 8, 9, 10]",0.00048828124999999913,0.0,10,-0.6,"{""00001011100"": 1, ""00111111111"": 1, ""01110010101"": 1, ""10011000110"": 1, ""10011111010"": 1, ""10100101111"": 1, ""10110001010"": 1, ""10110110000"": 1, ""10111111010"": 1, ""11111111111"": 1}"
019e10f6-f602-7171-954e-ba96115adc8d,12,92,1192,YXYZZIZXIXZ,ZXIXZIZZYXY,"[0, 1, 3, 4, 6, 7, 8, 9, 10]",0.00048828124999999913,0.0,10,-0.8,"{""00010011000"": 1, ""00100001101"": 1, ""00111111000"": 1, ""01000110110"": 1, ""01110000011"": 1, ""01111011011"": 1, ""10000111011"": 1, ""10110100000"": 1, ""11001101101"": 1, ""11111010101"": 1}"
019e10f6-f602-7171-954e-ba96115adc8d,12,93,1193,YXYZZIZXIYY,YYIXZIZZYXY,"[0, 1, 3, 4, 6, 7, 8, 9, 10]",0.00048828124999999913,0.0,10,-0.8,"{""00001110110"": 1, ""01000001110"": 1, ""01101010110"": 1, ""01101100011"": 1, ""01110010101"": 1, ""11001101101"": 1, ""11010001101"": 1, ""11101011011"": 1, ""11111001110"": 1, ""11111100011"": 1}"
019e10f6-f602-7171-954e-ba96115adc8d,12,94,1194,YXYZZIZXZII,IIZXZIZZYXY,"[2, 3, 4, 6, 7, 8, 9, 10]",0.00048828124999999913,0.0,10,-0.6,"{""00000100010"": 1, ""00101010101"": 1, ""01000110111"": 1, ""01101101110"": 1, ""01110101100"": 1, ""10000001101"": 1, ""10101111000"": 1, ""10110001110"": 1, ""10110111011"": 1, ""11100110111"": 1}"
019e10f6-f602-7171-954e-ba96115adc8d,12,95,1195,YXYZZIZXZZX,XZZXZIZZYXY,"[0, 1, 2, 3, 4, 6, 7, 8, 9, 10]",0.00048828124999999913,0.0,10,-0.2,"{""00111011000"": 1, ""01010110100"": 1, ""01110101111"": 1, ""01110111000"": 1, ""10000010110"": 1, ""10011010100"": 1, ""11001101111"": 1, ""11011100000"": 1, ""11110111011"": 1, ""11111001100"": 1}"
019e10f6-f602-7171-954e-ba96115adc8d,12,96,1196,YXYZZIZYXXY,YXXYZIZZYXY,"[0, 1, 2, 3, 4, 6, 7, 8, 9, 10]",0.00048828124999999913,0.0,10,-0.6,"{""00010010010"": 1, ""00100010111"": 1, ""00111111110"": 1, ""01000111111"": 1, ""10011101010"": 1, ""11001111101"": 1, ""11100001111"": 1, ""11100111011"": 1, ""11101101100"": 1, ""11111111011"": 1}"
019e10f6-f602-7171-954e-ba96115adc8d,12,97,1197,YXYZZIZYXYZ,ZYXYZIZZYXY,"[0, 1, 2, 3, 4, 6, 7, 8, 9, 10]",-0.00048828124999999913,0.0,10,0.6,"{""00100010110"": 1, ""00100100001"": 1, ""00111110001"": 1, ""01011000100"": 1, ""01110100010"": 1, ""01111010011"": 1, ""10000011010"": 1, ""10000110000"": 1, ""10110110101"": 1, ""11010100100"": 1}"
019e10f6-f602-7171-954e-ba96115adc8d,12,98,1198,YXYZZIZYYIX,XIYYZIZZYXY,"[0, 2, 3, 4, 6, 7, 8, 9, 10]",0.00048828124999999913,0.0,10,0.0,"{""00100100111"": 1, ""01000011000"": 1, ""01000101011"": 1, ""01010000000"": 1, ""01011001011"": 1, ""10000011011"": 1, ""10100101001"": 1, ""11001011001"": 1, ""11011010100"": 1, ""11111010011"": 1}"
019e10f6-f602-7171-954e-ba96115adc8d,12,99,1199,YXYZZIZYYZI,IZYYZIZZYXY,"[1, 2, 3, 4, 6, 7, 8, 9, 10]",0.00048828124999999913,0.0,10,0.0,"{""00001011001"": 1, ""00110001011"": 1, ""10001000001"": 1, ""10001100111"": 1, ""10010100000"": 1, ""10011010101"": 1, ""10101111000"": 1, ""10101111101"": 1, ""10110100110"": 1, ""11111101011"": 1}"
019e10f7-0ad9-7353-ac0d-318573273293,13,0,1200,YXYZZZXIXIX,XIXIXZZZYXY,"[0, 2, 4, 5, 6, 7, 8, 9, 10]",0.00048828124999999913,0.0,10,-0.2,"{""00001011011"": 1, ""00001101001"": 1, ""00011011100"": 1, ""00011101011"": 1, ""01000101011"": 1, ""01010000000"": 1, ""01101000111"": 1, ""10101011011"": 1, ""11001011011"": 1, ""11100001011"": 1}"
019e10f7-0ad9-7353-ac0d-318573273293,13,1,1201,YXYZZZXIXZI,IZXIXZZZYXY,"[1, 2, 4, 5, 6, 7, 8, 9, 10]",0.00048828124999999913,0.0,10,-0.6,"{""00001110000"": 1, ""00001110111"": 1, ""00010110000"": 1, ""01011011010"": 1, ""01101110001"": 1, ""10011011111"": 1, ""10101000001"": 1, ""10101011010"": 1, ""10101100000"": 1, ""11010101100"": 1}"
019e10f7-0ad9-7353-ac0d-318573273293,13,2,1202,YXYZZZXIYXY,YXYIXZZZYXY,"[0, 1, 2, 4, 5, 6, 7, 8, 9, 10]",-0.00048828124999999913,0.0,10,0.2,"{""00001000001"": 1, ""00001011000"": 1, ""00001101011"": 1, ""00010011101"": 1, ""00010100011"": 1, ""00110011101"": 1, ""01000000110"": 1, ""01111101000"": 1, ""11001101000"": 1, ""11011110111"": 1}"
019e10f7-0ad9-7353-ac0d-318573273293,13,3,1203,YXYZZZXIYYZ,ZYYIXZZZYXY,"[0, 1, 2, 4, 5, 6, 7, 8, 9, 10]",0.00048828124999999913,0.0,10,-0.4,"{""00001101010"": 1, ""00111000110"": 1, ""01011101100"": 1, ""01101110000"": 1, ""10110011100"": 1, ""10110111100"": 1, ""11100000100"": 1, ""11100011111"": 1, ""11100110110"": 1, ""11110101100"": 1}"
019e10f7-0ad9-7353-ac0d-318573273293,13,4,1204,YXYZZZXZIII,IIIZXZZZYXY,"[3, 4, 5, 6, 7, 8, 9, 10]",0.00048828124999999913,0.0,10,-1.0,"{""00001101101"": 1, ""00001101111"": 1, ""00111000010"": 1, ""01000000101"": 1, ""01000101011"": 1, ""10000000000"": 1, ""10011011000"": 1, ""11010011111"": 1, ""11010110101"": 1, ""11100011100"": 1}"
019e10f7-0ad9-7353-ac0d-318573273293,13,5,1205,YXYZZZXZIZX,XZIZXZZZYXY,"[0, 1, 3, 4, 5, 6, 7, 8, 9, 10]",0.00048828124999999913,0.0,10,-0.8,"{""00010000011"": 1, ""00010011111"": 1, ""00010101111"": 1, ""01000110100"": 1, ""10101011011"": 1, ""10110101100"": 1, ""11100101000"": 1, ""11100101111"": 1, ""11101000111"": 1, ""11111000100"": 1}"
019e10f7-0ad9-7353-ac0d-318573273293,13,6,1206,YXYZZZXZZXZ,ZXZZXZZZYXY,"[0, 1, 2, 3, 4, 5, 6, 7, 8, 9, 10]",0.00048828124999999913,0.0,10,-0.6,"{""00001101011"": 1, ""01000000101"": 1, ""01000100101"": 1, ""01101000011"": 1, ""01110000011"": 1, ""01110011011"": 1, ""10100000101"": 1, ""10101011011"": 1, ""10101011101"": 1, ""11111000000"": 1}"
019e10f7-0ad9-7353-ac0d-318573273293,13,7,1207,YXYZZZXZZYY,YYZZXZZZYXY,"[0, 1, 2, 3, 4, 5, 6, 7, 8, 9, 10]",0.00048828124999999913,0.0,10,-0.2,"{""00001101000"": 1, ""00100000110"": 1, ""00100011011"": 1, ""00110101000"": 1, ""01000101000"": 1, ""01100101101"": 1, ""01101101000"": 1, ""10000101110"": 1, ""10111110101"": 1, ""11110000110"": 1}"
019e10f7-0ad9-7353-ac0d-318573273293,13,8,1208,YXYZZZYXXXY,YXXXYZZZYXY,"[0, 1, 2, 3, 4, 5, 6, 7, 8, 9, 10]",-0.00048828124999999913,0.0,10,0.4,"{""00000100100"": 1, ""00000101010"": 1, ""00010000010"": 1, ""00010010001"": 1, ""00010110011"": 1, ""00111010110"": 1, ""01000111011"": 1, ""01110010011"": 1, ""10101100000"": 1, ""10101100110"": 1}"
019e10f7-0ad9-7353-ac0d-318573273293,13,9,1209,YXYZZZYXXYZ,ZYXXYZZZYXY,"[0, 1, 2, 3, 4, 5, 6, 7, 8, 9, 10]",0.00048828124999999913,0.0,10,-0.6,"{""00000010111"": 1, ""00100101111"": 1, ""00111001111"": 1, ""00111100001"": 1, ""01000000110"": 1, ""01011010001"": 1, ""10000001111"": 1, ""10000100010"": 1, ""11000111000"": 1, ""11010000011"": 1}"
019e10f7-0ad9-7353-ac0d-318573273293,13,10,1210,YXYZZZYXYIX,XIYXYZZZYXY,"[0, 2, 3, 4, 5, 6, 7, 8, 9, 10]",-0.00048828124999999913,0.0,10,1.0,"{""00001011011"": 1, ""00100000011"": 1, ""01000101100"": 1, ""01101011011"": 1, ""01110010111"": 1, ""01110111000"": 1, ""10000000011"": 1, ""10000011100"": 1, ""11010110100"": 1, ""11111111111"": 1}"
019e10f7-0ad9-7353-ac0d-318573273293,13,11,1211,YXYZZZYXYZI,IZYXYZZZYXY,"[1, 2, 3, 4, 5, 6, 7, 8, 9, 10]",-0.00048828124999999913,0.0,10,0.6,"{""00010010111"": 1, ""00100110010"": 1, ""00111101101"": 1, ""01000011010"": 1, ""01010111110"": 1, ""01100001001"": 1, ""10110001001"": 1, ""11010000101"": 1, ""11111000011"": 1, ""11111111000"": 1}"
019e10f7-0ad9-7353-ac0d-318573273293,13,12,1212,YXYZZZYYIXZ,ZXIYYZZZYXY,"[0, 1, 3, 4, 5, 6, 7, 8, 9, 10]",0.00048828124999999913,0.0,10,-0.6,"{""00001000110"": 1, ""00010101001"": 1, ""01011001101"": 1, ""01101001110"": 1, ""01110001101"": 1, ""10001011110"": 1, ""10101011000"": 1, ""10110101011"": 1, ""11010110000"": 1, ""11111110000"": 1}"
019e10f7-0ad9-7353-ac0d-318573273293,13,13,1213,YXYZZZYYIYY,YYIYYZZZYXY,"[0, 1, 3, 4, 5, 6, 7, 8, 9, 10]",0.00048828124999999913,0.0,10,-1.0,"{""00001010101"": 1, ""00010000000"": 1, ""00111111110"": 1, ""01011000011"": 1, ""01011110011"": 1, ""10011000011"": 1, ""11001000000"": 1, ""11010011011"": 1, ""11111000000"": 1, ""11111101011"": 1}"
019e10f7-0ad9-7353-ac0d-318573273293,13,14,1214,YXYZZZYYZII,IIZYYZZZYXY,"[2, 3, 4, 5, 6, 7, 8, 9, 10]",0.00048828124999999913,0.0,10,-0.6,"{""00111000001"": 1, ""01110000010"": 1, ""10000000100"": 1, ""10000001111"": 1, ""10001111100"": 1, ""10101111100"": 1, ""10110011011"": 1, ""11001101010"": 1, ""11010101010"": 1, ""11100111101"": 1}"
019e10f7-0ad9-7353-ac0d-318573273293,13,15,1215,YXYZZZYYZZX,XZZYYZZZYXY,"[0, 1, 2, 3, 4, 5, 6, 7, 8, 9, 10]",0.00048828124999999913,0.0,10,-0.6,"{""00001111111"": 1, ""01000000011"": 1, ""01000101000"": 1, ""01011001111"": 1, ""01110011011"": 1, ""10001100111"": 1, ""10010111100"": 1, ""10101010100"": 1, ""11001001111"": 1, ""11100101000"": 1}"
019e10f7-0ad9-7353-ac0d-318573273293,13,16,1216,YXZYIIIIIII,IIIIIIIYZXY,"[7, 8, 9, 10]",0.00048828124999999913,0.0,10,-0.6,"{""01000000100"": 1, ""01000111011"": 1, ""10001100100"": 1, ""10011011011"": 1, ""10101000101"": 1, ""10110100010"": 1, ""10110110110"": 1, ""11011101010"": 1, ""11101010000"": 1, ""11101100100"": 1}"
019e10f7-0ad9-7353-ac0d-318573273293,13,17,1217,YXZYIIIIIZX,XZIIIIIYZXY,"[0, 1, 7, 8, 9, 10]",0.00048828124999999913,0.0,10,-1.0,"{""00011000000"": 1, ""01000010100"": 1, ""01001001100"": 2, ""01001010000"": 1, ""01110100100"": 1, ""01110110000"": 1, ""01111101000"": 1, ""10001000011"": 1, ""10111001011"": 1}"
019e10f7-0ad9-7353-ac0d-318573273293,13,18,1218,YXZYIIIIZXZ,ZXZIIIIYZXY,"[0, 1, 2, 7, 8, 9, 10]",0.00048828124999999913,0.0,10,-0.8,"{""00010110011"": 1, ""00100111011"": 1, ""00101010000"": 1, ""00101110110"": 1, ""01110001001"": 1, ""01110100011"": 1, ""10111101011"": 1, ""11010011000"": 1, ""11101001011"": 1, ""11101100000"": 1}"
019e10f7-0ad9-7353-ac0d-318573273293,13,19,1219,YXZYIIIIZYY,YYZIIIIYZXY,"[0, 1, 2, 7, 8, 9, 10]",0.00048828124999999913,0.0,10,-1.0,"{""00010001011"": 1, ""00100001000"": 1, ""00101011110"": 1, ""00101100110"": 1, ""01000100011"": 1, ""01000111000"": 1, ""01001010101"": 1, ""01001110101"": 1, ""10111111110"": 1, ""11100110101"": 1}"
019e10f7-0ad9-7353-ac0d-318573273293,13,20,1220,YXZYIIIZXIX,XIXZIIIYZXY,"[0, 2, 3, 7, 8, 9, 10]",0.00048828124999999913,0.0,10,-0.6,"{""00011101011"": 1, ""01000001011"": 1, ""01010100111"": 1, ""01101111010"": 1, ""01111000001"": 1, ""10111111100"": 1, ""11011001100"": 1, ""11100100000"": 1, ""11101110111"": 1, ""11101111011"": 1}"
019e10f7-0ad9-7353-ac0d-318573273293,13,21,1221,YXZYIIIZXZI,IZXZIIIYZXY,"[1, 2, 3, 7, 8, 9, 10]",0.00048828124999999913,0.0,10,-0.4,"{""00010111011"": 1, ""00101110000"": 1, ""01001001100"": 1, ""01010011101"": 1, ""10001011101"": 1, ""10110010100"": 1, ""10110111010"": 1, ""10110111011"": 1, ""11000101010"": 1, ""11100011010"": 1}"
019e10f7-0ad9-7353-ac0d-318573273293,13,22,1222,YXZYIIIZYXY,YXYZIIIYZXY,"[0, 1, 2, 3, 7, 8, 9, 10]",-0.00048828124999999913,0.0,10,0.0,"{""00010011100"": 1, ""00100111111"": 1, ""01000111011"": 1, ""01001010011"": 1, ""01110000001"": 1, ""01111101110"": 1, ""10000011000"": 1, ""10011001000"": 1, ""10111000010"": 1, ""11111111110"": 1}"
019e10f7-0ad9-7353-ac0d-318573273293,13,23,1223,YXZYIIIZYYZ,ZYYZIIIYZXY,"[0, 1, 2, 3, 7, 8, 9, 10]",0.00048828124999999913,0.0,10,-0.8,"{""00010010011"": 1, ""00010111010"": 1, ""00101100011"": 1, ""01000100110"": 1, ""10110001010"": 1, ""10110111100"": 1, ""10111000000"": 1, ""10111100101"": 1, ""11001000110"": 1, ""11100010110"": 1}"
019e10f7-0ad9-7353-ac0d-318573273293,13,24,1224,YXZYIIZXIXZ,ZXIXZIIYZXY,"[0, 1, 3, 4, 7, 8, 9, 10]",0.00048828124999999913,0.0,10,-0.4,"{""00001110110"": 1, ""00010000000"": 1, ""00100110101"": 1, ""00111011000"": 1, ""01001011011"": 1, ""01001111000"": 1, ""10001010110"": 1, ""10001110110"": 1, ""10101000000"": 1, ""11010001110"": 1}"
019e10f7-0ad9-7353-ac0d-318573273293,13,25,1225,YXZYIIZXIYY,YYIXZIIYZXY,"[0, 1, 3, 4, 7, 8, 9, 10]",0.00048828124999999913,0.0,10,-0.4,"{""00010000000"": 1, ""01001000011"": 1, ""01001001101"": 1, ""01100110101"": 1, ""01101101110"": 1, ""01111110101"": 1, ""11000010101"": 1, ""11010101010"": 1, ""11011100011"": 1, ""11101111011"": 1}"
019e10f7-0ad9-7353-ac0d-318573273293,13,26,1226,YXZYIIZXZII,IIZXZIIYZXY,"[2, 3, 4, 7, 8, 9, 10]",0.00048828124999999913,0.0,10,-0.8,"{""00011011011"": 1, ""00110010110"": 1, ""01111000010"": 1, ""01111010100"": 1, ""10001011000"": 1, ""10111110100"": 1, ""11011100011"": 1, ""11011110101"": 1, ""11100001111"": 1, ""11100110110"": 1}"
019e10f7-0ad9-7353-ac0d-318573273293,13,27,1227,YXZYIIZXZZX,XZZXZIIYZXY,"[0, 1, 2, 3, 4, 7, 8, 9, 10]",0.00048828124999999913,0.0,10,-0.6,"{""00100001111"": 1, ""00100111000"": 1, ""00101011001"": 1, ""01000101111"": 1, ""01110001100"": 1, ""10001111011"": 1, ""11000001100"": 1, ""11010001111"": 1, ""11011000011"": 1, ""11011110100"": 1}"
019e10f7-0ad9-7353-ac0d-318573273293,13,28,1228,YXZYIIZYXXY,YXXYZIIYZXY,"[0, 1, 2, 3, 4, 7, 8, 9, 10]",0.00048828124999999913,0.0,10,-0.8,"{""00010001100"": 1, ""01000100011"": 1, ""01000101100"": 1, ""01111010111"": 1, ""10000011110"": 1, ""10110001111"": 1, ""10111111000"": 1, ""11100100110"": 1, ""11100101010"": 1, ""11110011110"": 1}"
019e10f7-0ad9-7353-ac0d-318573273293,13,29,1229,YXZYIIZYXYZ,ZYXYZIIYZXY,"[0, 1, 2, 3, 4, 7, 8, 9, 10]",-0.00048828124999999913,0.0,10,0.8,"{""00010101101"": 1, ""00011001110"": 1, ""00011101101"": 1, ""01110111100"": 1, ""10000000100"": 1, ""10000010011"": 1, ""10110001011"": 1, ""10111101000"": 1, ""11000101000"": 1, ""11101011100"": 1}"
019e10f7-0ad9-7353-ac0d-318573273293,13,30,1230,YXZYIIZYYIX,XIYYZIIYZXY,"[0, 2, 3, 4, 7, 8, 9, 10]",0.00048828124999999913,0.0,10,-0.2,"{""00010111000"": 1, ""00101100000"": 1, ""00111010011"": 1, ""01000111111"": 1, ""01001110111"": 1, ""01010100111"": 1, ""10100111111"": 1, ""11010011000"": 1, ""11011001100"": 1, ""11011110011"": 1}"
019e10f7-0ad9-7353-ac0d-318573273293,13,31,1231,YXZYIIZYYZI,IZYYZIIYZXY,"[1, 2, 3, 4, 7, 8, 9, 10]",0.00048828124999999913,0.0,10,-1.0,"{""00011000110"": 1, ""00100000110"": 1, ""01001001010"": 1, ""01110011110"": 1, ""01111100000"": 1, ""10001101101"": 1, ""10110101101"": 1, ""11011000000"": 1, ""11100011110"": 1, ""11101000110"": 1}"
019e10f7-0ad9-7353-ac0d-318573273293,13,32,1232,YXZYIZXIXIX,XIXIXZIYZXY,"[0, 2, 4, 5, 7, 8, 9, 10]",0.00048828124999999913,0.0,10,-0.6,"{""00010101011"": 1, ""00011101011"": 1, ""00100011011"": 1, ""00101000000"": 1, ""01000101100"": 1, ""01001011011"": 1, ""01110110000"": 1, ""10100110111"": 1, ""11011000000"": 1, ""11110110111"": 1}"
019e10f7-0ad9-7353-ac0d-318573273293,13,33,1233,YXZYIZXIXZI,IZXIXZIYZXY,"[1, 2, 4, 5, 7, 8, 9, 10]",0.00048828124999999913,0.0,10,-0.2,"{""00010000101"": 1, ""00011011110"": 1, ""00101000110"": 1, ""01001000001"": 1, ""01110000110"": 1, ""10110000000"": 1, ""11010111100"": 1, ""11101110000"": 1, ""11101110110"": 1, ""11110101100"": 1}"
019e10f7-0ad9-7353-ac0d-318573273293,13,34,1234,YXZYIZXIYXY,YXYIXZIYZXY,"[0, 1, 2, 4, 5, 7, 8, 9, 10]",-0.00048828124999999913,0.0,10,0.4,"{""00011011101"": 1, ""00101000100"": 1, ""00101011011"": 1, ""00110101111"": 1, ""01000101101"": 1, ""01001000001"": 1, ""01110000000"": 1, ""01111110010"": 1, ""10010110111"": 1, ""11101101010"": 1}"
019e10f7-0ad9-7353-ac0d-318573273293,13,35,1235,YXZYIZXIYYZ,ZYYIXZIYZXY,"[0, 1, 2, 4, 5, 7, 8, 9, 10]",0.00048828124999999913,0.0,10,-0.8,"{""00011011001"": 1, ""00011101100"": 1, ""00100001010"": 1, ""00100101010"": 1, ""01001000011"": 1, ""10111011111"": 1, ""11100000110"": 1, ""11100011100"": 1, ""11100101111"": 1, ""11100110101"": 1}"
019e10f7-0ad9-7353-ac0d-318573273293,13,36,1236,YXZYIZXZIII,IIIZXZIYZXY,"[3, 4, 5, 7, 8, 9, 10]",0.00048828124999999913,0.0,10,-0.4,"{""00010011000"": 1, ""00011101001"": 1, ""01001010000"": 1, ""01011000001"": 1, ""01110101000"": 1, ""01110111110"": 1, ""01111000000"": 1, ""11010000101"": 1, ""11011110111"": 1, ""11100101110"": 1}"
019e10f7-0ad9-7353-ac0d-318573273293,13,37,1237,YXZYIZXZIZX,XZIZXZIYZXY,"[0, 1, 3, 4, 5, 7, 8, 9, 10]",0.00048828124999999913,0.0,10,-0.8,"{""00010110111"": 1, ""00011101111"": 1, ""01000011100"": 1, ""01000101011"": 1, ""01110011100"": 1, ""10110110000"": 1, ""10111101011"": 1, ""11010101100"": 1, ""11100011100"": 1, ""11111000111"": 1}"
019e10f7-0ad9-7353-ac0d-318573273293,13,38,1238,YXZYIZXZZXZ,ZXZZXZIYZXY,"[0, 1, 2, 3, 4, 5, 7, 8, 9, 10]",0.00048828124999999913,0.0,10,-0.2,"{""00100100110"": 1, ""00101110110"": 1, ""00110011000"": 1, ""01000101101"": 1, ""01010101011"": 1, ""01100000000"": 1, ""10110101000"": 1, ""11010101110"": 1, ""11100000000"": 1, ""11101101101"": 1}"
019e10f7-0ad9-7353-ac0d-318573273293,13,39,1239,YXZYIZXZZYY,YYZZXZIYZXY,"[0, 1, 2, 3, 4, 5, 7, 8, 9, 10]",0.00048828124999999913,0.0,10,-0.6,"{""00000000000"": 1, ""00010011110"": 1, ""00010101110"": 1, ""00100101110"": 1, ""01000011111"": 1, ""01000101000"": 1, ""01001101101"": 1, ""01110000000"": 1, ""10110011000"": 1, ""11010110011"": 1}"
019e10f7-0ad9-7353-ac0d-318573273293,13,40,1240,YXZYIZYXXXY,YXXXYZIYZXY,"[0, 1, 2, 3, 4, 5, 7, 8, 9, 10]",-0.00048828124999999913,0.0,10,0.6,"{""00011011010"": 1, ""00100110111"": 1, ""01000011010"": 1, ""01010110011"": 1, ""01110001000"": 1, ""10000000110"": 1, ""10110001110"": 1, ""10110100001"": 1, ""11011001011"": 1, ""11101111101"": 1}"
019e10f7-0ad9-7353-ac0d-318573273293,13,41,1241,YXZYIZYXXYZ,ZYXXYZIYZXY,"[0, 1, 2, 3, 4, 5, 7, 8, 9, 10]",0.00048828124999999913,0.0,10,-0.4,"{""00011101110"": 1, ""00100111010"": 1, ""01110101110"": 1, ""10001011001"": 1, ""10001101101"": 1, ""10001111000"": 1, ""10110100001"": 1, ""10110101000"": 1, ""11010110010"": 1, ""11101001111"": 1}"
019e10f7-0ad9-7353-ac0d-318573273293,13,42,1242,YXZYIZYXYIX,XIYXYZIYZXY,"[0, 2, 3, 4, 5, 7, 8, 9, 10]",-0.00048828124999999913,0.0,10,0.6,"{""00101100111"": 1, ""01000101100"": 1, ""01001100000"": 1, ""01001111111"": 1, ""01110101100"": 1, ""01111000011"": 1, ""10000000100"": 1, ""10111101011"": 1, ""11010100100"": 1, ""11101010011"": 1}"
019e10f7-0ad9-7353-ac0d-318573273293,13,43,1243,YXZYIZYXYZI,IZYXYZIYZXY,"[1, 2, 3, 4, 5, 7, 8, 9, 10]",-0.00048828124999999913,0.0,10,0.4,"{""00101000101"": 1, ""00101110100"": 1, ""10001011001"": 1, ""10001101101"": 1, ""10001111001"": 1, ""10100011011"": 1, ""10111110011"": 1, ""11100100010"": 1, ""11100101100"": 1, ""11101111111"": 1}"
019e10f7-0ad9-7353-ac0d-318573273293,13,44,1244,YXZYIZYYIXZ,ZXIYYZIYZXY,"[0, 1, 3, 4, 5, 7, 8, 9, 10]",0.00048828124999999913,0.0,10,-0.8,"{""00100000011"": 1, ""01110010101"": 1, ""01111111111"": 1, ""10001111101"": 1, ""10110010110"": 1, ""10110011000"": 1, ""11011100110"": 1, ""11100100110"": 1, ""11100111101"": 1, ""11101111101"": 1}"
019e10f7-0ad9-7353-ac0d-318573273293,13,45,1245,YXZYIZYYIYY,YYIYYZIYZXY,"[0, 1, 3, 4, 5, 7, 8, 9, 10]",0.00048828124999999913,0.0,10,-0.8,"{""00001110011"": 1, ""00101010110"": 1, ""01000100110"": 2, ""01110000011"": 1, ""10001100110"": 1, ""11010011000"": 1, ""11011101011"": 1, ""11101101011"": 1, ""11101110011"": 1}"
019e10f7-0ad9-7353-ac0d-318573273293,13,46,1246,YXZYIZYYZII,IIZYYZIYZXY,"[2, 3, 4, 5, 7, 8, 9, 10]",0.00048828124999999913,0.0,10,-0.2,"{""00110010110"": 1, ""01110010101"": 1, ""01110100111"": 1, ""01111100111"": 1, ""10000110011"": 1, ""10001101100"": 1, ""10111000000"": 1, ""11000011000"": 1, ""11100011010"": 1, ""11100100000"": 1}"
019e10f7-0ad9-7353-ac0d-318573273293,13,47,1247,YXZYIZYYZZX,XZZYYZIYZXY,"[0, 1, 2, 3, 4, 5, 7, 8, 9, 10]",0.00048828124999999913,0.0,10,-0.8,"{""00010110000"": 1, ""00011011011"": 1, ""00101100100"": 1, ""10001010100"": 1, ""10010111111"": 1, ""10111010111"": 1, ""11011001100"": 1, ""11100101000"": 1, ""11100111100"": 1, ""11101011011"": 1}"
019e10f7-0ad9-7353-ac0d-318573273293,13,48,1248,YXZYZXIXIXZ,ZXIXIXZYZXY,"[0, 1, 3, 5, 6, 7, 8, 9, 10]",0.00048828124999999913,0.0,10,-0.8,"{""00000110101"": 1, ""00011010110"": 1, ""01110000011"": 1, ""01111010110"": 1, ""10000111011"": 1, ""10001010110"": 1, ""11010110101"": 1, ""11100110101"": 1, ""11101011000"": 1, ""11101100011"": 1}"
019e10f7-0ad9-7353-ac0d-318573273293,13,49,1249,YXZYZXIXIYY,YYIXIXZYZXY,"[0, 1, 3, 5, 6, 7, 8, 9, 10]",0.00048828124999999913,0.0,10,-1.0,"{""00010000000"": 1, ""00011010101"": 1, ""00110100011"": 1, ""01000111011"": 1, ""01001011000"": 1, ""01110111000"": 1, ""10000000011"": 1, ""10111101101"": 1, ""11100000011"": 1, ""11101101101"": 1}"
019e10f7-0ad9-7353-ac0d-318573273293,13,50,1250,YXZYZXIXZII,IIZXIXZYZXY,"[2, 3, 5, 6, 7, 8, 9, 10]",0.00048828124999999913,0.0,10,-0.4,"{""00000111000"": 1, ""00101101110"": 1, ""01000000000"": 1, ""01101101101"": 1, ""01111101111"": 1, ""10000100111"": 1, ""10001011011"": 1, ""10010001101"": 1, ""10111011010"": 1, ""11101100011"": 1}"
019e10f7-0ad9-7353-ac0d-318573273293,13,51,1251,YXZYZXIXZZX,XZZXIXZYZXY,"[0, 1, 2, 3, 5, 6, 7, 8, 9, 10]",0.00048828124999999913,0.0,10,-0.4,"{""00010110111"": 1, ""00110000100"": 1, ""01100111000"": 1, ""01110110111"": 1, ""01110111011"": 1, ""10000111000"": 1, ""10010111011"": 1, ""10101011000"": 1, ""10111101100"": 1, ""11011011000"": 1}"
019e10f7-0ad9-7353-ac0d-318573273293,13,52,1252,YXZYZXIYXXY,YXXYIXZYZXY,"[0, 1, 2, 3, 5, 6, 7, 8, 9, 10]",0.00048828124999999913,0.0,10,-0.4,"{""00010000011"": 1, ""00011101111"": 1, ""00100110111"": 1, ""01011011011"": 1, ""01111010010"": 1, ""11011010010"": 1, ""11011011000"": 1, ""11100001110"": 1, ""11101010100"": 1, ""11111100011"": 1}"
019e10f7-0ad9-7353-ac0d-318573273293,13,53,1253,YXZYZXIYXYZ,ZYXYIXZYZXY,"[0, 1, 2, 3, 5, 6, 7, 8, 9, 10]",-0.00048828124999999913,0.0,10,0.6,"{""00011101101"": 1, ""00101011010"": 1, ""01000110000"": 1, ""01111010110"": 1, ""01111011001"": 1, ""01111101110"": 1, ""10100111010"": 1, ""10110111010"": 1, ""10111011100"": 1, ""11001011111"": 1}"
019e10f7-0ad9-7353-ac0d-318573273293,13,54,1254,YXZYZXIYYIX,XIYYIXZYZXY,"[0, 2, 3, 5, 6, 7, 8, 9, 10]",0.00048828124999999913,0.0,10,-0.2,"{""00101101100"": 1, ""01001101100"": 1, ""01011101011"": 1, ""11010000111"": 1, ""11010001111"": 1, ""11010111000"": 1, ""11011100011"": 1, ""11100110011"": 1, ""11101011000"": 1, ""11110001100"": 1}"
019e10f7-0ad9-7353-ac0d-318573273293,13,55,1255,YXZYZXIYYZI,IZYYIXZYZXY,"[1, 2, 3, 5, 6, 7, 8, 9, 10]",0.00048828124999999913,0.0,10,0.0,"{""00100110100"": 1, ""01001010101"": 1, ""01001010111"": 1, ""01110110101"": 1, ""10000101100"": 1, ""10010111001"": 1, ""10110000110"": 1, ""10110110101"": 1, ""10111101110"": 1, ""11100101010"": 1}"
019e10f7-0ad9-7353-ac0d-318573273293,13,56,1256,YXZYZXZIIII,IIIIZXZYZXY,"[4, 5, 6, 7, 8, 9, 10]",0.00048828124999999913,0.0,10,-0.2,"{""00001101001"": 1, ""00011010101"": 1, ""00110111100"": 1, ""00111010101"": 1, ""01000110110"": 1, ""10110000111"": 1, ""11001101010"": 1, ""11010000000"": 1, ""11011100101"": 1, ""11101100001"": 1}"
019e10f7-0ad9-7353-ac0d-318573273293,13,57,1257,YXZYZXZIIZX,XZIIZXZYZXY,"[0, 1, 4, 5, 6, 7, 8, 9, 10]",0.00048828124999999913,0.0,10,-0.8,"{""01000111000"": 1, ""01001100100"": 1, ""01100101100"": 1, ""10110000011"": 1, ""10110110100"": 1, ""10110111000"": 1, ""11001101100"": 1, ""11011010111"": 1, ""11100000000"": 1, ""11101100000"": 1}"
019e10f7-0ad9-7353-ac0d-318573273293,13,58,1258,YXZYZXZIZXZ,ZXZIZXZYZXY,"[0, 1, 2, 4, 5, 6, 7, 8, 9, 10]",0.00048828124999999913,0.0,10,-0.8,"{""00100000011"": 1, ""10000001101"": 2, ""10000010011"": 1, ""10001100000"": 1, ""10001101110"": 1, ""10110001110"": 1, ""11010001000"": 1, ""11011010000"": 1, ""11101100011"": 1}"
019e10f7-0ad9-7353-ac0d-318573273293,13,59,1259,YXZYZXZIZYY,YYZIZXZYZXY,"[0, 1, 2, 4, 5, 6, 7, 8, 9, 10]",0.00048828124999999913,0.0,10,-0.4,"{""00011010101"": 1, ""00101100111"": 1, ""01000001101"": 1, ""01001011101"": 1, ""01101010000"": 1, ""01110111110"": 1, ""10110001101"": 1, ""10111010011"": 1, ""11011010011"": 1, ""11110111000"": 1}"
019e10f7-0ad9-7353-ac0d-318573273293,13,60,1260,YXZYZXZZXIX,XIXZZXZYZXY,"[0, 2, 3, 4, 5, 6, 7, 8, 9, 10]",0.00048828124999999913,0.0,10,-0.4,"{""00010111100"": 1, ""01000111011"": 1, ""01001011011"": 1, ""01110010000"": 1, ""10000001100"": 1, ""10000110111"": 1, ""10001011011"": 1, ""10110001111"": 1, ""10111010111"": 1, ""11010011100"": 1}"
019e10f7-0ad9-7353-ac0d-318573273293,13,61,1261,YXZYZXZZXZI,IZXZZXZYZXY,"[1, 2, 3, 4, 5, 6, 7, 8, 9, 10]",0.00048828124999999913,0.0,10,-0.4,"{""00101101010"": 1, ""01110100000"": 1, ""10000110111"": 1, ""10110011101"": 1, ""10111100000"": 1, ""11010001101"": 1, ""11011010001"": 1, ""11100001011"": 1, ""11101011001"": 1, ""11101101101"": 1}"
019e10f7-0ad9-7353-ac0d-318573273293,13,62,1262,YXZYZXZZYXY,YXYZZXZYZXY,"[0, 1, 2, 3, 4, 5, 6, 7, 8, 9, 10]",-0.00048828124999999913,0.0,10,0.4,"{""00100001000"": 1, ""01000001101"": 1, ""01000111001"": 1, ""01001010111"": 1, ""01111010111"": 1, ""10001100000"": 1, ""10110101011"": 1, ""10111010111"": 1, ""11100111110"": 1, ""11101010111"": 1}"
019e10f7-0ad9-7353-ac0d-318573273293,13,63,1263,YXZYZXZZYYZ,ZYYZZXZYZXY,"[0, 1, 2, 3, 4, 5, 6, 7, 8, 9, 10]",0.00048828124999999913,0.0,10,0.0,"{""00001011111"": 1, ""01000111100"": 1, ""01101011111"": 1, ""01111011011"": 1, ""10111101000"": 1, ""10111101001"": 1, ""11011011000"": 1, ""11100001001"": 1, ""11101101001"": 2}"
019e10f7-0ad9-7353-ac0d-318573273293,13,64,1264,YXZYZYXXXXY,YXXXXYZYZXY,"[0, 1, 2, 3, 4, 5, 6, 7, 8, 9, 10]",0.00048828124999999913,0.0,10,-0.4,"{""00010011100"": 1, ""00010111100"": 1, ""00101011010"": 1, ""01000010001"": 1, ""01110101101"": 1, ""10001010110"": 1, ""11100000110"": 1, ""11101010111"": 1, ""11110010110"": 1, ""11110110110"": 1}"
019e10f7-0ad9-7353-ac0d-318573273293,13,65,1265,YXZYZYXXXYZ,ZYXXXYZYZXY,"[0, 1, 2, 3, 4, 5, 6, 7, 8, 9, 10]",-0.00048828124999999913,0.0,10,0.6,"{""00000011100"": 1, ""00011111001"": 1, ""00100101111"": 1, ""01000001100"": 1, ""01001011101"": 1, ""10001000000"": 1, ""10110110001"": 1, ""10111010001"": 1, ""11011001010"": 1, ""11100110010"": 1}"
019e10f7-0ad9-7353-ac0d-318573273293,13,66,1266,YXZYZYXXYIX,XIYXXYZYZXY,"[0, 2, 3, 4, 5, 6, 7, 8, 9, 10]",0.00048828124999999913,0.0,10,-0.6,"{""00010001011"": 1, ""00010111100"": 1, ""00101111111"": 1, ""01001100011"": 1, ""01111010111"": 1, ""10000011000"": 1, ""10001010000"": 1, ""10010101000"": 1, ""10111100111"": 1, ""11101111000"": 1}"
019e10f7-0ad9-7353-ac0d-318573273293,13,67,1267,YXZYZYXXYZI,IZYXXYZYZXY,"[1, 2, 3, 4, 5, 6, 7, 8, 9, 10]",0.00048828124999999913,0.0,10,-0.4,"{""00010101110"": 1, ""00100010100"": 1, ""00101000111"": 1, ""01000000010"": 1, ""01000000110"": 1, ""01000011110"": 1, ""01000110110"": 1, ""01110110101"": 1, ""10111110010"": 1, ""11100001011"": 1}"
019e10f7-0ad9-7353-ac0d-318573273293,13,68,1268,YXZYZYXYIXZ,ZXIYXYZYZXY,"[0, 1, 3, 4, 5, 6, 7, 8, 9, 10]",-0.00048828124999999913,0.0,10,0.6,"{""00010010000"": 1, ""00101110000"": 1, ""00111111110"": 1, ""01110111011"": 1, ""10000000110"": 1, ""10000011011"": 1, ""11010100000"": 1, ""11011010010"": 1, ""11011011000"": 1, ""11101000000"": 1}"
019e10f7-0ad9-7353-ac0d-318573273293,13,69,1269,YXZYZYXYIYY,YYIYXYZYZXY,"[0, 1, 3, 4, 5, 6, 7, 8, 9, 10]",-0.00048828124999999913,0.0,10,0.2,"{""00010111000"": 1, ""00011010100"": 1, ""00101010011"": 1, ""01000010000"": 1, ""01000010011"": 1, ""01001010110"": 1, ""10100100000"": 1, ""10101100110"": 1, ""10110000101"": 1, ""11010011110"": 1}"
019e10f7-0ad9-7353-ac0d-318573273293,13,70,1270,YXZYZYXYZII,IIZYXYZYZXY,"[2, 3, 4, 5, 6, 7, 8, 9, 10]",-0.00048828124999999913,0.0,10,-0.2,"{""00001010100"": 1, ""00010011111"": 1, ""00100110110"": 1, ""01000110001"": 1, ""01000110010"": 1, ""01011000000"": 1, ""01100001000"": 1, ""01110101000"": 1, ""10000010010"": 1, ""10000111001"": 1}"
019e10f7-0ad9-7353-ac0d-318573273293,13,71,1271,YXZYZYXYZZX,XZZYXYZYZXY,"[0, 1, 2, 3, 4, 5, 6, 7, 8, 9, 10]",-0.00048828124999999913,0.0,10,0.4,"{""00001110011"": 1, ""00100101100"": 1, ""01000101111"": 1, ""01110011100"": 1, ""01111010100"": 1, ""10001111100"": 1, ""10110101100"": 1, ""11000101100"": 1, ""11011100011"": 1, ""11100001000"": 1}"
019e10f7-0ad9-7353-ac0d-318573273293,13,72,1272,YXZYZYYIXIX,XIXIYYZYZXY,"[0, 2, 4, 5, 6, 7, 8, 9, 10]",0.00048828124999999913,0.0,10,-0.4,"{""00010001011"": 1, ""00010011111"": 1, ""01000100001"": 1, ""01110101011"": 1, ""01111100111"": 1, ""10000010000"": 1, ""10000011100"": 1, ""11010101011"": 1, ""11100000111"": 1, ""11100110111"": 1}"
019e10f7-0ad9-7353-ac0d-318573273293,13,73,1273,YXZYZYYIXZI,IZXIYYZYZXY,"[1, 2, 4, 5, 6, 7, 8, 9, 10]",0.00048828124999999913,0.0,10,-0.6,"{""00010010111"": 1, ""00010110111"": 1, ""00011010001"": 1, ""00101100110"": 1, ""01000011100"": 1, ""01100100110"": 1, ""01101001100"": 1, ""10001010001"": 1, ""10110000110"": 1, ""10110110001"": 1}"
019e10f7-0ad9-7353-ac0d-318573273293,13,74,1274,YXZYZYYIYXY,YXYIYYZYZXY,"[0, 1, 2, 4, 5, 6, 7, 8, 9, 10]",-0.00048828124999999913,0.0,10,0.4,"{""00010111000"": 1, ""00011010001"": 1, ""00100000100"": 1, ""01111001000"": 1, ""10110011000"": 1, ""11010101000"": 1, ""11010111000"": 1, ""11011001011"": 1, ""11100101110"": 1, ""11101110100"": 1}"
019e10f7-0ad9-7353-ac0d-318573273293,13,75,1275,YXZYZYYIYYZ,ZYYIYYZYZXY,"[0, 1, 2, 4, 5, 6, 7, 8, 9, 10]",0.00048828124999999913,0.0,10,-0.8,"{""00010111001"": 1, ""00011111010"": 1, ""01000000110"": 1, ""01000011010"": 1, ""01001010110"": 1, ""01110000000"": 1, ""10000000000"": 1, ""10000000101"": 1, ""11011100101"": 1, ""11011111100"": 1}"
019e10f7-0ad9-7353-ac0d-318573273293,13,76,1276,YXZYZYYZIII,IIIZYYZYZXY,"[3, 4, 5, 6, 7, 8, 9, 10]",0.00048828124999999913,0.0,10,-0.6,"{""00011100010"": 1, ""00101111001"": 1, ""01000101000"": 1, ""01010111110"": 1, ""01011001111"": 1, ""10000101010"": 1, ""10001001011"": 1, ""10001010110"": 1, ""11011111111"": 1, ""11100001000"": 1}"
019e10f7-0ad9-7353-ac0d-318573273293,13,77,1277,YXZYZYYZIZX,XZIZYYZYZXY,"[0, 1, 3, 4, 5, 6, 7, 8, 9, 10]",0.00048828124999999913,0.0,10,-0.6,"{""00110001000"": 1, ""01000110000"": 1, ""01001100100"": 1, ""01101010011"": 1, ""01110010111"": 1, ""01110110100"": 1, ""01111111011"": 1, ""10001010011"": 1, ""10111001100"": 1, ""11100011011"": 1}"
019e10f7-0ad9-7353-ac0d-318573273293,13,78,1278,YXZYZYYZZXZ,ZXZZYYZYZXY,"[0, 1, 2, 3, 4, 5, 6, 7, 8, 9, 10]",0.00048828124999999913,0.0,10,-0.6,"{""00010111010"": 1, ""00101100011"": 1, ""01001010000"": 1, ""01001011101"": 1, ""01111100110"": 1, ""10001010000"": 1, ""10111001101"": 1, ""11100011101"": 1, ""11100110010"": 1, ""11101010000"": 1}"
019e10f7-0ad9-7353-ac0d-318573273293,13,79,1279,YXZYZYYZZYY,YYZZYYZYZXY,"[0, 1, 2, 3, 4, 5, 6, 7, 8, 9, 10]",0.00048828124999999913,0.0,10,-0.6,"{""00011111000"": 1, ""00100101000"": 1, ""00100101110"": 1, ""01000110101"": 1, ""01111001000"": 1, ""01111100000"": 1, ""10011111110"": 1, ""10100011101"": 1, ""11000111110"": 1, ""11010000110"": 1}"
019e10f7-0ad9-7353-ac0d-318573273293,13,80,1280,YYIZXIXIXIX,XIXIXIXZIYY,"[0, 2, 4, 6, 7, 9, 10]",-0.00048828124999999913,0.0,10,0.8,"{""00111011100"": 1, ""00111101000"": 1, ""01000001011"": 1, ""01011101100"": 1, ""01101011011"": 1, ""10001101100"": 1, ""10110101010"": 1, ""11001101011"": 1, ""11001110000"": 1, ""11110101011"": 1}"
019e10f7-0ad9-7353-ac0d-318573273293,13,81,1281,YYIZXIXIXZI,IZXIXIXZIYY,"[1, 2, 4, 6, 7, 9, 10]",-0.00048828124999999913,0.0,10,0.2,"{""00110110110"": 1, ""00111011011"": 1, ""01001110000"": 1, ""01010000001"": 1, ""10011110111"": 1, ""10101011010"": 1, ""10111000110"": 1, ""11001110111"": 1, ""11110011100"": 1, ""11111000101"": 1}"
019e10f7-0ad9-7353-ac0d-318573273293,13,82,1282,YYIZXIXIYXY,YXYIXIXZIYY,"[0, 1, 2, 4, 6, 7, 9, 10]",0.00048828124999999913,0.0,10,-0.6,"{""00011110010"": 1, ""00110110010"": 1, ""10010000010"": 1, ""10010000100"": 2, ""10011101110"": 1, ""10110011011"": 1, ""11001101000"": 1, ""11110010100"": 1, ""11111101011"": 1}"
019e10f7-0ad9-7353-ac0d-318573273293,13,83,1283,YYIZXIXIYYZ,ZYYIXIXZIYY,"[0, 1, 2, 4, 6, 7, 9, 10]",-0.00048828124999999913,0.0,10,0.6,"{""00000011010"": 1, ""00001101100"": 1, ""00001110010"": 1, ""00100011010"": 1, ""01010000110"": 1, ""10100011111"": 1, ""10101000000"": 1, ""11001010110"": 1, ""11001110011"": 1, ""11111000110"": 1}"
019e10f7-0ad9-7353-ac0d-318573273293,13,84,1284,YYIZXIXZIII,IIIZXIXZIYY,"[3, 4, 6, 7, 9, 10]",-0.00048828124999999913,0.0,10,0.4,"{""00000011011"": 1, ""00000110000"": 1, ""01011101010"": 1, ""01100000010"": 1, ""01100101100"": 1, ""10011110001"": 1, ""11000000101"": 1, ""11000110101"": 1, ""11001110000"": 1, ""11110101001"": 1}"
019e10f7-0ad9-7353-ac0d-318573273293,13,85,1285,YYIZXIXZIZX,XZIZXIXZIYY,"[0, 1, 3, 4, 6, 7, 9, 10]",-0.00048828124999999913,0.0,10,0.4,"{""00000000011"": 1, ""00001100000"": 1, ""00110110100"": 1, ""01010000000"": 1, ""10011110111"": 1, ""11000000000"": 1, ""11000011100"": 1, ""11000110000"": 1, ""11010000011"": 1, ""11110110100"": 1}"
019e10f7-0ad9-7353-ac0d-318573273293,13,86,1286,YYIZXIXZZXZ,ZXZZXIXZIYY,"[0, 1, 2, 3, 4, 6, 7, 9, 10]",-0.00048828124999999913,0.0,10,0.6,"{""00000011101"": 1, ""00110101000"": 1, ""00111000101"": 1, ""01000011110"": 1, ""01010000000"": 1, ""01011101101"": 1, ""01011101110"": 1, ""01101000011"": 1, ""10000011011"": 1, ""11000011011"": 1}"
019e10f7-0ad9-7353-ac0d-318573273293,13,87,1287,YYIZXIXZZYY,YYZZXIXZIYY,"[0, 1, 2, 3, 4, 6, 7, 9, 10]",-0.00048828124999999913,0.0,10,0.8,"{""00110101000"": 1, ""00110101101"": 1, ""00111000101"": 1, ""00111011011"": 1, ""00111011101"": 1, ""01011101110"": 1, ""01101000000"": 1, ""10101011101"": 1, ""11001100000"": 1, ""11110001110"": 1}"
019e10f7-0ad9-7353-ac0d-318573273293,13,88,1288,YYIZXIYXXXY,YXXXYIXZIYY,"[0, 1, 2, 3, 4, 6, 7, 9, 10]",0.00048828124999999913,0.0,10,-0.6,"{""01001110111"": 1, ""01100111000"": 1, ""01110110101"": 1, ""10010010001"": 1, ""10011101001"": 1, ""10101000001"": 1, ""10101011111"": 1, ""11100011001"": 1, ""11110100011"": 1, ""11111010011"": 1}"
019e10f7-0ad9-7353-ac0d-318573273293,13,89,1289,YYIZXIYXXYZ,ZYXXYIXZIYY,"[0, 1, 2, 3, 4, 6, 7, 9, 10]",-0.00048828124999999913,0.0,10,0.4,"{""00001110101"": 1, ""00110101110"": 1, ""00111011011"": 1, ""01010001100"": 1, ""01011011101"": 1, ""10000000000"": 1, ""10000110101"": 1, ""10001101011"": 1, ""10100101000"": 1, ""11110100100"": 1}"
019e10f7-0ad9-7353-ac0d-318573273293,13,90,1290,YYIZXIYXYIX,XIYXYIXZIYY,"[0, 2, 3, 4, 6, 7, 9, 10]",0.00048828124999999913,0.0,10,0.2,"{""00000010011"": 1, ""00001011100"": 1, ""00001110011"": 1, ""00100010111"": 1, ""00110110100"": 1, ""01011110000"": 1, ""01011110011"": 1, ""01101001100"": 1, ""10111000100"": 1, ""11000000000"": 1}"
019e10f7-0ad9-7353-ac0d-318573273293,13,91,1291,YYIZXIYXYZI,IZYXYIXZIYY,"[1, 2, 3, 4, 6, 7, 9, 10]",0.00048828124999999913,0.0,10,-0.2,"{""00110110100"": 1, ""00111011100"": 1, ""01001111110"": 1, ""01100110000"": 1, ""01100111111"": 1, ""10010001000"": 1, ""10010011011"": 1, ""10011110000"": 1, ""10100100111"": 1, ""11001001110"": 1}"
019e10f7-0ad9-7353-ac0d-318573273293,13,92,1292,YYIZXIYYIXZ,ZXIYYIXZIYY,"[0, 1, 3, 4, 6, 7, 9, 10]",-0.00048828124999999913,0.0,10,0.6,"{""00001100101"": 1, ""01010000000"": 1, ""01011100000"": 1, ""01101001101"": 1, ""01110110001"": 1, ""01111011011"": 1, ""10010010101"": 1, ""10100111110"": 1, ""10101010101"": 1, ""11001000101"": 1}"
019e10f7-0ad9-7353-ac0d-318573273293,13,93,1293,YYIZXIYYIYY,YYIYYIXZIYY,"[0, 1, 3, 4, 6, 7, 9, 10]",-0.00048828124999999913,0.0,10,0.4,"{""00000000011"": 1, ""00000110000"": 1, ""00101101000"": 1, ""01100101000"": 1, ""10010011000"": 1, ""10100001101"": 1, ""10101010110"": 1, ""11001011000"": 1, ""11001101000"": 1, ""11111001110"": 1}"
019e10f7-0ad9-7353-ac0d-318573273293,13,94,1294,YYIZXIYYZII,IIZYYIXZIYY,"[2, 3, 4, 6, 7, 9, 10]",-0.00048828124999999913,0.0,10,0.4,"{""00000001110"": 1, ""00000010101"": 1, ""00110011100"": 1, ""00111001101"": 1, ""01010011011"": 1, ""10000001110"": 1, ""10011101000"": 1, ""10011101101"": 1, ""11001101110"": 1, ""11001110001"": 1}"
019e10f7-0ad9-7353-ac0d-318573273293,13,95,1295,YYIZXIYYZZX,XZZYYIXZIYY,"[0, 1, 2, 3, 4, 6, 7, 9, 10]",-0.00048828124999999913,0.0,10,0.4,"{""00000001100"": 1, ""00000111111"": 1, ""01011111111"": 1, ""10001001100"": 1, ""10011000000"": 1, ""10101110011"": 1, ""11000010100"": 1, ""11000010111"": 1, ""11001101000"": 1, ""11110110000"": 1}"
019e10f7-0ad9-7353-ac0d-318573273293,13,96,1296,YYIZXZIIIII,IIIIIZXZIYY,"[5, 6, 7, 9, 10]",-0.00048828124999999913,0.0,10,0.6,"{""00000001100"": 1, ""01010010000"": 1, ""01101001111"": 1, ""10001101110"": 1, ""10100110111"": 1, ""10101010000"": 1, ""11000000101"": 1, ""11001101101"": 1, ""11110000010"": 1, ""11110110100"": 1}"
019e10f7-0ad9-7353-ac0d-318573273293,13,97,1297,YYIZXZIIIZX,XZIIIZXZIYY,"[0, 1, 5, 6, 7, 9, 10]",-0.00048828124999999913,0.0,10,1.0,"{""00011101001"": 1, ""00110110011"": 1, ""00110111000"": 1, ""00111000100"": 1, ""01010001000"": 1, ""01011100100"": 1, ""10101010000"": 1, ""11000001011"": 1, ""11000011011"": 1, ""11110110000"": 1}"
019e10f7-0ad9-7353-ac0d-318573273293,13,98,1298,YYIZXZIIZXZ,ZXZIIZXZIYY,"[0, 1, 2, 5, 6, 7, 9, 10]",-0.00048828124999999913,0.0,10,0.2,"{""00001101000"": 1, ""00001101110"": 1, ""00111100000"": 1, ""01001110101"": 1, ""01100101000"": 1, ""01110100011"": 1, ""10010001000"": 1, ""10101101011"": 1, ""11000000101"": 1, ""11000010011"": 1}"
019e10f7-0ad9-7353-ac0d-318573273293,13,99,1299,YYIZXZIIZYY,YYZIIZXZIYY,"[0, 1, 2, 5, 6, 7, 9, 10]",-0.00048828124999999913,0.0,10,0.2,"{""00010010000"": 1, ""00100101110"": 1, ""00110110110"": 1, ""00111000101"": 1, ""01011001110"": 1, ""01101001011"": 1, ""11000000010"": 1, ""11000010101"": 1, ""11001110011"": 1, ""11111001000"": 1}"
019e10f7-1dde-7893-b064-3af2892de418,14,0,1300,YYIZXZIZXIX,XIXZIZXZIYY,"[0, 2, 3, 5, 6, 7, 9, 10]",-0.00048828124999999913,0.0,10,0.4,"{""00000001011"": 1, ""00010111100"": 1, ""10010011100"": 1, ""10011001100"": 1, ""10011100000"": 1, ""10011110000"": 1, ""10101010000"": 1, ""10101010011"": 1, ""11110110000"": 1, ""11111001101"": 1}"
019e10f7-1dde-7893-b064-3af2892de418,14,1,1301,YYIZXZIZXZI,IZXZIZXZIYY,"[1, 2, 3, 5, 6, 7, 9, 10]",-0.00048828124999999913,0.0,10,0.6,"{""00000010111"": 1, ""00110110000"": 1, ""01010000001"": 1, ""01011010101"": 1, ""01101001101"": 1, ""01111000000"": 1, ""11110100001"": 1, ""11110110011"": 1, ""11111001100"": 1, ""11111001101"": 1}"
019e10f7-1dde-7893-b064-3af2892de418,14,2,1302,YYIZXZIZYXY,YXYZIZXZIYY,"[0, 1, 2, 3, 5, 6, 7, 9, 10]",0.00048828124999999913,0.0,10,-0.4,"{""00111000001"": 1, ""01011100000"": 1, ""01100110110"": 1, ""01100111000"": 1, ""01101000001"": 1, ""10010010111"": 1, ""10101011011"": 1, ""11001100111"": 1, ""11010100100"": 1, ""11011111011"": 1}"
019e10f7-1dde-7893-b064-3af2892de418,14,3,1303,YYIZXZIZYYZ,ZYYZIZXZIYY,"[0, 1, 2, 3, 5, 6, 7, 9, 10]",-0.00048828124999999913,0.0,10,0.4,"{""00000000000"": 1, ""00000000011"": 1, ""00110101010"": 1, ""01010010110"": 1, ""01010111111"": 1, ""10100101111"": 1, ""11001100000"": 1, ""11100100101"": 1, ""11110101000"": 1, ""11111000000"": 1}"
019e10f7-1dde-7893-b064-3af2892de418,14,4,1304,YYIZXZZXIXZ,ZXIXZZXZIYY,"[0, 1, 3, 4, 5, 6, 7, 9, 10]",-0.00048828124999999913,0.0,10,-0.2,"{""00001010100"": 1, ""01011111000"": 1, ""01100000000"": 1, ""01101111000"": 2, ""10011101101"": 1, ""10101100000"": 1, ""10110111011"": 1, ""11110110000"": 1, ""11110110110"": 1}"
019e10f7-1dde-7893-b064-3af2892de418,14,5,1305,YYIZXZZXIYY,YYIXZZXZIYY,"[0, 1, 3, 4, 5, 6, 7, 9, 10]",-0.00048828124999999913,0.0,10,0.6,"{""00000010010"": 1, ""00001110110"": 1, ""00110101110"": 1, ""00110110010"": 1, ""00111000000"": 2, ""01100100011"": 1, ""10000010110"": 1, ""10010001110"": 1, ""11000101110"": 1}"
019e10f7-1dde-7893-b064-3af2892de418,14,6,1306,YYIZXZZXZII,IIZXZZXZIYY,"[2, 3, 4, 5, 6, 7, 9, 10]",-0.00048828124999999913,0.0,10,0.4,"{""00000010100"": 1, ""01011100101"": 1, ""01100110100"": 1, ""10001001100"": 1, ""10011110111"": 1, ""10101010100"": 1, ""10111000000"": 1, ""11001011011"": 1, ""11110100010"": 1, ""11110110110"": 1}"
019e10f7-1dde-7893-b064-3af2892de418,14,7,1307,YYIZXZZXZZX,XZZXZZXZIYY,"[0, 1, 2, 3, 4, 5, 6, 7, 9, 10]",-0.00048828124999999913,0.0,10,0.2,"{""00111001111"": 1, ""00111010000"": 1, ""01001100000"": 1, ""01010000000"": 1, ""01100101100"": 1, ""10001100011"": 1, ""10100111011"": 1, ""11001101111"": 1, ""11111001100"": 1, ""11111011010"": 1}"
019e10f7-1dde-7893-b064-3af2892de418,14,8,1308,YYIZXZZYXXY,YXXYZZXZIYY,"[0, 1, 2, 3, 4, 5, 6, 7, 9, 10]",-0.00048828124999999913,0.0,10,0.4,"{""00000010001"": 1, ""00000011011"": 1, ""00001100110"": 1, ""00110101011"": 1, ""01011100101"": 1, ""01100100101"": 1, ""01111001101"": 1, ""10010100111"": 1, ""10101001000"": 1, ""11110001010"": 1}"
019e10f7-1dde-7893-b064-3af2892de418,14,9,1309,YYIZXZZYXYZ,ZYXYZZXZIYY,"[0, 1, 2, 3, 4, 5, 6, 7, 9, 10]",0.00048828124999999913,0.0,10,-0.6,"{""00000000001"": 1, ""00000011010"": 1, ""01010001011"": 1, ""10011110101"": 1, ""10011111111"": 1, ""10100101101"": 1, ""10101001101"": 1, ""11000001000"": 1, ""11001001110"": 1, ""11001101111"": 1}"
019e10f7-1dde-7893-b064-3af2892de418,14,10,1310,YYIZXZZYYIX,XIYYZZXZIYY,"[0, 2, 3, 4, 5, 6, 7, 9, 10]",-0.00048828124999999913,0.0,10,0.4,"{""01000000000"": 1, ""01100100111"": 1, ""10010000000"": 1, ""10101000100"": 1, ""11000001011"": 1, ""11000011111"": 1, ""11001110000"": 1, ""11001111111"": 1, ""11110101100"": 1, ""11111011000"": 1}"
019e10f7-1dde-7893-b064-3af2892de418,14,11,1311,YYIZXZZYYZI,IZYYZZXZIYY,"[1, 2, 3, 4, 5, 6, 7, 9, 10]",-0.00048828124999999913,0.0,10,1.0,"{""00000011110"": 1, ""01010010010"": 1, ""01010011110"": 1, ""01011110010"": 1, ""01011111000"": 1, ""01100111111"": 1, ""10101010100"": 1, ""11000000000"": 1, ""11000011001"": 1, ""11001111001"": 1}"
019e10f7-1dde-7893-b064-3af2892de418,14,12,1312,YYIZYXXXXXY,YXXXXXYZIYY,"[0, 1, 2, 3, 4, 5, 6, 7, 9, 10]",0.00048828124999999913,0.0,10,0.0,"{""00001111101"": 1, ""00110011011"": 1, ""10011010000"": 1, ""10101100000"": 1, ""11000001010"": 1, ""11000010101"": 1, ""11100000100"": 1, ""11100110101"": 1, ""11100111111"": 1, ""11110000000"": 1}"
019e10f7-1dde-7893-b064-3af2892de418,14,13,1313,YYIZYXXXXYZ,ZYXXXXYZIYY,"[0, 1, 2, 3, 4, 5, 6, 7, 9, 10]",-0.00048828124999999913,0.0,10,0.2,"{""01010011000"": 1, ""01011000000"": 1, ""01011111100"": 1, ""01101001001"": 1, ""01101101101"": 1, ""10000100010"": 1, ""10011000011"": 1, ""10101101110"": 1, ""11110111011"": 1, ""11111001010"": 1}"
019e10f7-1dde-7893-b064-3af2892de418,14,14,1314,YYIZYXXXYIX,XIYXXXYZIYY,"[0, 2, 3, 4, 5, 6, 7, 9, 10]",0.00048828124999999913,0.0,10,-0.8,"{""01000100011"": 1, ""01010101011"": 1, ""01011010111"": 1, ""01101111111"": 1, ""10011010100"": 1, ""10011011111"": 1, ""10011110000"": 1, ""10101001111"": 1, ""10101100000"": 1, ""10110110011"": 1}"
019e10f7-1dde-7893-b064-3af2892de418,14,15,1315,YYIZYXXXYZI,IZYXXXYZIYY,"[1, 2, 3, 4, 5, 6, 7, 9, 10]",0.00048828124999999913,0.0,10,-0.6,"{""00001001111"": 1, ""00110101101"": 1, ""01010101010"": 1, ""01011001011"": 1, ""01101000010"": 1, ""01101001000"": 1, ""10001010111"": 1, ""10010101101"": 1, ""10101100110"": 1, ""11110111101"": 1}"
019e10f7-1dde-7893-b064-3af2892de418,14,16,1316,YYIZYXXYIXZ,ZXIYXXYZIYY,"[0, 1, 3, 4, 5, 6, 7, 9, 10]",-0.00048828124999999913,0.0,10,0.2,"{""00000010011"": 1, ""00001100101"": 1, ""00111001000"": 1, ""10010111110"": 1, ""10100011101"": 1, ""10101111101"": 2, ""11000000011"": 1, ""11000010100"": 1, ""11111110000"": 1}"
019e10f7-1dde-7893-b064-3af2892de418,14,17,1317,YYIZYXXYIYY,YYIYXXYZIYY,"[0, 1, 3, 4, 5, 6, 7, 9, 10]",-0.00048828124999999913,0.0,10,0.2,"{""00001010101"": 1, ""01001111000"": 1, ""10010011001"": 1, ""10111101110"": 1, ""11000100110"": 1, ""11001101101"": 1, ""11001110110"": 1, ""11100010000"": 1, ""11110011101"": 1, ""11110110110"": 1}"
019e10f7-1dde-7893-b064-3af2892de418,14,18,1318,YYIZYXXYZII,IIZYXXYZIYY,"[2, 3, 4, 5, 6, 7, 9, 10]",-0.00048828124999999913,0.0,10,0.0,"{""00110001001"": 1, ""01000101011"": 1, ""01100100000"": 1, ""10010000010"": 1, ""10010001110"": 1, ""10101001000"": 1, ""10101101111"": 1, ""11000001011"": 1, ""11001101101"": 1, ""11010110010"": 1}"
019e10f7-1dde-7893-b064-3af2892de418,14,19,1319,YYIZYXXYZZX,XZZYXXYZIYY,"[0, 1, 2, 3, 4, 5, 6, 7, 9, 10]",-0.00048828124999999913,0.0,10,-0.2,"{""00000010000"": 1, ""00100001011"": 1, ""00111011100"": 1, ""01001110111"": 1, ""01010010100"": 1, ""01100001000"": 1, ""10011101111"": 1, ""10111011011"": 1, ""11000011011"": 1, ""11001001100"": 1}"
019e10f7-1dde-7893-b064-3af2892de418,14,20,1320,YYIZYXYIXIX,XIXIYXYZIYY,"[0, 2, 4, 5, 6, 7, 9, 10]",0.00048828124999999913,0.0,10,-0.6,"{""01000000000"": 1, ""01010010000"": 1, ""01100000000"": 1, ""10011011011"": 1, ""10100000000"": 1, ""10111001011"": 1, ""10111111100"": 1, ""11001101100"": 1, ""11001110000"": 1, ""11111111100"": 1}"
019e10f7-1dde-7893-b064-3af2892de418,14,21,1321,YYIZYXYIXZI,IZXIYXYZIYY,"[1, 2, 4, 5, 6, 7, 9, 10]",0.00048828124999999913,0.0,10,-0.4,"{""00001011100"": 1, ""01010000110"": 1, ""01010100001"": 1, ""01011000001"": 1, ""01011101101"": 1, ""11001011100"": 1, ""11010100111"": 1, ""11110000001"": 1, ""11110100100"": 1, ""11110101001"": 1}"
019e10f7-1dde-7893-b064-3af2892de418,14,22,1322,YYIZYXYIYXY,YXYIYXYZIYY,"[0, 1, 2, 4, 5, 6, 7, 9, 10]",-0.00048828124999999913,0.0,10,0.4,"{""00000001011"": 1, ""00111010010"": 1, ""01011100000"": 1, ""01100000010"": 1, ""10001011101"": 1, ""10010010010"": 1, ""10101010100"": 1, ""10101011011"": 1, ""11001010111"": 1, ""11001101000"": 1}"
019e10f7-1dde-7893-b064-3af2892de418,14,23,1323,YYIZYXYIYYZ,ZYYIYXYZIYY,"[0, 1, 2, 4, 5, 6, 7, 9, 10]",0.00048828124999999913,0.0,10,-0.4,"{""00001000000"": 1, ""00001110101"": 1, ""00101111001"": 1, ""00110000110"": 1, ""00110101000"": 1, ""01000101001"": 1, ""01001110000"": 1, ""01011011010"": 1, ""01111011001"": 1, ""11111010110"": 1}"
019e10f7-1dde-7893-b064-3af2892de418,14,24,1324,YYIZYXYZIII,IIIZYXYZIYY,"[3, 4, 5, 6, 7, 9, 10]",0.00048828124999999913,0.0,10,-0.2,"{""00101111011"": 1, ""01000001001"": 1, ""01011100100"": 1, ""01011101111"": 1, ""01011110111"": 1, ""01100000011"": 1, ""01110110000"": 1, ""10011000000"": 1, ""10101010011"": 1, ""11110110110"": 1}"
019e10f7-1dde-7893-b064-3af2892de418,14,25,1325,YYIZYXYZIZX,XZIZYXYZIYY,"[0, 1, 3, 4, 5, 6, 7, 9, 10]",0.00048828124999999913,0.0,10,-0.4,"{""00001110100"": 1, ""00111001001"": 1, ""01010010100"": 1, ""01011011100"": 1, ""01011101011"": 1, ""01011110101"": 1, ""10011110000"": 1, ""10100110000"": 1, ""10110101011"": 1, ""11110101111"": 1}"
019e10f7-1dde-7893-b064-3af2892de418,14,26,1326,YYIZYXYZZXZ,ZXZZYXYZIYY,"[0, 1, 2, 3, 4, 5, 6, 7, 9, 10]",0.00048828124999999913,0.0,10,-0.4,"{""00000111110"": 1, ""00110111110"": 1, ""10010111101"": 2, ""10010111110"": 1, ""11001011101"": 1, ""11010100000"": 1, ""11111000101"": 1, ""11111100011"": 1, ""11111111110"": 1}"
019e10f7-1dde-7893-b064-3af2892de418,14,27,1327,YYIZYXYZZYY,YYZZYXYZIYY,"[0, 1, 2, 3, 4, 5, 6, 7, 9, 10]",0.00048828124999999913,0.0,10,-0.6,"{""00000001101"": 1, ""00010001110"": 1, ""00111010110"": 1, ""01010100000"": 1, ""01011110101"": 1, ""01111010101"": 1, ""10010111011"": 1, ""10011000011"": 1, ""11110110000"": 1, ""11111010110"": 1}"
019e10f7-1dde-7893-b064-3af2892de418,14,28,1328,YYIZYYIXIXZ,ZXIXIYYZIYY,"[0, 1, 3, 5, 6, 7, 9, 10]",-0.00048828124999999913,0.0,10,0.8,"{""00110011000"": 1, ""01000111000"": 1, ""01011101110"": 1, ""01100100011"": 1, ""01101110110"": 1, ""10011010110"": 1, ""10100001100"": 1, ""10100100011"": 1, ""10101001101"": 1, ""11110100000"": 1}"
019e10f7-1dde-7893-b064-3af2892de418,14,29,1329,YYIZYYIXIYY,YYIXIYYZIYY,"[0, 1, 3, 5, 6, 7, 9, 10]",-0.00048828124999999913,0.0,10,0.8,"{""00001101110"": 1, ""01010001101"": 1, ""01011010111"": 1, ""01011100011"": 1, ""01101000000"": 1, ""01101000011"": 1, ""10011100000"": 1, ""11001101101"": 1, ""11110100000"": 1, ""11111000011"": 1}"
019e10f7-1dde-7893-b064-3af2892de418,14,30,1330,YYIZYYIXZII,IIZXIYYZIYY,"[2, 3, 5, 6, 7, 9, 10]",-0.00048828124999999913,0.0,10,0.6,"{""00001010111"": 1, ""01010001110"": 1, ""01011000010"": 1, ""01011100010"": 1, ""01101000001"": 1, ""10011010101"": 1, ""10100000001"": 1, ""10100010101"": 1, ""10100011011"": 1, ""11111111000"": 1}"
019e10f7-1dde-7893-b064-3af2892de418,14,31,1331,YYIZYYIXZZX,XZZXIYYZIYY,"[0, 1, 2, 3, 5, 6, 7, 9, 10]",-0.00048828124999999913,0.0,10,0.0,"{""00010001111"": 1, ""01010111001"": 1, ""01011010111"": 1, ""01100110100"": 1, ""01101000011"": 1, ""01101101100"": 1, ""01101111000"": 1, ""10100111011"": 1, ""11000000000"": 1, ""11001100011"": 1}"
019e10f7-1dde-7893-b064-3af2892de418,14,32,1332,YYIZYYIYXXY,YXXYIYYZIYY,"[0, 1, 2, 3, 5, 6, 7, 9, 10]",-0.00048828124999999913,0.0,10,0.4,"{""01010000000"": 1, ""01010111100"": 1, ""01100101010"": 1, ""01100101101"": 1, ""10100011000"": 1, ""10100100011"": 1, ""11000000000"": 1, ""11001010100"": 1, ""11110011011"": 1, ""11111001000"": 1}"
019e10f7-1dde-7893-b064-3af2892de418,14,33,1333,YYIZYYIYXYZ,ZYXYIYYZIYY,"[0, 1, 2, 3, 5, 6, 7, 9, 10]",0.00048828124999999913,0.0,10,0.4,"{""00001100000"": 1, ""00100101011"": 1, ""01100111100"": 1, ""01101111001"": 1, ""10010111010"": 1, ""11010010110"": 1, ""11010110110"": 1, ""11100010000"": 1, ""11111001100"": 1, ""11111010101"": 1}"
019e10f7-1dde-7893-b064-3af2892de418,14,34,1334,YYIZYYIYYIX,XIYYIYYZIYY,"[0, 2, 3, 5, 6, 7, 9, 10]",-0.00048828124999999913,0.0,10,0.4,"{""00110101011"": 1, ""00111000000"": 1, ""01010001011"": 1, ""01101110011"": 1, ""10011010011"": 1, ""11001110100"": 1, ""11100100000"": 1, ""11110011111"": 2, ""11111110101"": 1}"
019e10f7-1dde-7893-b064-3af2892de418,14,35,1335,YYIZYYIYYZI,IZYYIYYZIYY,"[1, 2, 3, 5, 6, 7, 9, 10]",-0.00048828124999999913,0.0,10,1.0,"{""00001100000"": 1, ""00110010101"": 1, ""01011010011"": 1, ""01011011111"": 1, ""01011100001"": 1, ""01101110101"": 1, ""10011011111"": 1, ""10101000001"": 1, ""11001011111"": 1, ""11111000001"": 1}"
019e10f7-1dde-7893-b064-3af2892de418,14,36,1336,YYIZYYZIIII,IIIIZYYZIYY,"[4, 5, 6, 7, 9, 10]",-0.00048828124999999913,0.0,10,0.6,"{""00110011010"": 1, ""00110100011"": 1, ""01000111101"": 1, ""01101001101"": 1, ""01101001110"": 1, ""01101111100"": 1, ""01101111111"": 1, ""10101110011"": 1, ""11000101101"": 1, ""11001101111"": 1}"
019e10f7-1dde-7893-b064-3af2892de418,14,37,1337,YYIZYYZIIZX,XZIIZYYZIYY,"[0, 1, 4, 5, 6, 7, 9, 10]",-0.00048828124999999913,0.0,10,0.4,"{""00001100100"": 1, ""00110100111"": 1, ""00111011000"": 1, ""00111101011"": 1, ""01010010111"": 1, ""01011101111"": 1, ""10011100000"": 1, ""10011101000"": 1, ""10101111000"": 1, ""11110101000"": 1}"
019e10f7-1dde-7893-b064-3af2892de418,14,38,1338,YYIZYYZIZXZ,ZXZIZYYZIYY,"[0, 1, 2, 4, 5, 6, 7, 9, 10]",-0.00048828124999999913,0.0,10,0.6,"{""00000001101"": 1, ""00001101110"": 1, ""00011111110"": 1, ""01010101101"": 1, ""01101000101"": 1, ""01101001101"": 1, ""10010110110"": 1, ""10010111110"": 1, ""10101111110"": 1, ""11011011011"": 1}"
019e10f7-1dde-7893-b064-3af2892de418,14,39,1339,YYIZYYZIZYY,YYZIZYYZIYY,"[0, 1, 2, 4, 5, 6, 7, 9, 10]",-0.00048828124999999913,0.0,10,0.6,"{""00110100011"": 1, ""01010110101"": 1, ""01100101110"": 1, ""01110010101"": 1, ""10010001110"": 1, ""10010100011"": 1, ""10010111000"": 1, ""10011101000"": 1, ""10101111011"": 1, ""11011000101"": 1}"
019e10f7-1dde-7893-b064-3af2892de418,14,40,1340,YYIZYYZZXIX,XIXZZYYZIYY,"[0, 2, 3, 4, 5, 6, 7, 9, 10]",-0.00048828124999999913,0.0,10,0.2,"{""00000101100"": 1, ""00001100001"": 1, ""00111110000"": 1, ""00111111100"": 1, ""01011000111"": 1, ""01101110111"": 1, ""10010001100"": 1, ""10011010111"": 1, ""10100011011"": 1, ""10100100100"": 1}"
019e10f7-1dde-7893-b064-3af2892de418,14,41,1341,YYIZYYZZXZI,IZXZZYYZIYY,"[1, 2, 3, 4, 5, 6, 7, 9, 10]",-0.00048828124999999913,0.0,10,0.6,"{""00000001100"": 1, ""00101110001"": 1, ""00110101011"": 1, ""01011011010"": 1, ""01011100001"": 1, ""10010000001"": 1, ""11000100000"": 1, ""11001010110"": 2, ""11111001010"": 1}"
019e10f7-1dde-7893-b064-3af2892de418,14,42,1342,YYIZYYZZYXY,YXYZZYYZIYY,"[0, 1, 2, 3, 4, 5, 6, 7, 9, 10]",0.00048828124999999913,0.0,10,-0.8,"{""00001010100"": 1, ""00010110011"": 1, ""00111111000"": 1, ""01001101100"": 1, ""01010111000"": 1, ""01111101000"": 1, ""10001001110"": 1, ""10010001101"": 1, ""10011010001"": 1, ""11110101111"": 1}"
019e10f7-1dde-7893-b064-3af2892de418,14,43,1343,YYIZYYZZYYZ,ZYYZZYYZIYY,"[0, 1, 2, 3, 4, 5, 6, 7, 9, 10]",-0.00048828124999999913,0.0,10,0.2,"{""00000000000"": 1, ""00000100110"": 1, ""00001101001"": 1, ""00111111100"": 1, ""01100100110"": 1, ""01101110011"": 1, ""10111000011"": 1, ""10111001100"": 1, ""10111111111"": 1, ""11000110011"": 1}"
019e10f7-1dde-7893-b064-3af2892de418,14,44,1344,YYXYXXXXXXY,YXXXXXXYXYY,"[0, 1, 2, 3, 4, 5, 6, 7, 8, 9, 10]",-0.00048828124999999913,0.0,10,0.2,"{""00000110001"": 1, ""00111001110"": 1, ""01010001101"": 1, ""01010010101"": 1, ""01111110101"": 1, ""10010111111"": 1, ""10011011111"": 1, ""11010111000"": 1, ""11011101000"": 1, ""11101111101"": 1}"
019e10f7-1dde-7893-b064-3af2892de418,14,45,1345,YYXYXXXXXYZ,ZYXXXXXYXYY,"[0, 1, 2, 3, 4, 5, 6, 7, 8, 9, 10]",0.00048828124999999913,0.0,10,-0.2,"{""00101011110"": 1, ""01001000010"": 1, ""01001101111"": 1, ""01110001001"": 1, ""01110111001"": 1, ""01111100001"": 1, ""10010001000"": 1, ""10011101010"": 1, ""11000011111"": 1, ""11000100001"": 1}"
019e10f7-1dde-7893-b064-3af2892de418,14,46,1346,YYXYXXXXYIX,XIYXXXXYXYY,"[0, 2, 3, 4, 5, 6, 7, 8, 9, 10]",-0.00048828124999999913,0.0,10,0.4,"{""00010100111"": 1, ""00110000000"": 1, ""01000101000"": 1, ""01110100000"": 1, ""10000110100"": 1, ""10001010111"": 1, ""10101101100"": 1, ""10111000011"": 1, ""11011100100"": 1, ""11110101000"": 1}"
019e10f7-1dde-7893-b064-3af2892de418,14,47,1347,YYXYXXXXYZI,IZYXXXXYXYY,"[1, 2, 3, 4, 5, 6, 7, 8, 9, 10]",-0.00048828124999999913,0.0,10,0.0,"{""00000010011"": 1, ""00010101100"": 1, ""00100001111"": 1, ""01000100000"": 1, ""01011010101"": 1, ""01111001011"": 1, ""10000110111"": 1, ""10011001101"": 1, ""11011111110"": 1, ""11111100100"": 1}"
019e10f7-1dde-7893-b064-3af2892de418,14,48,1348,YYXYXXXYIXZ,ZXIYXXXYXYY,"[0, 1, 3, 4, 5, 6, 7, 8, 9, 10]",0.00048828124999999913,0.0,10,-0.2,"{""00011000100"": 1, ""00110001101"": 1, ""01000101000"": 1, ""10001100000"": 1, ""10001110011"": 1, ""10010011101"": 1, ""10100100110"": 1, ""10110110000"": 1, ""11100111101"": 1, ""11110010000"": 1}"
019e10f7-1dde-7893-b064-3af2892de418,14,49,1349,YYXYXXXYIYY,YYIYXXXYXYY,"[0, 1, 3, 4, 5, 6, 7, 8, 9, 10]",0.00048828124999999913,0.0,10,-1.0,"{""00100001110"": 1, ""00101101101"": 1, ""00111100101"": 1, ""01000000011"": 1, ""01110001110"": 1, ""10101101000"": 1, ""10110110011"": 1, ""10111110101"": 1, ""11111000000"": 1, ""11111100101"": 1}"
019e10f7-1dde-7893-b064-3af2892de418,14,50,1350,YYXYXXXYZII,IIZYXXXYXYY,"[2, 3, 4, 5, 6, 7, 8, 9, 10]",0.00048828124999999913,0.0,10,-0.4,"{""00110010010"": 1, ""00110101110"": 1, ""01010110111"": 1, ""01011111100"": 1, ""01110100000"": 1, ""10000011101"": 1, ""11011001110"": 1, ""11100011011"": 1, ""11101010011"": 1, ""11110001011"": 1}"
019e10f7-1dde-7893-b064-3af2892de418,14,51,1351,YYXYXXXYZZX,XZZYXXXYXYY,"[0, 1, 2, 3, 4, 5, 6, 7, 8, 9, 10]",0.00048828124999999913,0.0,10,-0.2,"{""00010011011"": 1, ""00111001111"": 1, ""01101001000"": 1, ""01110001111"": 1, ""10011000011"": 1, ""10101001101"": 1, ""10111101100"": 1, ""11000011000"": 1, ""11010111001"": 1, ""11111010011"": 1}"
019e10f7-1dde-7893-b064-3af2892de418,14,52,1352,YYXYXXYIXIX,XIXIYXXYXYY,"[0, 2, 4, 5, 6, 7, 8, 9, 10]",-0.00048828124999999913,0.0,10,0.4,"{""00001111100"": 1, ""00110101011"": 1, ""00111000011"": 1, ""01010001011"": 1, ""01010001100"": 1, ""01111110000"": 1, ""11011010000"": 1, ""11100111100"": 1, ""11101101011"": 1, ""11111001100"": 1}"
019e10f7-1dde-7893-b064-3af2892de418,14,53,1353,YYXYXXYIXZI,IZXIYXXYXYY,"[1, 2, 4, 5, 6, 7, 8, 9, 10]",-0.00048828124999999913,0.0,10,0.2,"{""00010011010"": 1, ""00011010111"": 1, ""00100001101"": 1, ""00100010000"": 1, ""01100000111"": 1, ""01101010000"": 1, ""01111001100"": 1, ""10010001100"": 1, ""10100110001"": 1, ""11010011111"": 1}"
019e10f7-1dde-7893-b064-3af2892de418,14,54,1354,YYXYXXYIYXY,YXYIYXXYXYY,"[0, 1, 2, 4, 5, 6, 7, 8, 9, 10]",0.00048828124999999913,0.0,10,-0.4,"{""00001001101"": 1, ""00001011011"": 1, ""00011101110"": 1, ""01110010011"": 1, ""01111101110"": 1, ""10100000111"": 1, ""10110100111"": 1, ""10110111110"": 1, ""11011110100"": 1, ""11110010100"": 1}"
019e10f7-1dde-7893-b064-3af2892de418,14,55,1355,YYXYXXYIYYZ,ZYYIYXXYXYY,"[0, 1, 2, 4, 5, 6, 7, 8, 9, 10]",-0.00048828124999999913,0.0,10,0.4,"{""00001111001"": 1, ""01011100000"": 1, ""01011111001"": 1, ""01100101000"": 1, ""01110100011"": 1, ""10000111110"": 1, ""10010110111"": 1, ""10100101111"": 1, ""10110010101"": 1, ""10111110000"": 1}"
019e10f7-1dde-7893-b064-3af2892de418,14,56,1356,YYXYXXYZIII,IIIZYXXYXYY,"[3, 4, 5, 6, 7, 8, 9, 10]",-0.00048828124999999913,0.0,10,0.2,"{""00001011111"": 1, ""00110110110"": 1, ""01000010001"": 1, ""01010001011"": 1, ""01010011100"": 1, ""01011011010"": 1, ""01111000101"": 1, ""11000100001"": 1, ""11001111000"": 1, ""11100001001"": 1}"
019e10f7-1dde-7893-b064-3af2892de418,14,57,1357,YYXYXXYZIZX,XZIZYXXYXYY,"[0, 1, 3, 4, 5, 6, 7, 8, 9, 10]",-0.00048828124999999913,0.0,10,0.2,"{""00000000111"": 1, ""00011101111"": 1, ""01100011011"": 1, ""01101000011"": 1, ""10010111100"": 1, ""10100011100"": 1, ""10101010000"": 1, ""10101101111"": 1, ""11011001100"": 1, ""11110101111"": 1}"
019e10f7-1dde-7893-b064-3af2892de418,14,58,1358,YYXYXXYZZXZ,ZXZZYXXYXYY,"[0, 1, 2, 3, 4, 5, 6, 7, 8, 9, 10]",-0.00048828124999999913,0.0,10,0.8,"{""00000011011"": 1, ""00011000101"": 1, ""00011101000"": 1, ""01000111110"": 1, ""01100000110"": 1, ""10101010000"": 1, ""11000101101"": 1, ""11001100110"": 1, ""11011001000"": 1, ""11101000110"": 1}"
019e10f7-1dde-7893-b064-3af2892de418,14,59,1359,YYXYXXYZZYY,YYZZYXXYXYY,"[0, 1, 2, 3, 4, 5, 6, 7, 8, 9, 10]",-0.00048828124999999913,0.0,10,0.2,"{""00011110011"": 1, ""00110110000"": 1, ""01101100011"": 1, ""01101110101"": 1, ""01110010101"": 1, ""10111011100"": 1, ""11001011011"": 1, ""11010000110"": 1, ""11011000011"": 1, ""11011101000"": 1}"
019e10f7-1dde-7893-b064-3af2892de418,14,60,1360,YYXYXYIXIXZ,ZXIXIYXYXYY,"[0, 1, 3, 5, 6, 7, 8, 9, 10]",0.00048828124999999913,0.0,10,-1.0,"{""00100000011"": 1, ""00101011000"": 1, ""00111000011"": 1, ""01000010100"": 1, ""01001011011"": 1, ""01001101110"": 1, ""01101111011"": 1, ""10010101110"": 1, ""10101000000"": 1, ""11100000000"": 1}"
019e10f7-1dde-7893-b064-3af2892de418,14,61,1361,YYXYXYIXIYY,YYIXIYXYXYY,"[0, 1, 3, 5, 6, 7, 8, 9, 10]",0.00048828124999999913,0.0,10,-0.4,"{""00100110110"": 1, ""00110010000"": 1, ""01000000000"": 1, ""01100011000"": 1, ""01100110101"": 1, ""01101110000"": 1, ""11000101110"": 1, ""11010111011"": 1, ""11011011000"": 1, ""11110011011"": 1}"
019e10f7-1dde-7893-b064-3af2892de418,14,62,1362,YYXYXYIXZII,IIZXIYXYXYY,"[2, 3, 5, 6, 7, 8, 9, 10]",0.00048828124999999913,0.0,10,-0.4,"{""01010011111"": 1, ""01110001100"": 1, ""01111101110"": 1, ""10000000010"": 1, ""10000010101"": 1, ""10000011001"": 1, ""10011000011"": 1, ""10101111011"": 1, ""11100111000"": 1, ""11111110100"": 1}"
019e10f7-1dde-7893-b064-3af2892de418,14,63,1363,YYXYXYIXZZX,XZZXIYXYXYY,"[0, 1, 2, 3, 5, 6, 7, 8, 9, 10]",0.00048828124999999913,0.0,10,-0.4,"{""00100111011"": 1, ""00110000011"": 1, ""00110011000"": 2, ""00111110101"": 1, ""01100101100"": 1, ""11011010110"": 1, ""11101100000"": 1, ""11110011000"": 1, ""11110100000"": 1}"
019e10f7-1dde-7893-b064-3af2892de418,14,64,1364,YYXYXYIYXXY,YXXYIYXYXYY,"[0, 1, 2, 3, 5, 6, 7, 8, 9, 10]",0.00048828124999999913,0.0,10,-0.6,"{""00001101010"": 1, ""00011100101"": 1, ""00101001100"": 1, ""01011111101"": 1, ""01101110100"": 1, ""10000001100"": 1, ""10010011000"": 1, ""10100101111"": 1, ""10110000110"": 1, ""11110011011"": 1}"
019e10f7-1dde-7893-b064-3af2892de418,14,65,1365,YYXYXYIYXYZ,ZYXYIYXYXYY,"[0, 1, 2, 3, 5, 6, 7, 8, 9, 10]",-0.00048828124999999913,0.0,10,0.2,"{""00000011111"": 1, ""00011010110"": 1, ""01000000010"": 1, ""10000001110"": 1, ""10010011101"": 1, ""10011000101"": 1, ""10011001000"": 1, ""10100010110"": 1, ""11010001001"": 1, ""11011110101"": 1}"
019e10f7-1dde-7893-b064-3af2892de418,14,66,1366,YYXYXYIYYIX,XIYYIYXYXYY,"[0, 2, 3, 5, 6, 7, 8, 9, 10]",0.00048828124999999913,0.0,10,-0.8,"{""00001110011"": 1, ""00011100000"": 1, ""01010100000"": 1, ""01100011111"": 1, ""01111100111"": 1, ""10100101011"": 1, ""10111011000"": 1, ""11001001101"": 1, ""11001110011"": 1, ""11100001100"": 1}"
019e10f7-1dde-7893-b064-3af2892de418,14,67,1367,YYXYXYIYYZI,IZYYIYXYXYY,"[1, 2, 3, 5, 6, 7, 8, 9, 10]",0.00048828124999999913,0.0,10,-0.6,"{""00001000000"": 1, ""00010110010"": 1, ""00011001100"": 1, ""00011011000"": 1, ""01101000000"": 1, ""01101110011"": 1, ""01110000000"": 1, ""10001101010"": 1, ""10010110100"": 1, ""11100001010"": 1}"
019e10f7-1dde-7893-b064-3af2892de418,14,68,1368,YYXYXYZIIII,IIIIZYXYXYY,"[4, 5, 6, 7, 8, 9, 10]",0.00048828124999999913,0.0,10,-0.8,"{""00000011011"": 1, ""00001000011"": 1, ""00001111100"": 1, ""00101010101"": 1, ""01010010110"": 1, ""01010011000"": 1, ""10000110011"": 1, ""10111010010"": 1, ""11000001000"": 1, ""11010000001"": 1}"
019e10f7-1dde-7893-b064-3af2892de418,14,69,1369,YYXYXYZIIZX,XZIIZYXYXYY,"[0, 1, 4, 5, 6, 7, 8, 9, 10]",0.00048828124999999913,0.0,10,-0.4,"{""00000100011"": 1, ""00000101100"": 1, ""01001110100"": 1, ""01010010100"": 1, ""10101110111"": 1, ""10111100100"": 1, ""11010010011"": 1, ""11110000111"": 1, ""11111001000"": 1, ""11111110111"": 1}"
019e10f7-1dde-7893-b064-3af2892de418,14,70,1370,YYXYXYZIZXZ,ZXZIZYXYXYY,"[0, 1, 2, 4, 5, 6, 7, 8, 9, 10]",0.00048828124999999913,0.0,10,-0.2,"{""00000001011"": 1, ""00000111011"": 1, ""00001110110"": 1, ""00010000011"": 1, ""00101011101"": 1, ""00101101101"": 1, ""01000111101"": 1, ""01100000000"": 1, ""01101111101"": 1, ""10100110110"": 1}"
019e10f7-1dde-7893-b064-3af2892de418,14,71,1371,YYXYXYZIZYY,YYZIZYXYXYY,"[0, 1, 2, 4, 5, 6, 7, 8, 9, 10]",0.00048828124999999913,0.0,10,-1.0,"{""00011100101"": 1, ""01000110000"": 1, ""01011111101"": 1, ""01101001011"": 1, ""01101001110"": 1, ""01110001011"": 2, ""10101001110"": 1, ""10111101101"": 1, ""11110101101"": 1}"
019e10f7-1dde-7893-b064-3af2892de418,14,72,1372,YYXYXYZZXIX,XIXZZYXYXYY,"[0, 2, 3, 4, 5, 6, 7, 8, 9, 10]",0.00048828124999999913,0.0,10,-0.2,"{""00010100111"": 1, ""00100000101"": 1, ""00100001100"": 1, ""00100111100"": 1, ""00111110011"": 1, ""01001100011"": 1, ""01100010000"": 1, ""01110110111"": 1, ""01111101101"": 1, ""10011000000"": 1}"
019e10f7-1dde-7893-b064-3af2892de418,14,73,1373,YYXYXYZZXZI,IZXZZYXYXYY,"[1, 2, 3, 4, 5, 6, 7, 8, 9, 10]",0.00048828124999999913,0.0,10,-0.8,"{""00011100110"": 1, ""00011110001"": 1, ""00101010001"": 1, ""01010101100"": 1, ""01100100111"": 1, ""01111010110"": 1, ""10100010110"": 1, ""11010100011"": 1, ""11101011010"": 1, ""11111111100"": 1}"
019e10f7-1dde-7893-b064-3af2892de418,14,74,1374,YYXYXYZZYXY,YXYZZYXYXYY,"[0, 1, 2, 3, 4, 5, 6, 7, 8, 9, 10]",-0.00048828124999999913,0.0,10,0.6,"{""00101011000"": 1, ""00110101110"": 1, ""00111000111"": 1, ""01010100111"": 1, ""01100000010"": 1, ""10001100110"": 1, ""10101110001"": 1, ""11001001110"": 1, ""11010001110"": 1, ""11011010111"": 1}"
019e10f7-1dde-7893-b064-3af2892de418,14,75,1375,YYXYXYZZYYZ,ZYYZZYXYXYY,"[0, 1, 2, 3, 4, 5, 6, 7, 8, 9, 10]",0.00048828124999999913,0.0,10,0.0,"{""00001001010"": 1, ""00010110101"": 1, ""00101010101"": 1, ""01000011001"": 1, ""01010000000"": 1, ""10000100110"": 1, ""10101000011"": 1, ""10110001100"": 1, ""11010010101"": 1, ""11101111001"": 1}"
019e10f7-1dde-7893-b064-3af2892de418,14,76,1376,YYXYYIXIXIX,XIXIXIYYXYY,"[0, 2, 4, 6, 7, 8, 9, 10]",-0.00048828124999999913,0.0,10,0.4,"{""00010011011"": 1, ""00010101100"": 1, ""00101011100"": 1, ""01001010111"": 1, ""01010000000"": 1, ""01100001000"": 1, ""01100011001"": 1, ""01110101100"": 1, ""10010000100"": 1, ""11101000000"": 1}"
019e10f7-1dde-7893-b064-3af2892de418,14,77,1377,YYXYYIXIXZI,IZXIXIYYXYY,"[1, 2, 4, 6, 7, 8, 9, 10]",-0.00048828124999999913,0.0,10,0.6,"{""00001101011"": 1, ""00010110111"": 1, ""00100101100"": 1, ""00110101101"": 1, ""01011110001"": 1, ""10010000001"": 1, ""10011000111"": 1, ""10011110110"": 1, ""10110110110"": 1, ""11111110000"": 1}"
019e10f7-1dde-7893-b064-3af2892de418,14,78,1378,YYXYYIXIYXY,YXYIXIYYXYY,"[0, 1, 2, 4, 6, 7, 8, 9, 10]",0.00048828124999999913,0.0,10,0.0,"{""00100110100"": 1, ""00110011110"": 1, ""00110110001"": 1, ""00111100100"": 1, ""01010011011"": 1, ""01111010001"": 1, ""10100101110"": 1, ""10101011101"": 1, ""10110110111"": 1, ""11100101101"": 1}"
019e10f7-1dde-7893-b064-3af2892de418,14,79,1379,YYXYYIXIYYZ,ZYYIXIYYXYY,"[0, 1, 2, 4, 6, 7, 8, 9, 10]",-0.00048828124999999913,0.0,10,0.6,"{""00010110011"": 1, ""00100111010"": 1, ""00101011110"": 1, ""01101110110"": 1, ""10010011010"": 1, ""10111011100"": 1, ""11011011001"": 2, ""11111101111"": 1, ""11111110011"": 1}"
019e10f7-1dde-7893-b064-3af2892de418,14,80,1380,YYXYYIXZIII,IIIZXIYYXYY,"[3, 4, 6, 7, 8, 9, 10]",-0.00048828124999999913,0.0,10,0.8,"{""00100110000"": 1, ""00101000110"": 1, ""00101101110"": 1, ""01001000001"": 1, ""01100000110"": 1, ""01101101011"": 1, ""01111000010"": 1, ""10000110110"": 1, ""10110110100"": 1, ""11111101100"": 1}"
019e10f7-1dde-7893-b064-3af2892de418,14,81,1381,YYXYYIXZIZX,XZIZXIYYXYY,"[0, 1, 3, 4, 6, 7, 8, 9, 10]",-0.00048828124999999913,0.0,10,0.4,"{""00001101011"": 1, ""01001101100"": 1, ""01100001111"": 1, ""01111000100"": 1, ""10101101000"": 1, ""10110101100"": 1, ""11000000011"": 1, ""11000110100"": 1, ""11010101011"": 1, ""11100101000"": 1}"
019e10f7-1dde-7893-b064-3af2892de418,14,82,1382,YYXYYIXZZXZ,ZXZZXIYYXYY,"[0, 1, 2, 3, 4, 6, 7, 8, 9, 10]",-0.00048828124999999913,0.0,10,0.2,"{""00000010011"": 1, ""00010100000"": 1, ""01000110110"": 1, ""01110110101"": 1, ""10000000011"": 1, ""10000011110"": 1, ""10010011011"": 1, ""11000000110"": 1, ""11100101101"": 1, ""11111110011"": 1}"
019e10f7-1dde-7893-b064-3af2892de418,14,83,1383,YYXYYIXZZYY,YYZZXIYYXYY,"[0, 1, 2, 3, 4, 6, 7, 8, 9, 10]",-0.00048828124999999913,0.0,10,0.0,"{""00110000101"": 1, ""01000110001"": 1, ""01010000000"": 1, ""10001010011"": 1, ""10010011001"": 1, ""10011110110"": 1, ""10101100000"": 1, ""10110111110"": 1, ""11110011101"": 1, ""11111110101"": 1}"
019e10f7-1dde-7893-b064-3af2892de418,14,84,1384,YYXYYIYXXXY,YXXXYIYYXYY,"[0, 1, 2, 3, 4, 6, 7, 8, 9, 10]",0.00048828124999999913,0.0,10,0.2,"{""00100111011"": 1, ""00110000100"": 1, ""01000000001"": 1, ""01010000011"": 1, ""01111011100"": 1, ""10001011011"": 1, ""10110110011"": 1, ""10111000110"": 1, ""11001110101"": 1, ""11100101010"": 1}"
019e10f7-1dde-7893-b064-3af2892de418,14,85,1385,YYXYYIYXXYZ,ZYXXYIYYXYY,"[0, 1, 2, 3, 4, 6, 7, 8, 9, 10]",-0.00048828124999999913,0.0,10,0.0,"{""00000100001"": 1, ""00001110000"": 1, ""01100101101"": 1, ""10101110001"": 1, ""11001110011"": 1, ""11010110010"": 1, ""11010111010"": 1, ""11101011101"": 1, ""11110001100"": 1, ""11110010110"": 1}"
019e10f7-1dde-7893-b064-3af2892de418,14,86,1386,YYXYYIYXYIX,XIYXYIYYXYY,"[0, 2, 3, 4, 6, 7, 8, 9, 10]",0.00048828124999999913,0.0,10,-0.8,"{""00010101100"": 1, ""01000100111"": 1, ""01000111111"": 1, ""01100011011"": 1, ""10000110100"": 1, ""10011010011"": 1, ""10101100111"": 1, ""11000011011"": 1, ""11100110011"": 1, ""11101100111"": 1}"
019e10f7-1dde-7893-b064-3af2892de418,14,87,1387,YYXYYIYXYZI,IZYXYIYYXYY,"[1, 2, 3, 4, 6, 7, 8, 9, 10]",0.00048828124999999913,0.0,10,-0.8,"{""00010100011"": 1, ""00100111000"": 1, ""01000011110"": 1, ""01101101010"": 1, ""01111010001"": 1, ""10011101011"": 1, ""10110111001"": 1, ""10111000101"": 1, ""11110011100"": 1, ""11111101101"": 1}"
019e10f7-1dde-7893-b064-3af2892de418,14,88,1388,YYXYYIYYIXZ,ZXIYYIYYXYY,"[0, 1, 3, 4, 6, 7, 8, 9, 10]",-0.00048828124999999913,0.0,10,0.4,"{""00000010101"": 1, ""00011000000"": 1, ""00110010101"": 1, ""00111100110"": 1, ""01000100110"": 1, ""01000101000"": 1, ""01010111110"": 1, ""01101111101"": 1, ""11101011110"": 1, ""11101101011"": 1}"
019e10f7-1dde-7893-b064-3af2892de418,14,89,1389,YYXYYIYYIYY,YYIYYIYYXYY,"[0, 1, 3, 4, 6, 7, 8, 9, 10]",-0.00048828124999999913,0.0,10,0.2,"{""00000110000"": 1, ""00011010110"": 1, ""00101101011"": 1, ""01000100101"": 1, ""01011111011"": 1, ""10010001101"": 1, ""10101111110"": 1, ""10111001101"": 1, ""11011000000"": 1, ""11110100101"": 1}"
019e10f7-1dde-7893-b064-3af2892de418,14,90,1390,YYXYYIYYZII,IIZYYIYYXYY,"[2, 3, 4, 6, 7, 8, 9, 10]",-0.00048828124999999913,0.0,10,0.6,"{""00000101011"": 1, ""01001010110"": 1, ""01011100110"": 1, ""01100000110"": 1, ""10101111100"": 1, ""10110100100"": 1, ""10111010111"": 1, ""11010111101"": 1, ""11100100101"": 1, ""11101000010"": 1}"
019e10f7-1dde-7893-b064-3af2892de418,14,91,1391,YYXYYIYYZZX,XZZYYIYYXYY,"[0, 1, 2, 3, 4, 6, 7, 8, 9, 10]",-0.00048828124999999913,0.0,10,0.8,"{""00001100111"": 1, ""00011011011"": 1, ""01011001000"": 1, ""10110100111"": 1, ""10110101000"": 1, ""11000010100"": 1, ""11000011011"": 1, ""11000110000"": 1, ""11100011100"": 1, ""11111101000"": 1}"
019e10f7-1dde-7893-b064-3af2892de418,14,92,1392,YYXYYZIIIII,IIIIIZYYXYY,"[5, 6, 7, 8, 9, 10]",-0.00048828124999999913,0.0,10,0.4,"{""00010100110"": 1, ""00111101110"": 1, ""01000001101"": 1, ""01010001100"": 1, ""01101101001"": 1, ""10010100000"": 1, ""10011000101"": 1, ""10111010000"": 1, ""11000000101"": 1, ""11101010111"": 1}"
019e10f7-1dde-7893-b064-3af2892de418,14,93,1393,YYXYYZIIIZX,XZIIIZYYXYY,"[0, 1, 5, 6, 7, 8, 9, 10]",-0.00048828124999999913,0.0,10,0.0,"{""00100100111"": 1, ""01010001000"": 1, ""01010010111"": 1, ""01101100111"": 1, ""01110000111"": 1, ""01111000101"": 1, ""10101100111"": 1, ""10110001111"": 1, ""11100100010"": 1, ""11111111101"": 1}"
019e10f7-1dde-7893-b064-3af2892de418,14,94,1394,YYXYYZIIZXZ,ZXZIIZYYXYY,"[0, 1, 2, 5, 6, 7, 8, 9, 10]",-0.00048828124999999913,0.0,10,1.0,"{""00001100110"": 1, ""00100100000"": 1, ""01011111110"": 1, ""01100000101"": 1, ""01110101110"": 1, ""10011001010"": 1, ""10110101000"": 1, ""10110110000"": 1, ""11011011011"": 1, ""11110011000"": 1}"
019e10f7-1dde-7893-b064-3af2892de418,14,95,1395,YYXYYZIIZYY,YYZIIZYYXYY,"[0, 1, 2, 5, 6, 7, 8, 9, 10]",-0.00048828124999999913,0.0,10,0.2,"{""00000010110"": 1, ""00001101000"": 1, ""01010000110"": 1, ""01100000101"": 1, ""01100101011"": 1, ""10001010000"": 1, ""10010101011"": 1, ""10101100111"": 1, ""11010001101"": 1, ""11110010000"": 1}"
019e10f7-1dde-7893-b064-3af2892de418,14,96,1396,YYXYYZIZXIX,XIXZIZYYXYY,"[0, 2, 3, 5, 6, 7, 8, 9, 10]",-0.00048828124999999913,0.0,10,1.0,"{""00111110111"": 1, ""01010001011"": 1, ""01011101100"": 1, ""01100010111"": 1, ""10111000000"": 1, ""10111000111"": 1, ""11000000000"": 1, ""11000001011"": 1, ""11010101001"": 1, ""11010110000"": 1}"
019e10f7-1dde-7893-b064-3af2892de418,14,97,1397,YYXYYZIZXZI,IZXZIZYYXYY,"[1, 2, 3, 5, 6, 7, 8, 9, 10]",-0.00048828124999999913,0.0,10,0.4,"{""00010001011"": 1, ""00011010010"": 1, ""00101010110"": 1, ""01001001011"": 1, ""01011110001"": 1, ""01101100111"": 1, ""10000011101"": 1, ""10010011011"": 1, ""10111001101"": 1, ""11011010001"": 1}"
019e10f7-1dde-7893-b064-3af2892de418,14,98,1398,YYXYYZIZYXY,YXYZIZYYXYY,"[0, 1, 2, 3, 5, 6, 7, 8, 9, 10]",0.00048828124999999913,0.0,10,-0.6,"{""00101001011"": 1, ""00101010010"": 1, ""01001010001"": 1, ""01011111011"": 1, ""01111011000"": 1, ""10100010110"": 1, ""10101111101"": 1, ""11100101011"": 1, ""11100111000"": 1, ""11110110111"": 1}"
019e10f7-1dde-7893-b064-3af2892de418,14,99,1399,YYXYYZIZYYZ,ZYYZIZYYXYY,"[0, 1, 2, 3, 5, 6, 7, 8, 9, 10]",-0.00048828124999999913,0.0,10,0.0,"{""00100011101"": 1, ""00111001100"": 1, ""01100010100"": 1, ""01101111010"": 1, ""10001100011"": 1, ""11000001011"": 1, ""11001111001"": 1, ""11011111100"": 1, ""11100100011"": 1, ""11111101001"": 1}"
019e10f7-323a-71b2-bde7-51b216df79e0,15,0,1400,YYXYYZZXIXZ,ZXIXZZYYXYY,"[0, 1, 3, 4, 5, 6, 7, 8, 9, 10]",-0.00048828124999999913,0.0,10,0.6,"{""00000010101"": 1, ""00001111001"": 1, ""00011001110"": 1, ""00011101110"": 1, ""00100111000"": 1, ""00110011011"": 1, ""01001000011"": 1, ""10010000011"": 1, ""10011100000"": 1, ""11010101110"": 1}"
019e10f7-323a-71b2-bde7-51b216df79e0,15,1,1401,YYXYYZZXIYY,YYIXZZYYXYY,"[0, 1, 3, 4, 5, 6, 7, 8, 9, 10]",-0.00048828124999999913,0.0,10,0.4,"{""00110000000"": 1, ""01000010101"": 1, ""01000111011"": 1, ""10011010101"": 1, ""10110100011"": 1, ""11001100011"": 1, ""11010010101"": 1, ""11110001110"": 1, ""11111110110"": 1, ""11111111000"": 1}"
019e10f7-323a-71b2-bde7-51b216df79e0,15,2,1402,YYXYYZZXZII,IIZXZZYYXYY,"[2, 3, 4, 5, 6, 7, 8, 9, 10]",-0.00048828124999999913,0.0,10,0.2,"{""00001110100"": 1, ""00011000111"": 1, ""00101010101"": 1, ""01001010001"": 1, ""01100010110"": 1, ""01100111000"": 1, ""10010101110"": 1, ""10011111000"": 1, ""10110100011"": 1, ""11010101110"": 1}"
019e10f7-323a-71b2-bde7-51b216df79e0,15,3,1403,YYXYYZZXZZX,XZZXZZYYXYY,"[0, 1, 2, 3, 4, 5, 6, 7, 8, 9, 10]",-0.00048828124999999913,0.0,10,0.6,"{""00001101111"": 1, ""00011100011"": 1, ""00101010100"": 2, ""00111100011"": 1, ""01011101100"": 1, ""01100000000"": 1, ""10010111011"": 1, ""11100101111"": 1, ""11100110111"": 1}"
019e10f7-323a-71b2-bde7-51b216df79e0,15,4,1404,YYXYYZZYXXY,YXXYZZYYXYY,"[0, 1, 2, 3, 4, 5, 6, 7, 8, 9, 10]",-0.00048828124999999913,0.0,10,0.2,"{""00011010100"": 1, ""00111110111"": 1, ""01111001001"": 1, ""10011101011"": 1, ""10011110111"": 1, ""10110010111"": 1, ""10111001100"": 1, ""11010000110"": 1, ""11011011101"": 1, ""11011110001"": 1}"
019e10f7-323a-71b2-bde7-51b216df79e0,15,5,1405,YYXYYZZYXYZ,ZYXYZZYYXYY,"[0, 1, 2, 3, 4, 5, 6, 7, 8, 9, 10]",0.00048828124999999913,0.0,10,-0.2,"{""00101110000"": 1, ""01001010011"": 1, ""01001011000"": 1, ""01011101000"": 1, ""01101100010"": 1, ""01101110010"": 1, ""01101111001"": 1, ""01111001011"": 1, ""01111011111"": 1, ""11100111011"": 1}"
019e10f7-323a-71b2-bde7-51b216df79e0,15,6,1406,YYXYYZZYYIX,XIYYZZYYXYY,"[0, 2, 3, 4, 5, 6, 7, 8, 9, 10]",-0.00048828124999999913,0.0,10,0.2,"{""00000110011"": 1, ""00001110011"": 1, ""00001111111"": 1, ""00010000000"": 1, ""00010111000"": 1, ""00110001011"": 1, ""00111101100"": 1, ""01101110010"": 1, ""01111000000"": 1, ""10001110011"": 1}"
019e10f7-323a-71b2-bde7-51b216df79e0,15,7,1407,YYXYYZZYYZI,IZYYZZYYXYY,"[1, 2, 3, 4, 5, 6, 7, 8, 9, 10]",-0.00048828124999999913,0.0,10,0.4,"{""00001101011"": 1, ""01001100111"": 1, ""01001110100"": 1, ""01101100010"": 1, ""01101111001"": 1, ""01111011110"": 1, ""10001011001"": 1, ""10011101100"": 1, ""10100000111"": 1, ""10100011000"": 1}"
019e10f7-323a-71b2-bde7-51b216df79e0,15,8,1408,YYYYIXIXIXZ,ZXIXIXIYYYY,"[0, 1, 3, 5, 7, 8, 9, 10]",0.00048828124999999913,0.0,10,-0.8,"{""00111011000"": 1, ""01011011000"": 1, ""01110000011"": 1, ""01110001110"": 1, ""10000110101"": 1, ""11000110101"": 1, ""11001010110"": 1, ""11001100000"": 2, ""11100110110"": 1}"
019e10f7-323a-71b2-bde7-51b216df79e0,15,9,1409,YYYYIXIXIYY,YYIXIXIYYYY,"[0, 1, 3, 5, 7, 8, 9, 10]",0.00048828124999999913,0.0,10,-1.0,"{""00100110101"": 1, ""00111011000"": 1, ""01011100000"": 1, ""01101101110"": 1, ""01110110110"": 1, ""10000000011"": 1, ""10110000000"": 1, ""11010001110"": 1, ""11010110101"": 1, ""11100001101"": 1}"
019e10f7-323a-71b2-bde7-51b216df79e0,15,10,1410,YYYYIXIXZII,IIZXIXIYYYY,"[2, 3, 5, 7, 8, 9, 10]",0.00048828124999999913,0.0,10,-0.6,"{""00001100011"": 1, ""00100000010"": 1, ""00100111011"": 1, ""00110111000"": 1, ""00111010100"": 1, ""01000111001"": 1, ""01101010110"": 1, ""01101011010"": 1, ""01101011111"": 1, ""10011101101"": 1}"
019e10f7-323a-71b2-bde7-51b216df79e0,15,11,1411,YYYYIXIXZZX,XZZXIXIYYYY,"[0, 1, 2, 3, 5, 7, 8, 9, 10]",0.00048828124999999913,0.0,10,0.0,"{""00001011011"": 1, ""00001100000"": 1, ""00010111011"": 1, ""00100110000"": 1, ""01011010111"": 1, ""01100001111"": 1, ""01110001100"": 1, ""10010110111"": 1, ""11110000011"": 1, ""11111011100"": 1}"
019e10f7-323a-71b2-bde7-51b216df79e0,15,12,1412,YYYYIXIYXXY,YXXYIXIYYYY,"[0, 1, 2, 3, 5, 7, 8, 9, 10]",0.00048828124999999913,0.0,10,-1.0,"{""00001100101"": 1, ""00111101111"": 1, ""01000111000"": 1, ""01000111101"": 1, ""01011100000"": 1, ""01011101111"": 1, ""10110000110"": 1, ""11001011101"": 1, ""11010000101"": 1, ""11010000110"": 1}"
019e10f7-323a-71b2-bde7-51b216df79e0,15,13,1413,YYYYIXIYXYZ,ZYXYIXIYYYY,"[0, 1, 2, 3, 5, 7, 8, 9, 10]",-0.00048828124999999913,0.0,10,0.4,"{""00001010110"": 1, ""00010000110"": 1, ""00101011011"": 1, ""01011111111"": 1, ""01101101000"": 1, ""01110110110"": 1, ""10011010110"": 1, ""10101101110"": 1, ""10110000111"": 1, ""11110000010"": 1}"
019e10f7-323a-71b2-bde7-51b216df79e0,15,14,1414,YYYYIXIYYIX,XIYYIXIYYYY,"[0, 2, 3, 5, 7, 8, 9, 10]",0.00048828124999999913,0.0,10,-0.8,"{""00011101100"": 1, ""00100000111"": 1, ""01001110011"": 1, ""01011011111"": 1, ""01011100111"": 1, ""01101010011"": 2, ""01110110100"": 1, ""10110000000"": 1, ""11100111111"": 1}"
019e10f7-323a-71b2-bde7-51b216df79e0,15,15,1415,YYYYIXIYYZI,IZYYIXIYYYY,"[1, 2, 3, 5, 7, 8, 9, 10]",0.00048828124999999913,0.0,10,-0.6,"{""00001100111"": 1, ""00001101010"": 1, ""00101010100"": 1, ""01110001101"": 1, ""10001010011"": 1, ""10011100000"": 1, ""10101011110"": 1, ""10110110010"": 1, ""11001100110"": 1, ""11100110011"": 1}"
019e10f7-323a-71b2-bde7-51b216df79e0,15,16,1416,YYYYIXZIIII,IIIIZXIYYYY,"[4, 5, 7, 8, 9, 10]",0.00048828124999999913,0.0,10,-1.0,"{""00001010110"": 1, ""00010000011"": 1, ""01000110100"": 1, ""01010011100"": 1, ""01011100000"": 1, ""10110110100"": 1, ""11001101110"": 1, ""11100111111"": 1, ""11111011001"": 1, ""11111011110"": 1}"
019e10f7-323a-71b2-bde7-51b216df79e0,15,17,1417,YYYYIXZIIZX,XZIIZXIYYYY,"[0, 1, 4, 5, 7, 8, 9, 10]",0.00048828124999999913,0.0,10,-0.6,"{""00010001000"": 1, ""00100001100"": 1, ""00100111011"": 1, ""00111011011"": 1, ""01000011000"": 1, ""01011001111"": 1, ""01101101111"": 1, ""01110111011"": 1, ""10000110100"": 1, ""10101010100"": 1}"
019e10f7-323a-71b2-bde7-51b216df79e0,15,18,1418,YYYYIXZIZXZ,ZXZIZXIYYYY,"[0, 1, 2, 4, 5, 7, 8, 9, 10]",0.00048828124999999913,0.0,10,-0.8,"{""00010001011"": 1, ""00111011110"": 1, ""01010000110"": 1, ""01011011000"": 1, ""01011101011"": 1, ""01110110101"": 1, ""10011011101"": 1, ""10101100101"": 1, ""11000011110"": 1, ""11010000110"": 1}"
019e10f7-323a-71b2-bde7-51b216df79e0,15,19,1419,YYYYIXZIZYY,YYZIZXIYYYY,"[0, 1, 2, 4, 5, 7, 8, 9, 10]",0.00048828124999999913,0.0,10,-0.4,"{""00010001110"": 1, ""01000111110"": 1, ""01011011110"": 1, ""01101010000"": 1, ""01101011010"": 1, ""01110110110"": 1, ""10010110101"": 1, ""10011000000"": 1, ""11010000000"": 1, ""11110011101"": 1}"
019e10f7-323a-71b2-bde7-51b216df79e0,15,20,1420,YYYYIXZZXIX,XIXZZXIYYYY,"[0, 2, 3, 4, 5, 7, 8, 9, 10]",0.00048828124999999913,0.0,10,0.0,"{""01011011100"": 1, ""01011101011"": 1, ""01100001011"": 1, ""01101010000"": 1, ""01110000000"": 1, ""10000111100"": 1, ""10111011011"": 1, ""11011100000"": 1, ""11011101100"": 1, ""11110111011"": 1}"
019e10f7-323a-71b2-bde7-51b216df79e0,15,21,1421,YYYYIXZZXZI,IZXZZXIYYYY,"[1, 2, 3, 4, 5, 7, 8, 9, 10]",0.00048828124999999913,0.0,10,-0.4,"{""00010000000"": 1, ""00100010111"": 1, ""01000001100"": 1, ""01000111010"": 1, ""01011100111"": 1, ""01101101011"": 1, ""10100100100"": 1, ""10110110000"": 1, ""11100001111"": 1, ""11111011101"": 1}"
019e10f7-323a-71b2-bde7-51b216df79e0,15,22,1422,YYYYIXZZYXY,YXYZZXIYYYY,"[0, 1, 2, 3, 4, 5, 7, 8, 9, 10]",-0.00048828124999999913,0.0,10,0.4,"{""00001101101"": 1, ""00111010111"": 1, ""00111011011"": 1, ""01110000010"": 1, ""10010001011"": 1, ""10011100110"": 1, ""10110000111"": 1, ""10110111001"": 1, ""11001011110"": 1, ""11001100010"": 1}"
019e10f7-323a-71b2-bde7-51b216df79e0,15,23,1423,YYYYIXZZYYZ,ZYYZZXIYYYY,"[0, 1, 2, 3, 4, 5, 7, 8, 9, 10]",0.00048828124999999913,0.0,10,-0.6,"{""00010110110"": 1, ""00010111001"": 1, ""00111010101"": 1, ""00111010110"": 1, ""01011100000"": 1, ""01111011111"": 2, ""10000000000"": 1, ""11001011001"": 1, ""11100000101"": 1}"
019e10f7-323a-71b2-bde7-51b216df79e0,15,24,1424,YYYYIYXXXXY,YXXXXYIYYYY,"[0, 1, 2, 3, 4, 5, 7, 8, 9, 10]",0.00048828124999999913,0.0,10,-0.4,"{""00001010011"": 1, ""00111011001"": 1, ""01000100010"": 1, ""10000001010"": 1, ""10000110000"": 1, ""10011010000"": 1, ""10100001111"": 1, ""10110001001"": 1, ""10110111000"": 1, ""11111111001"": 1}"
019e10f7-323a-71b2-bde7-51b216df79e0,15,25,1425,YYYYIYXXXYZ,ZYXXXYIYYYY,"[0, 1, 2, 3, 4, 5, 7, 8, 9, 10]",-0.00048828124999999913,0.0,10,0.6,"{""00001011101"": 1, ""00001110101"": 1, ""00100010111"": 1, ""00111010010"": 1, ""01110100011"": 1, ""10000001101"": 1, ""10011000101"": 1, ""10100011001"": 1, ""10101000110"": 1, ""11100111000"": 1}"
019e10f7-323a-71b2-bde7-51b216df79e0,15,26,1426,YYYYIYXXYIX,XIYXXYIYYYY,"[0, 2, 3, 4, 5, 7, 8, 9, 10]",0.00048828124999999913,0.0,10,-0.8,"{""00001100000"": 2, ""00100011000"": 1, ""00111001000"": 1, ""00111111111"": 1, ""01000011111"": 1, ""01011110000"": 1, ""01110000111"": 1, ""10110110111"": 1, ""11010011111"": 1}"
019e10f7-323a-71b2-bde7-51b216df79e0,15,27,1427,YYYYIYXXYZI,IZYXXYIYYYY,"[1, 2, 3, 4, 5, 7, 8, 9, 10]",0.00048828124999999913,0.0,10,-0.2,"{""00001000010"": 1, ""00110100010"": 1, ""00111010001"": 1, ""01000111101"": 1, ""01100011100"": 1, ""01110100101"": 1, ""10000000011"": 1, ""11010001010"": 1, ""11110011110"": 1, ""11111110000"": 1}"
019e10f7-323a-71b2-bde7-51b216df79e0,15,28,1428,YYYYIYXYIXZ,ZXIYXYIYYYY,"[0, 1, 3, 4, 5, 7, 8, 9, 10]",-0.00048828124999999913,0.0,10,0.8,"{""00100000101"": 1, ""00100001011"": 1, ""01110111000"": 1, ""10100110101"": 1, ""10110111000"": 1, ""11001010101"": 1, ""11001100101"": 2, ""11010000110"": 1, ""11111001110"": 1}"
019e10f7-323a-71b2-bde7-51b216df79e0,15,29,1429,YYYYIYXYIYY,YYIYXYIYYYY,"[0, 1, 3, 4, 5, 7, 8, 9, 10]",-0.00048828124999999913,0.0,10,0.4,"{""00001001110"": 1, ""01101010101"": 1, ""01101100111"": 1, ""01110111000"": 1, ""01111101011"": 1, ""10000111011"": 1, ""10001101000"": 1, ""10110111011"": 1, ""11001001110"": 1, ""11100111011"": 1}"
019e10f7-323a-71b2-bde7-51b216df79e0,15,30,1430,YYYYIYXYZII,IIZYXYIYYYY,"[2, 3, 4, 5, 7, 8, 9, 10]",-0.00048828124999999913,0.0,10,0.4,"{""00000011101"": 1, ""00100010000"": 1, ""00100100011"": 1, ""00100111011"": 1, ""01101001100"": 1, ""10110011001"": 1, ""11000000111"": 1, ""11010110110"": 1, ""11101110111"": 1, ""11111010110"": 1}"
019e10f7-323a-71b2-bde7-51b216df79e0,15,31,1431,YYYYIYXYZZX,XZZYXYIYYYY,"[0, 1, 2, 3, 4, 5, 7, 8, 9, 10]",-0.00048828124999999913,0.0,10,0.4,"{""00001001111"": 1, ""00110100000"": 1, ""01101001011"": 1, ""01101010111"": 1, ""10000001011"": 1, ""10011011011"": 1, ""10101101000"": 1, ""11010100000"": 1, ""11010111000"": 1, ""11011100100"": 1}"
019e10f7-323a-71b2-bde7-51b216df79e0,15,32,1432,YYYYIYYIXIX,XIXIYYIYYYY,"[0, 2, 4, 5, 7, 8, 9, 10]",0.00048828124999999913,0.0,10,-0.4,"{""00001010000"": 1, ""00001100000"": 1, ""00100010100"": 1, ""00101111011"": 1, ""00111100000"": 1, ""00111111100"": 1, ""10001001100"": 1, ""10001101100"": 1, ""10010101100"": 1, ""10110101011"": 1}"
019e10f7-323a-71b2-bde7-51b216df79e0,15,33,1433,YYYYIYYIXZI,IZXIYYIYYYY,"[1, 2, 4, 5, 7, 8, 9, 10]",0.00048828124999999913,0.0,10,-0.8,"{""00000101100"": 1, ""00010000000"": 1, ""01000000000"": 1, ""10000000000"": 1, ""10000000001"": 1, ""10000011100"": 1, ""10011010110"": 1, ""11111001010"": 1, ""11111100110"": 1, ""11111100111"": 1}"
019e10f7-323a-71b2-bde7-51b216df79e0,15,34,1434,YYYYIYYIYXY,YXYIYYIYYYY,"[0, 1, 2, 4, 5, 7, 8, 9, 10]",-0.00048828124999999913,0.0,10,0.4,"{""00001010111"": 1, ""00100110000"": 1, ""00111100111"": 1, ""01011010100"": 1, ""01110101000"": 1, ""10000101011"": 1, ""10011111101"": 1, ""11001100110"": 1, ""11010011101"": 1, ""11111111100"": 1}"
019e10f7-323a-71b2-bde7-51b216df79e0,15,35,1435,YYYYIYYIYYZ,ZYYIYYIYYYY,"[0, 1, 2, 4, 5, 7, 8, 9, 10]",0.00048828124999999913,0.0,10,-0.4,"{""00001111111"": 1, ""00010011001"": 1, ""01010000110"": 1, ""01101001100"": 1, ""01101111010"": 1, ""01110110101"": 1, ""10000110111"": 1, ""11001111111"": 1, ""11010011011"": 1, ""11010101111"": 1}"
019e10f7-323a-71b2-bde7-51b216df79e0,15,36,1436,YYYYIYYZIII,IIIZYYIYYYY,"[3, 4, 5, 7, 8, 9, 10]",0.00048828124999999913,0.0,10,-0.6,"{""00010101001"": 1, ""00011100111"": 1, ""00100011111"": 1, ""00111001001"": 1, ""01000110001"": 1, ""01000110111"": 1, ""01011010111"": 1, ""01101100100"": 1, ""10011111001"": 1, ""11011111011"": 1}"
019e10f7-323a-71b2-bde7-51b216df79e0,15,37,1437,YYYYIYYZIZX,XZIZYYIYYYY,"[0, 1, 3, 4, 5, 7, 8, 9, 10]",0.00048828124999999913,0.0,10,-0.6,"{""00010010010"": 1, ""00100011000"": 1, ""00100101111"": 1, ""00110110000"": 1, ""00111001100"": 1, ""01011010111"": 1, ""01101001111"": 1, ""10000000101"": 1, ""10000110011"": 1, ""11010000111"": 1}"
019e10f7-323a-71b2-bde7-51b216df79e0,15,38,1438,YYYYIYYZZXZ,ZXZZYYIYYYY,"[0, 1, 2, 3, 4, 5, 7, 8, 9, 10]",0.00048828124999999913,0.0,10,-0.8,"{""00001010011"": 1, ""00001010110"": 1, ""00001110011"": 1, ""00010011011"": 1, ""00100000000"": 1, ""00111111101"": 1, ""01011010000"": 1, ""01110011011"": 1, ""11001001101"": 1, ""11100110101"": 1}"
019e10f7-323a-71b2-bde7-51b216df79e0,15,39,1439,YYYYIYYZZYY,YYZZYYIYYYY,"[0, 1, 2, 3, 4, 5, 7, 8, 9, 10]",0.00048828124999999913,0.0,10,0.2,"{""00000101101"": 1, ""00011111110"": 1, ""00100000010"": 1, ""00100000101"": 1, ""01111100011"": 1, ""01111100110"": 1, ""10000000011"": 1, ""10101001110"": 1, ""10101111101"": 1, ""11110000000"": 1}"
019e10f7-323a-71b2-bde7-51b216df79e0,15,40,1440,YYYYZIIIIII,IIIIIIZYYYY,"[6, 7, 8, 9, 10]",0.00048828124999999913,0.0,10,-0.8,"{""00111000111"": 1, ""01000010110"": 1, ""01011001100"": 1, ""01011101000"": 1, ""01100010001"": 1, ""01101011011"": 1, ""10101001001"": 1, ""10101100011"": 1, ""10101111101"": 1, ""11111111111"": 1}"
019e10f7-323a-71b2-bde7-51b216df79e0,15,41,1441,YYYYZIIIIZX,XZIIIIZYYYY,"[0, 1, 6, 7, 8, 9, 10]",0.00048828124999999913,0.0,10,-0.8,"{""00010011111"": 1, ""00100011100"": 1, ""00100100111"": 1, ""01001100100"": 1, ""10000010011"": 1, ""10101000011"": 1, ""11010001000"": 1, ""11010101111"": 1, ""11100110111"": 1, ""11111010000"": 1}"
019e10f7-323a-71b2-bde7-51b216df79e0,15,42,1442,YYYYZIIIZXZ,ZXZIIIZYYYY,"[0, 1, 2, 6, 7, 8, 9, 10]",0.00048828124999999913,0.0,10,-0.8,"{""00010011000"": 1, ""00111001000"": 1, ""01000100110"": 1, ""01001001001"": 1, ""01011011000"": 1, ""01110000000"": 1, ""10000101101"": 1, ""10101000101"": 1, ""11010010000"": 1, ""11010100100"": 1}"
019e10f7-323a-71b2-bde7-51b216df79e0,15,43,1443,YYYYZIIIZYY,YYZIIIZYYYY,"[0, 1, 2, 6, 7, 8, 9, 10]",0.00048828124999999913,0.0,10,-0.4,"{""00001101000"": 1, ""00011011000"": 1, ""00111010101"": 1, ""00111100100"": 1, ""00111100110"": 1, ""01000111110"": 1, ""01110111100"": 1, ""10000100101"": 1, ""10101010000"": 1, ""11010001110"": 1}"
019e10f7-323a-71b2-bde7-51b216df79e0,15,44,1444,YYYYZIIZXIX,XIXZIIZYYYY,"[0, 2, 3, 6, 7, 8, 9, 10]",0.00048828124999999913,0.0,10,-0.2,"{""00001101111"": 1, ""00001110011"": 1, ""00100101000"": 1, ""00111110111"": 1, ""01011010000"": 1, ""01110100111"": 1, ""10000000000"": 1, ""11010011100"": 1, ""11111000110"": 1, ""11111010000"": 1}"
019e10f7-323a-71b2-bde7-51b216df79e0,15,45,1445,YYYYZIIZXZI,IZXZIIZYYYY,"[1, 2, 3, 6, 7, 8, 9, 10]",0.00048828124999999913,0.0,10,-0.4,"{""00001110001"": 1, ""01000011101"": 1, ""01011000111"": 1, ""01101110000"": 1, ""10101111000"": 1, ""10110101100"": 1, ""10110111010"": 1, ""11100100000"": 1, ""11101101100"": 1, ""11110011010"": 1}"
019e10f7-323a-71b2-bde7-51b216df79e0,15,46,1446,YYYYZIIZYXY,YXYZIIZYYYY,"[0, 1, 2, 3, 6, 7, 8, 9, 10]",-0.00048828124999999913,0.0,10,0.4,"{""00001011000"": 1, ""00111101000"": 1, ""01000010111"": 1, ""01100100010"": 1, ""01110111110"": 1, ""10001001101"": 1, ""11001111000"": 1, ""11011000010"": 1, ""11100000111"": 1, ""11100110100"": 1}"
019e10f7-323a-71b2-bde7-51b216df79e0,15,47,1447,YYYYZIIZYYZ,ZYYZIIZYYYY,"[0, 1, 2, 3, 6, 7, 8, 9, 10]",0.00048828124999999913,0.0,10,-0.8,"{""00010001100"": 1, ""00100010011"": 1, ""00111001100"": 1, ""01011110110"": 1, ""01101111010"": 1, ""10000100110"": 1, ""10011000011"": 1, ""10100101010"": 1, ""11100010101"": 1, ""11100100000"": 1}"
019e10f7-323a-71b2-bde7-51b216df79e0,15,48,1448,YYYYZIZXIXZ,ZXIXZIZYYYY,"[0, 1, 3, 4, 6, 7, 8, 9, 10]",0.00048828124999999913,0.0,10,-1.0,"{""00100011000"": 1, ""00100101101"": 1, ""00111111011"": 1, ""01000111000"": 1, ""01011011011"": 1, ""01011101101"": 1, ""10000010101"": 1, ""10000101110"": 1, ""10011111000"": 1, ""11111010110"": 1}"
019e10f7-323a-71b2-bde7-51b216df79e0,15,49,1449,YYYYZIZXIYY,YYIXZIZYYYY,"[0, 1, 3, 4, 6, 7, 8, 9, 10]",0.00048828124999999913,0.0,10,-0.6,"{""00001101110"": 1, ""00010001101"": 1, ""01000001101"": 1, ""01000100000"": 1, ""10011101101"": 1, ""10101100011"": 1, ""11010011010"": 1, ""11100000000"": 1, ""11100000011"": 1, ""11100100001"": 1}"
019e10f7-323a-71b2-bde7-51b216df79e0,15,50,1450,YYYYZIZXZII,IIZXZIZYYYY,"[2, 3, 4, 6, 7, 8, 9, 10]",0.00048828124999999913,0.0,10,-0.4,"{""00001001100"": 1, ""01000011000"": 1, ""10011101010"": 1, ""10110100000"": 1, ""11000011001"": 1, ""11001100011"": 1, ""11100111011"": 1, ""11110000010"": 1, ""11111011000"": 1, ""11111100010"": 1}"
019e10f7-323a-71b2-bde7-51b216df79e0,15,51,1451,YYYYZIZXZZX,XZZXZIZYYYY,"[0, 1, 2, 3, 4, 6, 7, 8, 9, 10]",0.00048828124999999913,0.0,10,0.0,"{""00001001100"": 1, ""00001011100"": 1, ""10001110100"": 1, ""10011011011"": 1, ""10110000011"": 1, ""11001001111"": 1, ""11001111111"": 1, ""11010100011"": 1, ""11011101100"": 1, ""11101110100"": 1}"
019e10f7-323a-71b2-bde7-51b216df79e0,15,52,1452,YYYYZIZYXXY,YXXYZIZYYYY,"[0, 1, 2, 3, 4, 6, 7, 8, 9, 10]",0.00048828124999999913,0.0,10,-0.6,"{""00010011101"": 1, ""00100000000"": 1, ""01000100001"": 1, ""01101101010"": 1, ""10000010100"": 1, ""10001110100"": 1, ""10011100101"": 1, ""11001000000"": 1, ""11001011011"": 1, ""11111011101"": 1}"
019e10f7-323a-71b2-bde7-51b216df79e0,15,53,1453,YYYYZIZYXYZ,ZYXYZIZYYYY,"[0, 1, 2, 3, 4, 6, 7, 8, 9, 10]",-0.00048828124999999913,0.0,10,0.6,"{""00001010010"": 1, ""00010100111"": 1, ""01110111010"": 1, ""10000000100"": 1, ""10000110101"": 1, ""10101110000"": 1, ""10101111001"": 1, ""10110011010"": 1, ""11001101110"": 1, ""11010101010"": 1}"
019e10f7-323a-71b2-bde7-51b216df79e0,15,54,1454,YYYYZIZYYIX,XIYYZIZYYYY,"[0, 2, 3, 4, 6, 7, 8, 9, 10]",0.00048828124999999913,0.0,10,-0.4,"{""00001011111"": 1, ""01010110100"": 1, ""01011011111"": 1, ""01011100111"": 1, ""01101100111"": 1, ""10000010100"": 1, ""11000110111"": 1, ""11001000110"": 1, ""11010100101"": 1, ""11011111111"": 1}"
019e10f7-323a-71b2-bde7-51b216df79e0,15,55,1455,YYYYZIZYYZI,IZYYZIZYYYY,"[1, 2, 3, 4, 6, 7, 8, 9, 10]",0.00048828124999999913,0.0,10,-0.6,"{""00001000001"": 2, ""00001000111"": 1, ""00001001101"": 1, ""00011011000"": 1, ""01010111110"": 1, ""01110010010"": 1, ""10000001011"": 1, ""10010011101"": 1, ""10110111111"": 1}"
019e10f7-323a-71b2-bde7-51b216df79e0,15,56,1456,YYYYZZXIXIX,XIXIXZZYYYY,"[0, 2, 4, 5, 6, 7, 8, 9, 10]",0.00048828124999999913,0.0,10,-0.8,"{""00111000111"": 1, ""01011110111"": 1, ""01101011100"": 1, ""01110011101"": 1, ""01110101100"": 1, ""10011101100"": 1, ""10101000111"": 1, ""10110000111"": 1, ""11001110000"": 1, ""11111011100"": 1}"
019e10f7-323a-71b2-bde7-51b216df79e0,15,57,1457,YYYYZZXIXZI,IZXIXZZYYYY,"[1, 2, 4, 5, 6, 7, 8, 9, 10]",0.00048828124999999913,0.0,10,-0.2,"{""00001000000"": 1, ""00100110111"": 1, ""01011101111"": 1, ""01101101100"": 1, ""10000001010"": 1, ""10011000001"": 1, ""10101100000"": 1, ""10110101010"": 1, ""10110101111"": 1, ""11010000000"": 1}"
019e10f7-323a-71b2-bde7-51b216df79e0,15,58,1458,YYYYZZXIYXY,YXYIXZZYYYY,"[0, 1, 2, 4, 5, 6, 7, 8, 9, 10]",-0.00048828124999999913,0.0,10,0.4,"{""00001101011"": 1, ""00010110010"": 1, ""00100101100"": 1, ""00111000010"": 1, ""01101000111"": 1, ""10010101001"": 1, ""10111110111"": 1, ""11000011110"": 1, ""11111000111"": 1, ""11111101110"": 1}"
019e10f7-323a-71b2-bde7-51b216df79e0,15,59,1459,YYYYZZXIYYZ,ZYYIXZZYYYY,"[0, 1, 2, 4, 5, 6, 7, 8, 9, 10]",0.00048828124999999913,0.0,10,-0.4,"{""00100000000"": 1, ""00100101000"": 1, ""00111101010"": 1, ""01000000101"": 1, ""01000011100"": 1, ""10000110110"": 1, ""10001011010"": 1, ""11001101010"": 1, ""11010110011"": 1, ""11011110000"": 1}"
019e10f7-323a-71b2-bde7-51b216df79e0,15,60,1460,YYYYZZXZIII,IIIZXZZYYYY,"[3, 4, 5, 6, 7, 8, 9, 10]",0.00048828124999999913,0.0,10,-0.6,"{""00010110110"": 1, ""00100011101"": 1, ""00101101101"": 1, ""10000000111"": 1, ""10000101100"": 1, ""10101101111"": 1, ""11001011100"": 1, ""11001011101"": 1, ""11111011001"": 1, ""11111100010"": 1}"
019e10f7-323a-71b2-bde7-51b216df79e0,15,61,1461,YYYYZZXZIZX,XZIZXZZYYYY,"[0, 1, 3, 4, 5, 6, 7, 8, 9, 10]",0.00048828124999999913,0.0,10,-0.8,"{""00001011011"": 1, ""00010011100"": 1, ""01000011011"": 1, ""01110101000"": 1, ""10000000011"": 1, ""10100110111"": 1, ""10101000100"": 1, ""11001101111"": 1, ""11010101011"": 1, ""11111000000"": 1}"
019e10f7-323a-71b2-bde7-51b216df79e0,15,62,1462,YYYYZZXZZXZ,ZXZZXZZYYYY,"[0, 1, 2, 3, 4, 5, 6, 7, 8, 9, 10]",0.00048828124999999913,0.0,10,-0.8,"{""00001000011"": 1, ""00001101110"": 1, ""00100101011"": 1, ""01000110011"": 1, ""01101110101"": 1, ""01110011101"": 1, ""10011011101"": 1, ""10101110101"": 1, ""11100101101"": 1, ""11110000101"": 1}"
019e10f7-323a-71b2-bde7-51b216df79e0,15,63,1463,YYYYZZXZZYY,YYZZXZZYYYY,"[0, 1, 2, 3, 4, 5, 6, 7, 8, 9, 10]",0.00048828124999999913,0.0,10,-0.2,"{""00000011011"": 1, ""00100000000"": 1, ""00111101001"": 1, ""01101000000"": 1, ""01101011101"": 1, ""01101101101"": 1, ""10110110000"": 1, ""11000110101"": 1, ""11010101110"": 1, ""11110101000"": 1}"
019e10f7-323a-71b2-bde7-51b216df79e0,15,64,1464,YYYYZZYXXXY,YXXXYZZYYYY,"[0, 1, 2, 3, 4, 5, 6, 7, 8, 9, 10]",-0.00048828124999999913,0.0,10,0.4,"{""00010011111"": 1, ""00110000001"": 1, ""01000101001"": 1, ""01010100011"": 1, ""01110001000"": 1, ""01110001011"": 1, ""01110100011"": 1, ""10101001011"": 1, ""10110110110"": 1, ""11100111110"": 1}"
019e10f7-323a-71b2-bde7-51b216df79e0,15,65,1465,YYYYZZYXXYZ,ZYXXYZZYYYY,"[0, 1, 2, 3, 4, 5, 6, 7, 8, 9, 10]",0.00048828124999999913,0.0,10,-0.6,"{""00001110110"": 1, ""00100111111"": 1, ""00111000000"": 1, ""01000011100"": 1, ""01110001000"": 1, ""10100110100"": 1, ""10101101000"": 1, ""11001011101"": 1, ""11110000010"": 1, ""11111011110"": 1}"
019e10f7-323a-71b2-bde7-51b216df79e0,15,66,1466,YYYYZZYXYIX,XIYXYZZYYYY,"[0, 2, 3, 4, 5, 6, 7, 8, 9, 10]",-0.00048828124999999913,0.0,10,0.0,"{""00001100011"": 1, ""01011010011"": 1, ""01101101011"": 1, ""01111101011"": 1, ""10000101111"": 1, ""10011000100"": 1, ""10011010000"": 1, ""10011111001"": 1, ""10101011011"": 1, ""10110100000"": 1}"
019e10f7-323a-71b2-bde7-51b216df79e0,15,67,1467,YYYYZZYXYZI,IZYXYZZYYYY,"[1, 2, 3, 4, 5, 6, 7, 8, 9, 10]",-0.00048828124999999913,0.0,10,0.8,"{""00001010000"": 1, ""00010000111"": 1, ""00010001111"": 1, ""00111000011"": 1, ""00111011011"": 1, ""00111100111"": 1, ""01011110101"": 1, ""10000101010"": 1, ""11001001111"": 1, ""11001111000"": 1}"
019e10f7-323a-71b2-bde7-51b216df79e0,15,68,1468,YYYYZZYYIXZ,ZXIYYZZYYYY,"[0, 1, 3, 4, 5, 6, 7, 8, 9, 10]",0.00048828124999999913,0.0,10,-0.6,"{""00010100110"": 1, ""00100111110"": 1, ""00110000000"": 1, ""00111000000"": 1, ""00111101101"": 1, ""01011010110"": 1, ""01101001101"": 1, ""01110010110"": 1, ""01110111101"": 1, ""11001010101"": 1}"
019e10f7-323a-71b2-bde7-51b216df79e0,15,69,1469,YYYYZZYYIYY,YYIYYZZYYYY,"[0, 1, 3, 4, 5, 6, 7, 8, 9, 10]",0.00048828124999999913,0.0,10,-0.4,"{""00001011011"": 1, ""00011111110"": 1, ""00100001110"": 1, ""01000000000"": 1, ""01001001001"": 1, ""10011011000"": 1, ""10011101101"": 1, ""11010100101"": 1, ""11100100101"": 1, ""11100101000"": 1}"
019e10f7-323a-71b2-bde7-51b216df79e0,15,70,1470,YYYYZZYYZII,IIZYYZZYYYY,"[2, 3, 4, 5, 6, 7, 8, 9, 10]",0.00048828124999999913,0.0,10,0.0,"{""00001101000"": 1, ""00010011000"": 1, ""01011001011"": 1, ""01011010100"": 1, ""01101001101"": 1, ""10001100101"": 1, ""10101100011"": 1, ""11001010110"": 1, ""11010001001"": 1, ""11101000011"": 1}"
019e10f7-323a-71b2-bde7-51b216df79e0,15,71,1471,YYYYZZYYZZX,XZZYYZZYYYY,"[0, 1, 2, 3, 4, 5, 6, 7, 8, 9, 10]",0.00048828124999999913,0.0,10,-0.6,"{""00100110011"": 1, ""01000001100"": 1, ""01101001111"": 1, ""01110111100"": 1, ""10011010100"": 1, ""10011101001"": 1, ""10101100100"": 1, ""11010000000"": 1, ""11100011100"": 1, ""11101111101"": 1}"
019e10f7-323a-71b2-bde7-51b216df79e0,15,72,1472,YYZZIIIIIII,IIIIIIIZZYY,"[7, 8, 9, 10]",-0.00048828124999999913,0.0,10,0.6,"{""01100010010"": 1, ""01100100000"": 1, ""01100101110"": 1, ""01101011010"": 1, ""10001001011"": 1, ""10010101100"": 1, ""10111011010"": 1, ""11110011010"": 1, ""11110110000"": 1, ""11111110011"": 1}"
019e10f7-323a-71b2-bde7-51b216df79e0,15,73,1473,YYZZIIIIIZX,XZIIIIIZZYY,"[0, 1, 7, 8, 9, 10]",-0.00048828124999999913,0.0,10,0.6,"{""00000100000"": 1, ""00110000000"": 1, ""00111100011"": 1, ""00111110100"": 1, ""01001011000"": 1, ""01101001111"": 1, ""10011100100"": 1, ""10100111100"": 1, ""11000111011"": 1, ""11100001111"": 1}"
019e10f7-323a-71b2-bde7-51b216df79e0,15,74,1474,YYZZIIIIZXZ,ZXZIIIIZZYY,"[0, 1, 2, 7, 8, 9, 10]",-0.00048828124999999913,0.0,10,1.0,"{""00001101101"": 1, ""00110110000"": 1, ""00111111011"": 1, ""01011011101"": 1, ""01011100101"": 1, ""01100000101"": 1, ""10100000011"": 1, ""10101011101"": 1, ""11000110110"": 1, ""11001110000"": 1}"
019e10f7-323a-71b2-bde7-51b216df79e0,15,75,1475,YYZZIIIIZYY,YYZIIIIZZYY,"[0, 1, 2, 7, 8, 9, 10]",-0.00048828124999999913,0.0,10,0.8,"{""00110101011"": 1, ""01011001011"": 1, ""01101101011"": 1, ""01101110110"": 1, ""01110011011"": 1, ""10011011000"": 1, ""11001000011"": 1, ""11001010000"": 1, ""11111001000"": 1, ""11111111000"": 1}"
019e10f7-323a-71b2-bde7-51b216df79e0,15,76,1476,YYZZIIIZXIX,XIXZIIIZZYY,"[0, 2, 3, 7, 8, 9, 10]",-0.00048828124999999913,0.0,10,0.2,"{""00000011011"": 1, ""00000100011"": 1, ""00001000111"": 1, ""00111011101"": 1, ""01010101011"": 1, ""01100000111"": 1, ""01101110000"": 1, ""11000010001"": 1, ""11000010111"": 1, ""11100111100"": 1}"
019e10f7-323a-71b2-bde7-51b216df79e0,15,77,1477,YYZZIIIZXZI,IZXZIIIZZYY,"[1, 2, 3, 7, 8, 9, 10]",-0.00048828124999999913,0.0,10,0.6,"{""00001000110"": 1, ""00001001100"": 1, ""00100111011"": 1, ""00110110110"": 1, ""00111100110"": 1, ""01000001010"": 1, ""01101000111"": 1, ""10010111010"": 1, ""10011101010"": 1, ""11001101010"": 1}"
019e10f7-323a-71b2-bde7-51b216df79e0,15,78,1478,YYZZIIIZYXY,YXYZIIIZZYY,"[0, 1, 2, 3, 7, 8, 9, 10]",0.00048828124999999913,0.0,10,-0.6,"{""00000001011"": 1, ""01010001011"": 1, ""01011000101"": 1, ""01101100100"": 1, ""10010100001"": 1, ""10010100111"": 1, ""10010101001"": 1, ""10011010001"": 1, ""10101011110"": 1, ""11000111011"": 1}"
019e10f7-323a-71b2-bde7-51b216df79e0,15,79,1479,YYZZIIIZYYZ,ZYYZIIIZZYY,"[0, 1, 2, 3, 7, 8, 9, 10]",-0.00048828124999999913,0.0,10,0.8,"{""01010010101"": 1, ""01100001100"": 1, ""01101101111"": 1, ""01110010110"": 1, ""10010100101"": 1, ""10011111010"": 1, ""10101001001"": 1, ""10101110101"": 1, ""11110000110"": 1, ""11110001001"": 1}"
019e10f7-323a-71b2-bde7-51b216df79e0,15,80,1480,YYZZIIZXIXZ,ZXIXZIIZZYY,"[0, 1, 3, 4, 7, 8, 9, 10]",-0.00048828124999999913,0.0,10,0.2,"{""00000010110"": 1, ""00000110101"": 1, ""00110100011"": 1, ""01001100011"": 1, ""01011101110"": 1, ""01100110101"": 1, ""10010001101"": 1, ""10111110110"": 1, ""11010100000"": 1, ""11011010110"": 1}"
019e10f7-323a-71b2-bde7-51b216df79e0,15,81,1481,YYZZIIZXIYY,YYIXZIIZZYY,"[0, 1, 3, 4, 7, 8, 9, 10]",-0.00048828124999999913,0.0,10,1.0,"{""00001111000"": 1, ""00111000011"": 1, ""00111110101"": 1, ""01010000011"": 1, ""01010001110"": 1, ""10010100000"": 1, ""10100100000"": 1, ""10100111011"": 1, ""11000100011"": 1, ""11110100000"": 1}"
019e10f7-323a-71b2-bde7-51b216df79e0,15,82,1482,YYZZIIZXZII,IIZXZIIZZYY,"[2, 3, 4, 7, 8, 9, 10]",-0.00048828124999999913,0.0,10,0.8,"{""00000001101"": 1, ""01010001100"": 1, ""01011101110"": 1, ""01100010110"": 1, ""01101010111"": 1, ""10000000001"": 1, ""10100010100"": 1, ""10100101101"": 1, ""11111100000"": 1, ""11111101101"": 1}"
019e10f7-323a-71b2-bde7-51b216df79e0,15,83,1483,YYZZIIZXZZX,XZZXZIIZZYY,"[0, 1, 2, 3, 4, 7, 8, 9, 10]",-0.00048828124999999913,0.0,10,0.4,"{""00001000100"": 1, ""00110001100"": 1, ""00110100100"": 1, ""01010010100"": 1, ""01100010100"": 1, ""10000111000"": 1, ""10011001100"": 1, ""10011011000"": 1, ""10101100011"": 1, ""11110111000"": 1}"
019e10f7-323a-71b2-bde7-51b216df79e0,15,84,1484,YYZZIIZYXXY,YXXYZIIZZYY,"[0, 1, 2, 3, 4, 7, 8, 9, 10]",-0.00048828124999999913,0.0,10,0.6,"{""00000101111"": 1, ""01100111011"": 1, ""01101000001"": 1, ""01101101100"": 1, ""01111110010"": 1, ""10100001001"": 1, ""10100001100"": 1, ""10101100101"": 1, ""11001110111"": 1, ""11110110100"": 1}"
019e10f7-323a-71b2-bde7-51b216df79e0,15,85,1485,YYZZIIZYXYZ,ZYXYZIIZZYY,"[0, 1, 2, 3, 4, 7, 8, 9, 10]",0.00048828124999999913,0.0,10,-0.6,"{""00001001100"": 1, ""00110000101"": 1, ""00111001000"": 1, ""10010010000"": 1, ""10011011111"": 1, ""10011101110"": 1, ""10100101011"": 1, ""10101100010"": 1, ""10101101011"": 1, ""11000001000"": 1}"
019e10f7-323a-71b2-bde7-51b216df79e0,15,86,1486,YYZZIIZYYIX,XIYYZIIZZYY,"[0, 2, 3, 4, 7, 8, 9, 10]",-0.00048828124999999913,0.0,10,1.0,"{""00000000111"": 1, ""01010110011"": 1, ""01011000000"": 1, ""01011001011"": 1, ""10010001100"": 1, ""10010111000"": 1, ""10100101100"": 1, ""11000111111"": 1, ""11001000000"": 1, ""11111010100"": 1}"
019e10f7-323a-71b2-bde7-51b216df79e0,15,87,1487,YYZZIIZYYZI,IZYYZIIZZYY,"[1, 2, 3, 4, 7, 8, 9, 10]",-0.00048828124999999913,0.0,10,0.8,"{""00000111000"": 1, ""00001101101"": 1, ""00110100000"": 1, ""01011001010"": 1, ""10010100001"": 1, ""10011101011"": 1, ""10111100000"": 1, ""11001100001"": 1, ""11001111001"": 1, ""11110000001"": 1}"
019e10f7-323a-71b2-bde7-51b216df79e0,15,88,1488,YYZZIZXIXIX,XIXIXZIZZYY,"[0, 2, 4, 5, 7, 8, 9, 10]",-0.00048828124999999913,0.0,10,0.4,"{""00000000011"": 1, ""00001101100"": 1, ""00001110111"": 1, ""01101110000"": 1, ""01110110000"": 1, ""10011011011"": 1, ""10011110000"": 1, ""10100000000"": 1, ""10101100111"": 1, ""11110011100"": 1}"
019e10f7-323a-71b2-bde7-51b216df79e0,15,89,1489,YYZZIZXIXZI,IZXIXZIZZYY,"[1, 2, 4, 5, 7, 8, 9, 10]",-0.00048828124999999913,0.0,10,0.0,"{""00000000001"": 1, ""00000000110"": 1, ""01010011011"": 2, ""10010110000"": 1, ""10110011010"": 1, ""10111000111"": 1, ""11001011000"": 1, ""11011011010"": 1, ""11100101100"": 1}"
019e10f7-323a-71b2-bde7-51b216df79e0,15,90,1490,YYZZIZXIYXY,YXYIXZIZZYY,"[0, 1, 2, 4, 5, 7, 8, 9, 10]",0.00048828124999999913,0.0,10,-0.6,"{""00000101011"": 1, ""00110010101"": 1, ""00111000001"": 1, ""00111110111"": 1, ""01010101100"": 1, ""01100010011"": 1, ""01101101100"": 1, ""01101110100"": 1, ""11000110010"": 1, ""11111011110"": 1}"
019e10f7-323a-71b2-bde7-51b216df79e0,15,91,1491,YYZZIZXIYYZ,ZYYIXZIZZYY,"[0, 1, 2, 4, 5, 7, 8, 9, 10]",-0.00048828124999999913,0.0,10,0.6,"{""00000101001"": 1, ""00001011100"": 1, ""00010000101"": 1, ""00110101001"": 1, ""01100110011"": 1, ""10100011111"": 1, ""10101011001"": 1, ""11000000000"": 1, ""11000000001"": 1, ""11111101001"": 1}"
019e10f7-323a-71b2-bde7-51b216df79e0,15,92,1492,YYZZIZXZIII,IIIZXZIZZYY,"[3, 4, 5, 7, 8, 9, 10]",-0.00048828124999999913,0.0,10,0.6,"{""00000101111"": 1, ""00001110010"": 1, ""01001001100"": 1, ""01010000101"": 1, ""01010011110"": 1, ""01100101111"": 1, ""10101001001"": 1, ""11101110100"": 1, ""11110101110"": 1, ""11111110000"": 1}"
019e10f7-323a-71b2-bde7-51b216df79e0,15,93,1493,YYZZIZXZIZX,XZIZXZIZZYY,"[0, 1, 3, 4, 5, 7, 8, 9, 10]",-0.00048828124999999913,0.0,10,0.4,"{""00000110100"": 1, ""00001010100"": 1, ""00011011000"": 1, ""00110011000"": 1, ""01010010100"": 1, ""10010011000"": 1, ""10010011100"": 1, ""10011101000"": 1, ""11000110000"": 1, ""11110011000"": 1}"
019e10f7-323a-71b2-bde7-51b216df79e0,15,94,1494,YYZZIZXZZXZ,ZXZZXZIZZYY,"[0, 1, 2, 3, 4, 5, 7, 8, 9, 10]",-0.00048828124999999913,0.0,10,0.4,"{""00001011000"": 1, ""01010110011"": 1, ""01011000110"": 1, ""01011110101"": 1, ""01011111011"": 1, ""01100101101"": 1, ""10100000101"": 1, ""10110110101"": 1, ""10111011101"": 1, ""11110000000"": 1}"
019e10f7-323a-71b2-bde7-51b216df79e0,15,95,1495,YYZZIZXZZYY,YYZZXZIZZYY,"[0, 1, 2, 3, 4, 5, 7, 8, 9, 10]",-0.00048828124999999913,0.0,10,0.8,"{""00000000011"": 1, ""01101000101"": 1, ""10011101000"": 1, ""10101101000"": 1, ""11000000011"": 1, ""11000001101"": 1, ""11000101011"": 2, ""11110101011"": 1, ""11111101110"": 1}"
019e10f7-323a-71b2-bde7-51b216df79e0,15,96,1496,YYZZIZYXXXY,YXXXYZIZZYY,"[0, 1, 2, 3, 4, 5, 7, 8, 9, 10]",0.00048828124999999913,0.0,10,-0.4,"{""00000011100"": 1, ""00001001000"": 1, ""00110001101"": 1, ""00110010100"": 1, ""01100100100"": 1, ""10100010000"": 1, ""10101011010"": 1, ""10101101100"": 1, ""11000001000"": 1, ""11101110100"": 1}"
019e10f7-323a-71b2-bde7-51b216df79e0,15,97,1497,YYZZIZYXXYZ,ZYXXYZIZZYY,"[0, 1, 2, 3, 4, 5, 7, 8, 9, 10]",-0.00048828124999999913,0.0,10,0.2,"{""00110101000"": 1, ""01001110011"": 1, ""01010000110"": 1, ""01100010001"": 1, ""01100010101"": 1, ""01100101101"": 1, ""11001100101"": 1, ""11001101110"": 1, ""11110000100"": 1, ""11111111111"": 1}"
019e10f7-323a-71b2-bde7-51b216df79e0,15,98,1498,YYZZIZYXYIX,XIYXYZIZZYY,"[0, 2, 3, 4, 5, 7, 8, 9, 10]",0.00048828124999999913,0.0,10,-0.6,"{""00000110111"": 1, ""00001001000"": 1, ""00001110011"": 1, ""01010111011"": 1, ""01101001000"": 1, ""10010111111"": 1, ""10100001000"": 1, ""10100100000"": 1, ""10101000100"": 1, ""11000110011"": 1}"
019e10f7-323a-71b2-bde7-51b216df79e0,15,99,1499,YYZZIZYXYZI,IZYXYZIZZYY,"[1, 2, 3, 4, 5, 7, 8, 9, 10]",0.00048828124999999913,0.0,10,-0.8,"{""00000100000"": 1, ""01010010111"": 1, ""01100001110"": 1, ""01101111111"": 1, ""10010110100"": 1, ""10010111001"": 1, ""10011100011"": 1, ""10101010111"": 1, ""11110000100"": 1, ""11111110101"": 1}"
019e10f7-4321-7403-b2ed-b4a75d6af8d4,16,0,1500,YYZZIZYYIXZ,ZXIYYZIZZYY,"[0, 1, 3, 4, 5, 7, 8, 9, 10]",-0.00048828124999999913,0.0,10,0.0,"{""00000100101"": 1, ""00010100110"": 1, ""00110101011"": 1, ""01011100010"": 1, ""10100110000"": 1, ""10101000011"": 1, ""10111000011"": 1, ""11101110000"": 1, ""11110111011"": 1, ""11111010000"": 1}"
019e10f7-4321-7403-b2ed-b4a75d6af8d4,16,1,1501,YYZZIZYYIYY,YYIYYZIZZYY,"[0, 1, 3, 4, 5, 7, 8, 9, 10]",-0.00048828124999999913,0.0,10,0.4,"{""00110010000"": 1, ""00110111110"": 1, ""01001000110"": 1, ""01101100101"": 1, ""10101000011"": 1, ""10111100101"": 1, ""11000001101"": 1, ""11000010110"": 1, ""11000111101"": 1, ""11111101001"": 1}"
019e10f7-4321-7403-b2ed-b4a75d6af8d4,16,2,1502,YYZZIZYYZII,IIZYYZIZZYY,"[2, 3, 4, 5, 7, 8, 9, 10]",-0.00048828124999999913,0.0,10,0.4,"{""00000001111"": 1, ""00001000011"": 1, ""00101100110"": 1, ""01010001101"": 1, ""10011000000"": 1, ""11000011111"": 1, ""11000101011"": 1, ""11110101001"": 1, ""11111011010"": 1, ""11111110111"": 1}"
019e10f7-4321-7403-b2ed-b4a75d6af8d4,16,3,1503,YYZZIZYYZZX,XZZYYZIZZYY,"[0, 1, 2, 3, 4, 5, 7, 8, 9, 10]",-0.00048828124999999913,0.0,10,0.4,"{""00101000000"": 1, ""00110000000"": 1, ""00111110011"": 1, ""01010000000"": 1, ""01101001100"": 1, ""11000011000"": 1, ""11001011011"": 1, ""11011000011"": 1, ""11100100100"": 1, ""11111101000"": 1}"
019e10f7-4321-7403-b2ed-b4a75d6af8d4,16,4,1504,YYZZZXIXIXZ,ZXIXIXZZZYY,"[0, 1, 3, 5, 6, 7, 8, 9, 10]",-0.00048828124999999913,0.0,10,0.6,"{""00000111011"": 1, ""00111101101"": 1, ""01101101101"": 1, ""10100111011"": 1, ""10101100011"": 1, ""10101100110"": 1, ""11000110110"": 1, ""11001011001"": 1, ""11110000011"": 1, ""11111101110"": 1}"
019e10f7-4321-7403-b2ed-b4a75d6af8d4,16,5,1505,YYZZZXIXIYY,YYIXIXZZZYY,"[0, 1, 3, 5, 6, 7, 8, 9, 10]",-0.00048828124999999913,0.0,10,0.2,"{""00110110101"": 1, ""00110110110"": 1, ""01010110101"": 1, ""01100111011"": 1, ""01110001101"": 1, ""10100101110"": 1, ""10101010110"": 1, ""10110110110"": 1, ""10111100011"": 1, ""11111100000"": 1}"
019e10f7-4321-7403-b2ed-b4a75d6af8d4,16,6,1506,YYZZZXIXZII,IIZXIXZZZYY,"[2, 3, 5, 6, 7, 8, 9, 10]",-0.00048828124999999913,0.0,10,0.4,"{""00000001110"": 1, ""00000110100"": 1, ""00000111001"": 1, ""01010110100"": 1, ""01100001001"": 1, ""01100111001"": 1, ""11000101111"": 1, ""11000111010"": 1, ""11010010101"": 1, ""11100110101"": 1}"
019e10f7-4321-7403-b2ed-b4a75d6af8d4,16,7,1507,YYZZZXIXZZX,XZZXIXZZZYY,"[0, 1, 2, 3, 5, 6, 7, 8, 9, 10]",-0.00048828124999999913,0.0,10,0.2,"{""00000000011"": 1, ""00001010100"": 1, ""00101011000"": 1, ""01011011011"": 1, ""01101010100"": 1, ""10011101110"": 1, ""11000111000"": 1, ""11000111011"": 1, ""11001101011"": 1, ""11011100011"": 1}"
019e10f7-4321-7403-b2ed-b4a75d6af8d4,16,8,1508,YYZZZXIYXXY,YXXYIXZZZYY,"[0, 1, 2, 3, 5, 6, 7, 8, 9, 10]",-0.00048828124999999913,0.0,10,0.6,"{""00000111011"": 1, ""00001101010"": 1, ""00010110010"": 1, ""01011100101"": 1, ""01111100000"": 1, ""10010000011"": 1, ""10100111000"": 1, ""10101011011"": 1, ""11000100010"": 1, ""11001101001"": 1}"
019e10f7-4321-7403-b2ed-b4a75d6af8d4,16,9,1509,YYZZZXIYXYZ,ZYXYIXZZZYY,"[0, 1, 2, 3, 5, 6, 7, 8, 9, 10]",0.00048828124999999913,0.0,10,-0.6,"{""00101010011"": 1, ""00111101011"": 1, ""01010000010"": 1, ""01100111001"": 1, ""01101010011"": 1, ""10010001000"": 1, ""10011010000"": 1, ""11100001110"": 1, ""11110000111"": 1, ""11110110011"": 1}"
019e10f7-4321-7403-b2ed-b4a75d6af8d4,16,10,1510,YYZZZXIYYIX,XIYYIXZZZYY,"[0, 2, 3, 5, 6, 7, 8, 9, 10]",-0.00048828124999999913,0.0,10,0.4,"{""00001010100"": 1, ""00110110100"": 1, ""10000111000"": 1, ""10011010100"": 1, ""10100001011"": 1, ""11000110011"": 1, ""11001011111"": 1, ""11001100000"": 1, ""11110001000"": 1, ""11111011110"": 1}"
019e10f7-4321-7403-b2ed-b4a75d6af8d4,16,11,1511,YYZZZXIYYZI,IZYYIXZZZYY,"[1, 2, 3, 5, 6, 7, 8, 9, 10]",-0.00048828124999999913,0.0,10,0.6,"{""00001010100"": 1, ""00110110010"": 1, ""01010001101"": 1, ""01010011000"": 1, ""10101011000"": 1, ""11000110011"": 1, ""11000111110"": 1, ""11001010100"": 1, ""11111010010"": 1, ""11111011011"": 1}"
019e10f7-4321-7403-b2ed-b4a75d6af8d4,16,12,1512,YYZZZXZIIII,IIIIZXZZZYY,"[4, 5, 6, 7, 8, 9, 10]",-0.00048828124999999913,0.0,10,1.0,"{""00000110110"": 1, ""00000111011"": 1, ""00001010101"": 1, ""00001101100"": 1, ""01011011001"": 1, ""10010000000"": 1, ""10011100001"": 1, ""10011101000"": 1, ""11001101101"": 1, ""11111101001"": 1}"
019e10f7-4321-7403-b2ed-b4a75d6af8d4,16,13,1513,YYZZZXZIIZX,XZIIZXZZZYY,"[0, 1, 4, 5, 6, 7, 8, 9, 10]",-0.00048828124999999913,0.0,10,0.4,"{""00001011011"": 1, ""00001101100"": 1, ""01010000011"": 1, ""01011011111"": 1, ""01100000000"": 1, ""01100001100"": 1, ""10100010011"": 1, ""11101100011"": 1, ""11110111111"": 1, ""11111100010"": 1}"
019e10f7-4321-7403-b2ed-b4a75d6af8d4,16,14,1514,YYZZZXZIZXZ,ZXZIZXZZZYY,"[0, 1, 2, 4, 5, 6, 7, 8, 9, 10]",-0.00048828124999999913,0.0,10,0.8,"{""00001010101"": 1, ""00110100011"": 1, ""00111010000"": 1, ""01011010000"": 1, ""01100000011"": 1, ""01100001011"": 1, ""10010000000"": 1, ""10010000110"": 1, ""10101011110"": 1, ""11111100000"": 1}"
019e10f7-4321-7403-b2ed-b4a75d6af8d4,16,15,1515,YYZZZXZIZYY,YYZIZXZZZYY,"[0, 1, 2, 4, 5, 6, 7, 8, 9, 10]",-0.00048828124999999913,0.0,10,0.0,"{""00000000001"": 1, ""00000000111"": 1, ""00110110110"": 1, ""00111100101"": 1, ""01011100100"": 1, ""01100100110"": 1, ""10010110000"": 1, ""10101100101"": 1, ""11000000000"": 1, ""11110010101"": 1}"
019e10f7-4321-7403-b2ed-b4a75d6af8d4,16,16,1516,YYZZZXZZXIX,XIXZZXZZZYY,"[0, 2, 3, 4, 5, 6, 7, 8, 9, 10]",-0.00048828124999999913,0.0,10,-0.2,"{""01011101011"": 1, ""10101011011"": 1, ""10101011111"": 1, ""10101100011"": 1, ""11000111100"": 1, ""11010001011"": 1, ""11101010111"": 1, ""11110110100"": 1, ""11111101100"": 1, ""11111110000"": 1}"
019e10f7-4321-7403-b2ed-b4a75d6af8d4,16,17,1517,YYZZZXZZXZI,IZXZZXZZZYY,"[1, 2, 3, 4, 5, 6, 7, 8, 9, 10]",-0.00048828124999999913,0.0,10,0.2,"{""01110111100"": 1, ""01110111101"": 1, ""10010110101"": 1, ""10011100110"": 1, ""10101010010"": 1, ""10101100001"": 1, ""10101100110"": 1, ""11110111010"": 1, ""11110111100"": 1, ""11111010110"": 1}"
019e10f7-4321-7403-b2ed-b4a75d6af8d4,16,18,1518,YYZZZXZZYXY,YXYZZXZZZYY,"[0, 1, 2, 3, 4, 5, 6, 7, 8, 9, 10]",0.00048828124999999913,0.0,10,-0.6,"{""00000000111"": 1, ""00001011101"": 1, ""00001101100"": 1, ""00110000111"": 1, ""01011010010"": 1, ""01011100111"": 1, ""01101010110"": 1, ""10101101000"": 1, ""11001011011"": 1, ""11110111011"": 1}"
019e10f7-4321-7403-b2ed-b4a75d6af8d4,16,19,1519,YYZZZXZZYYZ,ZYYZZXZZZYY,"[0, 1, 2, 3, 4, 5, 6, 7, 8, 9, 10]",-0.00048828124999999913,0.0,10,0.2,"{""00000111001"": 1, ""00001011100"": 1, ""00010001100"": 1, ""00010110101"": 1, ""00111101111"": 1, ""10010110110"": 1, ""10101010010"": 1, ""10110001010"": 1, ""11001010000"": 1, ""11111101001"": 1}"
019e10f7-4321-7403-b2ed-b4a75d6af8d4,16,20,1520,YYZZZYXXXXY,YXXXXYZZZYY,"[0, 1, 2, 3, 4, 5, 6, 7, 8, 9, 10]",-0.00048828124999999913,0.0,10,0.2,"{""00000101110"": 1, ""00111010110"": 1, ""01001011100"": 1, ""01011000100"": 1, ""10000011101"": 1, ""10100010000"": 1, ""10100011011"": 1, ""11000000110"": 2, ""11010101000"": 1}"
019e10f7-4321-7403-b2ed-b4a75d6af8d4,16,21,1521,YYZZZYXXXYZ,ZYXXXYZZZYY,"[0, 1, 2, 3, 4, 5, 6, 7, 8, 9, 10]",0.00048828124999999913,0.0,10,-0.4,"{""00100100110"": 1, ""01010101001"": 1, ""01011000101"": 1, ""01011010010"": 1, ""01011011101"": 1, ""01100011010"": 1, ""10100000000"": 1, ""11001100011"": 1, ""11110101111"": 1, ""11110111110"": 1}"
019e10f7-4321-7403-b2ed-b4a75d6af8d4,16,22,1522,YYZZZYXXYIX,XIYXXYZZZYY,"[0, 2, 3, 4, 5, 6, 7, 8, 9, 10]",-0.00048828124999999913,0.0,10,0.2,"{""00000111100"": 1, ""00010011000"": 1, ""00110110011"": 1, ""01011011100"": 1, ""11001001000"": 1, ""11001100111"": 1, ""11001101100"": 1, ""11001110111"": 1, ""11100010011"": 1, ""11110101000"": 1}"
019e10f7-4321-7403-b2ed-b4a75d6af8d4,16,23,1523,YYZZZYXXYZI,IZYXXYZZZYY,"[1, 2, 3, 4, 5, 6, 7, 8, 9, 10]",-0.00048828124999999913,0.0,10,0.6,"{""00000110010"": 1, ""00111101101"": 1, ""01010001011"": 1, ""01100101111"": 1, ""10100011000"": 1, ""10100011111"": 1, ""10100100000"": 1, ""10110110011"": 1, ""11000011001"": 1, ""11110010101"": 1}"
019e10f7-4321-7403-b2ed-b4a75d6af8d4,16,24,1524,YYZZZYXYIXZ,ZXIYXYZZZYY,"[0, 1, 3, 4, 5, 6, 7, 8, 9, 10]",0.00048828124999999913,0.0,10,0.0,"{""00001011110"": 1, ""00001100110"": 1, ""00110011011"": 1, ""01010001000"": 1, ""01100001110"": 1, ""01111100101"": 1, ""10011000000"": 1, ""10100101101"": 1, ""10101011001"": 1, ""11110001011"": 1}"
019e10f7-4321-7403-b2ed-b4a75d6af8d4,16,25,1525,YYZZZYXYIYY,YYIYXYZZZYY,"[0, 1, 3, 4, 5, 6, 7, 8, 9, 10]",0.00048828124999999913,0.0,10,0.0,"{""00001011011"": 1, ""00010000101"": 1, ""00110101101"": 1, ""10001101011"": 1, ""10001101101"": 1, ""10011101011"": 1, ""10100000110"": 1, ""11100111000"": 1, ""11101100110"": 1, ""11110110011"": 1}"
019e10f7-4321-7403-b2ed-b4a75d6af8d4,16,26,1526,YYZZZYXYZII,IIZYXYZZZYY,"[2, 3, 4, 5, 6, 7, 8, 9, 10]",0.00048828124999999913,0.0,10,-0.6,"{""00001001101"": 1, ""00011011011"": 1, ""00110100000"": 1, ""00111100100"": 1, ""01101010111"": 1, ""10001000010"": 1, ""10100111011"": 1, ""11001001110"": 1, ""11001011001"": 1, ""11111111111"": 1}"
019e10f7-4321-7403-b2ed-b4a75d6af8d4,16,27,1527,YYZZZYXYZZX,XZZYXYZZZYY,"[0, 1, 2, 3, 4, 5, 6, 7, 8, 9, 10]",0.00048828124999999913,0.0,10,-0.2,"{""00110001000"": 1, ""01010111011"": 1, ""01100101000"": 1, ""01101100011"": 1, ""10000001000"": 1, ""10010011100"": 1, ""10100101111"": 1, ""10111011001"": 1, ""11100011100"": 1, ""11111100111"": 1}"
019e10f7-4321-7403-b2ed-b4a75d6af8d4,16,28,1528,YYZZZYYIXIX,XIXIYYZZZYY,"[0, 2, 4, 5, 6, 7, 8, 9, 10]",-0.00048828124999999913,0.0,10,0.6,"{""00110011100"": 1, ""00111111100"": 1, ""01010000111"": 1, ""01010011100"": 1, ""01100101011"": 1, ""10010101011"": 1, ""10010111011"": 1, ""10011001100"": 1, ""11000110111"": 1, ""11011001100"": 1}"
019e10f7-4321-7403-b2ed-b4a75d6af8d4,16,29,1529,YYZZZYYIXZI,IZXIYYZZZYY,"[1, 2, 4, 5, 6, 7, 8, 9, 10]",-0.00048828124999999913,0.0,10,0.8,"{""00010011000"": 1, ""00110101101"": 1, ""00111111101"": 1, ""01000111101"": 1, ""01011111101"": 1, ""01110000110"": 1, ""10010000001"": 1, ""10100101101"": 2, ""11110011011"": 1}"
019e10f7-4321-7403-b2ed-b4a75d6af8d4,16,30,1530,YYZZZYYIYXY,YXYIYYZZZYY,"[0, 1, 2, 4, 5, 6, 7, 8, 9, 10]",0.00048828124999999913,0.0,10,-0.6,"{""00000110010"": 1, ""01011001000"": 1, ""01011110001"": 1, ""01100101000"": 1, ""01100101011"": 1, ""10001001000"": 1, ""10010000111"": 1, ""10101001011"": 1, ""11001100100"": 1, ""11111010111"": 1}"
019e10f7-4321-7403-b2ed-b4a75d6af8d4,16,31,1531,YYZZZYYIYYZ,ZYYIYYZZZYY,"[0, 1, 2, 4, 5, 6, 7, 8, 9, 10]",-0.00048828124999999913,0.0,10,0.2,"{""00000110000"": 1, ""00001010000"": 1, ""00110011111"": 1, ""01110011010"": 1, ""10001010001"": 1, ""10011010100"": 1, ""10101010000"": 1, ""11001001000"": 1, ""11011110010"": 1, ""11111111111"": 1}"
019e10f7-4321-7403-b2ed-b4a75d6af8d4,16,32,1532,YYZZZYYZIII,IIIZYYZZZYY,"[3, 4, 5, 6, 7, 8, 9, 10]",-0.00048828124999999913,0.0,10,1.0,"{""01100000001"": 1, ""10000001001"": 1, ""10100000111"": 1, ""11000110011"": 1, ""11001001000"": 1, ""11001001001"": 1, ""11001100000"": 1, ""11110000000"": 1, ""11110101011"": 1, ""11111111101"": 1}"
019e10f7-4321-7403-b2ed-b4a75d6af8d4,16,33,1533,YYZZZYYZIZX,XZIZYYZZZYY,"[0, 1, 3, 4, 5, 6, 7, 8, 9, 10]",-0.00048828124999999913,0.0,10,0.6,"{""00001001111"": 1, ""00001100100"": 1, ""00110000100"": 1, ""01010101100"": 1, ""01010111011"": 1, ""01100000111"": 1, ""01100010100"": 1, ""10011111011"": 1, ""10100011100"": 1, ""11110110011"": 1}"
019e10f7-4321-7403-b2ed-b4a75d6af8d4,16,34,1534,YYZZZYYZZXZ,ZXZZYYZZZYY,"[0, 1, 2, 3, 4, 5, 6, 7, 8, 9, 10]",-0.00048828124999999913,0.0,10,0.6,"{""00001100010"": 1, ""00110110000"": 1, ""00110110110"": 1, ""01010101110"": 1, ""10010101000"": 1, ""10010110110"": 1, ""10011010000"": 1, ""10100011101"": 1, ""11110011011"": 1, ""11110100011"": 1}"
019e10f7-4321-7403-b2ed-b4a75d6af8d4,16,35,1535,YYZZZYYZZYY,YYZZYYZZZYY,"[0, 1, 2, 3, 4, 5, 6, 7, 8, 9, 10]",-0.00048828124999999913,0.0,10,0.2,"{""00000110101"": 1, ""00110000001"": 1, ""00110011011"": 1, ""00110101000"": 1, ""01110011000"": 1, ""10010100110"": 1, ""10010110101"": 1, ""10011001111"": 1, ""11110101000"": 1, ""11110101011"": 1}"
019e10f7-4321-7403-b2ed-b4a75d6af8d4,16,36,1536,ZXIZXIXIXIX,XIXIXIXZIXZ,"[0, 2, 4, 6, 7, 9, 10]",-0.00048828124999999913,0.0,10,0.8,"{""00000011101"": 1, ""00110101100"": 1, ""01010000111"": 1, ""01100101100"": 1, ""01101000111"": 1, ""10011110111"": 1, ""10100110000"": 1, ""10101011100"": 1, ""11110110111"": 1, ""11111000000"": 1}"
019e10f7-4321-7403-b2ed-b4a75d6af8d4,16,37,1537,ZXIZXIXIXZI,IZXIXIXZIXZ,"[1, 2, 4, 6, 7, 9, 10]",-0.00048828124999999913,0.0,10,0.2,"{""00000000110"": 1, ""00001110101"": 1, ""00110110110"": 1, ""01001101101"": 1, ""01010011100"": 1, ""01100000001"": 1, ""01100101011"": 1, ""10101011101"": 1, ""11001110001"": 1, ""11111011110"": 1}"
019e10f7-4321-7403-b2ed-b4a75d6af8d4,16,38,1538,ZXIZXIXIYXY,YXYIXIXZIXZ,"[0, 1, 2, 4, 6, 7, 9, 10]",0.00048828124999999913,0.0,10,-0.6,"{""00001101011"": 1, ""00111000010"": 1, ""01000011110"": 1, ""01011011111"": 1, ""10011110111"": 1, ""11001110011"": 1, ""11110110111"": 2, ""11111000111"": 1, ""11111011000"": 1}"
019e10f7-4321-7403-b2ed-b4a75d6af8d4,16,39,1539,ZXIZXIXIYYZ,ZYYIXIXZIXZ,"[0, 1, 2, 4, 6, 7, 9, 10]",-0.00048828124999999913,0.0,10,0.4,"{""00000101010"": 1, ""00001101100"": 1, ""00111000011"": 1, ""01100101010"": 1, ""10101000101"": 1, ""11000000110"": 1, ""11000110000"": 1, ""11001101001"": 1, ""11010101001"": 1, ""11111000100"": 1}"
019e10f7-4321-7403-b2ed-b4a75d6af8d4,16,40,1540,ZXIZXIXZIII,IIIZXIXZIXZ,"[3, 4, 6, 7, 9, 10]",-0.00048828124999999913,0.0,10,0.6,"{""01010000010"": 1, ""01010000110"": 1, ""01100110101"": 2, ""10010011110"": 1, ""10100101111"": 1, ""11100101100"": 1, ""11110101101"": 1, ""11111011110"": 1, ""11111110011"": 1}"
019e10f7-4321-7403-b2ed-b4a75d6af8d4,16,41,1541,ZXIZXIXZIZX,XZIZXIXZIXZ,"[0, 1, 3, 4, 6, 7, 9, 10]",-0.00048828124999999913,0.0,10,0.2,"{""00001110011"": 1, ""00111011111"": 1, ""01000011100"": 1, ""10000101111"": 1, ""10010000000"": 1, ""10011011100"": 2, ""10100101111"": 1, ""11000000111"": 1, ""11010011100"": 1}"
019e10f7-4321-7403-b2ed-b4a75d6af8d4,16,42,1542,ZXIZXIXZZXZ,ZXZZXIXZIXZ,"[0, 1, 2, 3, 4, 6, 7, 9, 10]",-0.00048828124999999913,0.0,10,0.4,"{""00000000011"": 1, ""00010000101"": 1, ""01010011110"": 1, ""01010110000"": 1, ""01011110101"": 1, ""01100101011"": 1, ""01100101101"": 1, ""10100110101"": 1, ""10101011101"": 1, ""11000001011"": 1}"
019e10f7-4321-7403-b2ed-b4a75d6af8d4,16,43,1543,ZXIZXIXZZYY,YYZZXIXZIXZ,"[0, 1, 2, 3, 4, 6, 7, 9, 10]",-0.00048828124999999913,0.0,10,0.4,"{""00110101011"": 1, ""00110101110"": 1, ""00110111100"": 1, ""01011111000"": 1, ""01101010110"": 1, ""10010011101"": 1, ""10011110110"": 1, ""10100110000"": 1, ""11110100011"": 1, ""11110101011"": 1}"
019e10f7-4321-7403-b2ed-b4a75d6af8d4,16,44,1544,ZXIZXIYXXXY,YXXXYIXZIXZ,"[0, 1, 2, 3, 4, 6, 7, 9, 10]",0.00048828124999999913,0.0,10,-0.6,"{""00110100011"": 1, ""00111001110"": 2, ""01100000111"": 1, ""10100001100"": 1, ""10100111100"": 1, ""11001101100"": 1, ""11001111101"": 1, ""11110101001"": 1, ""11110101111"": 1}"
019e10f7-4321-7403-b2ed-b4a75d6af8d4,16,45,1545,ZXIZXIYXXYZ,ZYXXYIXZIXZ,"[0, 1, 2, 3, 4, 6, 7, 9, 10]",-0.00048828124999999913,0.0,10,0.4,"{""00000011110"": 1, ""00111100010"": 1, ""01110111111"": 1, ""10011110101"": 1, ""10011111111"": 1, ""10101001100"": 1, ""10101010111"": 1, ""10111001111"": 1, ""11000010111"": 1, ""11111110010"": 1}"
019e10f7-4321-7403-b2ed-b4a75d6af8d4,16,46,1546,ZXIZXIYXYIX,XIYXYIXZIXZ,"[0, 2, 3, 4, 6, 7, 9, 10]",0.00048828124999999913,0.0,10,-0.6,"{""00000000111"": 1, ""00110101100"": 1, ""00110110011"": 1, ""01011001000"": 1, ""10000001011"": 1, ""11000001000"": 1, ""11000011100"": 1, ""11001101011"": 1, ""11110100111"": 1, ""11110111000"": 1}"
019e10f7-4321-7403-b2ed-b4a75d6af8d4,16,47,1547,ZXIZXIYXYZI,IZYXYIXZIXZ,"[1, 2, 3, 4, 6, 7, 9, 10]",0.00048828124999999913,0.0,10,-0.4,"{""00001010011"": 1, ""00010001000"": 1, ""01011101011"": 1, ""01101001110"": 1, ""10010000101"": 1, ""10100111111"": 1, ""11100001000"": 1, ""11110011100"": 1, ""11110100000"": 1, ""11111100110"": 1}"
019e10f7-4321-7403-b2ed-b4a75d6af8d4,16,48,1548,ZXIZXIYYIXZ,ZXIYYIXZIXZ,"[0, 1, 3, 4, 6, 7, 9, 10]",-0.00048828124999999913,0.0,10,0.6,"{""00100011000"": 1, ""00110110000"": 1, ""01010011000"": 1, ""01101010110"": 1, ""01101110011"": 1, ""10011100101"": 1, ""11001100101"": 1, ""11001101011"": 1, ""11010011000"": 1, ""11101101000"": 1}"
019e10f7-4321-7403-b2ed-b4a75d6af8d4,16,49,1549,ZXIZXIYYIYY,YYIYYIXZIXZ,"[0, 1, 3, 4, 6, 7, 9, 10]",-0.00048828124999999913,0.0,10,0.0,"{""00001100101"": 1, ""01011101101"": 1, ""01011110001"": 1, ""01101010101"": 1, ""01110100110"": 1, ""10010000011"": 1, ""10010010101"": 1, ""10010101011"": 1, ""10100110011"": 1, ""11000011101"": 1}"
019e10f7-4321-7403-b2ed-b4a75d6af8d4,16,50,1550,ZXIZXIYYZII,IIZYYIXZIXZ,"[2, 3, 4, 6, 7, 9, 10]",-0.00048828124999999913,0.0,10,-0.2,"{""00001000011"": 1, ""00011101010"": 1, ""00111001101"": 1, ""01000011001"": 1, ""01010001110"": 1, ""01010010011"": 1, ""10011100100"": 1, ""10100111111"": 1, ""10101110011"": 1, ""11001001100"": 1}"
019e10f7-4321-7403-b2ed-b4a75d6af8d4,16,51,1551,ZXIZXIYYZZX,XZZYYIXZIXZ,"[0, 1, 2, 3, 4, 6, 7, 9, 10]",-0.00048828124999999913,0.0,10,0.4,"{""01000010100"": 1, ""01011110000"": 1, ""01011110011"": 1, ""01100110000"": 1, ""01101000000"": 1, ""10000001111"": 1, ""10010000011"": 1, ""11000001100"": 1, ""11000011000"": 1, ""11011100100"": 1}"
019e10f7-4321-7403-b2ed-b4a75d6af8d4,16,52,1552,ZXIZXZIIIII,IIIIIZXZIXZ,"[5, 6, 7, 9, 10]",-0.00048828124999999913,0.0,10,0.8,"{""00001100111"": 1, ""00110000000"": 1, ""00110101110"": 1, ""00111010010"": 1, ""10011100111"": 1, ""10101001010"": 1, ""10101001100"": 1, ""10101010110"": 1, ""11110100010"": 1, ""11110101100"": 1}"
019e10f7-4321-7403-b2ed-b4a75d6af8d4,16,53,1553,ZXIZXZIIIZX,XZIIIZXZIXZ,"[0, 1, 5, 6, 7, 9, 10]",-0.00048828124999999913,0.0,10,0.4,"{""00001100100"": 1, ""01110110011"": 1, ""10100101111"": 1, ""10100111011"": 1, ""10101011111"": 1, ""11001100000"": 1, ""11110011100"": 1, ""11110011111"": 1, ""11110111000"": 1, ""11111011111"": 1}"
019e10f7-4321-7403-b2ed-b4a75d6af8d4,16,54,1554,ZXIZXZIIZXZ,ZXZIIZXZIXZ,"[0, 1, 2, 5, 6, 7, 9, 10]",-0.00048828124999999913,0.0,10,0.6,"{""00000101101"": 1, ""01010000101"": 1, ""01010001101"": 1, ""01010011110"": 1, ""01011100000"": 1, ""01101000011"": 1, ""10100101000"": 1, ""11001100101"": 1, ""11111001101"": 1, ""11111101101"": 1}"
019e10f7-4321-7403-b2ed-b4a75d6af8d4,16,55,1555,ZXIZXZIIZYY,YYZIIZXZIXZ,"[0, 1, 2, 5, 6, 7, 9, 10]",-0.00048828124999999913,0.0,10,0.4,"{""00110100000"": 1, ""00110101011"": 1, ""10100000011"": 1, ""10101000000"": 1, ""10101001110"": 1, ""11000000000"": 1, ""11000010000"": 1, ""11101000000"": 1, ""11110111011"": 1, ""11111011010"": 1}"
019e10f7-4321-7403-b2ed-b4a75d6af8d4,16,56,1556,ZXIZXZIZXIX,XIXZIZXZIXZ,"[0, 2, 3, 5, 6, 7, 9, 10]",-0.00048828124999999913,0.0,10,0.4,"{""00010000000"": 1, ""00111000000"": 2, ""10001101100"": 1, ""10010010111"": 1, ""10011101100"": 1, ""10011110100"": 1, ""10100101100"": 1, ""10110010111"": 1, ""11001110111"": 1}"
019e10f7-4321-7403-b2ed-b4a75d6af8d4,16,57,1557,ZXIZXZIZXZI,IZXZIZXZIXZ,"[1, 2, 3, 5, 6, 7, 9, 10]",-0.00048828124999999913,0.0,10,0.2,"{""01010101011"": 1, ""01011111101"": 1, ""01101001010"": 1, ""10010011001"": 1, ""10100111110"": 1, ""10101001100"": 1, ""11001100001"": 1, ""11101011011"": 1, ""11110100110"": 1, ""11111000000"": 1}"
019e10f7-4321-7403-b2ed-b4a75d6af8d4,16,58,1558,ZXIZXZIZYXY,YXYZIZXZIXZ,"[0, 1, 2, 3, 5, 6, 7, 9, 10]",0.00048828124999999913,0.0,10,-0.6,"{""01001010001"": 1, ""01001100100"": 1, ""01011101101"": 1, ""10010000010"": 1, ""10010000100"": 1, ""10100110101"": 1, ""10100111101"": 1, ""10101011101"": 1, ""11000000100"": 1, ""11111001101"": 1}"
019e10f7-4321-7403-b2ed-b4a75d6af8d4,16,59,1559,ZXIZXZIZYYZ,ZYYZIZXZIXZ,"[0, 1, 2, 3, 5, 6, 7, 9, 10]",-0.00048828124999999913,0.0,10,0.2,"{""00000011100"": 1, ""00010001010"": 1, ""00111001110"": 1, ""01010001111"": 1, ""01100100011"": 1, ""10011110010"": 1, ""10100100101"": 1, ""10100101011"": 1, ""10100111001"": 1, ""11000001010"": 1}"
019e10f7-4321-7403-b2ed-b4a75d6af8d4,16,60,1560,ZXIZXZZXIXZ,ZXIXZZXZIXZ,"[0, 1, 3, 4, 5, 6, 7, 9, 10]",-0.00048828124999999913,0.0,10,0.2,"{""00001111000"": 1, ""00101010110"": 1, ""00110100011"": 1, ""00110101110"": 1, ""01010010101"": 1, ""01010011011"": 1, ""01010100000"": 1, ""01101111000"": 1, ""10011111011"": 1, ""11111010000"": 1}"
019e10f7-4321-7403-b2ed-b4a75d6af8d4,16,61,1561,ZXIZXZZXIYY,YYIXZZXZIXZ,"[0, 1, 3, 4, 5, 6, 7, 9, 10]",-0.00048828124999999913,0.0,10,-0.2,"{""00011110101"": 1, ""00100110100"": 1, ""10010110110"": 1, ""11000000000"": 1, ""11001101111"": 1, ""11001110101"": 1, ""11011100000"": 1, ""11110001101"": 1, ""11110011000"": 1, ""11110101101"": 1}"
019e10f7-4321-7403-b2ed-b4a75d6af8d4,16,62,1562,ZXIZXZZXZII,IIZXZZXZIXZ,"[2, 3, 4, 5, 6, 7, 9, 10]",-0.00048828124999999913,0.0,10,0.4,"{""00000011001"": 1, ""00001101111"": 1, ""00011100001"": 1, ""00110110110"": 1, ""00111001111"": 1, ""01100010111"": 1, ""01100100001"": 1, ""10001110101"": 1, ""10011111011"": 1, ""11110111001"": 1}"
019e10f7-4321-7403-b2ed-b4a75d6af8d4,16,63,1563,ZXIZXZZXZZX,XZZXZZXZIXZ,"[0, 1, 2, 3, 4, 5, 6, 7, 9, 10]",-0.00048828124999999913,0.0,10,0.6,"{""00111000011"": 1, ""00111011011"": 1, ""01100000011"": 1, ""01101010111"": 1, ""10010010110"": 1, ""10100101100"": 1, ""10101010100"": 1, ""11100110101"": 1, ""11110110111"": 1, ""11111011011"": 1}"
019e10f7-4321-7403-b2ed-b4a75d6af8d4,16,64,1564,ZXIZXZZYXXY,YXXYZZXZIXZ,"[0, 1, 2, 3, 4, 5, 6, 7, 9, 10]",-0.00048828124999999913,0.0,10,0.2,"{""00000011000"": 2, ""00000011100"": 1, ""00001101100"": 1, ""00111010000"": 1, ""10010010001"": 1, ""10101000000"": 1, ""11110110000"": 1, ""11111000000"": 1, ""11111001011"": 1}"
019e10f7-4321-7403-b2ed-b4a75d6af8d4,16,65,1565,ZXIZXZZYXYZ,ZYXYZZXZIXZ,"[0, 1, 2, 3, 4, 5, 6, 7, 9, 10]",0.00048828124999999913,0.0,10,-1.0,"{""00000000001"": 1, ""00000000010"": 1, ""00000010110"": 1, ""00000011001"": 1, ""00111010101"": 1, ""01010001101"": 1, ""01101011111"": 1, ""10101000100"": 1, ""11001100111"": 1, ""11110110000"": 1}"
019e10f7-4321-7403-b2ed-b4a75d6af8d4,16,66,1566,ZXIZXZZYYIX,XIYYZZXZIXZ,"[0, 2, 3, 4, 5, 6, 7, 9, 10]",-0.00048828124999999913,0.0,10,0.4,"{""00000111111"": 1, ""00010011111"": 1, ""01011101011"": 1, ""01100111101"": 1, ""01101000101"": 1, ""10010010011"": 1, ""10011100000"": 1, ""10011100011"": 1, ""11110100111"": 1, ""11110101100"": 1}"
019e10f7-4321-7403-b2ed-b4a75d6af8d4,16,67,1567,ZXIZXZZYYZI,IZYYZZXZIXZ,"[1, 2, 3, 4, 5, 6, 7, 9, 10]",-0.00048828124999999913,0.0,10,0.0,"{""00111010010"": 1, ""01000001100"": 1, ""01000010100"": 1, ""01010011110"": 1, ""01011100000"": 1, ""01110100001"": 1, ""10011011111"": 1, ""10100001000"": 1, ""10100010100"": 1, ""11100101110"": 1}"
019e10f7-4321-7403-b2ed-b4a75d6af8d4,16,68,1568,ZXIZYXXXXXY,YXXXXXYZIXZ,"[0, 1, 2, 3, 4, 5, 6, 7, 9, 10]",0.00048828124999999913,0.0,10,0.0,"{""01010010100"": 1, ""01011100001"": 1, ""01011101101"": 1, ""01101001001"": 1, ""10000101000"": 1, ""10000101001"": 1, ""10010111001"": 1, ""10011100101"": 1, ""10101100000"": 1, ""11001111100"": 1}"
019e10f7-4321-7403-b2ed-b4a75d6af8d4,16,69,1569,ZXIZYXXXXYZ,ZYXXXXYZIXZ,"[0, 1, 2, 3, 4, 5, 6, 7, 9, 10]",-0.00048828124999999913,0.0,10,0.4,"{""00000010101"": 1, ""00001000001"": 1, ""00001010001"": 1, ""00111011110"": 1, ""01010100100"": 1, ""01101110111"": 1, ""10011001101"": 1, ""10011111011"": 1, ""10101000110"": 1, ""11110111101"": 1}"
019e10f7-4321-7403-b2ed-b4a75d6af8d4,16,70,1570,ZXIZYXXXYIX,XIYXXXYZIXZ,"[0, 2, 3, 4, 5, 6, 7, 9, 10]",0.00048828124999999913,0.0,10,-0.8,"{""00110000000"": 1, ""00111000100"": 1, ""01100000000"": 1, ""10011001100"": 1, ""10101011000"": 1, ""11000010000"": 2, ""11000111000"": 1, ""11111000011"": 1, ""11111101011"": 1}"
019e10f7-4321-7403-b2ed-b4a75d6af8d4,16,71,1571,ZXIZYXXXYZI,IZYXXXYZIXZ,"[1, 2, 3, 4, 5, 6, 7, 9, 10]",0.00048828124999999913,0.0,10,0.6,"{""00001010000"": 1, ""00001010111"": 1, ""00001110111"": 1, ""00111001101"": 1, ""01000000011"": 1, ""01001011001"": 1, ""01011110110"": 1, ""11001101101"": 1, ""11011001100"": 1, ""11111011110"": 1}"
019e10f7-4321-7403-b2ed-b4a75d6af8d4,16,72,1572,ZXIZYXXYIXZ,ZXIYXXYZIXZ,"[0, 1, 3, 4, 5, 6, 7, 9, 10]",-0.00048828124999999913,0.0,10,0.0,"{""00000101101"": 1, ""00100010101"": 1, ""00110100101"": 1, ""01011001110"": 1, ""01011101110"": 1, ""01101101000"": 1, ""10011000101"": 1, ""11001101110"": 1, ""11010110000"": 1, ""11011101101"": 1}"
019e10f7-4321-7403-b2ed-b4a75d6af8d4,16,73,1573,ZXIZYXXYIYY,YYIYXXYZIXZ,"[0, 1, 3, 4, 5, 6, 7, 9, 10]",-0.00048828124999999913,0.0,10,0.6,"{""00000101011"": 1, ""00100100000"": 1, ""01010011110"": 1, ""01011110110"": 1, ""10011010011"": 1, ""10100101101"": 1, ""10101000011"": 1, ""10101001101"": 1, ""11001011110"": 1, ""11110010011"": 1}"
019e10f7-4321-7403-b2ed-b4a75d6af8d4,16,74,1574,ZXIZYXXYZII,IIZYXXYZIXZ,"[2, 3, 4, 5, 6, 7, 9, 10]",-0.00048828124999999913,0.0,10,0.4,"{""00111011001"": 1, ""01000011100"": 1, ""10101001111"": 1, ""10101011000"": 1, ""11000011100"": 1, ""11000110010"": 1, ""11110100111"": 1, ""11111010101"": 1, ""11111011001"": 1, ""11111011101"": 1}"
019e10f7-4321-7403-b2ed-b4a75d6af8d4,16,75,1575,ZXIZYXXYZZX,XZZYXXYZIXZ,"[0, 1, 2, 3, 4, 5, 6, 7, 9, 10]",-0.00048828124999999913,0.0,10,0.6,"{""00111001111"": 1, ""01011001111"": 1, ""01101001100"": 1, ""10010111100"": 1, ""10011001000"": 1, ""10111101000"": 1, ""11000000000"": 1, ""11000010111"": 1, ""11000110000"": 1, ""11001010000"": 1}"
019e10f7-4321-7403-b2ed-b4a75d6af8d4,16,76,1576,ZXIZYXYIXIX,XIXIYXYZIXZ,"[0, 2, 4, 5, 6, 7, 9, 10]",0.00048828124999999913,0.0,10,-0.2,"{""00111011100"": 1, ""01010010111"": 1, ""01011001011"": 1, ""01100000000"": 1, ""01100010100"": 1, ""10100101000"": 1, ""11000111011"": 1, ""11111100000"": 1, ""11111100111"": 1, ""11111111111"": 1}"
019e10f7-4321-7403-b2ed-b4a75d6af8d4,16,77,1577,ZXIZYXYIXZI,IZXIYXYZIXZ,"[1, 2, 4, 5, 6, 7, 9, 10]",0.00048828124999999913,0.0,10,-0.6,"{""01010000110"": 1, ""01010001011"": 1, ""01100001000"": 1, ""01100010111"": 1, ""01100011010"": 1, ""10000011011"": 1, ""10011110001"": 1, ""11001011100"": 1, ""11001101010"": 1, ""11111111100"": 1}"
019e10f7-4321-7403-b2ed-b4a75d6af8d4,16,78,1578,ZXIZYXYIYXY,YXYIYXYZIXZ,"[0, 1, 2, 4, 5, 6, 7, 9, 10]",-0.00048828124999999913,0.0,10,0.2,"{""00000101110"": 1, ""00110000100"": 1, ""00111001101"": 1, ""00111001110"": 1, ""01110110010"": 1, ""10000111100"": 1, ""10010000001"": 1, ""10010000100"": 1, ""10011010110"": 1, ""11000101001"": 1}"
019e10f7-4321-7403-b2ed-b4a75d6af8d4,16,79,1579,ZXIZYXYIYYZ,ZYYIYXYZIXZ,"[0, 1, 2, 4, 5, 6, 7, 9, 10]",0.00048828124999999913,0.0,10,-0.2,"{""00000001111"": 1, ""00000111000"": 1, ""00110000000"": 1, ""00111011011"": 1, ""10011010110"": 1, ""10011110011"": 1, ""10100000101"": 1, ""11000011010"": 1, ""11011010101"": 1, ""11101111100"": 1}"
019e10f7-4321-7403-b2ed-b4a75d6af8d4,16,80,1580,ZXIZYXYZIII,IIIZYXYZIXZ,"[3, 4, 5, 6, 7, 9, 10]",0.00048828124999999913,0.0,10,-0.8,"{""00001101111"": 1, ""01010100100"": 1, ""01101000000"": 1, ""10010111111"": 1, ""10011101010"": 1, ""10100000101"": 1, ""10101111000"": 1, ""10101111010"": 1, ""11001011110"": 1, ""11001110000"": 1}"
019e10f7-4321-7403-b2ed-b4a75d6af8d4,16,81,1581,ZXIZYXYZIZX,XZIZYXYZIXZ,"[0, 1, 3, 4, 5, 6, 7, 9, 10]",0.00048828124999999913,0.0,10,-0.4,"{""00001110000"": 1, ""00110001000"": 1, ""00110101100"": 1, ""00111010011"": 1, ""01011000000"": 1, ""01011100111"": 1, ""01100101011"": 1, ""10010001100"": 1, ""10101100100"": 1, ""11110100111"": 1}"
019e10f7-4321-7403-b2ed-b4a75d6af8d4,16,82,1582,ZXIZYXYZZXZ,ZXZZYXYZIXZ,"[0, 1, 2, 3, 4, 5, 6, 7, 9, 10]",0.00048828124999999913,0.0,10,-0.6,"{""00001001101"": 1, ""00001011110"": 1, ""00110110101"": 1, ""00111010101"": 1, ""01101001000"": 1, ""01101010000"": 1, ""10010111110"": 1, ""10100101101"": 1, ""11110000000"": 1, ""11110000010"": 1}"
019e10f7-4321-7403-b2ed-b4a75d6af8d4,16,83,1583,ZXIZYXYZZYY,YYZZYXYZIXZ,"[0, 1, 2, 3, 4, 5, 6, 7, 9, 10]",0.00048828124999999913,0.0,10,-0.4,"{""00000100101"": 1, ""00001011000"": 1, ""00011101000"": 1, ""01011000011"": 1, ""10010001110"": 1, ""10010011101"": 1, ""10010011110"": 1, ""10010100000"": 1, ""10110001000"": 1, ""11001110110"": 1}"
019e10f7-4321-7403-b2ed-b4a75d6af8d4,16,84,1584,ZXIZYYIXIXZ,ZXIXIYYZIXZ,"[0, 1, 3, 5, 6, 7, 9, 10]",-0.00048828124999999913,0.0,10,0.6,"{""00001010110"": 1, ""00110010101"": 1, ""00110101101"": 1, ""01011111011"": 1, ""01101001101"": 1, ""10010001110"": 1, ""11000101101"": 1, ""11000110110"": 1, ""11001101110"": 1, ""11110010110"": 1}"
019e10f7-4321-7403-b2ed-b4a75d6af8d4,16,85,1585,ZXIZYYIXIYY,YYIXIYYZIXZ,"[0, 1, 3, 5, 6, 7, 9, 10]",-0.00048828124999999913,0.0,10,0.8,"{""00001010101"": 1, ""00111000011"": 1, ""00111110110"": 1, ""01001101101"": 1, ""01010110110"": 1, ""01100101101"": 1, ""10011011011"": 1, ""10100010101"": 1, ""11001011011"": 1, ""11001101110"": 1}"
019e10f7-4321-7403-b2ed-b4a75d6af8d4,16,86,1586,ZXIZYYIXZII,IIZXIYYZIXZ,"[2, 3, 5, 6, 7, 9, 10]",-0.00048828124999999913,0.0,10,0.2,"{""00001010101"": 1, ""01001100001"": 1, ""01010101100"": 1, ""01011100010"": 1, ""01100111000"": 1, ""01101110111"": 1, ""10010000011"": 1, ""10011101111"": 1, ""10100101111"": 1, ""10110011010"": 1}"
019e10f7-4321-7403-b2ed-b4a75d6af8d4,16,87,1587,ZXIZYYIXZZX,XZZXIYYZIXZ,"[0, 1, 2, 3, 5, 6, 7, 9, 10]",-0.00048828124999999913,0.0,10,0.0,"{""00001100000"": 1, ""00111000000"": 1, ""01010010111"": 1, ""01110010100"": 1, ""10011010100"": 1, ""10100010111"": 1, ""10110100000"": 1, ""10111000011"": 1, ""11000111001"": 1, ""11111110100"": 1}"
019e10f7-4321-7403-b2ed-b4a75d6af8d4,16,88,1588,ZXIZYYIYXXY,YXXYIYYZIXZ,"[0, 1, 2, 3, 5, 6, 7, 9, 10]",-0.00048828124999999913,0.0,10,-0.2,"{""00000010010"": 1, ""00001111110"": 1, ""00100100110"": 1, ""01000110111"": 1, ""01001011011"": 1, ""01010001000"": 1, ""01010001010"": 1, ""01011100101"": 1, ""11001100000"": 1, ""11111000011"": 1}"
019e10f7-4321-7403-b2ed-b4a75d6af8d4,16,89,1589,ZXIZYYIYXYZ,ZYXYIYYZIXZ,"[0, 1, 2, 3, 5, 6, 7, 9, 10]",0.00048828124999999913,0.0,10,-0.4,"{""00011111001"": 1, ""00011111100"": 1, ""00100101011"": 1, ""00111000001"": 1, ""00111110011"": 1, ""01010111001"": 1, ""10101010110"": 1, ""10111110000"": 1, ""11001010101"": 1, ""11110100010"": 1}"
019e10f7-4321-7403-b2ed-b4a75d6af8d4,16,90,1590,ZXIZYYIYYIX,XIYYIYYZIXZ,"[0, 2, 3, 5, 6, 7, 9, 10]",-0.00048828124999999913,0.0,10,0.8,"{""00011111111"": 1, ""00110011111"": 1, ""00111111110"": 1, ""01010111111"": 1, ""01100011000"": 1, ""10011101100"": 1, ""10101110011"": 1, ""11001011111"": 1, ""11101001111"": 1, ""11110101011"": 1}"
019e10f7-4321-7403-b2ed-b4a75d6af8d4,16,91,1591,ZXIZYYIYYZI,IZYYIYYZIXZ,"[1, 2, 3, 5, 6, 7, 9, 10]",-0.00048828124999999913,0.0,10,0.4,"{""00001010001"": 1, ""00110100111"": 1, ""01010111000"": 1, ""01011100111"": 1, ""10111101100"": 1, ""11000000001"": 1, ""11001010011"": 1, ""11001101011"": 1, ""11110000000"": 1, ""11111100000"": 1}"
019e10f7-4321-7403-b2ed-b4a75d6af8d4,16,92,1592,ZXIZYYZIIII,IIIIZYYZIXZ,"[4, 5, 6, 7, 9, 10]",-0.00048828124999999913,0.0,10,0.6,"{""00001101011"": 1, ""00111111100"": 1, ""01000000101"": 1, ""01011010000"": 1, ""10010001110"": 1, ""10010100010"": 1, ""10101001010"": 1, ""11000001001"": 1, ""11001100000"": 1, ""11010101101"": 1}"
019e10f7-4321-7403-b2ed-b4a75d6af8d4,16,93,1593,ZXIZYYZIIZX,XZIIZYYZIXZ,"[0, 1, 4, 5, 6, 7, 9, 10]",-0.00048828124999999913,0.0,10,0.2,"{""00110001101"": 1, ""00110010000"": 1, ""00110101111"": 1, ""01001101100"": 1, ""01010010100"": 1, ""01011010011"": 1, ""01100101000"": 1, ""11000000000"": 1, ""11001111100"": 1, ""11111000001"": 1}"
019e10f7-4321-7403-b2ed-b4a75d6af8d4,16,94,1594,ZXIZYYZIZXZ,ZXZIZYYZIXZ,"[0, 1, 2, 4, 5, 6, 7, 9, 10]",-0.00048828124999999913,0.0,10,0.6,"{""00001010101"": 1, ""00101110000"": 1, ""00110011101"": 1, ""01010001011"": 1, ""01010110000"": 1, ""01011010110"": 1, ""01101001000"": 1, ""01101111110"": 1, ""10100011000"": 1, ""11010111101"": 1}"
019e10f7-4321-7403-b2ed-b4a75d6af8d4,16,95,1595,ZXIZYYZIZYY,YYZIZYYZIXZ,"[0, 1, 2, 4, 5, 6, 7, 9, 10]",-0.00048828124999999913,0.0,10,0.6,"{""00001101011"": 1, ""00110010111"": 1, ""10010110101"": 1, ""10011011101"": 1, ""10100101000"": 1, ""10101001000"": 1, ""11000001110"": 1, ""11000100000"": 1, ""11110010101"": 1, ""11110100101"": 1}"
019e10f7-4321-7403-b2ed-b4a75d6af8d4,16,96,1596,ZXIZYYZZXIX,XIXZZYYZIXZ,"[0, 2, 3, 4, 5, 6, 7, 9, 10]",-0.00048828124999999913,0.0,10,0.4,"{""00000111011"": 1, ""00100001100"": 1, ""00110010111"": 1, ""00110101100"": 1, ""01011100000"": 1, ""10010000100"": 1, ""10010110111"": 1, ""10100001011"": 1, ""11110001100"": 1, ""11110101100"": 1}"
019e10f7-4321-7403-b2ed-b4a75d6af8d4,16,97,1597,ZXIZYYZZXZI,IZXZZYYZIXZ,"[1, 2, 3, 4, 5, 6, 7, 9, 10]",-0.00048828124999999913,0.0,10,0.6,"{""00000000000"": 1, ""00110100000"": 1, ""01010001010"": 1, ""01010011011"": 1, ""01100100111"": 1, ""01101110000"": 1, ""10100010110"": 1, ""10101001100"": 1, ""11000000100"": 1, ""11110100111"": 1}"
019e10f7-4321-7403-b2ed-b4a75d6af8d4,16,98,1598,ZXIZYYZZYXY,YXYZZYYZIXZ,"[0, 1, 2, 3, 4, 5, 6, 7, 9, 10]",0.00048828124999999913,0.0,10,0.2,"{""00000011011"": 1, ""00001011000"": 1, ""00010110001"": 1, ""00110010011"": 1, ""01000111011"": 1, ""11001011011"": 1, ""11011011001"": 1, ""11110010101"": 1, ""11110100011"": 1, ""11111110010"": 1}"
019e10f7-4321-7403-b2ed-b4a75d6af8d4,16,99,1599,ZXIZYYZZYYZ,ZYYZZYYZIXZ,"[0, 1, 2, 3, 4, 5, 6, 7, 9, 10]",-0.00048828124999999913,0.0,10,0.4,"{""00000101111"": 1, ""01101110011"": 1, ""01110100101"": 1, ""10010111010"": 1, ""10100001111"": 1, ""11110010101"": 1, ""11110100000"": 1, ""11110100011"": 1, ""11111111001"": 1, ""11111111111"": 1}"
019e10f7-5545-77c2-8e48-a3555f5401b7,17,0,1600,ZXXYXXXXXXY,YXXXXXXYXXZ,"[0, 1, 2, 3, 4, 5, 6, 7, 8, 9, 10]",-0.00048828124999999913,0.0,10,0.2,"{""00000101111"": 1, ""00011011100"": 1, ""01000010000"": 1, ""01001111101"": 1, ""01111010111"": 1, ""10000011000"": 1, ""10001010001"": 1, ""11000111010"": 1, ""11101110110"": 1, ""11110101000"": 1}"
019e10f7-5545-77c2-8e48-a3555f5401b7,17,1,1601,ZXXYXXXXXYZ,ZYXXXXXYXXZ,"[0, 1, 2, 3, 4, 5, 6, 7, 8, 9, 10]",0.00048828124999999913,0.0,10,-0.6,"{""00000100011"": 1, ""00100101011"": 1, ""00110111000"": 1, ""01000001010"": 1, ""01101111001"": 1, ""10000101001"": 1, ""10001000001"": 1, ""10100110001"": 1, ""10110100110"": 1, ""11001111010"": 1}"
019e10f7-5545-77c2-8e48-a3555f5401b7,17,2,1602,ZXXYXXXXYIX,XIYXXXXYXXZ,"[0, 2, 3, 4, 5, 6, 7, 8, 9, 10]",-0.00048828124999999913,0.0,10,0.0,"{""00110001111"": 1, ""00110010000"": 1, ""01011110011"": 1, ""10000100000"": 1, ""10000111100"": 1, ""10010100100"": 1, ""10110100000"": 1, ""10110111011"": 1, ""10111001111"": 1, ""10111100110"": 1}"
019e10f7-5545-77c2-8e48-a3555f5401b7,17,3,1603,ZXXYXXXXYZI,IZYXXXXYXXZ,"[1, 2, 3, 4, 5, 6, 7, 8, 9, 10]",-0.00048828124999999913,0.0,10,0.4,"{""00011010010"": 1, ""00111000100"": 1, ""01101001111"": 1, ""10011011100"": 1, ""10110010000"": 1, ""10110100010"": 1, ""10110110100"": 1, ""11000010000"": 1, ""11101100101"": 1, ""11111010101"": 1}"
019e10f7-5545-77c2-8e48-a3555f5401b7,17,4,1604,ZXXYXXXYIXZ,ZXIYXXXYXXZ,"[0, 1, 3, 4, 5, 6, 7, 8, 9, 10]",0.00048828124999999913,0.0,10,-0.4,"{""00011010011"": 1, ""00100100110"": 1, ""01011110011"": 1, ""10000111011"": 1, ""10001110001"": 1, ""10100101011"": 1, ""10101111110"": 1, ""11100010101"": 1, ""11101101101"": 1, ""11101111001"": 1}"
019e10f7-5545-77c2-8e48-a3555f5401b7,17,5,1605,ZXXYXXXYIYY,YYIYXXXYXXZ,"[0, 1, 3, 4, 5, 6, 7, 8, 9, 10]",0.00048828124999999913,0.0,10,-0.4,"{""00001101000"": 1, ""00011111000"": 1, ""00101000101"": 1, ""01001101101"": 1, ""01100010001"": 1, ""01100101110"": 1, ""10000110000"": 1, ""10100111101"": 1, ""11010001011"": 1, ""11100111110"": 1}"
019e10f7-5545-77c2-8e48-a3555f5401b7,17,6,1606,ZXXYXXXYZII,IIZYXXXYXXZ,"[2, 3, 4, 5, 6, 7, 8, 9, 10]",0.00048828124999999913,0.0,10,-0.4,"{""00001000010"": 1, ""00001010010"": 1, ""00010011010"": 1, ""00011000101"": 1, ""00101000111"": 1, ""01101000001"": 1, ""10011110111"": 1, ""10101100001"": 1, ""10110100111"": 1, ""11111100110"": 1}"
019e10f7-5545-77c2-8e48-a3555f5401b7,17,7,1607,ZXXYXXXYZZX,XZZYXXXYXXZ,"[0, 1, 2, 3, 4, 5, 6, 7, 8, 9, 10]",0.00048828124999999913,0.0,10,-0.4,"{""10001011011"": 1, ""10011011011"": 1, ""10110111111"": 1, ""10111101000"": 1, ""11001001011"": 1, ""11001110011"": 1, ""11010011000"": 1, ""11100000000"": 1, ""11100110000"": 1, ""11101101111"": 1}"
019e10f7-5545-77c2-8e48-a3555f5401b7,17,8,1608,ZXXYXXYIXIX,XIXIYXXYXXZ,"[0, 2, 4, 5, 6, 7, 8, 9, 10]",-0.00048828124999999913,0.0,10,0.0,"{""00010000000"": 1, ""00010100111"": 1, ""00011101100"": 1, ""01110001100"": 2, ""01111011000"": 1, ""01111101011"": 1, ""10110000000"": 1, ""11100011011"": 1, ""11111100100"": 1}"
019e10f7-5545-77c2-8e48-a3555f5401b7,17,9,1609,ZXXYXXYIXZI,IZXIYXXYXXZ,"[1, 2, 4, 5, 6, 7, 8, 9, 10]",-0.00048828124999999913,0.0,10,0.8,"{""00001100000"": 1, ""01010101010"": 1, ""10010101011"": 1, ""10100000000"": 1, ""10100010000"": 1, ""10100011101"": 1, ""10111011101"": 1, ""11000011100"": 1, ""11000110001"": 1, ""11111111101"": 1}"
019e10f7-5545-77c2-8e48-a3555f5401b7,17,10,1610,ZXXYXXYIYXY,YXYIYXXYXXZ,"[0, 1, 2, 4, 5, 6, 7, 8, 9, 10]",0.00048828124999999913,0.0,10,-0.2,"{""00010001110"": 1, ""00011000111"": 1, ""00011001000"": 1, ""00111110001"": 1, ""01000111011"": 1, ""01011100101"": 1, ""10000001101"": 1, ""11000101101"": 1, ""11001000111"": 1, ""11101000100"": 1}"
019e10f7-5545-77c2-8e48-a3555f5401b7,17,11,1611,ZXXYXXYIYYZ,ZYYIYXXYXXZ,"[0, 1, 2, 4, 5, 6, 7, 8, 9, 10]",-0.00048828124999999913,0.0,10,0.2,"{""00011110101"": 1, ""00100000101"": 1, ""00110100010"": 1, ""01000100000"": 1, ""01001000010"": 1, ""01100101010"": 1, ""01111101010"": 1, ""10111111100"": 1, ""11001001001"": 1, ""11101101000"": 1}"
019e10f7-5545-77c2-8e48-a3555f5401b7,17,12,1612,ZXXYXXYZIII,IIIZYXXYXXZ,"[3, 4, 5, 6, 7, 8, 9, 10]",-0.00048828124999999913,0.0,10,0.4,"{""00000000101"": 1, ""00000101101"": 1, ""00010001011"": 1, ""00011010000"": 1, ""01000100010"": 1, ""10010011100"": 1, ""10101100010"": 1, ""10110101111"": 1, ""10111110000"": 1, ""11010000000"": 1}"
019e10f7-5545-77c2-8e48-a3555f5401b7,17,13,1613,ZXXYXXYZIZX,XZIZYXXYXXZ,"[0, 1, 3, 4, 5, 6, 7, 8, 9, 10]",-0.00048828124999999913,0.0,10,0.6,"{""00101011111"": 1, ""01111110000"": 1, ""10001001000"": 1, ""10100011011"": 1, ""10110001111"": 1, ""10111101011"": 1, ""11000110111"": 1, ""11100011000"": 1, ""11110110000"": 1, ""11111010100"": 1}"
019e10f7-5545-77c2-8e48-a3555f5401b7,17,14,1614,ZXXYXXYZZXZ,ZXZZYXXYXXZ,"[0, 1, 2, 3, 4, 5, 6, 7, 8, 9, 10]",-0.00048828124999999913,0.0,10,0.6,"{""00101000101"": 1, ""00101110011"": 1, ""00110011101"": 1, ""00111100011"": 1, ""01001110001"": 1, ""01010101000"": 1, ""01011010000"": 1, ""10010010000"": 1, ""10011001101"": 1, ""11001111110"": 1}"
019e10f7-5545-77c2-8e48-a3555f5401b7,17,15,1615,ZXXYXXYZZYY,YYZZYXXYXXZ,"[0, 1, 2, 3, 4, 5, 6, 7, 8, 9, 10]",-0.00048828124999999913,0.0,10,-0.2,"{""00001101011"": 1, ""00001111101"": 1, ""00011101101"": 1, ""01000111110"": 1, ""10000011011"": 1, ""10011000000"": 1, ""11001011110"": 1, ""11011000101"": 1, ""11011100110"": 1, ""11110000100"": 1}"
019e10f7-5545-77c2-8e48-a3555f5401b7,17,16,1616,ZXXYXYIXIXZ,ZXIXIYXYXXZ,"[0, 1, 3, 5, 6, 7, 8, 9, 10]",0.00048828124999999913,0.0,10,-0.8,"{""00101010101"": 1, ""10000110101"": 1, ""10100000000"": 1, ""10101111000"": 1, ""11001001110"": 1, ""11010001110"": 1, ""11011100000"": 1, ""11100000011"": 1, ""11110011000"": 1, ""11110101110"": 1}"
019e10f7-5545-77c2-8e48-a3555f5401b7,17,17,1617,ZXXYXYIXIYY,YYIXIYXYXXZ,"[0, 1, 3, 5, 6, 7, 8, 9, 10]",0.00048828124999999913,0.0,10,0.0,"{""00001011011"": 1, ""00111000011"": 1, ""01000000000"": 1, ""01000001101"": 1, ""01101000011"": 1, ""10001101100"": 1, ""10010101101"": 1, ""11000100010"": 1, ""11010100011"": 1, ""11100011011"": 1}"
019e10f7-5545-77c2-8e48-a3555f5401b7,17,18,1618,ZXXYXYIXZII,IIZXIYXYXXZ,"[2, 3, 5, 6, 7, 8, 9, 10]",0.00048828124999999913,0.0,10,-0.6,"{""01100011001"": 1, ""01110111000"": 1, ""01111100011"": 1, ""01111101100"": 1, ""10000001100"": 1, ""10011001110"": 1, ""10111100011"": 1, ""10111100100"": 1, ""10111110100"": 1, ""11010110101"": 1}"
019e10f7-5545-77c2-8e48-a3555f5401b7,17,19,1619,ZXXYXYIXZZX,XZZXIYXYXXZ,"[0, 1, 2, 3, 5, 6, 7, 8, 9, 10]",0.00048828124999999913,0.0,10,0.2,"{""00000101100"": 1, ""00001110111"": 1, ""00011011000"": 1, ""00100011011"": 1, ""01000100011"": 1, ""01010111011"": 1, ""01100110100"": 1, ""01110110111"": 1, ""11010010100"": 1, ""11100100000"": 1}"
019e10f7-5545-77c2-8e48-a3555f5401b7,17,20,1620,ZXXYXYIYXXY,YXXYIYXYXXZ,"[0, 1, 2, 3, 5, 6, 7, 8, 9, 10]",0.00048828124999999913,0.0,10,-0.4,"{""00011011110"": 1, ""00100110111"": 1, ""00101010100"": 1, ""00110010011"": 1, ""10000110111"": 1, ""10010100000"": 1, ""10111100011"": 1, ""11100000111"": 1, ""11101101011"": 1, ""11111001111"": 1}"
019e10f7-5545-77c2-8e48-a3555f5401b7,17,21,1621,ZXXYXYIYXYZ,ZYXYIYXYXXZ,"[0, 1, 2, 3, 5, 6, 7, 8, 9, 10]",-0.00048828124999999913,0.0,10,0.6,"{""00011100010"": 1, ""00110011101"": 1, ""01000110101"": 1, ""01001001110"": 1, ""01001011111"": 1, ""01011111100"": 1, ""10001011001"": 1, ""10011001101"": 1, ""10110001101"": 1, ""11000010000"": 1}"
019e10f7-5545-77c2-8e48-a3555f5401b7,17,22,1622,ZXXYXYIYYIX,XIYYIYXYXXZ,"[0, 2, 3, 5, 6, 7, 8, 9, 10]",0.00048828124999999913,0.0,10,-1.0,"{""00101100111"": 1, ""01011111000"": 1, ""10001100111"": 1, ""10101110011"": 1, ""10110000111"": 1, ""10110111000"": 1, ""11000001111"": 1, ""11010110100"": 1, ""11101010011"": 1, ""11111001011"": 1}"
019e10f7-5545-77c2-8e48-a3555f5401b7,17,23,1623,ZXXYXYIYYZI,IZYYIYXYXXZ,"[1, 2, 3, 5, 6, 7, 8, 9, 10]",0.00048828124999999913,0.0,10,-0.2,"{""01001100010"": 1, ""01010100111"": 1, ""01010101011"": 1, ""01100101011"": 1, ""01111100110"": 1, ""10001110101"": 1, ""10111100111"": 1, ""11011010111"": 1, ""11011100000"": 1, ""11111001001"": 1}"
019e10f7-5545-77c2-8e48-a3555f5401b7,17,24,1624,ZXXYXYZIIII,IIIIZYXYXXZ,"[4, 5, 6, 7, 8, 9, 10]",0.00048828124999999913,0.0,10,-0.8,"{""00101100000"": 1, ""00101111000"": 1, ""00110011000"": 1, ""01000000011"": 1, ""01100101011"": 1, ""01101110110"": 1, ""01110111111"": 1, ""10101001010"": 1, ""11000100011"": 1, ""11011101000"": 1}"
019e10f7-5545-77c2-8e48-a3555f5401b7,17,25,1625,ZXXYXYZIIZX,XZIIZYXYXXZ,"[0, 1, 4, 5, 6, 7, 8, 9, 10]",0.00048828124999999913,0.0,10,-0.8,"{""00000011011"": 1, ""00001000000"": 1, ""00011010000"": 1, ""00110010011"": 1, ""01000010100"": 1, ""01001010011"": 1, ""10100011100"": 1, ""10110000000"": 1, ""11101100011"": 1, ""11101100111"": 1}"
019e10f7-5545-77c2-8e48-a3555f5401b7,17,26,1626,ZXXYXYZIZXZ,ZXZIZYXYXXZ,"[0, 1, 2, 4, 5, 6, 7, 8, 9, 10]",0.00048828124999999913,0.0,10,-0.4,"{""00000011000"": 1, ""00100001011"": 1, ""00110100011"": 1, ""00111100000"": 1, ""10000000101"": 1, ""10100101011"": 1, ""10110000101"": 1, ""11000011000"": 1, ""11001100000"": 1, ""11101110011"": 1}"
019e10f7-5545-77c2-8e48-a3555f5401b7,17,27,1627,ZXXYXYZIZYY,YYZIZYXYXXZ,"[0, 1, 2, 4, 5, 6, 7, 8, 9, 10]",0.00048828124999999913,0.0,10,-0.4,"{""00001001011"": 1, ""00011100110"": 1, ""00101101011"": 1, ""01000011000"": 1, ""01001001000"": 1, ""10010001110"": 1, ""10101001101"": 1, ""10101111011"": 1, ""11001000000"": 1, ""11010000011"": 1}"
019e10f7-5545-77c2-8e48-a3555f5401b7,17,28,1628,ZXXYXYZZXIX,XIXZZYXYXXZ,"[0, 2, 3, 4, 5, 6, 7, 8, 9, 10]",0.00048828124999999913,0.0,10,-0.6,"{""00000011011"": 1, ""00001111011"": 1, ""00101101100"": 1, ""00110000111"": 1, ""00111110111"": 1, ""01011000100"": 1, ""01111101011"": 1, ""11000011011"": 1, ""11000101100"": 1, ""11100000000"": 1}"
019e10f7-5545-77c2-8e48-a3555f5401b7,17,29,1629,ZXXYXYZZXZI,IZXZZYXYXXZ,"[1, 2, 3, 4, 5, 6, 7, 8, 9, 10]",0.00048828124999999913,0.0,10,-0.4,"{""00001000110"": 1, ""00001100001"": 1, ""00100000111"": 1, ""01001010001"": 1, ""10100011011"": 1, ""10111100110"": 1, ""11010100000"": 1, ""11110011100"": 1, ""11110100100"": 1, ""11111001101"": 1}"
019e10f7-5545-77c2-8e48-a3555f5401b7,17,30,1630,ZXXYXYZZYXY,YXYZZYXYXXZ,"[0, 1, 2, 3, 4, 5, 6, 7, 8, 9, 10]",-0.00048828124999999913,0.0,10,0.4,"{""00100000111"": 1, ""01001101011"": 1, ""01010101011"": 1, ""01110010001"": 1, ""10000000010"": 1, ""10000100100"": 1, ""10001010001"": 1, ""10001011101"": 1, ""10101111101"": 1, ""11110000001"": 1}"
019e10f7-5545-77c2-8e48-a3555f5401b7,17,31,1631,ZXXYXYZZYYZ,ZYYZZYXYXXZ,"[0, 1, 2, 3, 4, 5, 6, 7, 8, 9, 10]",0.00048828124999999913,0.0,10,-0.4,"{""00000010011"": 1, ""00010010110"": 1, ""00110101111"": 1, ""01001101001"": 1, ""01100010000"": 1, ""01110111010"": 1, ""10001011010"": 1, ""10010001100"": 1, ""10111101000"": 1, ""11000100000"": 1}"
019e10f7-5545-77c2-8e48-a3555f5401b7,17,32,1632,ZXXYYIXIXIX,XIXIXIYYXXZ,"[0, 2, 4, 6, 7, 8, 9, 10]",-0.00048828124999999913,0.0,10,0.4,"{""00100101100"": 1, ""01000101100"": 1, ""01101001100"": 1, ""01111000000"": 1, ""10101100111"": 1, ""10111001011"": 1, ""11011000000"": 1, ""11100111100"": 1, ""11110011011"": 1, ""11111101011"": 1}"
019e10f7-5545-77c2-8e48-a3555f5401b7,17,33,1633,ZXXYYIXIXZI,IZXIXIYYXXZ,"[1, 2, 4, 6, 7, 8, 9, 10]",-0.00048828124999999913,0.0,10,0.0,"{""00010011011"": 1, ""00100000110"": 1, ""00101000011"": 1, ""00101000110"": 1, ""01011011001"": 1, ""01100000011"": 1, ""10000111100"": 1, ""10101110001"": 1, ""11100110001"": 1, ""11110011011"": 1}"
019e10f7-5545-77c2-8e48-a3555f5401b7,17,34,1634,ZXXYYIXIYXY,YXYIXIYYXXZ,"[0, 1, 2, 4, 6, 7, 8, 9, 10]",0.00048828124999999913,0.0,10,-0.6,"{""00000000100"": 1, ""00001000001"": 1, ""01101101110"": 1, ""01110101011"": 1, ""01111011000"": 1, ""10100011110"": 1, ""11100110010"": 1, ""11101011110"": 1, ""11110011100"": 1, ""11111101000"": 1}"
019e10f7-5545-77c2-8e48-a3555f5401b7,17,35,1635,ZXXYYIXIYYZ,ZYYIXIYYXXZ,"[0, 1, 2, 4, 6, 7, 8, 9, 10]",-0.00048828124999999913,0.0,10,0.4,"{""01010101111"": 1, ""01100000110"": 1, ""01101000000"": 1, ""01101101001"": 1, ""10101101111"": 1, ""11010000000"": 1, ""11100101100"": 1, ""11100101111"": 1, ""11101000000"": 1, ""11101011100"": 1}"
019e10f7-5545-77c2-8e48-a3555f5401b7,17,36,1636,ZXXYYIXZIII,IIIZXIYYXXZ,"[3, 4, 6, 7, 8, 9, 10]",-0.00048828124999999913,0.0,10,0.4,"{""00010000100"": 1, ""00110000000"": 1, ""01001000101"": 1, ""01011101101"": 1, ""01100011100"": 1, ""10100011011"": 1, ""10100011111"": 1, ""11010101010"": 1, ""11011110011"": 1, ""11110010010"": 1}"
019e10f7-5545-77c2-8e48-a3555f5401b7,17,37,1637,ZXXYYIXZIZX,XZIZXIYYXXZ,"[0, 1, 3, 4, 6, 7, 8, 9, 10]",-0.00048828124999999913,0.0,10,0.4,"{""00011101000"": 1, ""00100101000"": 1, ""01001001111"": 1, ""01100000111"": 1, ""01110101100"": 1, ""10100000000"": 1, ""10100000111"": 1, ""10100010000"": 1, ""10110101111"": 1, ""11011000000"": 1}"
019e10f7-5545-77c2-8e48-a3555f5401b7,17,38,1638,ZXXYYIXZZXZ,ZXZZXIYYXXZ,"[0, 1, 2, 3, 4, 6, 7, 8, 9, 10]",-0.00048828124999999913,0.0,10,0.4,"{""00001110101"": 1, ""00010101000"": 1, ""01101100011"": 1, ""01101101000"": 1, ""01111000101"": 1, ""10010001000"": 1, ""10101110111"": 1, ""11001010000"": 1, ""11101011000"": 1, ""11101011101"": 1}"
019e10f7-5545-77c2-8e48-a3555f5401b7,17,39,1639,ZXXYYIXZZYY,YYZZXIYYXXZ,"[0, 1, 2, 3, 4, 6, 7, 8, 9, 10]",-0.00048828124999999913,0.0,10,0.6,"{""00010101000"": 1, ""01110101000"": 1, ""01110101011"": 1, ""01110101101"": 1, ""10001011110"": 1, ""10110101011"": 1, ""11000101000"": 1, ""11010000000"": 1, ""11100101011"": 1, ""11101000110"": 1}"
019e10f7-5545-77c2-8e48-a3555f5401b7,17,40,1640,ZXXYYIYXXXY,YXXXYIYYXXZ,"[0, 1, 2, 3, 4, 6, 7, 8, 9, 10]",0.00048828124999999913,0.0,10,-0.6,"{""00001111011"": 1, ""00010011001"": 1, ""00010100000"": 1, ""00010110010"": 1, ""00110001111"": 1, ""01100000010"": 1, ""01110110100"": 1, ""10001000001"": 1, ""11010110111"": 1, ""11111110100"": 1}"
019e10f7-5545-77c2-8e48-a3555f5401b7,17,41,1641,ZXXYYIYXXYZ,ZYXXYIYYXXZ,"[0, 1, 2, 3, 4, 6, 7, 8, 9, 10]",-0.00048828124999999913,0.0,10,0.4,"{""00011000110"": 1, ""00101010001"": 1, ""01011101011"": 1, ""01011111100"": 1, ""01110100010"": 1, ""10001100111"": 1, ""10111011000"": 1, ""11010010001"": 1, ""11101010000"": 1, ""11101011110"": 1}"
019e10f7-5545-77c2-8e48-a3555f5401b7,17,42,1642,ZXXYYIYXYIX,XIYXYIYYXXZ,"[0, 2, 3, 4, 6, 7, 8, 9, 10]",0.00048828124999999913,0.0,10,-0.8,"{""00001011100"": 1, ""00010110011"": 1, ""00100101011"": 1, ""00111111111"": 1, ""01001001000"": 1, ""01110111111"": 1, ""10000100000"": 1, ""10001011011"": 1, ""10111001000"": 1, ""11110000011"": 1}"
019e10f7-5545-77c2-8e48-a3555f5401b7,17,43,1643,ZXXYYIYXYZI,IZYXYIYYXXZ,"[1, 2, 3, 4, 6, 7, 8, 9, 10]",0.00048828124999999913,0.0,10,-0.6,"{""00011000001"": 1, ""01000101010"": 1, ""10110111111"": 1, ""10111010001"": 1, ""11000001000"": 1, ""11010010111"": 1, ""11010100111"": 1, ""11010101100"": 1, ""11011001000"": 1, ""11101001111"": 1}"
019e10f7-5545-77c2-8e48-a3555f5401b7,17,44,1644,ZXXYYIYYIXZ,ZXIYYIYYXXZ,"[0, 1, 3, 4, 6, 7, 8, 9, 10]",-0.00048828124999999913,0.0,10,0.4,"{""00011011001"": 1, ""01000101000"": 1, ""01000101011"": 1, ""01000111110"": 1, ""01110001010"": 1, ""10000011011"": 1, ""10001010110"": 1, ""10111001101"": 1, ""11000001110"": 1, ""11001100101"": 1}"
019e10f7-5545-77c2-8e48-a3555f5401b7,17,45,1645,ZXXYYIYYIYY,YYIYYIYYXXZ,"[0, 1, 3, 4, 6, 7, 8, 9, 10]",-0.00048828124999999913,0.0,10,0.2,"{""00001001101"": 1, ""00011010101"": 1, ""00101001000"": 1, ""00111111101"": 1, ""01011100001"": 1, ""01110101000"": 1, ""10010011000"": 1, ""11100100111"": 1, ""11110010110"": 1, ""11111011011"": 1}"
019e10f7-5545-77c2-8e48-a3555f5401b7,17,46,1646,ZXXYYIYYZII,IIZYYIYYXXZ,"[2, 3, 4, 6, 7, 8, 9, 10]",-0.00048828124999999913,0.0,10,0.4,"{""00001010101"": 1, ""00101011011"": 1, ""01001001111"": 1, ""10000111100"": 1, ""10011000011"": 1, ""10100110001"": 1, ""10111000011"": 1, ""11010100101"": 1, ""11100110001"": 1, ""11110011010"": 1}"
019e10f7-5545-77c2-8e48-a3555f5401b7,17,47,1647,ZXXYYIYYZZX,XZZYYIYYXXZ,"[0, 1, 2, 3, 4, 6, 7, 8, 9, 10]",-0.00048828124999999913,0.0,10,0.2,"{""00000111100"": 1, ""00100111100"": 1, ""01010101000"": 1, ""01101111100"": 1, ""10000111111"": 1, ""10010010101"": 1, ""10110101011"": 1, ""11000001111"": 1, ""11001011000"": 1, ""11100110011"": 1}"
019e10f7-5545-77c2-8e48-a3555f5401b7,17,48,1648,ZXXYYZIIIII,IIIIIZYYXXZ,"[5, 6, 7, 8, 9, 10]",-0.00048828124999999913,0.0,10,0.2,"{""00011010101"": 1, ""00101111111"": 1, ""00111010011"": 1, ""01000111011"": 1, ""01001011010"": 1, ""10000000001"": 1, ""10010101110"": 1, ""10111010100"": 1, ""11001111101"": 1, ""11101001100"": 1}"
019e10f7-5545-77c2-8e48-a3555f5401b7,17,49,1649,ZXXYYZIIIZX,XZIIIZYYXXZ,"[0, 1, 5, 6, 7, 8, 9, 10]",-0.00048828124999999913,0.0,10,0.4,"{""00010000000"": 1, ""00101101101"": 1, ""00110001100"": 1, ""01011011111"": 1, ""01101010100"": 1, ""10001001100"": 1, ""10010010011"": 1, ""10110111000"": 1, ""10110111100"": 1, ""11101010000"": 1}"
019e10f7-5545-77c2-8e48-a3555f5401b7,17,50,1650,ZXXYYZIIZXZ,ZXZIIZYYXXZ,"[0, 1, 2, 5, 6, 7, 8, 9, 10]",-0.00048828124999999913,0.0,10,0.8,"{""00000000000"": 1, ""00000011110"": 1, ""00001101011"": 1, ""00011000000"": 1, ""00100111101"": 1, ""01100000011"": 1, ""01100010110"": 1, ""01111000000"": 1, ""10101110111"": 1, ""11000011000"": 1}"
019e10f7-5545-77c2-8e48-a3555f5401b7,17,51,1651,ZXXYYZIIZYY,YYZIIZYYXXZ,"[0, 1, 2, 5, 6, 7, 8, 9, 10]",-0.00048828124999999913,0.0,10,0.6,"{""00000000000"": 1, ""00101011101"": 1, ""00111110000"": 1, ""01000110011"": 1, ""01010000110"": 1, ""01101011000"": 1, ""10000110110"": 1, ""10010011000"": 1, ""11010100000"": 1, ""11101111000"": 1}"
019e10f7-5545-77c2-8e48-a3555f5401b7,17,52,1652,ZXXYYZIZXIX,XIXZIZYYXXZ,"[0, 2, 3, 5, 6, 7, 8, 9, 10]",-0.00048828124999999913,0.0,10,0.0,"{""00100110111"": 1, ""00111111011"": 1, ""01001001100"": 1, ""01100000100"": 1, ""01111000100"": 1, ""10110100111"": 1, ""11001001100"": 1, ""11010101100"": 1, ""11110101100"": 1, ""11111101111"": 1}"
019e10f7-5545-77c2-8e48-a3555f5401b7,17,53,1653,ZXXYYZIZXZI,IZXZIZYYXXZ,"[1, 2, 3, 5, 6, 7, 8, 9, 10]",-0.00048828124999999913,0.0,10,0.8,"{""00011001010"": 1, ""00111100001"": 1, ""01100010001"": 1, ""01110111100"": 1, ""10000110001"": 1, ""10110101100"": 1, ""11100010000"": 1, ""11100100110"": 1, ""11100110111"": 1, ""11110000000"": 1}"
019e10f7-5545-77c2-8e48-a3555f5401b7,17,54,1654,ZXXYYZIZYXY,YXYZIZYYXXZ,"[0, 1, 2, 3, 5, 6, 7, 8, 9, 10]",0.00048828124999999913,0.0,10,-0.4,"{""00001000100"": 1, ""00011011010"": 1, ""00100110001"": 1, ""00111101000"": 1, ""00111101110"": 1, ""00111110111"": 1, ""01110110100"": 1, ""10001101101"": 1, ""11000001110"": 1, ""11111100111"": 1}"
019e10f7-5545-77c2-8e48-a3555f5401b7,17,55,1655,ZXXYYZIZYYZ,ZYYZIZYYXXZ,"[0, 1, 2, 3, 5, 6, 7, 8, 9, 10]",-0.00048828124999999913,0.0,10,-0.2,"{""00010100001"": 1, ""01010011101"": 1, ""01110111100"": 1, ""10001000000"": 1, ""10001010001"": 1, ""10001010101"": 1, ""10001100110"": 1, ""10001101001"": 1, ""10001111001"": 1, ""11011011010"": 1}"
019e10f7-5545-77c2-8e48-a3555f5401b7,17,56,1656,ZXXYYZZXIXZ,ZXIXZZYYXXZ,"[0, 1, 3, 4, 5, 6, 7, 8, 9, 10]",-0.00048828124999999913,0.0,10,0.0,"{""01001100011"": 1, ""01011001110"": 1, ""01101110000"": 1, ""10010011000"": 1, ""10100111011"": 1, ""10101100000"": 1, ""11001100011"": 1, ""11010001101"": 1, ""11100111011"": 1, ""11110011000"": 1}"
019e10f7-5545-77c2-8e48-a3555f5401b7,17,57,1657,ZXXYYZZXIYY,YYIXZZYYXXZ,"[0, 1, 3, 4, 5, 6, 7, 8, 9, 10]",-0.00048828124999999913,0.0,10,0.8,"{""00000010110"": 1, ""00000011000"": 1, ""01001001110"": 1, ""01001010110"": 1, ""10001011000"": 1, ""10010011000"": 1, ""10011011011"": 1, ""10110100011"": 1, ""11000010110"": 1, ""11100100011"": 1}"
019e10f7-5545-77c2-8e48-a3555f5401b7,17,58,1658,ZXXYYZZXZII,IIZXZZYYXXZ,"[2, 3, 4, 5, 6, 7, 8, 9, 10]",-0.00048828124999999913,0.0,10,0.0,"{""00100101100"": 1, ""01000011010"": 1, ""01011010100"": 1, ""01011101111"": 1, ""01111011010"": 1, ""10001101100"": 1, ""10010011010"": 1, ""10011100010"": 1, ""10100111010"": 1, ""11100000011"": 1}"
019e10f7-5545-77c2-8e48-a3555f5401b7,17,59,1659,ZXXYYZZXZZX,XZZXZZYYXXZ,"[0, 1, 2, 3, 4, 5, 6, 7, 8, 9, 10]",-0.00048828124999999913,0.0,10,0.2,"{""00000010111"": 1, ""00000111011"": 1, ""00001000000"": 1, ""00100110100"": 1, ""01100010100"": 1, ""10001100000"": 1, ""11001100011"": 1, ""11100101111"": 1, ""11101001011"": 1, ""11111111011"": 1}"
019e10f7-5545-77c2-8e48-a3555f5401b7,17,60,1660,ZXXYYZZYXXY,YXXYZZYYXXZ,"[0, 1, 2, 3, 4, 5, 6, 7, 8, 9, 10]",-0.00048828124999999913,0.0,10,0.4,"{""00010110010"": 1, ""00100101111"": 1, ""01000110010"": 1, ""01000111110"": 1, ""01111001111"": 1, ""10100011000"": 1, ""11001010111"": 1, ""11100010111"": 1, ""11100111011"": 1, ""11110010000"": 1}"
019e10f7-5545-77c2-8e48-a3555f5401b7,17,61,1661,ZXXYYZZYXYZ,ZYXYZZYYXXZ,"[0, 1, 2, 3, 4, 5, 6, 7, 8, 9, 10]",0.00048828124999999913,0.0,10,-0.8,"{""00001011001"": 1, ""00010100001"": 1, ""01100000100"": 1, ""10001010011"": 1, ""10111000111"": 1, ""10111010011"": 1, ""11000010000"": 1, ""11000011001"": 1, ""11010100100"": 1, ""11111101110"": 1}"
019e10f7-5545-77c2-8e48-a3555f5401b7,17,62,1662,ZXXYYZZYYIX,XIYYZZYYXXZ,"[0, 2, 3, 4, 5, 6, 7, 8, 9, 10]",-0.00048828124999999913,0.0,10,0.0,"{""00000100000"": 1, ""00011001100"": 1, ""01000001011"": 1, ""01001100000"": 1, ""01101110100"": 1, ""01110110011"": 1, ""10001001000"": 1, ""10101111000"": 1, ""11011101011"": 1, ""11101011111"": 1}"
019e10f7-5545-77c2-8e48-a3555f5401b7,17,63,1663,ZXXYYZZYYZI,IZYYZZYYXXZ,"[1, 2, 3, 4, 5, 6, 7, 8, 9, 10]",-0.00048828124999999913,0.0,10,0.0,"{""00000010111"": 1, ""00001101111"": 1, ""01000000110"": 1, ""01001001001"": 1, ""01001011000"": 1, ""10001101101"": 1, ""10010000000"": 1, ""10100011001"": 1, ""11010100110"": 1, ""11101000000"": 1}"
019e10f7-5545-77c2-8e48-a3555f5401b7,17,64,1664,ZXYYIXIXIXZ,ZXIXIXIYYXZ,"[0, 1, 3, 5, 7, 8, 9, 10]",0.00048828124999999913,0.0,10,-0.6,"{""00001011000"": 1, ""00010110110"": 1, ""01000000011"": 1, ""10001010101"": 1, ""10011100000"": 1, ""10101100000"": 1, ""11010110110"": 1, ""11100000010"": 1, ""11111010101"": 1, ""11111100000"": 1}"
019e10f7-5545-77c2-8e48-a3555f5401b7,17,65,1665,ZXYYIXIXIYY,YYIXIXIYYXZ,"[0, 1, 3, 5, 7, 8, 9, 10]",0.00048828124999999913,0.0,10,-0.6,"{""00001011000"": 1, ""00001100000"": 3, ""00010111000"": 1, ""00111010000"": 1, ""01011101101"": 1, ""10101010111"": 1, ""10101101110"": 1, ""11010110110"": 1}"
019e10f7-5545-77c2-8e48-a3555f5401b7,17,66,1666,ZXYYIXIXZII,IIZXIXIYYXZ,"[2, 3, 5, 7, 8, 9, 10]",0.00048828124999999913,0.0,10,-0.8,"{""00010001110"": 1, ""00010110110"": 1, ""01000111011"": 1, ""01011001110"": 1, ""10000000001"": 1, ""10000000010"": 1, ""10000110101"": 1, ""10011011001"": 1, ""10101100011"": 1, ""11001101100"": 1}"
019e10f7-5545-77c2-8e48-a3555f5401b7,17,67,1667,ZXYYIXIXZZX,XZZXIXIYYXZ,"[0, 1, 2, 3, 5, 7, 8, 9, 10]",0.00048828124999999913,0.0,10,-0.8,"{""00010110111"": 1, ""00111010111"": 1, ""00111011011"": 1, ""01000110111"": 1, ""01011011011"": 1, ""01101100011"": 1, ""10000000011"": 1, ""10100000011"": 1, ""11010110111"": 1, ""11100000011"": 1}"
019e10f7-5545-77c2-8e48-a3555f5401b7,17,68,1668,ZXYYIXIYXXY,YXXYIXIYYXZ,"[0, 1, 2, 3, 5, 7, 8, 9, 10]",0.00048828124999999913,0.0,10,-0.2,"{""00010000101"": 1, ""00010110010"": 1, ""00100000000"": 1, ""00111010001"": 1, ""01000000001"": 1, ""01100000000"": 1, ""01101011000"": 1, ""10011010101"": 1, ""10011100100"": 1, ""10110111000"": 1}"
019e10f7-5545-77c2-8e48-a3555f5401b7,17,69,1669,ZXYYIXIYXYZ,ZYXYIXIYYXZ,"[0, 1, 2, 3, 5, 7, 8, 9, 10]",-0.00048828124999999913,0.0,10,0.4,"{""00001010101"": 1, ""00100110011"": 1, ""00101010011"": 1, ""00110001000"": 1, ""01011100001"": 1, ""01110000010"": 1, ""10110111000"": 1, ""11100111001"": 1, ""11111001010"": 1, ""11111010101"": 1}"
019e10f7-5545-77c2-8e48-a3555f5401b7,17,70,1670,ZXYYIXIYYIX,XIYYIXIYYXZ,"[0, 2, 3, 5, 7, 8, 9, 10]",0.00048828124999999913,0.0,10,-0.8,"{""00111011111"": 1, ""01000001100"": 1, ""01011011000"": 1, ""10000000100"": 1, ""10000110100"": 1, ""10011011000"": 1, ""10101011000"": 2, ""10101101011"": 1, ""10110001011"": 1}"
019e10f7-5545-77c2-8e48-a3555f5401b7,17,71,1671,ZXYYIXIYYZI,IZYYIXIYYXZ,"[1, 2, 3, 5, 7, 8, 9, 10]",0.00048828124999999913,0.0,10,-0.4,"{""00010001100"": 1, ""00100110010"": 1, ""00100110100"": 1, ""01011010100"": 1, ""10000000001"": 1, ""10000000100"": 1, ""10000110111"": 1, ""10110111111"": 1, ""11001100001"": 1, ""11111011101"": 1}"
019e10f7-5545-77c2-8e48-a3555f5401b7,17,72,1672,ZXYYIXZIIII,IIIIZXIYYXZ,"[4, 5, 7, 8, 9, 10]",0.00048828124999999913,0.0,10,-0.4,"{""10000101101"": 1, ""10000111101"": 1, ""10001011000"": 1, ""10011010010"": 1, ""10011011101"": 1, ""10011101000"": 1, ""11100001010"": 1, ""11100001100"": 1, ""11101011110"": 1, ""11111010010"": 1}"
019e10f7-5545-77c2-8e48-a3555f5401b7,17,73,1673,ZXYYIXZIIZX,XZIIZXIYYXZ,"[0, 1, 4, 5, 7, 8, 9, 10]",0.00048828124999999913,0.0,10,0.0,"{""00000000011"": 1, ""00011101000"": 1, ""00101011000"": 1, ""01101010000"": 1, ""10000000111"": 1, ""10000001000"": 1, ""10111001111"": 1, ""10111100100"": 1, ""11000111011"": 1, ""11100111011"": 1}"
019e10f7-5545-77c2-8e48-a3555f5401b7,17,74,1674,ZXYYIXZIZXZ,ZXZIZXIYYXZ,"[0, 1, 2, 4, 5, 7, 8, 9, 10]",0.00048828124999999913,0.0,10,-0.8,"{""00100001011"": 1, ""00111101011"": 1, ""01000001011"": 1, ""01000001101"": 1, ""01011011011"": 1, ""01101101101"": 1, ""01110110110"": 1, ""10101011000"": 1, ""10101101111"": 1, ""11111100011"": 1}"
019e10f7-5545-77c2-8e48-a3555f5401b7,17,75,1675,ZXYYIXZIZYY,YYZIZXIYYXZ,"[0, 1, 2, 4, 5, 7, 8, 9, 10]",0.00048828124999999913,0.0,10,-0.2,"{""00001011000"": 1, ""00010110010"": 1, ""01110110000"": 1, ""10011010010"": 1, ""10011100000"": 1, ""10101100101"": 1, ""10110100000"": 1, ""11010000110"": 1, ""11110110011"": 1, ""11111100101"": 1}"
019e10f7-5545-77c2-8e48-a3555f5401b7,17,76,1676,ZXYYIXZZXIX,XIXZZXIYYXZ,"[0, 2, 3, 4, 5, 7, 8, 9, 10]",0.00048828124999999913,0.0,10,-0.4,"{""00010001011"": 1, ""00010110000"": 1, ""01110110111"": 1, ""01111010111"": 1, ""10000000000"": 1, ""10000001011"": 1, ""10100000111"": 1, ""10110000000"": 1, ""11001100111"": 1, ""11101010000"": 1}"
019e10f7-5545-77c2-8e48-a3555f5401b7,17,77,1677,ZXYYIXZZXZI,IZXZZXIYYXZ,"[1, 2, 3, 4, 5, 7, 8, 9, 10]",0.00048828124999999913,0.0,10,-0.6,"{""00010011101"": 1, ""00100000110"": 1, ""00111011101"": 1, ""01000001101"": 1, ""01011010000"": 1, ""01101010001"": 1, ""01110110101"": 1, ""11001010111"": 1, ""11010000110"": 1, ""11100001010"": 1}"
019e10f7-5545-77c2-8e48-a3555f5401b7,17,78,1678,ZXYYIXZZYXY,YXYZZXIYYXZ,"[0, 1, 2, 3, 4, 5, 7, 8, 9, 10]",-0.00048828124999999913,0.0,10,0.6,"{""00000010010"": 1, ""00001101110"": 1, ""01000111000"": 1, ""01010001110"": 1, ""01011100001"": 1, ""10010000010"": 1, ""10011101011"": 1, ""10101011011"": 1, ""11001011110"": 1, ""11001100100"": 1}"
019e10f7-5545-77c2-8e48-a3555f5401b7,17,79,1679,ZXYYIXZZYYZ,ZYYZZXIYYXZ,"[0, 1, 2, 3, 4, 5, 7, 8, 9, 10]",0.00048828124999999913,0.0,10,-0.2,"{""00000010001"": 1, ""01000111010"": 1, ""01110001010"": 2, ""10000000001"": 1, ""10000001100"": 1, ""10001100110"": 1, ""10111011100"": 1, ""11001100000"": 1, ""11100111001"": 1}"
019e10f7-5545-77c2-8e48-a3555f5401b7,17,80,1680,ZXYYIYXXXXY,YXXXXYIYYXZ,"[0, 1, 2, 3, 4, 5, 7, 8, 9, 10]",0.00048828124999999913,0.0,10,-0.6,"{""00010100010"": 1, ""00011000101"": 1, ""01000000000"": 1, ""01001111000"": 1, ""01101000111"": 1, ""10100010101"": 1, ""11001010110"": 1, ""11100010100"": 1, ""11100011111"": 1, ""11100100100"": 1}"
019e10f7-5545-77c2-8e48-a3555f5401b7,17,81,1681,ZXYYIYXXXYZ,ZYXXXYIYYXZ,"[0, 1, 2, 3, 4, 5, 7, 8, 9, 10]",-0.00048828124999999913,0.0,10,0.8,"{""00000110111"": 1, ""00001101000"": 1, ""00100110010"": 1, ""00111100100"": 1, ""01011001111"": 1, ""01101101000"": 1, ""01110000001"": 1, ""11010100000"": 1, ""11100011010"": 1, ""11111000101"": 1}"
019e10f7-5545-77c2-8e48-a3555f5401b7,17,82,1682,ZXYYIYXXYIX,XIYXXYIYYXZ,"[0, 2, 3, 4, 5, 7, 8, 9, 10]",0.00048828124999999913,0.0,10,0.0,"{""00001011100"": 1, ""00100100000"": 1, ""00101110100"": 1, ""00101111111"": 1, ""00110011111"": 1, ""10011011011"": 1, ""10100001011"": 1, ""10110111011"": 1, ""11110110011"": 1, ""11111100111"": 1}"
019e10f7-5545-77c2-8e48-a3555f5401b7,17,83,1683,ZXYYIYXXYZI,IZYXXYIYYXZ,"[1, 2, 3, 4, 5, 7, 8, 9, 10]",0.00048828124999999913,0.0,10,-0.6,"{""00001100010"": 1, ""00111000010"": 1, ""10000111011"": 1, ""10100010001"": 1, ""10100101111"": 1, ""10101010001"": 1, ""11001111000"": 1, ""11100001100"": 1, ""11100010101"": 1, ""11111010001"": 1}"
019e10f7-5545-77c2-8e48-a3555f5401b7,17,84,1684,ZXYYIYXYIXZ,ZXIYXYIYYXZ,"[0, 1, 3, 4, 5, 7, 8, 9, 10]",-0.00048828124999999913,0.0,10,0.8,"{""00011010011"": 1, ""01000111011"": 1, ""01011001110"": 1, ""01011101011"": 1, ""01100000110"": 1, ""10000001000"": 1, ""10000111011"": 1, ""10110111011"": 1, ""11001101000"": 1, ""11010001011"": 1}"
019e10f7-5545-77c2-8e48-a3555f5401b7,17,85,1685,ZXYYIYXYIYY,YYIYXYIYYXZ,"[0, 1, 3, 4, 5, 7, 8, 9, 10]",-0.00048828124999999913,0.0,10,0.8,"{""00001111110"": 1, ""00101001110"": 1, ""00111100101"": 1, ""01000000110"": 1, ""01101111101"": 1, ""10101001101"": 1, ""10101110000"": 1, ""10110101110"": 1, ""11001100101"": 1, ""11010100011"": 1}"
019e10f7-5545-77c2-8e48-a3555f5401b7,17,86,1686,ZXYYIYXYZII,IIZYXYIYYXZ,"[2, 3, 4, 5, 7, 8, 9, 10]",-0.00048828124999999913,0.0,10,0.8,"{""00100001000"": 1, ""00111011001"": 1, ""01101011011"": 1, ""01110100010"": 2, ""10001111110"": 1, ""10011110000"": 1, ""10110100001"": 1, ""10110111000"": 1, ""11010000110"": 1}"
019e10f7-5545-77c2-8e48-a3555f5401b7,17,87,1687,ZXYYIYXYZZX,XZZYXYIYYXZ,"[0, 1, 2, 3, 4, 5, 7, 8, 9, 10]",-0.00048828124999999913,0.0,10,0.6,"{""00010101111"": 1, ""00110111000"": 1, ""00111010100"": 1, ""00111110011"": 1, ""01011100111"": 1, ""01101100111"": 1, ""10000100000"": 1, ""10110000111"": 1, ""10110101111"": 1, ""11100111100"": 1}"
019e10f7-5545-77c2-8e48-a3555f5401b7,17,88,1688,ZXYYIYYIXIX,XIXIYYIYYXZ,"[0, 2, 4, 5, 7, 8, 9, 10]",0.00048828124999999913,0.0,10,-0.2,"{""00000110111"": 1, ""00001101111"": 1, ""00010011011"": 1, ""00010011111"": 1, ""00100101100"": 1, ""01000111100"": 1, ""10011001111"": 1, ""10011111011"": 1, ""11001001011"": 1, ""11010101100"": 1}"
019e10f7-5545-77c2-8e48-a3555f5401b7,17,89,1689,ZXYYIYYIXZI,IZXIYYIYYXZ,"[1, 2, 4, 5, 7, 8, 9, 10]",0.00048828124999999913,0.0,10,-0.2,"{""00011010001"": 1, ""00100010101"": 1, ""00111100010"": 1, ""00111100110"": 1, ""01110101111"": 1, ""10110011010"": 1, ""10110110010"": 1, ""11001010001"": 1, ""11001010110"": 1, ""11111100111"": 1}"
019e10f7-5545-77c2-8e48-a3555f5401b7,17,90,1690,ZXYYIYYIYXY,YXYIYYIYYXZ,"[0, 1, 2, 4, 5, 7, 8, 9, 10]",-0.00048828124999999913,0.0,10,0.6,"{""00011100000"": 1, ""00100011101"": 1, ""00101111101"": 1, ""01011010010"": 1, ""01101100010"": 1, ""10000101101"": 1, ""11001011000"": 1, ""11010011101"": 1, ""11111001011"": 1, ""11111111101"": 1}"
019e10f7-5545-77c2-8e48-a3555f5401b7,17,91,1691,ZXYYIYYIYYZ,ZYYIYYIYYXZ,"[0, 1, 2, 4, 5, 7, 8, 9, 10]",0.00048828124999999913,0.0,10,-0.4,"{""00100111001"": 1, ""00101101111"": 1, ""00111001010"": 1, ""00111001100"": 1, ""01000000101"": 1, ""01110101111"": 1, ""01110110000"": 1, ""10000110110"": 1, ""10011000110"": 1, ""11110000000"": 1}"
019e10f7-5545-77c2-8e48-a3555f5401b7,17,92,1692,ZXYYIYYZIII,IIIZYYIYYXZ,"[3, 4, 5, 7, 8, 9, 10]",0.00048828124999999913,0.0,10,-0.8,"{""00001001010"": 1, ""00110001101"": 1, ""00111001001"": 1, ""01000011010"": 1, ""01000101010"": 1, ""01001001100"": 1, ""10000110110"": 1, ""10010010100"": 1, ""10011111010"": 1, ""10101100001"": 1}"
019e10f7-5545-77c2-8e48-a3555f5401b7,17,93,1693,ZXYYIYYZIZX,XZIZYYIYYXZ,"[0, 1, 3, 4, 5, 7, 8, 9, 10]",0.00048828124999999913,0.0,10,-0.4,"{""00001011000"": 1, ""00100010100"": 1, ""00100110011"": 1, ""01000110000"": 1, ""01101111011"": 1, ""01110011111"": 1, ""10000110011"": 1, ""10000111011"": 1, ""10011100000"": 1, ""11001010111"": 1}"
019e10f7-5545-77c2-8e48-a3555f5401b7,17,94,1694,ZXYYIYYZZXZ,ZXZZYYIYYXZ,"[0, 1, 2, 3, 4, 5, 7, 8, 9, 10]",0.00048828124999999913,0.0,10,-0.2,"{""00010010101"": 1, ""00100110101"": 1, ""00100110110"": 1, ""00101100000"": 1, ""01010110110"": 1, ""01011111000"": 1, ""10101111011"": 1, ""11000011110"": 1, ""11010101011"": 1, ""11111111101"": 1}"
019e10f7-5545-77c2-8e48-a3555f5401b7,17,95,1695,ZXYYIYYZZYY,YYZZYYIYYXZ,"[0, 1, 2, 3, 4, 5, 7, 8, 9, 10]",0.00048828124999999913,0.0,10,-1.0,"{""00100011101"": 1, ""01101100101"": 1, ""10000011011"": 1, ""11001001011"": 2, ""11001010011"": 1, ""11010000011"": 2, ""11100000000"": 1, ""11100101000"": 1}"
019e10f7-5545-77c2-8e48-a3555f5401b7,17,96,1696,ZXYYZIIIIII,IIIIIIZYYXZ,"[6, 7, 8, 9, 10]",0.00048828124999999913,0.0,10,-1.0,"{""01000100000"": 1, ""01011001111"": 1, ""01011110101"": 1, ""10000101101"": 1, ""10011000001"": 1, ""10011001110"": 1, ""10011010111"": 1, ""10110111001"": 1, ""11001101010"": 1, ""11010111100"": 1}"
019e10f7-5545-77c2-8e48-a3555f5401b7,17,97,1697,ZXYYZIIIIZX,XZIIIIZYYXZ,"[0, 1, 6, 7, 8, 9, 10]",0.00048828124999999913,0.0,10,-0.8,"{""00001101111"": 1, ""00111100000"": 1, ""01001111101"": 1, ""01101000000"": 1, ""10000000111"": 1, ""10011110011"": 1, ""10101001000"": 1, ""10101100000"": 1, ""10110101100"": 1, ""11101011000"": 1}"
019e10f7-5545-77c2-8e48-a3555f5401b7,17,98,1698,ZXYYZIIIZXZ,ZXZIIIZYYXZ,"[0, 1, 2, 6, 7, 8, 9, 10]",0.00048828124999999913,0.0,10,-0.4,"{""00100101111"": 1, ""00100111101"": 1, ""00110111000"": 1, ""01000100001"": 1, ""01011100101"": 1, ""01101011110"": 1, ""10000001101"": 1, ""10000100101"": 1, ""10111001001"": 1, ""11010110101"": 1}"
019e10f7-5545-77c2-8e48-a3555f5401b7,17,99,1699,ZXYYZIIIZYY,YYZIIIZYYXZ,"[0, 1, 2, 6, 7, 8, 9, 10]",0.00048828124999999913,0.0,10,-0.8,"{""00010000000"": 1, ""00111001110"": 1, ""01000100110"": 1, ""01000110110"": 1, ""01010110101"": 1, ""01011111000"": 1, ""01101111000"": 1, ""01110100011"": 1, ""10000100110"": 1, ""11010110110"": 1}"
019e10f7-661a-7b53-a524-395406f5783c,18,0,1700,ZXYYZIIZXIX,XIXZIIZYYXZ,"[0, 2, 3, 6, 7, 8, 9, 10]",0.00048828124999999913,0.0,10,-0.2,"{""00111000000"": 1, ""00111000111"": 1, ""10010100111"": 1, ""10011000111"": 1, ""10011100110"": 1, ""10011101100"": 1, ""10110110000"": 1, ""11000101011"": 1, ""11000110010"": 1, ""11100011011"": 1}"
019e10f7-661a-7b53-a524-395406f5783c,18,1,1701,ZXYYZIIZXZI,IZXZIIZYYXZ,"[1, 2, 3, 6, 7, 8, 9, 10]",0.00048828124999999913,0.0,10,-0.6,"{""00000010000"": 1, ""00100101110"": 1, ""00101011000"": 1, ""00111000110"": 1, ""01000111011"": 1, ""10011011010"": 1, ""10110110001"": 1, ""11001011101"": 1, ""11001111100"": 1, ""11100111011"": 1}"
019e10f7-661a-7b53-a524-395406f5783c,18,2,1702,ZXYYZIIZYXY,YXYZIIZYYXZ,"[0, 1, 2, 3, 6, 7, 8, 9, 10]",-0.00048828124999999913,0.0,10,0.6,"{""00100110111"": 1, ""00101000100"": 1, ""01000000111"": 1, ""01000100111"": 1, ""01101110110"": 1, ""01110111110"": 1, ""10000100111"": 1, ""10011010100"": 1, ""11001001011"": 1, ""11010011101"": 1}"
019e10f7-661a-7b53-a524-395406f5783c,18,3,1703,ZXYYZIIZYYZ,ZYYZIIZYYXZ,"[0, 1, 2, 3, 6, 7, 8, 9, 10]",0.00048828124999999913,0.0,10,-0.8,"{""00000101100"": 1, ""00010101010"": 1, ""00010111001"": 1, ""00101111011"": 1, ""01110000000"": 1, ""01110000110"": 1, ""10000111100"": 1, ""10011100110"": 1, ""11001000011"": 1, ""11100011001"": 1}"
019e10f7-661a-7b53-a524-395406f5783c,18,4,1704,ZXYYZIZXIXZ,ZXIXZIZYYXZ,"[0, 1, 3, 4, 6, 7, 8, 9, 10]",0.00048828124999999913,0.0,10,-0.2,"{""00000001101"": 1, ""00001011011"": 1, ""00010100101"": 1, ""00011000011"": 1, ""00011010110"": 1, ""01101100011"": 1, ""01110000011"": 1, ""10011110101"": 1, ""11001100011"": 1, ""11010000000"": 1}"
019e10f7-661a-7b53-a524-395406f5783c,18,5,1705,ZXYYZIZXIYY,YYIXZIZYYXZ,"[0, 1, 3, 4, 6, 7, 8, 9, 10]",0.00048828124999999913,0.0,10,-0.6,"{""00000000000"": 1, ""00010010000"": 1, ""01101000000"": 1, ""10011010101"": 1, ""10101000011"": 1, ""11001100000"": 1, ""11001101101"": 1, ""11010000000"": 1, ""11100001101"": 1, ""11111100011"": 1}"
019e10f7-661a-7b53-a524-395406f5783c,18,6,1706,ZXYYZIZXZII,IIZXZIZYYXZ,"[2, 3, 4, 6, 7, 8, 9, 10]",0.00048828124999999913,0.0,10,-0.2,"{""00001001101"": 1, ""00101100000"": 1, ""00110001100"": 1, ""01110100001"": 1, ""10100111011"": 1, ""10101010111"": 1, ""10101111010"": 1, ""10110110111"": 1, ""11000101110"": 1, ""11100001111"": 1}"
019e10f7-661a-7b53-a524-395406f5783c,18,7,1707,ZXYYZIZXZZX,XZZXZIZYYXZ,"[0, 1, 2, 3, 4, 6, 7, 8, 9, 10]",0.00048828124999999913,0.0,10,-1.0,"{""00010000011"": 1, ""00100101100"": 1, ""00100101111"": 1, ""01011001111"": 1, ""01110110111"": 2, ""10000011011"": 1, ""10110011000"": 1, ""10110100000"": 1, ""11001110100"": 1}"
019e10f7-661a-7b53-a524-395406f5783c,18,8,1708,ZXYYZIZYXXY,YXXYZIZYYXZ,"[0, 1, 2, 3, 4, 6, 7, 8, 9, 10]",0.00048828124999999913,0.0,10,-1.0,"{""00001001001"": 1, ""00010000000"": 1, ""00100100011"": 1, ""01000110010"": 1, ""10110100101"": 1, ""10110101010"": 1, ""11010011101"": 1, ""11100011101"": 1, ""11110110000"": 1, ""11111111000"": 1}"
019e10f7-661a-7b53-a524-395406f5783c,18,9,1709,ZXYYZIZYXYZ,ZYXYZIZYYXZ,"[0, 1, 2, 3, 4, 6, 7, 8, 9, 10]",-0.00048828124999999913,0.0,10,0.6,"{""01110010000"": 1, ""10101001011"": 1, ""10101111100"": 1, ""10110000001"": 1, ""11010111100"": 1, ""11100010011"": 1, ""11100011100"": 1, ""11100110100"": 1, ""11101011100"": 1, ""11111010000"": 1}"
019e10f7-661a-7b53-a524-395406f5783c,18,10,1710,ZXYYZIZYYIX,XIYYZIZYYXZ,"[0, 2, 3, 4, 6, 7, 8, 9, 10]",0.00048828124999999913,0.0,10,0.2,"{""00000000000"": 1, ""00001001100"": 1, ""00010100111"": 1, ""00101111000"": 1, ""10100110100"": 1, ""10110011111"": 1, ""11010110011"": 1, ""11110000000"": 1, ""11111000100"": 1, ""11111011110"": 1}"
019e10f7-661a-7b53-a524-395406f5783c,18,11,1711,ZXYYZIZYYZI,IZYYZIZYYXZ,"[1, 2, 3, 4, 6, 7, 8, 9, 10]",0.00048828124999999913,0.0,10,-0.4,"{""00001111111"": 1, ""00110100110"": 1, ""00111011000"": 1, ""01000010100"": 1, ""01000110010"": 1, ""10101110011"": 1, ""10110011110"": 1, ""11001110100"": 1, ""11010101111"": 1, ""11110011111"": 1}"
019e10f7-661a-7b53-a524-395406f5783c,18,12,1712,ZXYYZZXIXIX,XIXIXZZYYXZ,"[0, 2, 4, 5, 6, 7, 8, 9, 10]",0.00048828124999999913,0.0,10,-0.2,"{""00001110111"": 1, ""00100101100"": 1, ""00111011001"": 1, ""01000010000"": 1, ""01000101100"": 1, ""01101110100"": 1, ""01110110111"": 1, ""10000011011"": 1, ""10011100000"": 1, ""11011000111"": 1}"
019e10f7-661a-7b53-a524-395406f5783c,18,13,1713,ZXYYZZXIXZI,IZXIXZZYYXZ,"[1, 2, 4, 5, 6, 7, 8, 9, 10]",0.00048828124999999913,0.0,10,-0.6,"{""00010010000"": 1, ""01000110110"": 1, ""01011000001"": 1, ""01011011101"": 1, ""01011101101"": 1, ""01110011100"": 1, ""10100011101"": 1, ""11001000110"": 1, ""11010110111"": 1, ""11100000110"": 1}"
019e10f7-661a-7b53-a524-395406f5783c,18,14,1714,ZXYYZZXIYXY,YXYIXZZYYXZ,"[0, 1, 2, 4, 5, 6, 7, 8, 9, 10]",-0.00048828124999999913,0.0,10,0.6,"{""00001101110"": 1, ""01000011011"": 1, ""01000100100"": 1, ""01101011110"": 1, ""01110011101"": 1, ""10000010001"": 1, ""10011101101"": 1, ""10101101000"": 1, ""11001110111"": 1, ""11010011101"": 1}"
019e10f7-661a-7b53-a524-395406f5783c,18,15,1715,ZXYYZZXIYYZ,ZYYIXZZYYXZ,"[0, 1, 2, 4, 5, 6, 7, 8, 9, 10]",0.00048828124999999913,0.0,10,-0.2,"{""00100000101"": 1, ""00111101001"": 1, ""01000110111"": 1, ""10000110110"": 1, ""11001101100"": 1, ""11001110101"": 1, ""11010101101"": 1, ""11100011001"": 1, ""11101110101"": 1, ""11110011111"": 1}"
019e10f7-661a-7b53-a524-395406f5783c,18,16,1716,ZXYYZZXZIII,IIIZXZZYYXZ,"[3, 4, 5, 6, 7, 8, 9, 10]",0.00048828124999999913,0.0,10,-0.8,"{""00001000101"": 1, ""00001101010"": 1, ""00010000101"": 1, ""00011101001"": 1, ""01000110001"": 1, ""01011011001"": 1, ""01101000111"": 1, ""01101110010"": 1, ""10000110010"": 1, ""10101011110"": 1}"
019e10f7-661a-7b53-a524-395406f5783c,18,17,1717,ZXYYZZXZIZX,XZIZXZZYYXZ,"[0, 1, 3, 4, 5, 6, 7, 8, 9, 10]",0.00048828124999999913,0.0,10,-0.6,"{""00001101100"": 1, ""00010011110"": 1, ""00100011011"": 1, ""00111101000"": 1, ""01000000100"": 1, ""01000101011"": 1, ""10000000111"": 1, ""11100001011"": 1, ""11100110100"": 1, ""11111000100"": 1}"
019e10f7-661a-7b53-a524-395406f5783c,18,18,1718,ZXYYZZXZZXZ,ZXZZXZZYYXZ,"[0, 1, 2, 3, 4, 5, 6, 7, 8, 9, 10]",0.00048828124999999913,0.0,10,-0.4,"{""00100101110"": 1, ""01011011110"": 1, ""01011110101"": 1, ""01111011011"": 1, ""10000110110"": 1, ""10010000011"": 1, ""10101011011"": 1, ""10110110001"": 1, ""11100000101"": 1, ""11111101011"": 1}"
019e10f7-661a-7b53-a524-395406f5783c,18,19,1719,ZXYYZZXZZYY,YYZZXZZYYXZ,"[0, 1, 2, 3, 4, 5, 6, 7, 8, 9, 10]",0.00048828124999999913,0.0,10,-0.4,"{""00001110110"": 1, ""00100110101"": 1, ""00111100101"": 1, ""01101000000"": 1, ""01101110000"": 1, ""01110110000"": 1, ""01111000110"": 1, ""10011101000"": 1, ""10110110110"": 1, ""11000000011"": 1}"
019e10f7-661a-7b53-a524-395406f5783c,18,20,1720,ZXYYZZYXXXY,YXXXYZZYYXZ,"[0, 1, 2, 3, 4, 5, 6, 7, 8, 9, 10]",-0.00048828124999999913,0.0,10,0.4,"{""00010010011"": 1, ""00010100011"": 1, ""00111000000"": 1, ""01101100001"": 1, ""01101111000"": 1, ""10000001011"": 1, ""10000110100"": 1, ""10101111110"": 1, ""10110000000"": 1, ""10110100011"": 1}"
019e10f7-661a-7b53-a524-395406f5783c,18,21,1721,ZXYYZZYXXYZ,ZYXXYZZYYXZ,"[0, 1, 2, 3, 4, 5, 6, 7, 8, 9, 10]",0.00048828124999999913,0.0,10,-0.6,"{""00100101101"": 1, ""10000001001"": 2, ""10000001100"": 1, ""10000011010"": 1, ""10011011000"": 1, ""10110111111"": 1, ""11000001111"": 1, ""11100011011"": 1, ""11111111111"": 1}"
019e10f7-661a-7b53-a524-395406f5783c,18,22,1722,ZXYYZZYXYIX,XIYXYZZYYXZ,"[0, 2, 3, 4, 5, 6, 7, 8, 9, 10]",-0.00048828124999999913,0.0,10,0.4,"{""00001101100"": 1, ""00001110000"": 1, ""10000100100"": 1, ""10000101011"": 1, ""10011000011"": 1, ""11001110100"": 1, ""11010010000"": 1, ""11010100000"": 1, ""11011110011"": 1, ""11111111000"": 1}"
019e10f7-661a-7b53-a524-395406f5783c,18,23,1723,ZXYYZZYXYZI,IZYXYZZYYXZ,"[1, 2, 3, 4, 5, 6, 7, 8, 9, 10]",-0.00048828124999999913,0.0,10,0.4,"{""00100111111"": 1, ""00101010001"": 1, ""00111110110"": 1, ""01000011011"": 1, ""01101011100"": 1, ""01110010000"": 1, ""11010000010"": 1, ""11010010101"": 1, ""11111010001"": 1, ""11111100110"": 1}"
019e10f7-661a-7b53-a524-395406f5783c,18,24,1724,ZXYYZZYYIXZ,ZXIYYZZYYXZ,"[0, 1, 3, 4, 5, 6, 7, 8, 9, 10]",0.00048828124999999913,0.0,10,-0.6,"{""00110001110"": 1, ""01010110011"": 1, ""01101101011"": 1, ""10000001101"": 1, ""10000111110"": 1, ""10011000011"": 1, ""10110111101"": 1, ""11001101011"": 1, ""11010110000"": 1, ""11111100110"": 1}"
019e10f7-661a-7b53-a524-395406f5783c,18,25,1725,ZXYYZZYYIYY,YYIYYZZYYXZ,"[0, 1, 3, 4, 5, 6, 7, 8, 9, 10]",0.00048828124999999913,0.0,10,-1.0,"{""00001111110"": 1, ""01000111010"": 1, ""01011101000"": 1, ""01101010101"": 1, ""10011011000"": 1, ""10110101000"": 1, ""10110111110"": 1, ""11001010110"": 1, ""11010011000"": 1, ""11100010101"": 1}"
019e10f7-661a-7b53-a524-395406f5783c,18,26,1726,ZXYYZZYYZII,IIZYYZZYYXZ,"[2, 3, 4, 5, 6, 7, 8, 9, 10]",0.00048828124999999913,0.0,10,-0.6,"{""01101001110"": 1, ""10000011010"": 1, ""10000100101"": 1, ""10000110000"": 1, ""10101110010"": 1, ""10110011010"": 1, ""10110100010"": 1, ""11100110000"": 1, ""11101101011"": 1, ""11111011010"": 1}"
019e10f7-661a-7b53-a524-395406f5783c,18,27,1727,ZXYYZZYYZZX,XZZYYZZYYXZ,"[0, 1, 2, 3, 4, 5, 6, 7, 8, 9, 10]",0.00048828124999999913,0.0,10,-0.8,"{""00010110011"": 1, ""00100100100"": 1, ""01000000011"": 1, ""01101010111"": 1, ""01101011001"": 1, ""10011001111"": 1, ""11001100100"": 1, ""11010101000"": 1, ""11100010100"": 1, ""11100100100"": 1}"
019e10f7-661a-7b53-a524-395406f5783c,18,28,1728,ZXZZIIIIIII,IIIIIIIZZXZ,"[7, 8, 9, 10]",-0.00048828124999999913,0.0,10,0.8,"{""00001000010"": 1, ""00010101011"": 1, ""00111101000"": 1, ""00111110101"": 2, ""01011001001"": 1, ""01101011110"": 1, ""10100101111"": 2, ""11110101100"": 1}"
019e10f7-661a-7b53-a524-395406f5783c,18,29,1729,ZXZZIIIIIZX,XZIIIIIZZXZ,"[0, 1, 7, 8, 9, 10]",-0.00048828124999999913,0.0,10,0.6,"{""00000011011"": 1, ""00000110100"": 1, ""00001011011"": 1, ""00100001000"": 1, ""01010111011"": 1, ""01011110111"": 1, ""10000011000"": 1, ""10010001111"": 1, ""10011000011"": 1, ""10101110111"": 1}"
019e10f7-661a-7b53-a524-395406f5783c,18,30,1730,ZXZZIIIIZXZ,ZXZIIIIZZXZ,"[0, 1, 2, 7, 8, 9, 10]",-0.00048828124999999913,0.0,10,0.8,"{""00000000110"": 1, ""00001010000"": 1, ""00110001110"": 1, ""00110100011"": 1, ""00111000011"": 1, ""00111010011"": 1, ""01101100011"": 1, ""10010111011"": 1, ""11110001110"": 1, ""11110101100"": 1}"
019e10f7-661a-7b53-a524-395406f5783c,18,31,1731,ZXZZIIIIZYY,YYZIIIIZZXZ,"[0, 1, 2, 7, 8, 9, 10]",-0.00048828124999999913,0.0,10,0.6,"{""00001011110"": 1, ""00101111110"": 1, ""01010000011"": 1, ""01100010101"": 1, ""01101010101"": 1, ""01110000000"": 1, ""10010010011"": 1, ""11001000110"": 1, ""11111000101"": 1, ""11111101000"": 1}"
019e10f7-661a-7b53-a524-395406f5783c,18,32,1732,ZXZZIIIZXIX,XIXZIIIZZXZ,"[0, 2, 3, 7, 8, 9, 10]",-0.00048828124999999913,0.0,10,0.8,"{""00000010111"": 1, ""00111000111"": 1, ""00111010000"": 1, ""01010111011"": 1, ""01100110111"": 1, ""10011000111"": 1, ""10011110111"": 1, ""11000001101"": 1, ""11001111100"": 1, ""11110001011"": 1}"
019e10f7-661a-7b53-a524-395406f5783c,18,33,1733,ZXZZIIIZXZI,IZXZIIIZZXZ,"[1, 2, 3, 7, 8, 9, 10]",-0.00048828124999999913,0.0,10,0.2,"{""00000101101"": 1, ""00000111101"": 1, ""00001101100"": 1, ""01011111100"": 1, ""01100100101"": 1, ""01101110101"": 1, ""10111011011"": 1, ""11110001011"": 1, ""11111101011"": 1, ""11111110101"": 1}"
019e10f7-661a-7b53-a524-395406f5783c,18,34,1734,ZXZZIIIZYXY,YXYZIIIZZXZ,"[0, 1, 2, 3, 7, 8, 9, 10]",0.00048828124999999913,0.0,10,-0.8,"{""00001101101"": 1, ""00001101110"": 1, ""01011010010"": 1, ""01011011000"": 1, ""01100001101"": 1, ""10010100010"": 1, ""10100000010"": 1, ""11000001011"": 1, ""11110001011"": 1, ""11111110011"": 1}"
019e10f7-661a-7b53-a524-395406f5783c,18,35,1735,ZXZZIIIZYYZ,ZYYZIIIZZXZ,"[0, 1, 2, 3, 7, 8, 9, 10]",-0.00048828124999999913,0.0,10,0.8,"{""00001001010"": 1, ""00001011111"": 1, ""00110110000"": 1, ""01010101100"": 1, ""01100001111"": 1, ""01100111100"": 1, ""10011010101"": 1, ""10110111001"": 1, ""11001101100"": 1, ""11111010110"": 1}"
019e10f7-661a-7b53-a524-395406f5783c,18,36,1736,ZXZZIIZXIXZ,ZXIXZIIZZXZ,"[0, 1, 3, 4, 7, 8, 9, 10]",-0.00048828124999999913,0.0,10,0.8,"{""00110000011"": 1, ""00110011011"": 1, ""00110111000"": 1, ""00111111011"": 1, ""01011100011"": 1, ""01101100011"": 1, ""10000100011"": 1, ""10100101110"": 1, ""10101100000"": 1, ""11001010110"": 1}"
019e10f7-661a-7b53-a524-395406f5783c,18,37,1737,ZXZZIIZXIYY,YYIXZIIZZXZ,"[0, 1, 3, 4, 7, 8, 9, 10]",-0.00048828124999999913,0.0,10,0.4,"{""00100111011"": 1, ""01011010110"": 1, ""01100010110"": 1, ""01100101111"": 1, ""01101111011"": 1, ""01111001110"": 1, ""10011100011"": 1, ""10101011011"": 1, ""11110110101"": 1, ""11111111000"": 1}"
019e10f7-661a-7b53-a524-395406f5783c,18,38,1738,ZXZZIIZXZII,IIZXZIIZZXZ,"[2, 3, 4, 7, 8, 9, 10]",-0.00048828124999999913,0.0,10,0.6,"{""00000011011"": 1, ""01010010111"": 1, ""01011000000"": 1, ""01100111011"": 1, ""01101011100"": 1, ""10010001110"": 1, ""10010101101"": 1, ""10110001110"": 1, ""11000100011"": 1, ""11110101111"": 1}"
019e10f7-661a-7b53-a524-395406f5783c,18,39,1739,ZXZZIIZXZZX,XZZXZIIZZXZ,"[0, 1, 2, 3, 4, 7, 8, 9, 10]",-0.00048828124999999913,0.0,10,0.8,"{""00000101111"": 1, ""00001000011"": 1, ""00110111000"": 2, ""10011011011"": 2, ""10101110000"": 1, ""10101110111"": 1, ""11110001111"": 1, ""11110111011"": 1}"
019e10f7-661a-7b53-a524-395406f5783c,18,40,1740,ZXZZIIZYXXY,YXXYZIIZZXZ,"[0, 1, 2, 3, 4, 7, 8, 9, 10]",-0.00048828124999999913,0.0,10,0.4,"{""00001001111"": 1, ""00011001111"": 1, ""00110010111"": 1, ""00111001100"": 1, ""01100110010"": 1, ""10010100100"": 1, ""10101000011"": 1, ""11001101010"": 1, ""11100100011"": 1, ""11110100011"": 1}"
019e10f7-661a-7b53-a524-395406f5783c,18,41,1741,ZXZZIIZYXYZ,ZYXYZIIZZXZ,"[0, 1, 2, 3, 4, 7, 8, 9, 10]",0.00048828124999999913,0.0,10,-0.4,"{""00000001101"": 1, ""00101101110"": 1, ""00110001101"": 1, ""00111110001"": 1, ""01011110011"": 1, ""01100011110"": 1, ""10011110101"": 1, ""10011111111"": 1, ""10100011100"": 1, ""11110011111"": 1}"
019e10f7-661a-7b53-a524-395406f5783c,18,42,1742,ZXZZIIZYYIX,XIYYZIIZZXZ,"[0, 2, 3, 4, 7, 8, 9, 10]",-0.00048828124999999913,0.0,10,1.0,"{""00000111000"": 1, ""01010101011"": 1, ""10100111000"": 1, ""11000001011"": 1, ""11001111111"": 1, ""11100110111"": 1, ""11101010111"": 1, ""11110010011"": 1, ""11111001100"": 1, ""11111110100"": 1}"
019e10f7-661a-7b53-a524-395406f5783c,18,43,1743,ZXZZIIZYYZI,IZYYZIIZZXZ,"[1, 2, 3, 4, 7, 8, 9, 10]",-0.00048828124999999913,0.0,10,0.4,"{""00110110011"": 1, ""10010101001"": 1, ""10101000000"": 1, ""11000101011"": 1, ""11001011001"": 1, ""11001011111"": 1, ""11001110100"": 1, ""11010100110"": 1, ""11011001011"": 1, ""11110001100"": 1}"
019e10f7-661a-7b53-a524-395406f5783c,18,44,1744,ZXZZIZXIXIX,XIXIXZIZZXZ,"[0, 2, 4, 5, 7, 8, 9, 10]",-0.00048828124999999913,0.0,10,0.8,"{""00110011011"": 1, ""00111110111"": 1, ""01011100111"": 1, ""01100000000"": 1, ""01100011011"": 1, ""01101000000"": 1, ""10000101111"": 1, ""10010000111"": 1, ""10010101100"": 1, ""11111011011"": 1}"
019e10f7-661a-7b53-a524-395406f5783c,18,45,1745,ZXZZIZXIXZI,IZXIXZIZZXZ,"[1, 2, 4, 5, 7, 8, 9, 10]",-0.00048828124999999913,0.0,10,0.6,"{""00001000111"": 1, ""00100110001"": 1, ""00111101010"": 1, ""00111101011"": 1, ""01001101101"": 1, ""01010110000"": 1, ""01100000000"": 1, ""01101110111"": 1, ""10100000000"": 1, ""11110011100"": 1}"
019e10f7-661a-7b53-a524-395406f5783c,18,46,1746,ZXZZIZXIYXY,YXYIXZIZZXZ,"[0, 1, 2, 4, 5, 7, 8, 9, 10]",0.00048828124999999913,0.0,10,-0.6,"{""00110101000"": 1, ""01011110100"": 1, ""01100101101"": 1, ""01101000100"": 1, ""01101100111"": 1, ""01110000100"": 1, ""10010110100"": 1, ""10011011000"": 1, ""10100101110"": 1, ""11111101000"": 1}"
019e10f7-661a-7b53-a524-395406f5783c,18,47,1747,ZXZZIZXIYYZ,ZYYIXZIZZXZ,"[0, 1, 2, 4, 5, 7, 8, 9, 10]",-0.00048828124999999913,0.0,10,0.4,"{""00000000110"": 1, ""00110000110"": 1, ""00111101100"": 1, ""01000011100"": 1, ""01010011000"": 1, ""01010011010"": 1, ""01011011000"": 1, ""10010101001"": 1, ""10100000011"": 1, ""11000011001"": 1}"
019e10f7-661a-7b53-a524-395406f5783c,18,48,1748,ZXZZIZXZIII,IIIZXZIZZXZ,"[3, 4, 5, 7, 8, 9, 10]",-0.00048828124999999913,0.0,10,0.8,"{""00001110010"": 1, ""00111000111"": 1, ""01011000010"": 1, ""01011101110"": 1, ""10010011111"": 1, ""10100101000"": 1, ""11001101011"": 1, ""11101101001"": 1, ""11111011100"": 1, ""11111110010"": 1}"
019e10f7-661a-7b53-a524-395406f5783c,18,49,1749,ZXZZIZXZIZX,XZIZXZIZZXZ,"[0, 1, 3, 4, 5, 7, 8, 9, 10]",-0.00048828124999999913,0.0,10,0.4,"{""00000000100"": 1, ""00010011000"": 1, ""00110101000"": 1, ""01010011111"": 1, ""01011010111"": 1, ""01100000011"": 1, ""01101011000"": 1, ""01101011111"": 1, ""10010010100"": 1, ""11001110000"": 1}"
019e10f7-661a-7b53-a524-395406f5783c,18,50,1750,ZXZZIZXZZXZ,ZXZZXZIZZXZ,"[0, 1, 2, 3, 4, 5, 7, 8, 9, 10]",-0.00048828124999999913,0.0,10,0.4,"{""00000000011"": 1, ""00110000011"": 1, ""00111001000"": 1, ""01010110011"": 1, ""01011000000"": 1, ""01011110101"": 1, ""01100010101"": 1, ""10110110000"": 1, ""11110011110"": 1, ""11111011000"": 1}"
019e10f7-661a-7b53-a524-395406f5783c,18,51,1751,ZXZZIZXZZYY,YYZZXZIZZXZ,"[0, 1, 2, 3, 4, 5, 7, 8, 9, 10]",-0.00048828124999999913,0.0,10,0.4,"{""00000011011"": 1, ""01010010110"": 1, ""01010101100"": 1, ""01100101000"": 1, ""01110000000"": 1, ""10010101000"": 1, ""10100011110"": 1, ""11110000110"": 1, ""11110011011"": 1, ""11110011110"": 1}"
019e10f7-661a-7b53-a524-395406f5783c,18,52,1752,ZXZZIZYXXXY,YXXXYZIZZXZ,"[0, 1, 2, 3, 4, 5, 7, 8, 9, 10]",0.00048828124999999913,0.0,10,-0.2,"{""00001100100"": 1, ""00110010110"": 1, ""00111000001"": 1, ""00111010001"": 1, ""01010000010"": 1, ""01100000111"": 1, ""10011100110"": 1, ""10101010101"": 1, ""10111010101"": 1, ""11000000110"": 1}"
019e10f7-661a-7b53-a524-395406f5783c,18,53,1753,ZXZZIZYXXYZ,ZYXXYZIZZXZ,"[0, 1, 2, 3, 4, 5, 7, 8, 9, 10]",-0.00048828124999999913,0.0,10,0.6,"{""00000100110"": 1, ""01010011000"": 1, ""01011000011"": 1, ""01100001010"": 1, ""01100010010"": 1, ""01100101111"": 1, ""10010010111"": 1, ""10100000101"": 1, ""10100001111"": 1, ""10101110110"": 1}"
019e10f7-661a-7b53-a524-395406f5783c,18,54,1754,ZXZZIZYXYIX,XIYXYZIZZXZ,"[0, 2, 3, 4, 5, 7, 8, 9, 10]",0.00048828124999999913,0.0,10,-0.4,"{""00001110100"": 1, ""00111010111"": 1, ""01010000100"": 1, ""10001000100"": 1, ""10001101011"": 1, ""10100000100"": 1, ""10101010000"": 1, ""11000011100"": 1, ""11100111111"": 1, ""11110100000"": 1}"
019e10f7-661a-7b53-a524-395406f5783c,18,55,1755,ZXZZIZYXYZI,IZYXYZIZZXZ,"[1, 2, 3, 4, 5, 7, 8, 9, 10]",0.00048828124999999913,0.0,10,0.0,"{""00001000100"": 1, ""01001010111"": 1, ""01010100001"": 1, ""01100000001"": 1, ""01101001101"": 1, ""10011111110"": 1, ""10101100000"": 1, ""10110011011"": 1, ""11000000101"": 1, ""11100000010"": 1}"
019e10f7-661a-7b53-a524-395406f5783c,18,56,1756,ZXZZIZYYIXZ,ZXIYYZIZZXZ,"[0, 1, 3, 4, 5, 7, 8, 9, 10]",-0.00048828124999999913,0.0,10,0.4,"{""00000011000"": 1, ""00001111101"": 1, ""00110111110"": 1, ""01011000000"": 1, ""01100000001"": 1, ""01111110011"": 1, ""10001101011"": 1, ""10101110000"": 1, ""11000011011"": 1, ""11110100101"": 1}"
019e10f7-661a-7b53-a524-395406f5783c,18,57,1757,ZXZZIZYYIYY,YYIYYZIZZXZ,"[0, 1, 3, 4, 5, 7, 8, 9, 10]",-0.00048828124999999913,0.0,10,0.8,"{""00110000011"": 1, ""00110111110"": 1, ""00111000000"": 1, ""01100011011"": 1, ""01101011011"": 1, ""10001101011"": 1, ""10011001110"": 1, ""10101110011"": 1, ""11001101000"": 1, ""11111101000"": 1}"
019e10f7-661a-7b53-a524-395406f5783c,18,58,1758,ZXZZIZYYZII,IIZYYZIZZXZ,"[2, 3, 4, 5, 7, 8, 9, 10]",-0.00048828124999999913,0.0,10,0.4,"{""00010101001"": 1, ""01010100111"": 1, ""01100001100"": 1, ""10010101010"": 1, ""10010111101"": 1, ""10011001110"": 1, ""10101100101"": 1, ""11011010110"": 1, ""11100011001"": 1, ""11111011001"": 1}"
019e10f7-661a-7b53-a524-395406f5783c,18,59,1759,ZXZZIZYYZZX,XZZYYZIZZXZ,"[0, 1, 2, 3, 4, 5, 7, 8, 9, 10]",-0.00048828124999999913,0.0,10,0.4,"{""00000110000"": 1, ""00001101000"": 1, ""00110101000"": 1, ""00111001111"": 1, ""01011011000"": 1, ""01110001100"": 1, ""10001110000"": 1, ""10101111100"": 2, ""11110110001"": 1}"
019e10f7-661a-7b53-a524-395406f5783c,18,60,1760,ZXZZZXIXIXZ,ZXIXIXZZZXZ,"[0, 1, 3, 5, 6, 7, 8, 9, 10]",-0.00048828124999999913,0.0,10,0.8,"{""00000110101"": 1, ""00110110101"": 1, ""00111100011"": 1, ""01011101110"": 1, ""01100111011"": 1, ""01101011011"": 1, ""01101101110"": 1, ""10011101101"": 1, ""10100001110"": 1, ""11010110101"": 1}"
019e10f7-661a-7b53-a524-395406f5783c,18,61,1761,ZXZZZXIXIYY,YYIXIXZZZXZ,"[0, 1, 3, 5, 6, 7, 8, 9, 10]",-0.00048828124999999913,0.0,10,0.2,"{""00111100000"": 1, ""00111101101"": 1, ""01111100000"": 1, ""10001100011"": 1, ""10010001111"": 1, ""10011010110"": 1, ""11000110101"": 1, ""11010110110"": 1, ""11110110101"": 1, ""11111101110"": 1}"
019e10f7-661a-7b53-a524-395406f5783c,18,62,1762,ZXZZZXIXZII,IIZXIXZZZXZ,"[2, 3, 5, 6, 7, 8, 9, 10]",-0.00048828124999999913,0.0,10,0.8,"{""00001010100"": 1, ""00110000001"": 1, ""00110001111"": 1, ""00110110110"": 1, ""00110111001"": 1, ""01010001101"": 1, ""01010110101"": 1, ""01010111010"": 1, ""01101101101"": 1, ""10010001011"": 1}"
019e10f7-661a-7b53-a524-395406f5783c,18,63,1763,ZXZZZXIXZZX,XZZXIXZZZXZ,"[0, 1, 2, 3, 5, 6, 7, 8, 9, 10]",-0.00048828124999999913,0.0,10,0.4,"{""00000000011"": 1, ""00010110111"": 1, ""00110001100"": 1, ""01010010111"": 1, ""01011100111"": 1, ""01101101111"": 1, ""10011101111"": 1, ""10100001111"": 1, ""10100110100"": 1, ""11001101111"": 1}"
019e10f7-661a-7b53-a524-395406f5783c,18,64,1764,ZXZZZXIYXXY,YXXYIXZZZXZ,"[0, 1, 2, 3, 5, 6, 7, 8, 9, 10]",-0.00048828124999999913,0.0,10,0.6,"{""00000000101"": 1, ""00110001111"": 1, ""00110110001"": 1, ""10000000011"": 1, ""10011010100"": 1, ""10011011110"": 1, ""10100111000"": 1, ""11000110101"": 1, ""11000111101"": 1, ""11111101111"": 1}"
019e10f7-661a-7b53-a524-395406f5783c,18,65,1765,ZXZZZXIYXYZ,ZYXYIXZZZXZ,"[0, 1, 2, 3, 5, 6, 7, 8, 9, 10]",0.00048828124999999913,0.0,10,-0.4,"{""00001101111"": 1, ""00100010111"": 1, ""00110000010"": 1, ""00110110011"": 1, ""01010000001"": 2, ""01100001110"": 1, ""10111011001"": 1, ""11000001101"": 1, ""11111011111"": 1}"
019e10f7-661a-7b53-a524-395406f5783c,18,66,1766,ZXZZZXIYYIX,XIYYIXZZZXZ,"[0, 2, 3, 5, 6, 7, 8, 9, 10]",-0.00048828124999999913,0.0,10,0.6,"{""00000110011"": 1, ""00001011100"": 1, ""00001011111"": 1, ""00110000000"": 1, ""01011100111"": 1, ""01011101011"": 1, ""01101011000"": 1, ""11001101011"": 1, ""11001101100"": 1, ""11111010010"": 1}"
019e10f7-661a-7b53-a524-395406f5783c,18,67,1767,ZXZZZXIYYZI,IZYYIXZZZXZ,"[1, 2, 3, 5, 6, 7, 8, 9, 10]",-0.00048828124999999913,0.0,10,0.4,"{""00110000110"": 1, ""01100101111"": 1, ""01111101010"": 1, ""10000000000"": 1, ""10100000111"": 1, ""10100001101"": 1, ""10101010100"": 1, ""10111000000"": 1, ""11111011001"": 1, ""11111100010"": 1}"
019e10f7-661a-7b53-a524-395406f5783c,18,68,1768,ZXZZZXZIIII,IIIIZXZZZXZ,"[4, 5, 6, 7, 8, 9, 10]",-0.00048828124999999913,0.0,10,0.6,"{""00001100111"": 1, ""00111101110"": 1, ""01010000101"": 1, ""01100010001"": 1, ""01101010010"": 1, ""10011001000"": 1, ""10011100101"": 1, ""10100110001"": 1, ""10101101101"": 1, ""11111010001"": 1}"
019e10f7-661a-7b53-a524-395406f5783c,18,69,1769,ZXZZZXZIIZX,XZIIZXZZZXZ,"[0, 1, 4, 5, 6, 7, 8, 9, 10]",-0.00048828124999999913,0.0,10,1.0,"{""00001101100"": 1, ""00110001011"": 1, ""00111011111"": 1, ""01011011000"": 1, ""01011011011"": 1, ""01101010000"": 1, ""10101100000"": 1, ""10101100100"": 1, ""10101100111"": 1, ""11001100100"": 1}"
019e10f7-661a-7b53-a524-395406f5783c,18,70,1770,ZXZZZXZIZXZ,ZXZIZXZZZXZ,"[0, 1, 2, 4, 5, 6, 7, 8, 9, 10]",-0.00048828124999999913,0.0,10,0.8,"{""00001101110"": 1, ""00111011101"": 1, ""01010001110"": 1, ""01011101101"": 1, ""01101010000"": 1, ""01101010101"": 1, ""01110000000"": 1, ""10101011000"": 1, ""11000000000"": 1, ""11000000011"": 1}"
019e10f7-661a-7b53-a524-395406f5783c,18,71,1771,ZXZZZXZIZYY,YYZIZXZZZXZ,"[0, 1, 2, 4, 5, 6, 7, 8, 9, 10]",-0.00048828124999999913,0.0,10,1.0,"{""00001010101"": 1, ""00110111110"": 1, ""00111101000"": 1, ""01010110101"": 1, ""01011011011"": 1, ""01100000000"": 1, ""01100110011"": 1, ""10011011101"": 1, ""10101101110"": 1, ""11110110101"": 1}"
019e10f7-661a-7b53-a524-395406f5783c,18,72,1772,ZXZZZXZZXIX,XIXZZXZZZXZ,"[0, 2, 3, 4, 5, 6, 7, 8, 9, 10]",-0.00048828124999999913,0.0,10,0.8,"{""00111100000"": 1, ""01010000000"": 1, ""01011100000"": 1, ""01011100111"": 1, ""01100010011"": 1, ""01100111100"": 1, ""01110110000"": 1, ""10010001100"": 1, ""10101101011"": 1, ""11001100000"": 1}"
019e10f7-661a-7b53-a524-395406f5783c,18,73,1773,ZXZZZXZZXZI,IZXZZXZZZXZ,"[1, 2, 3, 4, 5, 6, 7, 8, 9, 10]",-0.00048828124999999913,0.0,10,0.6,"{""00001000110"": 1, ""00001010001"": 1, ""00001010111"": 1, ""00001011100"": 1, ""01100000000"": 1, ""01100000111"": 1, ""01110000001"": 1, ""11000000110"": 1, ""11110110000"": 1, ""11110111101"": 1}"
019e10f7-661a-7b53-a524-395406f5783c,18,74,1774,ZXZZZXZZYXY,YXYZZXZZZXZ,"[0, 1, 2, 3, 4, 5, 6, 7, 8, 9, 10]",0.00048828124999999913,0.0,10,-0.6,"{""00000111011"": 1, ""00110001110"": 1, ""01010110001"": 1, ""01011101110"": 1, ""01101010100"": 1, ""10001100010"": 1, ""10010111000"": 1, ""10100111000"": 1, ""10101011000"": 1, ""11001100110"": 1}"
019e10f7-661a-7b53-a524-395406f5783c,18,75,1775,ZXZZZXZZYYZ,ZYYZZXZZZXZ,"[0, 1, 2, 3, 4, 5, 6, 7, 8, 9, 10]",-0.00048828124999999913,0.0,10,0.4,"{""00100110110"": 1, ""00111010110"": 1, ""01010110000"": 1, ""01011100101"": 1, ""10010000110"": 1, ""11000110011"": 1, ""11001100000"": 1, ""11010000110"": 1, ""11101100000"": 1, ""11110110101"": 1}"
019e10f7-661a-7b53-a524-395406f5783c,18,76,1776,ZXZZZYXXXXY,YXXXXYZZZXZ,"[0, 1, 2, 3, 4, 5, 6, 7, 8, 9, 10]",-0.00048828124999999913,0.0,10,-0.2,"{""00110100100"": 1, ""00111110001"": 1, ""01010000100"": 1, ""01011011111"": 1, ""01110001100"": 1, ""10000110011"": 1, ""10100010101"": 1, ""10101000001"": 1, ""10101011101"": 1, ""11011001011"": 1}"
019e10f7-661a-7b53-a524-395406f5783c,18,77,1777,ZXZZZYXXXYZ,ZYXXXYZZZXZ,"[0, 1, 2, 3, 4, 5, 6, 7, 8, 9, 10]",0.00048828124999999913,0.0,10,-0.6,"{""00110101001"": 1, ""01011110011"": 1, ""01100110001"": 1, ""10010000001"": 1, ""10010000110"": 1, ""10010011111"": 1, ""11000000010"": 1, ""11000000100"": 1, ""11000010011"": 1, ""11010100011"": 1}"
019e10f7-661a-7b53-a524-395406f5783c,18,78,1778,ZXZZZYXXYIX,XIYXXYZZZXZ,"[0, 2, 3, 4, 5, 6, 7, 8, 9, 10]",-0.00048828124999999913,0.0,10,0.2,"{""00001111000"": 1, ""01010001100"": 1, ""01010100111"": 1, ""01110111100"": 1, ""10101011100"": 1, ""11001000011"": 1, ""11101111000"": 1, ""11110101111"": 1, ""11111101000"": 1, ""11111111000"": 1}"
019e10f7-661a-7b53-a524-395406f5783c,18,79,1779,ZXZZZYXXYZI,IZYXXYZZZXZ,"[1, 2, 3, 4, 5, 6, 7, 8, 9, 10]",-0.00048828124999999913,0.0,10,0.6,"{""00001010000"": 1, ""00010101111"": 1, ""00111111010"": 1, ""10010001010"": 1, ""10101110010"": 1, ""11000100101"": 1, ""11000111101"": 1, ""11001111110"": 1, ""11110011111"": 1, ""11111011101"": 1}"
019e10f7-661a-7b53-a524-395406f5783c,18,80,1780,ZXZZZYXYIXZ,ZXIYXYZZZXZ,"[0, 1, 3, 4, 5, 6, 7, 8, 9, 10]",0.00048828124999999913,0.0,10,-1.0,"{""00001001110"": 1, ""00110011101"": 1, ""01011010101"": 1, ""01011011011"": 1, ""01100001000"": 2, ""01101100101"": 1, ""10011110011"": 1, ""10100101110"": 1, ""11000100011"": 1}"
019e10f7-661a-7b53-a524-395406f5783c,18,81,1781,ZXZZZYXYIYY,YYIYXYZZZXZ,"[0, 1, 3, 4, 5, 6, 7, 8, 9, 10]",0.00048828124999999913,0.0,10,-0.6,"{""00100011110"": 1, ""00110110101"": 1, ""00110110110"": 1, ""00111110000"": 1, ""01001101000"": 1, ""01010000110"": 1, ""01010110110"": 1, ""10011011011"": 1, ""10011101011"": 1, ""10011110011"": 1}"
019e10f7-661a-7b53-a524-395406f5783c,18,82,1782,ZXZZZYXYZII,IIZYXYZZZXZ,"[2, 3, 4, 5, 6, 7, 8, 9, 10]",0.00048828124999999913,0.0,10,-0.2,"{""00000110101"": 1, ""00111000000"": 1, ""01000110100"": 1, ""01011010101"": 1, ""10100001100"": 1, ""10101111101"": 1, ""11000110011"": 1, ""11001000010"": 1, ""11001110111"": 1, ""11110100010"": 1}"
019e10f7-661a-7b53-a524-395406f5783c,18,83,1783,ZXZZZYXYZZX,XZZYXYZZZXZ,"[0, 1, 2, 3, 4, 5, 6, 7, 8, 9, 10]",0.00048828124999999913,0.0,10,-1.0,"{""00100111001"": 1, ""01011001111"": 1, ""01011101000"": 1, ""10010100011"": 1, ""11000010000"": 1, ""11000010011"": 1, ""11000011111"": 1, ""11000101001"": 1, ""11001011011"": 1, ""11111011000"": 1}"
019e10f7-661a-7b53-a524-395406f5783c,18,84,1784,ZXZZZYYIXIX,XIXIYYZZZXZ,"[0, 2, 4, 5, 6, 7, 8, 9, 10]",-0.00048828124999999913,0.0,10,0.6,"{""00000000000"": 1, ""00111110111"": 1, ""01100000111"": 1, ""01100011100"": 1, ""10011001011"": 1, ""10101010111"": 1, ""10101110111"": 1, ""11000000111"": 1, ""11000011011"": 1, ""11001111011"": 1}"
019e10f7-661a-7b53-a524-395406f5783c,18,85,1785,ZXZZZYYIXZI,IZXIYYZZZXZ,"[1, 2, 4, 5, 6, 7, 8, 9, 10]",-0.00048828124999999913,0.0,10,0.4,"{""01010110001"": 1, ""01011110000"": 1, ""01101010111"": 1, ""01101100110"": 1, ""10000110001"": 1, ""10100000111"": 1, ""10100110000"": 1, ""11000101100"": 1, ""11000110100"": 1, ""11001010000"": 1}"
019e10f7-661a-7b53-a524-395406f5783c,18,86,1786,ZXZZZYYIYXY,YXYIYYZZZXZ,"[0, 1, 2, 4, 5, 6, 7, 8, 9, 10]",0.00048828124999999913,0.0,10,0.0,"{""00000011000"": 1, ""00110011011"": 1, ""00111100101"": 1, ""01101001101"": 1, ""10010011011"": 1, ""10011011000"": 1, ""10011111101"": 1, ""10100111101"": 1, ""11011100111"": 1, ""11101001000"": 1}"
019e10f7-661a-7b53-a524-395406f5783c,18,87,1787,ZXZZZYYIYYZ,ZYYIYYZZZXZ,"[0, 1, 2, 4, 5, 6, 7, 8, 9, 10]",-0.00048828124999999913,0.0,10,0.2,"{""00110101101"": 1, ""00111100101"": 1, ""01010101100"": 1, ""01100101100"": 1, ""01101001111"": 1, ""01101010110"": 1, ""01101111011"": 1, ""01111010000"": 1, ""11100110101"": 1, ""11110101010"": 1}"
019e10f7-661a-7b53-a524-395406f5783c,18,88,1788,ZXZZZYYZIII,IIIZYYZZZXZ,"[3, 4, 5, 6, 7, 8, 9, 10]",-0.00048828124999999913,0.0,10,0.6,"{""00110110010"": 1, ""01100001101"": 1, ""10010011110"": 1, ""10011010101"": 1, ""10101010011"": 1, ""10110000111"": 1, ""11000011001"": 1, ""11000101110"": 1, ""11001010110"": 1, ""11001100111"": 1}"
019e10f7-661a-7b53-a524-395406f5783c,18,89,1789,ZXZZZYYZIZX,XZIZYYZZZXZ,"[0, 1, 3, 4, 5, 6, 7, 8, 9, 10]",-0.00048828124999999913,0.0,10,0.4,"{""00000011111"": 1, ""01011110100"": 1, ""10010110000"": 1, ""10100110000"": 1, ""10101000100"": 1, ""10101001000"": 1, ""10110101011"": 1, ""11000011100"": 1, ""11110101011"": 1, ""11110101111"": 1}"
019e10f7-661a-7b53-a524-395406f5783c,18,90,1790,ZXZZZYYZZXZ,ZXZZYYZZZXZ,"[0, 1, 2, 3, 4, 5, 6, 7, 8, 9, 10]",-0.00048828124999999913,0.0,10,0.8,"{""00000011011"": 1, ""00001010101"": 1, ""01010101000"": 1, ""01011010001"": 1, ""01101001011"": 1, ""10010000011"": 1, ""10011010110"": 1, ""10101111101"": 1, ""11000101110"": 1, ""11110110110"": 1}"
019e10f7-661a-7b53-a524-395406f5783c,18,91,1791,ZXZZZYYZZYY,YYZZYYZZZXZ,"[0, 1, 2, 3, 4, 5, 6, 7, 8, 9, 10]",-0.00048828124999999913,0.0,10,0.8,"{""00001010000"": 1, ""00011000101"": 1, ""01100101101"": 1, ""01101111011"": 1, ""10010000110"": 1, ""10010010110"": 1, ""10011100000"": 1, ""11000101110"": 1, ""11101011101"": 1, ""11110101110"": 1}"
019e10f7-661a-7b53-a524-395406f5783c,18,92,1792,ZYIYXIXIXIX,XIXIXIXYIYZ,"[0, 2, 4, 6, 7, 9, 10]",-0.00048828124999999913,0.0,10,0.6,"{""00000000000"": 1, ""00001101011"": 1, ""00111000111"": 1, ""01011110111"": 2, ""01100011011"": 1, ""10011100101"": 1, ""10011110000"": 1, ""10100110000"": 1, ""11111111011"": 1}"
019e10f7-661a-7b53-a524-395406f5783c,18,93,1793,ZYIYXIXIXZI,IZXIXIXYIYZ,"[1, 2, 4, 6, 7, 9, 10]",-0.00048828124999999913,0.0,10,0.0,"{""00101000010"": 1, ""01011110001"": 1, ""01011110110"": 1, ""01100000001"": 1, ""01100011011"": 1, ""01101000000"": 1, ""01101101011"": 1, ""10010010011"": 1, ""10010101011"": 1, ""11000011001"": 1}"
019e10f7-661a-7b53-a524-395406f5783c,18,94,1794,ZYIYXIXIYXY,YXYIXIXYIYZ,"[0, 1, 2, 4, 6, 7, 9, 10]",0.00048828124999999913,0.0,10,-0.6,"{""00000000010"": 1, ""01011101101"": 1, ""01100101011"": 1, ""10010011101"": 1, ""10010011110"": 1, ""11010000001"": 1, ""11010011101"": 1, ""11101001000"": 1, ""11110101101"": 1, ""11111000001"": 1}"
019e10f7-661a-7b53-a524-395406f5783c,18,95,1795,ZYIYXIXIYYZ,ZYYIXIXYIYZ,"[0, 1, 2, 4, 6, 7, 9, 10]",-0.00048828124999999913,0.0,10,0.0,"{""01010011100"": 1, ""01100000101"": 1, ""01100101000"": 1, ""01100101110"": 1, ""10010000101"": 1, ""10101000101"": 1, ""11000011100"": 1, ""11001101010"": 1, ""11010011111"": 1, ""11100101001"": 1}"
019e10f7-661a-7b53-a524-395406f5783c,18,96,1796,ZYIYXIXZIII,IIIZXIXYIYZ,"[3, 4, 6, 7, 9, 10]",-0.00048828124999999913,0.0,10,1.0,"{""00000011000"": 1, ""00001010011"": 1, ""01011101110"": 1, ""01011110011"": 1, ""01100101011"": 1, ""01100110000"": 1, ""01100110111"": 1, ""10010011010"": 1, ""11000000001"": 1, ""11111000110"": 1}"
019e10f7-661a-7b53-a524-395406f5783c,18,97,1797,ZYIYXIXZIZX,XZIZXIXYIYZ,"[0, 1, 3, 4, 6, 7, 9, 10]",-0.00048828124999999913,0.0,10,0.8,"{""00000000111"": 1, ""00111000011"": 1, ""00111011000"": 1, ""01010000000"": 1, ""10000101000"": 1, ""10100110011"": 1, ""10101011000"": 1, ""11001110111"": 1, ""11001111100"": 1, ""11111011000"": 1}"
019e10f7-661a-7b53-a524-395406f5783c,18,98,1798,ZYIYXIXZZXZ,ZXZZXIXYIYZ,"[0, 1, 2, 3, 4, 6, 7, 9, 10]",-0.00048828124999999913,0.0,10,0.2,"{""00000000011"": 1, ""00001000000"": 1, ""00001110110"": 1, ""00111011101"": 1, ""01101011011"": 1, ""01101110011"": 1, ""10000101000"": 1, ""10010110000"": 1, ""10100011000"": 1, ""11110101011"": 1}"
019e10f7-661a-7b53-a524-395406f5783c,18,99,1799,ZYIYXIXZZYY,YYZZXIXYIYZ,"[0, 1, 2, 3, 4, 6, 7, 9, 10]",-0.00048828124999999913,0.0,10,0.4,"{""00010000101"": 1, ""00110101101"": 1, ""01011000101"": 1, ""10000110110"": 1, ""10001000101"": 1, ""10010011110"": 1, ""10011011000"": 1, ""10100110000"": 1, ""11110101000"": 1, ""11110101110"": 1}"
019e10f7-782d-7e11-ae6a-3f6e8eb13e0c,19,0,1800,ZYIYXIYXXXY,YXXXYIXYIYZ,"[0, 1, 2, 3, 4, 6, 7, 9, 10]",0.00048828124999999913,0.0,10,-0.6,"{""00011011010"": 1, ""00110101001"": 1, ""00111000100"": 1, ""00111001110"": 1, ""01101011100"": 1, ""10010110000"": 1, ""10101110010"": 1, ""11010110000"": 1, ""11101001010"": 1, ""11111001000"": 1}"
019e10f7-782d-7e11-ae6a-3f6e8eb13e0c,19,1,1801,ZYIYXIYXXYZ,ZYXXYIXYIYZ,"[0, 1, 2, 3, 4, 6, 7, 9, 10]",-0.00048828124999999913,0.0,10,1.0,"{""00000010111"": 1, ""00000011101"": 1, ""00110111010"": 1, ""00110111100"": 1, ""00111001001"": 1, ""01000011111"": 1, ""01011100100"": 1, ""01101011101"": 1, ""10010011011"": 1, ""11111100011"": 1}"
019e10f7-782d-7e11-ae6a-3f6e8eb13e0c,19,2,1802,ZYIYXIYXYIX,XIYXYIXYIYZ,"[0, 2, 3, 4, 6, 7, 9, 10]",0.00048828124999999913,0.0,10,-0.2,"{""00101011100"": 1, ""00110101011"": 1, ""01010011101"": 1, ""01011011011"": 1, ""01100100000"": 1, ""01100111111"": 1, ""01101000011"": 1, ""10011010111"": 1, ""10011101100"": 1, ""10101000011"": 1}"
019e10f7-782d-7e11-ae6a-3f6e8eb13e0c,19,3,1803,ZYIYXIYXYZI,IZYXYIXYIYZ,"[1, 2, 3, 4, 6, 7, 9, 10]",0.00048828124999999913,0.0,10,-0.6,"{""00000001001"": 1, ""00001100101"": 1, ""01010010111"": 1, ""01011101100"": 1, ""01100111111"": 1, ""01101010110"": 1, ""01101011100"": 1, ""10010101101"": 1, ""10101001111"": 1, ""11110101011"": 1}"
019e10f7-782d-7e11-ae6a-3f6e8eb13e0c,19,4,1804,ZYIYXIYYIXZ,ZXIYYIXYIYZ,"[0, 1, 3, 4, 6, 7, 9, 10]",-0.00048828124999999913,0.0,10,0.6,"{""00000000011"": 1, ""01011100101"": 1, ""01100101011"": 1, ""01101100001"": 1, ""10000000000"": 1, ""10010000011"": 1, ""11000001110"": 1, ""11000010101"": 1, ""11001100110"": 1, ""11111001101"": 1}"
019e10f7-782d-7e11-ae6a-3f6e8eb13e0c,19,5,1805,ZYIYXIYYIYY,YYIYYIXYIYZ,"[0, 1, 3, 4, 6, 7, 9, 10]",-0.00048828124999999913,0.0,10,0.2,"{""00100101011"": 1, ""00111010110"": 1, ""01011101110"": 1, ""01101101000"": 1, ""10011100110"": 1, ""10101011011"": 1, ""11110001101"": 1, ""11110010011"": 1, ""11110110011"": 1, ""11111000000"": 1}"
019e10f7-782d-7e11-ae6a-3f6e8eb13e0c,19,6,1806,ZYIYXIYYZII,IIZYYIXYIYZ,"[2, 3, 4, 6, 7, 9, 10]",-0.00048828124999999913,0.0,10,0.2,"{""00000010110"": 1, ""00010001110"": 1, ""00011110000"": 1, ""00111000010"": 1, ""01010011011"": 1, ""01110101011"": 1, ""10010110000"": 1, ""10100110010"": 1, ""11110001000"": 1, ""11110101010"": 1}"
019e10f7-782d-7e11-ae6a-3f6e8eb13e0c,19,7,1807,ZYIYXIYYZZX,XZZYYIXYIYZ,"[0, 1, 2, 3, 4, 6, 7, 9, 10]",-0.00048828124999999913,0.0,10,0.2,"{""00111001100"": 1, ""10011000000"": 1, ""10111000011"": 1, ""11000001000"": 1, ""11000001100"": 1, ""11001010000"": 1, ""11001110000"": 1, ""11001110011"": 1, ""11011101011"": 1, ""11110101000"": 1}"
019e10f7-782d-7e11-ae6a-3f6e8eb13e0c,19,8,1808,ZYIYXZIIIII,IIIIIZXYIYZ,"[5, 6, 7, 9, 10]",-0.00048828124999999913,0.0,10,0.6,"{""00001101100"": 1, ""00010010101"": 1, ""00111010111"": 1, ""00111100011"": 1, ""01100111011"": 1, ""01101010000"": 1, ""10101001110"": 1, ""11001100010"": 1, ""11110100010"": 1, ""11110110101"": 1}"
019e10f7-782d-7e11-ae6a-3f6e8eb13e0c,19,9,1809,ZYIYXZIIIZX,XZIIIZXYIYZ,"[0, 1, 5, 6, 7, 9, 10]",-0.00048828124999999913,0.0,10,0.4,"{""00010101100"": 1, ""00110100111"": 1, ""01011110101"": 1, ""01100110100"": 1, ""01100111100"": 1, ""10010011000"": 1, ""10011011111"": 1, ""10101010011"": 1, ""11010100111"": 1, ""11110011100"": 1}"
019e10f7-782d-7e11-ae6a-3f6e8eb13e0c,19,10,1810,ZYIYXZIIZXZ,ZXZIIZXYIYZ,"[0, 1, 2, 5, 6, 7, 9, 10]",-0.00048828124999999913,0.0,10,0.4,"{""00000011101"": 1, ""00110000000"": 1, ""01011011011"": 1, ""01100100110"": 1, ""01101000110"": 1, ""01101010101"": 1, ""10010010110"": 1, ""10100100101"": 1, ""11110001101"": 1, ""11110100011"": 1}"
019e10f7-782d-7e11-ae6a-3f6e8eb13e0c,19,11,1811,ZYIYXZIIZYY,YYZIIZXYIYZ,"[0, 1, 2, 5, 6, 7, 9, 10]",-0.00048828124999999913,0.0,10,0.6,"{""00001100000"": 1, ""00100011101"": 1, ""00100110011"": 1, ""01010010110"": 1, ""01011101011"": 1, ""10011110000"": 1, ""10011110101"": 1, ""10101001101"": 1, ""10110111110"": 1, ""11111000000"": 1}"
019e10f7-782d-7e11-ae6a-3f6e8eb13e0c,19,12,1812,ZYIYXZIZXIX,XIXZIZXYIYZ,"[0, 2, 3, 5, 6, 7, 9, 10]",-0.00048828124999999913,0.0,10,0.6,"{""00001110000"": 1, ""01010001100"": 1, ""01100111011"": 1, ""01101010000"": 1, ""10000011011"": 1, ""10010000111"": 1, ""10010010000"": 1, ""10110111011"": 1, ""11111000111"": 1, ""11111001011"": 1}"
019e10f7-782d-7e11-ae6a-3f6e8eb13e0c,19,13,1813,ZYIYXZIZXZI,IZXZIZXYIYZ,"[1, 2, 3, 5, 6, 7, 9, 10]",-0.00048828124999999913,0.0,10,-0.2,"{""00001100001"": 1, ""00110001010"": 1, ""00110111010"": 1, ""00111001011"": 1, ""00111010001"": 1, ""01100001011"": 1, ""10010001000"": 1, ""10101001110"": 1, ""10101101011"": 1, ""11001000000"": 1}"
019e10f7-782d-7e11-ae6a-3f6e8eb13e0c,19,14,1814,ZYIYXZIZYXY,YXYZIZXYIYZ,"[0, 1, 2, 3, 5, 6, 7, 9, 10]",0.00048828124999999913,0.0,10,-0.6,"{""00001101110"": 1, ""00110110001"": 1, ""00111000001"": 1, ""01101001000"": 1, ""01101100110"": 1, ""10000011011"": 1, ""10101110001"": 1, ""11000010100"": 1, ""11000010111"": 1, ""11110111011"": 1}"
019e10f7-782d-7e11-ae6a-3f6e8eb13e0c,19,15,1815,ZYIYXZIZYYZ,ZYYZIZXYIYZ,"[0, 1, 2, 3, 5, 6, 7, 9, 10]",-0.00048828124999999913,0.0,10,0.2,"{""00000000000"": 1, ""00001110001"": 1, ""00010010100"": 1, ""00110100101"": 1, ""01100110011"": 1, ""01110101111"": 1, ""10100110001"": 1, ""10100110100"": 1, ""11001100011"": 1, ""11100100010"": 1}"
019e10f7-782d-7e11-ae6a-3f6e8eb13e0c,19,16,1816,ZYIYXZZXIXZ,ZXIXZZXYIYZ,"[0, 1, 3, 4, 5, 6, 7, 9, 10]",-0.00048828124999999913,0.0,10,0.4,"{""00000001110"": 1, ""00010011011"": 1, ""00011110110"": 1, ""00110101110"": 1, ""00111001101"": 1, ""00111010110"": 1, ""01100100011"": 1, ""01101010100"": 1, ""10101010101"": 1, ""11001110110"": 1}"
019e10f7-782d-7e11-ae6a-3f6e8eb13e0c,19,17,1817,ZYIYXZZXIYY,YYIXZZXYIYZ,"[0, 1, 3, 4, 5, 6, 7, 9, 10]",-0.00048828124999999913,0.0,10,0.2,"{""00000000011"": 1, ""00011100000"": 1, ""00110101101"": 1, ""00111001001"": 1, ""01100101101"": 1, ""01100101110"": 1, ""01110101101"": 1, ""10000010101"": 1, ""11001110110"": 1, ""11010010101"": 1}"
019e10f7-782d-7e11-ae6a-3f6e8eb13e0c,19,18,1818,ZYIYXZZXZII,IIZXZZXYIYZ,"[2, 3, 4, 5, 6, 7, 9, 10]",-0.00048828124999999913,0.0,10,0.2,"{""00100111010"": 1, ""01010000000"": 1, ""01100001110"": 1, ""01100100001"": 1, ""10001110110"": 1, ""10101000000"": 1, ""11001101100"": 1, ""11010000110"": 1, ""11011111001"": 1, ""11111001111"": 1}"
019e10f7-782d-7e11-ae6a-3f6e8eb13e0c,19,19,1819,ZYIYXZZXZZX,XZZXZZXYIYZ,"[0, 1, 2, 3, 4, 5, 6, 7, 9, 10]",-0.00048828124999999913,0.0,10,0.8,"{""00001111011"": 1, ""01100111000"": 1, ""01111001101"": 1, ""10010001111"": 1, ""10010010111"": 1, ""10010011011"": 1, ""10011111000"": 1, ""10100100011"": 1, ""11011100000"": 1, ""11110111011"": 1}"
019e10f7-782d-7e11-ae6a-3f6e8eb13e0c,19,20,1820,ZYIYXZZYXXY,YXXYZZXYIYZ,"[0, 1, 2, 3, 4, 5, 6, 7, 9, 10]",-0.00048828124999999913,0.0,10,0.0,"{""00000101100"": 1, ""00111011011"": 1, ""01110110101"": 1, ""10100010100"": 1, ""11000000011"": 1, ""11000011000"": 1, ""11011110100"": 1, ""11011111000"": 1, ""11101100011"": 1, ""11111100110"": 1}"
019e10f7-782d-7e11-ae6a-3f6e8eb13e0c,19,21,1821,ZYIYXZZYXYZ,ZYXYZZXYIYZ,"[0, 1, 2, 3, 4, 5, 6, 7, 9, 10]",0.00048828124999999913,0.0,10,-0.6,"{""00110001000"": 1, ""00110111111"": 1, ""00111010101"": 1, ""01010000100"": 1, ""01100101110"": 1, ""01100110110"": 1, ""10000001111"": 1, ""10100101000"": 1, ""11000101001"": 1, ""11010010101"": 1}"
019e10f7-782d-7e11-ae6a-3f6e8eb13e0c,19,22,1822,ZYIYXZZYYIX,XIYYZZXYIYZ,"[0, 2, 3, 4, 5, 6, 7, 9, 10]",-0.00048828124999999913,0.0,10,0.6,"{""00011111111"": 1, ""00111010100"": 1, ""01010001011"": 1, ""01010110100"": 1, ""01011110100"": 2, ""01100110011"": 1, ""10010001100"": 1, ""10101010011"": 1, ""11001110011"": 1}"
019e10f7-782d-7e11-ae6a-3f6e8eb13e0c,19,23,1823,ZYIYXZZYYZI,IZYYZZXYIYZ,"[1, 2, 3, 4, 5, 6, 7, 9, 10]",-0.00048828124999999913,0.0,10,0.6,"{""00001101011"": 1, ""01010101100"": 1, ""01011111111"": 1, ""01110101010"": 1, ""10011100000"": 1, ""10101010101"": 1, ""11000000000"": 1, ""11001100110"": 1, ""11111010010"": 1, ""11111011111"": 1}"
019e10f7-782d-7e11-ae6a-3f6e8eb13e0c,19,24,1824,ZYIYYXXXXXY,YXXXXXYYIYZ,"[0, 1, 2, 3, 4, 5, 6, 7, 9, 10]",0.00048828124999999913,0.0,10,-0.4,"{""00000000010"": 1, ""00100001010"": 1, ""01010110100"": 1, ""01010111011"": 1, ""01110011110"": 1, ""10010011010"": 1, ""10101000000"": 1, ""11001111100"": 1, ""11110001010"": 1, ""11111101111"": 1}"
019e10f7-782d-7e11-ae6a-3f6e8eb13e0c,19,25,1825,ZYIYYXXXXYZ,ZYXXXXYYIYZ,"[0, 1, 2, 3, 4, 5, 6, 7, 9, 10]",-0.00048828124999999913,0.0,10,0.2,"{""00001110000"": 1, ""00101001011"": 1, ""00110011001"": 1, ""00111111010"": 1, ""01010100101"": 1, ""01100111000"": 1, ""01111010010"": 1, ""10011100101"": 1, ""10100001000"": 1, ""11000010110"": 1}"
019e10f7-782d-7e11-ae6a-3f6e8eb13e0c,19,26,1826,ZYIYYXXXYIX,XIYXXXYYIYZ,"[0, 2, 3, 4, 5, 6, 7, 9, 10]",0.00048828124999999913,0.0,10,-0.2,"{""00000000011"": 1, ""00000001000"": 1, ""00000011111"": 1, ""00110001111"": 1, ""10010100000"": 1, ""10011100000"": 1, ""10101111000"": 1, ""11000011011"": 1, ""11000100111"": 1, ""11010011011"": 1}"
019e10f7-782d-7e11-ae6a-3f6e8eb13e0c,19,27,1827,ZYIYYXXXYZI,IZYXXXYYIYZ,"[1, 2, 3, 4, 5, 6, 7, 9, 10]",0.00048828124999999913,0.0,10,-0.2,"{""00001100010"": 1, ""00010010011"": 1, ""00111010011"": 1, ""00111011100"": 1, ""00111111101"": 1, ""01001000110"": 1, ""01100101011"": 1, ""11001010011"": 1, ""11110101110"": 1, ""11111011101"": 1}"
019e10f7-782d-7e11-ae6a-3f6e8eb13e0c,19,28,1828,ZYIYYXXYIXZ,ZXIYXXYYIYZ,"[0, 1, 3, 4, 5, 6, 7, 9, 10]",-0.00048828124999999913,0.0,10,0.6,"{""00010111101"": 1, ""01000010011"": 1, ""01010100110"": 1, ""01011001000"": 1, ""01011110101"": 1, ""01100001011"": 1, ""10011101110"": 1, ""11100100011"": 1, ""11110110101"": 1, ""11111000000"": 1}"
019e10f7-782d-7e11-ae6a-3f6e8eb13e0c,19,29,1829,ZYIYYXXYIYY,YYIYXXYYIYZ,"[0, 1, 3, 4, 5, 6, 7, 9, 10]",-0.00048828124999999913,0.0,10,0.6,"{""00001101010"": 1, ""00110001011"": 1, ""01001101110"": 1, ""01010011101"": 1, ""01011101101"": 1, ""01100001011"": 1, ""01101100101"": 1, ""01101101000"": 1, ""10010010101"": 1, ""11111011011"": 1}"
019e10f7-782d-7e11-ae6a-3f6e8eb13e0c,19,30,1830,ZYIYYXXYZII,IIZYXXYYIYZ,"[2, 3, 4, 5, 6, 7, 9, 10]",-0.00048828124999999913,0.0,10,0.0,"{""00001000011"": 1, ""00001001010"": 1, ""00101011000"": 1, ""00110011110"": 1, ""01011001001"": 1, ""01100010111"": 1, ""10010101011"": 1, ""10011010110"": 1, ""10100010011"": 1, ""10100100101"": 1}"
019e10f7-782d-7e11-ae6a-3f6e8eb13e0c,19,31,1831,ZYIYYXXYZZX,XZZYXXYYIYZ,"[0, 1, 2, 3, 4, 5, 6, 7, 9, 10]",-0.00048828124999999913,0.0,10,0.6,"{""00000010111"": 1, ""01010011111"": 1, ""01010111111"": 2, ""10010010011"": 1, ""11001010000"": 1, ""11011110011"": 1, ""11111010111"": 1, ""11111101011"": 1, ""11111111100"": 1}"
019e10f7-782d-7e11-ae6a-3f6e8eb13e0c,19,32,1832,ZYIYYXYIXIX,XIXIYXYYIYZ,"[0, 2, 4, 5, 6, 7, 9, 10]",0.00048828124999999913,0.0,10,-0.6,"{""00001101100"": 1, ""00011000000"": 1, ""01010010000"": 1, ""01101111011"": 1, ""10011011100"": 1, ""10011101011"": 1, ""10011110000"": 1, ""10100011011"": 1, ""11000010111"": 1, ""11001001011"": 1}"
019e10f7-782d-7e11-ae6a-3f6e8eb13e0c,19,33,1833,ZYIYYXYIXZI,IZXIYXYYIYZ,"[1, 2, 4, 5, 6, 7, 9, 10]",0.00048828124999999913,0.0,10,-0.4,"{""00100110110"": 1, ""01010001010"": 1, ""01010011100"": 1, ""10010010100"": 1, ""10011110111"": 1, ""10100011011"": 1, ""10101100000"": 1, ""10101100110"": 1, ""11001000000"": 1, ""11111111101"": 1}"
019e10f7-782d-7e11-ae6a-3f6e8eb13e0c,19,34,1834,ZYIYYXYIYXY,YXYIYXYYIYZ,"[0, 1, 2, 4, 5, 6, 7, 9, 10]",-0.00048828124999999913,0.0,10,0.6,"{""00000001101"": 1, ""00000010100"": 1, ""00001110100"": 1, ""01101000001"": 1, ""01101111011"": 1, ""10010001110"": 1, ""10010111110"": 1, ""10011110111"": 1, ""11101111101"": 1, ""11111001110"": 1}"
019e10f7-782d-7e11-ae6a-3f6e8eb13e0c,19,35,1835,ZYIYYXYIYYZ,ZYYIYXYYIYZ,"[0, 1, 2, 4, 5, 6, 7, 9, 10]",0.00048828124999999913,0.0,10,-0.4,"{""00001000110"": 1, ""00011110110"": 1, ""00111001111"": 1, ""00111111100"": 1, ""01010001100"": 1, ""01100010110"": 1, ""01101111010"": 1, ""10101001100"": 1, ""11111010110"": 1, ""11111101100"": 1}"
019e10f7-782d-7e11-ae6a-3f6e8eb13e0c,19,36,1836,ZYIYYXYZIII,IIIZYXYYIYZ,"[3, 4, 5, 6, 7, 9, 10]",0.00048828124999999913,0.0,10,-0.4,"{""00000001110"": 1, ""00000010101"": 1, ""00001001111"": 1, ""00110010011"": 1, ""01100011001"": 1, ""10100000110"": 1, ""10100011111"": 1, ""10110001111"": 1, ""11100101000"": 1, ""11110110110"": 1}"
019e10f7-782d-7e11-ae6a-3f6e8eb13e0c,19,37,1837,ZYIYYXYZIZX,XZIZYXYYIYZ,"[0, 1, 3, 4, 5, 6, 7, 9, 10]",0.00048828124999999913,0.0,10,-0.4,"{""00111010101"": 1, ""01000001100"": 1, ""01010001100"": 1, ""01011110000"": 1, ""01100101011"": 1, ""10000000011"": 1, ""10100101100"": 1, ""10101001111"": 1, ""10101100011"": 1, ""11100011000"": 1}"
019e10f7-782d-7e11-ae6a-3f6e8eb13e0c,19,38,1838,ZYIYYXYZZXZ,ZXZZYXYYIYZ,"[0, 1, 2, 3, 4, 5, 6, 7, 9, 10]",0.00048828124999999913,0.0,10,-0.2,"{""00001011110"": 1, ""00111010100"": 1, ""01010010000"": 1, ""01010011101"": 1, ""01010100011"": 1, ""01100111011"": 1, ""01101001101"": 1, ""10010100010"": 1, ""10010111101"": 1, ""11111010011"": 1}"
019e10f7-782d-7e11-ae6a-3f6e8eb13e0c,19,39,1839,ZYIYYXYZZYY,YYZZYXYYIYZ,"[0, 1, 2, 3, 4, 5, 6, 7, 9, 10]",0.00048828124999999913,0.0,10,-0.4,"{""00000010110"": 1, ""01000111000"": 1, ""01010111000"": 1, ""01011011011"": 1, ""01100011101"": 1, ""01101100011"": 1, ""11000100101"": 1, ""11011011110"": 1, ""11101010011"": 1, ""11110101011"": 1}"
019e10f7-782d-7e11-ae6a-3f6e8eb13e0c,19,40,1840,ZYIYYYIXIXZ,ZXIXIYYYIYZ,"[0, 1, 3, 5, 6, 7, 9, 10]",-0.00048828124999999913,0.0,10,0.6,"{""00111000011"": 1, ""01101111011"": 1, ""10000001110"": 1, ""10010000011"": 2, ""10010010101"": 1, ""10101001101"": 1, ""10101110101"": 1, ""11000111000"": 1, ""11000111011"": 1}"
019e10f7-782d-7e11-ae6a-3f6e8eb13e0c,19,41,1841,ZYIYYYIXIYY,YYIXIYYYIYZ,"[0, 1, 3, 5, 6, 7, 9, 10]",-0.00048828124999999913,0.0,10,0.6,"{""00000001110"": 1, ""00011010110"": 1, ""00100101110"": 1, ""00110101101"": 1, ""01010000011"": 1, ""01011010110"": 1, ""01100011000"": 1, ""10010001101"": 1, ""10100101110"": 1, ""10101111011"": 1}"
019e10f7-782d-7e11-ae6a-3f6e8eb13e0c,19,42,1842,ZYIYYYIXZII,IIZXIYYYIYZ,"[2, 3, 5, 6, 7, 9, 10]",-0.00048828124999999913,0.0,10,0.4,"{""00000100110"": 1, ""00001000000"": 1, ""00111001100"": 1, ""00111111010"": 1, ""10000001101"": 1, ""10011100000"": 1, ""10101000010"": 1, ""11000001010"": 1, ""11000111010"": 1, ""11011001110"": 1}"
019e10f7-782d-7e11-ae6a-3f6e8eb13e0c,19,43,1843,ZYIYYYIXZZX,XZZXIYYYIYZ,"[0, 1, 2, 3, 5, 6, 7, 9, 10]",-0.00048828124999999913,0.0,10,0.2,"{""00000000011"": 1, ""00000110111"": 1, ""00111001111"": 1, ""01010000000"": 1, ""01100001111"": 1, ""10010000111"": 1, ""10100101111"": 1, ""11001011000"": 1, ""11010111011"": 1, ""11011010100"": 1}"
019e10f7-782d-7e11-ae6a-3f6e8eb13e0c,19,44,1844,ZYIYYYIYXXY,YXXYIYYYIYZ,"[0, 1, 2, 3, 5, 6, 7, 9, 10]",-0.00048828124999999913,0.0,10,0.0,"{""00000111101"": 1, ""00010000101"": 1, ""01000001100"": 1, ""10001101111"": 1, ""10011100000"": 1, ""10100001111"": 1, ""11000010001"": 1, ""11001000111"": 1, ""11001010111"": 1, ""11110101111"": 1}"
019e10f7-782d-7e11-ae6a-3f6e8eb13e0c,19,45,1845,ZYIYYYIYXYZ,ZYXYIYYYIYZ,"[0, 1, 2, 3, 5, 6, 7, 9, 10]",0.00048828124999999913,0.0,10,-0.8,"{""00001100100"": 1, ""00001101101"": 1, ""00110011101"": 1, ""01010001110"": 1, ""01011101110"": 1, ""10010001101"": 1, ""10100000011"": 1, ""11011110011"": 1, ""11110100111"": 1, ""11111111001"": 1}"
019e10f7-782d-7e11-ae6a-3f6e8eb13e0c,19,46,1846,ZYIYYYIYYIX,XIYYIYYYIYZ,"[0, 2, 3, 5, 6, 7, 9, 10]",-0.00048828124999999913,0.0,10,0.2,"{""00000001100"": 1, ""00000111111"": 1, ""00111001011"": 1, ""01000110100"": 1, ""01110101011"": 1, ""10001011000"": 1, ""10100101111"": 1, ""11001100000"": 1, ""11001101011"": 1, ""11111110100"": 1}"
019e10f7-782d-7e11-ae6a-3f6e8eb13e0c,19,47,1847,ZYIYYYIYYZI,IZYYIYYYIYZ,"[1, 2, 3, 5, 6, 7, 9, 10]",-0.00048828124999999913,0.0,10,0.6,"{""00000000111"": 1, ""00000111100"": 1, ""00110011010"": 1, ""01010000110"": 1, ""01101001101"": 1, ""10010000000"": 1, ""10101001010"": 1, ""11000001011"": 1, ""11001010011"": 1, ""11110010101"": 1}"
019e10f7-782d-7e11-ae6a-3f6e8eb13e0c,19,48,1848,ZYIYYYZIIII,IIIIZYYYIYZ,"[4, 5, 6, 7, 9, 10]",-0.00048828124999999913,0.0,10,0.2,"{""00111000101"": 1, ""00111010101"": 1, ""00111110100"": 1, ""01000001100"": 1, ""01011011111"": 1, ""01101110110"": 1, ""10000000100"": 1, ""10000110000"": 1, ""10101110111"": 1, ""11111111101"": 1}"
019e10f7-782d-7e11-ae6a-3f6e8eb13e0c,19,49,1849,ZYIYYYZIIZX,XZIIZYYYIYZ,"[0, 1, 4, 5, 6, 7, 9, 10]",-0.00048828124999999913,0.0,10,0.8,"{""00000110000"": 1, ""00111000011"": 1, ""00111000100"": 1, ""01011010111"": 1, ""01100100011"": 1, ""01111110000"": 1, ""10010000011"": 1, ""10010110100"": 1, ""11100001111"": 1, ""11110010011"": 1}"
019e10f7-782d-7e11-ae6a-3f6e8eb13e0c,19,50,1850,ZYIYYYZIZXZ,ZXZIZYYYIYZ,"[0, 1, 2, 4, 5, 6, 7, 9, 10]",-0.00048828124999999913,0.0,10,0.6,"{""00000001110"": 1, ""00010000011"": 1, ""00011011011"": 1, ""01011011000"": 1, ""01011011011"": 1, ""01100011011"": 1, ""10100101011"": 1, ""11000000101"": 1, ""11000001000"": 1, ""11110010101"": 1}"
019e10f7-782d-7e11-ae6a-3f6e8eb13e0c,19,51,1851,ZYIYYYZIZYY,YYZIZYYYIYZ,"[0, 1, 2, 4, 5, 6, 7, 9, 10]",-0.00048828124999999913,0.0,10,0.4,"{""00000000000"": 1, ""00000100000"": 1, ""00110100011"": 1, ""00110100111"": 1, ""01011010110"": 1, ""10001100101"": 1, ""10010111101"": 1, ""10100100110"": 1, ""11110010101"": 1, ""11111111011"": 1}"
019e10f7-782d-7e11-ae6a-3f6e8eb13e0c,19,52,1852,ZYIYYYZZXIX,XIXZZYYYIYZ,"[0, 2, 3, 4, 5, 6, 7, 9, 10]",-0.00048828124999999913,0.0,10,0.4,"{""00000000111"": 1, ""01010000000"": 1, ""01010001100"": 1, ""01010100111"": 1, ""10100001100"": 1, ""10100011011"": 1, ""10100101011"": 1, ""10110101011"": 1, ""11001101100"": 1, ""11110100000"": 1}"
019e10f7-782d-7e11-ae6a-3f6e8eb13e0c,19,53,1853,ZYIYYYZZXZI,IZXZZYYYIYZ,"[1, 2, 3, 4, 5, 6, 7, 9, 10]",-0.00048828124999999913,0.0,10,0.2,"{""00000001001"": 1, ""00000011010"": 1, ""00001101100"": 1, ""00111111100"": 1, ""01100000001"": 1, ""01111000111"": 1, ""10100010001"": 1, ""10101110110"": 1, ""11000000110"": 1, ""11111000110"": 1}"
019e10f7-782d-7e11-ae6a-3f6e8eb13e0c,19,54,1854,ZYIYYYZZYXY,YXYZZYYYIYZ,"[0, 1, 2, 3, 4, 5, 6, 7, 9, 10]",0.00048828124999999913,0.0,10,-0.4,"{""00001101011"": 1, ""00111100111"": 1, ""00111110010"": 1, ""01010101000"": 1, ""01010111101"": 1, ""01011011011"": 1, ""01011011101"": 1, ""10010001000"": 1, ""10010001011"": 1, ""11100010001"": 1}"
019e10f7-782d-7e11-ae6a-3f6e8eb13e0c,19,55,1855,ZYIYYYZZYYZ,ZYYZZYYYIYZ,"[0, 1, 2, 3, 4, 5, 6, 7, 9, 10]",-0.00048828124999999913,0.0,10,0.6,"{""00001011111"": 1, ""00111111010"": 1, ""01010001100"": 1, ""01101110110"": 1, ""10000001010"": 1, ""10101100110"": 1, ""11000000000"": 1, ""11000001111"": 1, ""11110101010"": 1, ""11111111111"": 1}"
019e10f7-782d-7e11-ae6a-3f6e8eb13e0c,19,56,1856,ZYXZXXXXXXY,YXXXXXXZXYZ,"[0, 1, 2, 3, 4, 5, 6, 7, 8, 9, 10]",0.00048828124999999913,0.0,10,-0.4,"{""00000001111"": 1, ""00011010010"": 1, ""00101001000"": 1, ""00101011100"": 1, ""01111101100"": 1, ""10001110101"": 1, ""10111111011"": 1, ""11000010011"": 1, ""11011011100"": 1, ""11111100111"": 1}"
019e10f7-782d-7e11-ae6a-3f6e8eb13e0c,19,57,1857,ZYXZXXXXXYZ,ZYXXXXXZXYZ,"[0, 1, 2, 3, 4, 5, 6, 7, 8, 9, 10]",-0.00048828124999999913,0.0,10,0.4,"{""00001000100"": 1, ""00001010010"": 1, ""00010101010"": 1, ""01000110010"": 1, ""01010111111"": 1, ""01110000100"": 1, ""10000011111"": 1, ""10001000001"": 1, ""10011011011"": 1, ""11001011010"": 1}"
019e10f7-782d-7e11-ae6a-3f6e8eb13e0c,19,58,1858,ZYXZXXXXYIX,XIYXXXXZXYZ,"[0, 2, 3, 4, 5, 6, 7, 8, 9, 10]",0.00048828124999999913,0.0,10,0.0,"{""00010101100"": 1, ""00110101000"": 1, ""01000000000"": 1, ""01000100011"": 1, ""01011011011"": 1, ""10000101100"": 1, ""10111000011"": 1, ""11010001011"": 1, ""11010111011"": 1, ""11011110111"": 1}"
019e10f7-782d-7e11-ae6a-3f6e8eb13e0c,19,59,1859,ZYXZXXXXYZI,IZYXXXXZXYZ,"[1, 2, 3, 4, 5, 6, 7, 8, 9, 10]",0.00048828124999999913,0.0,10,-0.2,"{""00000001000"": 1, ""00010010001"": 1, ""01000110011"": 1, ""01001001110"": 1, ""01110001000"": 1, ""10001010000"": 1, ""10100001000"": 1, ""10101010000"": 1, ""10101111100"": 1, ""10110101111"": 1}"
019e10f7-782d-7e11-ae6a-3f6e8eb13e0c,19,60,1860,ZYXZXXXYIXZ,ZXIYXXXZXYZ,"[0, 1, 3, 4, 5, 6, 7, 8, 9, 10]",-0.00048828124999999913,0.0,10,0.6,"{""00001111000"": 1, ""00101111110"": 1, ""01000100011"": 1, ""01011001101"": 1, ""01110110101"": 1, ""01111101011"": 1, ""10010010101"": 1, ""11010111011"": 1, ""11101000101"": 1, ""11110000000"": 1}"
019e10f7-782d-7e11-ae6a-3f6e8eb13e0c,19,61,1861,ZYXZXXXYIYY,YYIYXXXZXYZ,"[0, 1, 3, 4, 5, 6, 7, 8, 9, 10]",-0.00048828124999999913,0.0,10,0.6,"{""00000011000"": 1, ""00101001110"": 1, ""01110101101"": 1, ""01111001101"": 1, ""10101010011"": 1, ""10111000001"": 1, ""11011111011"": 1, ""11100000110"": 1, ""11101010010"": 1, ""11111100000"": 1}"
019e10f7-782d-7e11-ae6a-3f6e8eb13e0c,19,62,1862,ZYXZXXXYZII,IIZYXXXZXYZ,"[2, 3, 4, 5, 6, 7, 8, 9, 10]",-0.00048828124999999913,0.0,10,0.8,"{""00011011011"": 1, ""00101101011"": 1, ""01000100110"": 1, ""01001110011"": 1, ""01100101011"": 1, ""01101111011"": 1, ""10001010101"": 1, ""11100011101"": 1, ""11101010110"": 1, ""11101111100"": 1}"
019e10f7-782d-7e11-ae6a-3f6e8eb13e0c,19,63,1863,ZYXZXXXYZZX,XZZYXXXZXYZ,"[0, 1, 2, 3, 4, 5, 6, 7, 8, 9, 10]",-0.00048828124999999913,0.0,10,0.8,"{""00010110100"": 1, ""00110001111"": 1, ""00111110100"": 1, ""01000000001"": 1, ""01000101001"": 1, ""10010101000"": 1, ""10011000000"": 1, ""10011110111"": 1, ""10110101100"": 1, ""11001011111"": 1}"
019e10f7-782d-7e11-ae6a-3f6e8eb13e0c,19,64,1864,ZYXZXXYIXIX,XIXIYXXZXYZ,"[0, 2, 4, 5, 6, 7, 8, 9, 10]",0.00048828124999999913,0.0,10,-0.4,"{""00001110101"": 1, ""00101100111"": 1, ""00110001100"": 1, ""01000000111"": 1, ""01000111100"": 1, ""01001000000"": 1, ""01010100111"": 1, ""10001111001"": 1, ""11001111100"": 1, ""11110100111"": 1}"
019e10f7-782d-7e11-ae6a-3f6e8eb13e0c,19,65,1865,ZYXZXXYIXZI,IZXIYXXZXYZ,"[1, 2, 4, 5, 6, 7, 8, 9, 10]",0.00048828124999999913,0.0,10,-0.4,"{""00011100111"": 1, ""01011000010"": 1, ""01100111100"": 1, ""01111100001"": 1, ""10000011101"": 1, ""10011111010"": 1, ""10100010110"": 1, ""10111010000"": 1, ""11001001101"": 1, ""11110001010"": 1}"
019e10f7-782d-7e11-ae6a-3f6e8eb13e0c,19,66,1866,ZYXZXXYIYXY,YXYIYXXZXYZ,"[0, 1, 2, 4, 5, 6, 7, 8, 9, 10]",-0.00048828124999999913,0.0,10,0.6,"{""00001110111"": 1, ""00100000100"": 1, ""00110001011"": 1, ""00111010100"": 1, ""00111011111"": 1, ""01101101101"": 1, ""01101101110"": 1, ""10010011001"": 1, ""11001101011"": 1, ""11001101101"": 1}"
019e10f7-782d-7e11-ae6a-3f6e8eb13e0c,19,67,1867,ZYXZXXYIYYZ,ZYYIYXXZXYZ,"[0, 1, 2, 4, 5, 6, 7, 8, 9, 10]",0.00048828124999999913,0.0,10,0.2,"{""00010101010"": 1, ""00010111001"": 1, ""00011001011"": 1, ""00011011111"": 1, ""00110001001"": 1, ""10000000100"": 1, ""10001001010"": 1, ""10110101011"": 1, ""11000011001"": 1, ""11101100101"": 1}"
019e10f7-782d-7e11-ae6a-3f6e8eb13e0c,19,68,1868,ZYXZXXYZIII,IIIZYXXZXYZ,"[3, 4, 5, 6, 7, 8, 9, 10]",0.00048828124999999913,0.0,10,-0.8,"{""00000010000"": 1, ""00101111101"": 1, ""01001010010"": 1, ""10101001001"": 1, ""10101011000"": 1, ""10110000000"": 1, ""10111001110"": 1, ""11000111010"": 1, ""11001101010"": 1, ""11011010001"": 1}"
019e10f7-782d-7e11-ae6a-3f6e8eb13e0c,19,69,1869,ZYXZXXYZIZX,XZIZYXXZXYZ,"[0, 1, 3, 4, 5, 6, 7, 8, 9, 10]",0.00048828124999999913,0.0,10,0.2,"{""00011001000"": 1, ""00110010110"": 1, ""01001011111"": 1, ""01001100011"": 1, ""10011001000"": 1, ""10011001100"": 1, ""10011010100"": 1, ""11010110000"": 1, ""11100011100"": 1, ""11100111100"": 1}"
019e10f7-782d-7e11-ae6a-3f6e8eb13e0c,19,70,1870,ZYXZXXYZZXZ,ZXZZYXXZXYZ,"[0, 1, 2, 3, 4, 5, 6, 7, 8, 9, 10]",0.00048828124999999913,0.0,10,-0.2,"{""00100111110"": 1, ""00110110011"": 1, ""00110111100"": 1, ""01100100101"": 1, ""01101110110"": 1, ""01110011000"": 1, ""01111010110"": 1, ""10000000110"": 1, ""10011001110"": 1, ""10101101101"": 1}"
019e10f7-782d-7e11-ae6a-3f6e8eb13e0c,19,71,1871,ZYXZXXYZZYY,YYZZYXXZXYZ,"[0, 1, 2, 3, 4, 5, 6, 7, 8, 9, 10]",0.00048828124999999913,0.0,10,-0.4,"{""00011000110"": 1, ""00110001011"": 1, ""00110010000"": 1, ""10001000110"": 1, ""10001001110"": 1, ""10100111011"": 1, ""10101100110"": 1, ""10110011000"": 1, ""10110101011"": 1, ""11001101011"": 1}"
019e10f7-782d-7e11-ae6a-3f6e8eb13e0c,19,72,1872,ZYXZXYIXIXZ,ZXIXIYXZXYZ,"[0, 1, 3, 5, 6, 7, 8, 9, 10]",-0.00048828124999999913,0.0,10,0.2,"{""00001000011"": 1, ""00010000011"": 1, ""00100010101"": 1, ""00111010110"": 1, ""01001000000"": 1, ""01101011011"": 1, ""10100111001"": 1, ""10111111000"": 1, ""11010001110"": 1, ""11011000011"": 1}"
019e10f7-782d-7e11-ae6a-3f6e8eb13e0c,19,73,1873,ZYXZXYIXIYY,YYIXIYXZXYZ,"[0, 1, 3, 5, 6, 7, 8, 9, 10]",-0.00048828124999999913,0.0,10,-0.2,"{""00000110101"": 1, ""00010000011"": 1, ""10000011011"": 1, ""10000111000"": 1, ""10011011001"": 1, ""10101010100"": 1, ""10101010101"": 1, ""11101100000"": 1, ""11101111010"": 1, ""11111010110"": 1}"
019e10f7-782d-7e11-ae6a-3f6e8eb13e0c,19,74,1874,ZYXZXYIXZII,IIZXIYXZXYZ,"[2, 3, 5, 6, 7, 8, 9, 10]",-0.00048828124999999913,0.0,10,0.8,"{""00010010111"": 1, ""01001000010"": 1, ""01110110010"": 1, ""10000100001"": 1, ""10111001110"": 1, ""11000000010"": 1, ""11000000011"": 1, ""11001011010"": 1, ""11100101110"": 1, ""11111110101"": 1}"
019e10f7-782d-7e11-ae6a-3f6e8eb13e0c,19,75,1875,ZYXZXYIXZZX,XZZXIYXZXYZ,"[0, 1, 2, 3, 5, 6, 7, 8, 9, 10]",-0.00048828124999999913,0.0,10,0.6,"{""00001011011"": 1, ""00110111011"": 1, ""01000011011"": 2, ""01011001111"": 1, ""01101100000"": 1, ""10100001111"": 1, ""10101000000"": 1, ""11001010111"": 1, ""11010001000"": 1}"
019e10f7-782d-7e11-ae6a-3f6e8eb13e0c,19,76,1876,ZYXZXYIYXXY,YXXYIYXZXYZ,"[0, 1, 2, 3, 5, 6, 7, 8, 9, 10]",-0.00048828124999999913,0.0,10,0.4,"{""00001011000"": 1, ""00010010100"": 1, ""00100100011"": 1, ""01010100000"": 1, ""01101011101"": 1, ""01111100000"": 1, ""10111001100"": 1, ""10111101100"": 1, ""10111111000"": 1, ""11101000110"": 1}"
019e10f7-782d-7e11-ae6a-3f6e8eb13e0c,19,77,1877,ZYXZXYIYXYZ,ZYXYIYXZXYZ,"[0, 1, 2, 3, 5, 6, 7, 8, 9, 10]",0.00048828124999999913,0.0,10,0.0,"{""00000001000"": 1, ""00001100101"": 1, ""00110000111"": 1, ""00110110101"": 1, ""01001111110"": 1, ""01010100100"": 1, ""10001000001"": 1, ""11000011010"": 1, ""11001100100"": 1, ""11111111010"": 1}"
019e10f7-782d-7e11-ae6a-3f6e8eb13e0c,19,78,1878,ZYXZXYIYYIX,XIYYIYXZXYZ,"[0, 2, 3, 5, 6, 7, 8, 9, 10]",-0.00048828124999999913,0.0,10,0.0,"{""00011110100"": 1, ""01001001011"": 1, ""01001001100"": 1, ""01010101011"": 1, ""10000000000"": 1, ""10110101011"": 1, ""11000001000"": 1, ""11000011000"": 1, ""11010011101"": 1, ""11100111111"": 1}"
019e10f7-782d-7e11-ae6a-3f6e8eb13e0c,19,79,1879,ZYXZXYIYYZI,IZYYIYXZXYZ,"[1, 2, 3, 5, 6, 7, 8, 9, 10]",-0.00048828124999999913,0.0,10,0.8,"{""00000001010"": 1, ""00110000001"": 1, ""10000101100"": 1, ""10001001010"": 1, ""10110011001"": 1, ""11000000111"": 1, ""11000001101"": 1, ""11001001101"": 1, ""11001011111"": 1, ""11010101101"": 1}"
019e10f7-782d-7e11-ae6a-3f6e8eb13e0c,19,80,1880,ZYXZXYZIIII,IIIIZYXZXYZ,"[4, 5, 6, 7, 8, 9, 10]",-0.00048828124999999913,0.0,10,0.2,"{""00010100000"": 1, ""00100010101"": 1, ""01001000100"": 1, ""01010010000"": 1, ""01101000110"": 1, ""01110000001"": 1, ""10010001010"": 1, ""10010100000"": 1, ""11100100110"": 1, ""11111010101"": 1}"
019e10f7-782d-7e11-ae6a-3f6e8eb13e0c,19,81,1881,ZYXZXYZIIZX,XZIIZYXZXYZ,"[0, 1, 4, 5, 6, 7, 8, 9, 10]",-0.00048828124999999913,0.0,10,0.6,"{""00010000000"": 1, ""00111100011"": 1, ""01000101100"": 1, ""01010111100"": 1, ""01110101000"": 1, ""10100111011"": 1, ""11011000011"": 1, ""11100101100"": 1, ""11110001011"": 1, ""11110111110"": 1}"
019e10f7-782d-7e11-ae6a-3f6e8eb13e0c,19,82,1882,ZYXZXYZIZXZ,ZXZIZYXZXYZ,"[0, 1, 2, 4, 5, 6, 7, 8, 9, 10]",-0.00048828124999999913,0.0,10,0.6,"{""00001010000"": 1, ""00001110101"": 1, ""00100010110"": 1, ""00100011110"": 1, ""01011011101"": 1, ""01101010101"": 1, ""10010101110"": 1, ""10110010110"": 1, ""11000110101"": 1, ""11010010000"": 1}"
019e10f7-782d-7e11-ae6a-3f6e8eb13e0c,19,83,1883,ZYXZXYZIZYY,YYZIZYXZXYZ,"[0, 1, 2, 4, 5, 6, 7, 8, 9, 10]",-0.00048828124999999913,0.0,10,0.4,"{""00001110101"": 1, ""00011110000"": 1, ""00110001101"": 1, ""00110111101"": 1, ""01101011110"": 1, ""10000001000"": 1, ""10001110101"": 1, ""11000011101"": 1, ""11001111100"": 1, ""11011000000"": 1}"
019e10f7-782d-7e11-ae6a-3f6e8eb13e0c,19,84,1884,ZYXZXYZZXIX,XIXZZYXZXYZ,"[0, 2, 3, 4, 5, 6, 7, 8, 9, 10]",-0.00048828124999999913,0.0,10,0.4,"{""00010100111"": 1, ""00100100000"": 1, ""01001001111"": 1, ""01100110000"": 1, ""01110010000"": 1, ""10010010111"": 1, ""10011100000"": 1, ""10011101011"": 1, ""11010011011"": 1, ""11111000111"": 1}"
019e10f7-782d-7e11-ae6a-3f6e8eb13e0c,19,85,1885,ZYXZXYZZXZI,IZXZZYXZXYZ,"[1, 2, 3, 4, 5, 6, 7, 8, 9, 10]",-0.00048828124999999913,0.0,10,0.4,"{""00001100100"": 1, ""00010010111"": 1, ""01001111101"": 1, ""10000001011"": 1, ""10101011101"": 1, ""10110101100"": 1, ""11000001100"": 1, ""11001110100"": 1, ""11010000001"": 1, ""11010100001"": 1}"
019e10f7-782d-7e11-ae6a-3f6e8eb13e0c,19,86,1886,ZYXZXYZZYXY,YXYZZYXZXYZ,"[0, 1, 2, 3, 4, 5, 6, 7, 8, 9, 10]",0.00048828124999999913,0.0,10,-0.6,"{""00001011000"": 1, ""00111101110"": 1, ""01000000111"": 1, ""01010111000"": 1, ""01100000111"": 1, ""01100110100"": 1, ""01101101110"": 1, ""10000000111"": 1, ""10110100100"": 1, ""11111011110"": 1}"
019e10f7-782d-7e11-ae6a-3f6e8eb13e0c,19,87,1887,ZYXZXYZZYYZ,ZYYZZYXZXYZ,"[0, 1, 2, 3, 4, 5, 6, 7, 8, 9, 10]",-0.00048828124999999913,0.0,10,0.2,"{""00110110101"": 1, ""00111011001"": 1, ""01110101111"": 1, ""10000111100"": 1, ""10010101100"": 1, ""10110011000"": 1, ""10111100000"": 1, ""11001101100"": 1, ""11010101010"": 1, ""11011111001"": 1}"
019e10f7-782d-7e11-ae6a-3f6e8eb13e0c,19,88,1888,ZYXZYIXIXIX,XIXIXIYZXYZ,"[0, 2, 4, 6, 7, 8, 9, 10]",0.00048828124999999913,0.0,10,-0.4,"{""00111110000"": 1, ""01011000100"": 1, ""01110011011"": 1, ""01111110000"": 1, ""10100101100"": 1, ""10101000000"": 1, ""10101011100"": 1, ""10111110100"": 1, ""11010011100"": 1, ""11011101100"": 1}"
019e10f7-782d-7e11-ae6a-3f6e8eb13e0c,19,89,1889,ZYXZYIXIXZI,IZXIXIYZXYZ,"[1, 2, 4, 6, 7, 8, 9, 10]",0.00048828124999999913,0.0,10,-0.8,"{""00000101110"": 1, ""00001011011"": 1, ""01000000001"": 1, ""01100110110"": 1, ""10011011011"": 1, ""10110000001"": 1, ""11001000111"": 1, ""11110110001"": 1, ""11110110110"": 1, ""11111011101"": 1}"
019e10f7-782d-7e11-ae6a-3f6e8eb13e0c,19,90,1890,ZYXZYIXIYXY,YXYIXIYZXYZ,"[0, 1, 2, 4, 6, 7, 8, 9, 10]",-0.00048828124999999913,0.0,10,0.8,"{""00110101110"": 1, ""01000011011"": 1, ""01011000010"": 1, ""01101011101"": 1, ""10010011011"": 1, ""10111101011"": 1, ""10111101110"": 1, ""11000101000"": 1, ""11100011011"": 1, ""11101101000"": 1}"
019e10f7-782d-7e11-ae6a-3f6e8eb13e0c,19,91,1891,ZYXZYIXIYYZ,ZYYIXIYZXYZ,"[0, 1, 2, 4, 6, 7, 8, 9, 10]",0.00048828124999999913,0.0,10,-0.4,"{""00001000101"": 1, ""00111000000"": 1, ""01010100001"": 1, ""01101011110"": 1, ""01111110101"": 1, ""10010011100"": 1, ""10100101001"": 1, ""10100101100"": 1, ""11000110101"": 1, ""11111000010"": 1}"
019e10f7-782d-7e11-ae6a-3f6e8eb13e0c,19,92,1892,ZYXZYIXZIII,IIIZXIYZXYZ,"[3, 4, 6, 7, 8, 9, 10]",0.00048828124999999913,0.0,10,-0.2,"{""00001110101"": 1, ""00010000010"": 1, ""00101101010"": 1, ""01000101101"": 1, ""01100101110"": 1, ""01101001101"": 1, ""01111110101"": 1, ""10001111011"": 1, ""11010000011"": 1, ""11110101010"": 1}"
019e10f7-782d-7e11-ae6a-3f6e8eb13e0c,19,93,1893,ZYXZYIXZIZX,XZIZXIYZXYZ,"[0, 1, 3, 4, 6, 7, 8, 9, 10]",0.00048828124999999913,0.0,10,-0.8,"{""00101101111"": 1, ""00110101011"": 1, ""00111011100"": 1, ""01001110100"": 1, ""01110000011"": 1, ""10010101100"": 1, ""10011110111"": 1, ""10110000111"": 1, ""10110011111"": 1, ""11100000111"": 1}"
019e10f7-782d-7e11-ae6a-3f6e8eb13e0c,19,94,1894,ZYXZYIXZZXZ,ZXZZXIYZXYZ,"[0, 1, 2, 3, 4, 6, 7, 8, 9, 10]",0.00048828124999999913,0.0,10,-0.6,"{""00010000110"": 1, ""00011000000"": 1, ""00111011011"": 1, ""01011110011"": 1, ""10001000100"": 1, ""10100110110"": 1, ""10110000110"": 1, ""11000001000"": 1, ""11101110000"": 1, ""11111011101"": 1}"
019e10f7-782d-7e11-ae6a-3f6e8eb13e0c,19,95,1895,ZYXZYIXZZYY,YYZZXIYZXYZ,"[0, 1, 2, 3, 4, 6, 7, 8, 9, 10]",0.00048828124999999913,0.0,10,-0.6,"{""00001001000"": 1, ""01011011101"": 1, ""01100101011"": 1, ""01100110011"": 1, ""10100011110"": 1, ""10110000000"": 1, ""10110110010"": 1, ""10111101011"": 1, ""11001000110"": 1, ""11001011101"": 1}"
019e10f7-782d-7e11-ae6a-3f6e8eb13e0c,19,96,1896,ZYXZYIYXXXY,YXXXYIYZXYZ,"[0, 1, 2, 3, 4, 6, 7, 8, 9, 10]",-0.00048828124999999913,0.0,10,0.2,"{""00100001101"": 1, ""00110101010"": 1, ""01001010000"": 1, ""01100110010"": 1, ""01101011010"": 1, ""10011010011"": 1, ""10100011111"": 1, ""10100111010"": 1, ""11100010001"": 1, ""11101101100"": 1}"
019e10f7-782d-7e11-ae6a-3f6e8eb13e0c,19,97,1897,ZYXZYIYXXYZ,ZYXXYIYZXYZ,"[0, 1, 2, 3, 4, 6, 7, 8, 9, 10]",0.00048828124999999913,0.0,10,-0.4,"{""00000001001"": 1, ""01000000011"": 1, ""01011010100"": 1, ""01011011000"": 1, ""10100110100"": 1, ""10100110101"": 1, ""10111000110"": 1, ""10111110110"": 1, ""11101100001"": 1, ""11111010111"": 1}"
019e10f7-782d-7e11-ae6a-3f6e8eb13e0c,19,98,1898,ZYXZYIYXYIX,XIYXYIYZXYZ,"[0, 2, 3, 4, 6, 7, 8, 9, 10]",-0.00048828124999999913,0.0,10,0.6,"{""00010001000"": 1, ""01001101100"": 1, ""01100110000"": 1, ""10101000011"": 1, ""10110000100"": 1, ""11001100100"": 1, ""11011001111"": 1, ""11101111000"": 1, ""11110111111"": 1, ""11111000011"": 1}"
019e10f7-782d-7e11-ae6a-3f6e8eb13e0c,19,99,1899,ZYXZYIYXYZI,IZYXYIYZXYZ,"[1, 2, 3, 4, 6, 7, 8, 9, 10]",-0.00048828124999999913,0.0,10,0.4,"{""00011101011"": 1, ""00011110001"": 1, ""01101001000"": 1, ""10000000000"": 1, ""10001111000"": 1, ""10010111000"": 1, ""10101000101"": 1, ""10110011101"": 1, ""10111111111"": 1, ""11011001110"": 1}"
019e10f7-8a91-74b1-b4b5-370aa30dd3cc,20,0,1900,ZYXZYIYYIXZ,ZXIYYIYZXYZ,"[0, 1, 3, 4, 6, 7, 8, 9, 10]",0.00048828124999999913,0.0,10,0.0,"{""00001110000"": 1, ""00110111000"": 1, ""01010010110"": 1, ""01101000011"": 1, ""01110001000"": 1, ""10000000000"": 1, ""10111101000"": 1, ""11000100110"": 1, ""11010010110"": 1, ""11111101011"": 1}"
019e10f7-8a91-74b1-b4b5-370aa30dd3cc,20,1,1901,ZYXZYIYYIYY,YYIYYIYZXYZ,"[0, 1, 3, 4, 6, 7, 8, 9, 10]",0.00048828124999999913,0.0,10,-0.2,"{""00111010010"": 1, ""00111010011"": 1, ""00111110000"": 1, ""01110111101"": 1, ""10000011011"": 1, ""10001000010"": 1, ""10001101011"": 1, ""10100101000"": 1, ""11001010101"": 1, ""11010010000"": 1}"
019e10f7-8a91-74b1-b4b5-370aa30dd3cc,20,2,1902,ZYXZYIYYZII,IIZYYIYZXYZ,"[2, 3, 4, 6, 7, 8, 9, 10]",0.00048828124999999913,0.0,10,-0.6,"{""00101011100"": 1, ""00101101001"": 1, ""01000010111"": 1, ""01001110101"": 1, ""10001110001"": 1, ""10010110000"": 1, ""10011011000"": 1, ""10110111101"": 1, ""11000100100"": 1, ""11110100110"": 1}"
019e10f7-8a91-74b1-b4b5-370aa30dd3cc,20,3,1903,ZYXZYIYYZZX,XZZYYIYZXYZ,"[0, 1, 2, 3, 4, 6, 7, 8, 9, 10]",0.00048828124999999913,0.0,10,-0.6,"{""00010010011"": 1, ""00010011011"": 1, ""00011110000"": 1, ""01101001111"": 1, ""01110000000"": 1, ""10101010100"": 1, ""10101010111"": 1, ""10110100100"": 1, ""11011110000"": 1, ""11011111111"": 1}"
019e10f7-8a91-74b1-b4b5-370aa30dd3cc,20,4,1904,ZYXZYZIIIII,IIIIIZYZXYZ,"[5, 6, 7, 8, 9, 10]",0.00048828124999999913,0.0,10,-0.6,"{""00000001010"": 1, ""00000100111"": 1, ""01010100001"": 1, ""01010101100"": 1, ""01111100100"": 1, ""10000101000"": 1, ""10001101111"": 1, ""10011010011"": 1, ""10100100111"": 1, ""10100101001"": 1}"
019e10f7-8a91-74b1-b4b5-370aa30dd3cc,20,5,1905,ZYXZYZIIIZX,XZIIIZYZXYZ,"[0, 1, 5, 6, 7, 8, 9, 10]",0.00048828124999999913,0.0,10,-0.2,"{""00000001011"": 1, ""00111001000"": 1, ""01010010011"": 1, ""01010101000"": 1, ""01100100000"": 2, ""10100101000"": 1, ""10110010101"": 1, ""11000011100"": 1, ""11101100100"": 1}"
019e10f7-8a91-74b1-b4b5-370aa30dd3cc,20,6,1906,ZYXZYZIIZXZ,ZXZIIZYZXYZ,"[0, 1, 2, 5, 6, 7, 8, 9, 10]",0.00048828124999999913,0.0,10,0.0,"{""00110111000"": 1, ""01010001000"": 1, ""10000001110"": 1, ""11010100101"": 1, ""11010101000"": 1, ""11100000010"": 1, ""11101110110"": 1, ""11101111000"": 1, ""11110000011"": 1, ""11111011000"": 1}"
019e10f7-8a91-74b1-b4b5-370aa30dd3cc,20,7,1907,ZYXZYZIIZYY,YYZIIZYZXYZ,"[0, 1, 2, 5, 6, 7, 8, 9, 10]",0.00048828124999999913,0.0,10,-0.8,"{""01010110110"": 1, ""10001010110"": 1, ""10001101000"": 1, ""10010111011"": 1, ""10100100000"": 1, ""10101001110"": 1, ""10110001101"": 1, ""10110010101"": 1, ""11011100000"": 1, ""11100000101"": 1}"
019e10f7-8a91-74b1-b4b5-370aa30dd3cc,20,8,1908,ZYXZYZIZXIX,XIXZIZYZXYZ,"[0, 2, 3, 5, 6, 7, 8, 9, 10]",0.00048828124999999913,0.0,10,-0.4,"{""00100001101"": 1, ""00111010000"": 1, ""01010101100"": 1, ""01100110111"": 1, ""10100101001"": 1, ""11001110000"": 1, ""11010010000"": 1, ""11010011100"": 1, ""11101010000"": 1, ""11101101100"": 1}"
019e10f7-8a91-74b1-b4b5-370aa30dd3cc,20,9,1909,ZYXZYZIZXZI,IZXZIZYZXYZ,"[1, 2, 3, 5, 6, 7, 8, 9, 10]",0.00048828124999999913,0.0,10,-0.8,"{""00001000111"": 1, ""00110101010"": 1, ""01000000000"": 1, ""01011001011"": 1, ""10000001010"": 1, ""10010001010"": 1, ""10010111010"": 1, ""10010111011"": 1, ""10100100001"": 1, ""11111000001"": 1}"
019e10f7-8a91-74b1-b4b5-370aa30dd3cc,20,10,1910,ZYXZYZIZYXY,YXYZIZYZXYZ,"[0, 1, 2, 3, 5, 6, 7, 8, 9, 10]",-0.00048828124999999913,0.0,10,0.6,"{""00011101000"": 1, ""00111011110"": 1, ""01001101000"": 1, ""01100101100"": 1, ""01111101011"": 1, ""01111110100"": 1, ""10000100010"": 1, ""10011010010"": 1, ""10011111100"": 1, ""10110000010"": 1}"
019e10f7-8a91-74b1-b4b5-370aa30dd3cc,20,11,1911,ZYXZYZIZYYZ,ZYYZIZYZXYZ,"[0, 1, 2, 3, 5, 6, 7, 8, 9, 10]",0.00048828124999999913,0.0,10,-0.4,"{""00001001010"": 1, ""01000011111"": 1, ""01001001100"": 1, ""01100100000"": 1, ""10111100110"": 1, ""10111101111"": 1, ""11000011001"": 1, ""11001001001"": 1, ""11001110101"": 1, ""11111011001"": 1}"
019e10f7-8a91-74b1-b4b5-370aa30dd3cc,20,12,1912,ZYXZYZZXIXZ,ZXIXZZYZXYZ,"[0, 1, 3, 4, 5, 6, 7, 8, 9, 10]",0.00048828124999999913,0.0,10,-0.4,"{""00011010101"": 1, ""00101100000"": 1, ""00101110110"": 1, ""01011000011"": 1, ""01011111011"": 1, ""10001000011"": 1, ""10011010110"": 1, ""10101001101"": 1, ""10111111011"": 1, ""11000101110"": 1}"
019e10f7-8a91-74b1-b4b5-370aa30dd3cc,20,13,1913,ZYXZYZZXIYY,YYIXZZYZXYZ,"[0, 1, 3, 4, 5, 6, 7, 8, 9, 10]",0.00048828124999999913,0.0,10,-0.6,"{""00101101101"": 1, ""00101111011"": 1, ""00110111011"": 1, ""01010110110"": 1, ""01011011000"": 1, ""10000011011"": 1, ""10101010101"": 1, ""11000100011"": 1, ""11001000101"": 1, ""11011000011"": 1}"
019e10f7-8a91-74b1-b4b5-370aa30dd3cc,20,14,1914,ZYXZYZZXZII,IIZXZZYZXYZ,"[2, 3, 4, 5, 6, 7, 8, 9, 10]",0.00048828124999999913,0.0,10,-0.6,"{""00001001111"": 1, ""01000100011"": 1, ""01000101100"": 1, ""01011000010"": 1, ""01011001101"": 1, ""01100110111"": 1, ""01101000011"": 1, ""01110001100"": 1, ""10110000000"": 1, ""11101111001"": 1}"
019e10f7-8a91-74b1-b4b5-370aa30dd3cc,20,15,1915,ZYXZYZZXZZX,XZZXZZYZXYZ,"[0, 1, 2, 3, 4, 5, 6, 7, 8, 9, 10]",0.00048828124999999913,0.0,10,-0.8,"{""00010001100"": 1, ""00100000011"": 1, ""00111000000"": 1, ""01011000011"": 1, ""10000010100"": 1, ""10010010111"": 1, ""10100100011"": 1, ""11010011011"": 1, ""11011110111"": 1, ""11111001111"": 1}"
019e10f7-8a91-74b1-b4b5-370aa30dd3cc,20,16,1916,ZYXZYZZYXXY,YXXYZZYZXYZ,"[0, 1, 2, 3, 4, 5, 6, 7, 8, 9, 10]",0.00048828124999999913,0.0,10,-0.4,"{""00101100110"": 2, ""01001011110"": 1, ""10010110111"": 1, ""10101010010"": 1, ""10110011000"": 1, ""11000111000"": 1, ""11001100100"": 1, ""11001101111"": 1, ""11001111011"": 1}"
019e10f7-8a91-74b1-b4b5-370aa30dd3cc,20,17,1917,ZYXZYZZYXYZ,ZYXYZZYZXYZ,"[0, 1, 2, 3, 4, 5, 6, 7, 8, 9, 10]",-0.00048828124999999913,0.0,10,0.4,"{""00001110101"": 1, ""00010010110"": 1, ""00010011001"": 1, ""01000011011"": 1, ""01011010110"": 1, ""01100110000"": 1, ""10100010000"": 1, ""10100110000"": 1, ""10100110101"": 1, ""11000100111"": 1}"
019e10f7-8a91-74b1-b4b5-370aa30dd3cc,20,18,1918,ZYXZYZZYYIX,XIYYZZYZXYZ,"[0, 2, 3, 4, 5, 6, 7, 8, 9, 10]",0.00048828124999999913,0.0,10,-0.8,"{""00100001110"": 1, ""01011001100"": 1, ""01110010011"": 1, ""01111100000"": 1, ""10010101100"": 1, ""10011011000"": 1, ""10100111000"": 1, ""10101011111"": 1, ""11000100011"": 1, ""11100011000"": 1}"
019e10f7-8a91-74b1-b4b5-370aa30dd3cc,20,19,1919,ZYXZYZZYYZI,IZYYZZYZXYZ,"[1, 2, 3, 4, 5, 6, 7, 8, 9, 10]",0.00048828124999999913,0.0,10,-0.6,"{""00000101100"": 1, ""00010000001"": 1, ""00010010100"": 1, ""00111000101"": 1, ""01110001101"": 1, ""01111100111"": 1, ""10011111001"": 1, ""10101010101"": 1, ""10101011110"": 1, ""11000100000"": 1}"
019e10f7-8a91-74b1-b4b5-370aa30dd3cc,20,20,1920,ZYYZIXIXIXZ,ZXIXIXIZYYZ,"[0, 1, 3, 5, 7, 8, 9, 10]",-0.00048828124999999913,0.0,10,1.0,"{""00110001101"": 1, ""00110111011"": 1, ""01010110101"": 1, ""01100110101"": 1, ""01111010101"": 1, ""01111011000"": 1, ""11000000000"": 1, ""11011010101"": 1, ""11101101101"": 1, ""11111010100"": 1}"
019e10f7-8a91-74b1-b4b5-370aa30dd3cc,20,21,1921,ZYYZIXIXIYY,YYIXIXIZYYZ,"[0, 1, 3, 5, 7, 8, 9, 10]",-0.00048828124999999913,0.0,10,0.8,"{""00000000011"": 1, ""00011010101"": 1, ""00011010110"": 1, ""00011101101"": 1, ""00101100011"": 1, ""00110110110"": 1, ""01001010111"": 1, ""10010100101"": 1, ""11000000011"": 1, ""11011011000"": 1}"
019e10f7-8a91-74b1-b4b5-370aa30dd3cc,20,22,1922,ZYYZIXIXZII,IIZXIXIZYYZ,"[2, 3, 5, 7, 8, 9, 10]",-0.00048828124999999913,0.0,10,1.0,"{""00000110111"": 1, ""00101011001"": 1, ""01001010101"": 1, ""01010000000"": 1, ""01100000000"": 1, ""01111010110"": 1, ""10111011010"": 1, ""11000000000"": 1, ""11000000010"": 1, ""11101011001"": 1}"
019e10f7-8a91-74b1-b4b5-370aa30dd3cc,20,23,1923,ZYYZIXIXZZX,XZZXIXIZYYZ,"[0, 1, 2, 3, 5, 7, 8, 9, 10]",-0.00048828124999999913,0.0,10,0.8,"{""00011001011"": 1, ""00011100000"": 1, ""00110111011"": 1, ""10000001100"": 1, ""10010111000"": 1, ""10110101100"": 1, ""10111011011"": 1, ""10111101100"": 1, ""11000000011"": 1, ""11101010111"": 1}"
019e10f7-8a91-74b1-b4b5-370aa30dd3cc,20,24,1924,ZYYZIXIYXXY,YXXYIXIZYYZ,"[0, 1, 2, 3, 5, 7, 8, 9, 10]",-0.00048828124999999913,0.0,10,0.4,"{""00110001001"": 1, ""01001100000"": 1, ""01100110100"": 1, ""01100111011"": 1, ""10000110001"": 1, ""10001010001"": 1, ""10001101000"": 1, ""11000111110"": 1, ""11110000100"": 1, ""11110110001"": 1}"
019e10f7-8a91-74b1-b4b5-370aa30dd3cc,20,25,1925,ZYYZIXIYXYZ,ZYXYIXIZYYZ,"[0, 1, 2, 3, 5, 7, 8, 9, 10]",0.00048828124999999913,0.0,10,-0.4,"{""00011011001"": 1, ""00011100001"": 1, ""01010000100"": 1, ""01101100100"": 1, ""10001101110"": 1, ""10011101000"": 1, ""10111010011"": 1, ""11000001011"": 1, ""11000010101"": 1, ""11000111010"": 1}"
019e10f7-8a91-74b1-b4b5-370aa30dd3cc,20,26,1926,ZYYZIXIYYIX,XIYYIXIZYYZ,"[0, 2, 3, 5, 7, 8, 9, 10]",-0.00048828124999999913,0.0,10,0.2,"{""00001011111"": 1, ""01100001100"": 1, ""01100011111"": 1, ""01110000111"": 1, ""01111011010"": 1, ""10110110100"": 1, ""10111100000"": 1, ""11011011000"": 1, ""11101010100"": 1, ""11110011011"": 1}"
019e10f7-8a91-74b1-b4b5-370aa30dd3cc,20,27,1927,ZYYZIXIYYZI,IZYYIXIZYYZ,"[1, 2, 3, 5, 7, 8, 9, 10]",-0.00048828124999999913,0.0,10,0.6,"{""00111011111"": 1, ""01001010100"": 1, ""01010111101"": 1, ""01111010100"": 2, ""10010110100"": 1, ""10100110101"": 1, ""11000111111"": 1, ""11011100000"": 1, ""11110000111"": 1}"
019e10f7-8a91-74b1-b4b5-370aa30dd3cc,20,28,1928,ZYYZIXZIIII,IIIIZXIZYYZ,"[4, 5, 7, 8, 9, 10]",-0.00048828124999999913,0.0,10,0.4,"{""00101101101"": 1, ""00110001001"": 1, ""01010011010"": 1, ""01010101100"": 1, ""01110000110"": 1, ""10001100001"": 1, ""11000000101"": 1, ""11000001111"": 1, ""11101100110"": 1, ""11101100111"": 1}"
019e10f7-8a91-74b1-b4b5-370aa30dd3cc,20,29,1929,ZYYZIXZIIZX,XZIIZXIZYYZ,"[0, 1, 4, 5, 7, 8, 9, 10]",-0.00048828124999999913,0.0,10,0.0,"{""00000001011"": 2, ""00000111011"": 1, ""01000001111"": 1, ""01100110011"": 1, ""01101100011"": 1, ""10000000011"": 1, ""10111100001"": 1, ""11001011111"": 1, ""11110111100"": 1}"
019e10f7-8a91-74b1-b4b5-370aa30dd3cc,20,30,1930,ZYYZIXZIZXZ,ZXZIZXIZYYZ,"[0, 1, 2, 4, 5, 7, 8, 9, 10]",-0.00048828124999999913,0.0,10,0.0,"{""01111011000"": 1, ""10001100101"": 1, ""10010010000"": 1, ""11000001010"": 1, ""11000001101"": 1, ""11001010101"": 1, ""11101100110"": 1, ""11110001110"": 1, ""11110010110"": 1, ""11110110010"": 1}"
019e10f7-8a91-74b1-b4b5-370aa30dd3cc,20,31,1931,ZYYZIXZIZYY,YYZIZXIZYYZ,"[0, 1, 2, 4, 5, 7, 8, 9, 10]",-0.00048828124999999913,0.0,10,0.2,"{""00100001101"": 1, ""00111100110"": 1, ""01100001000"": 1, ""01111010101"": 1, ""10100111110"": 1, ""10111100001"": 1, ""10111101101"": 1, ""11101011101"": 1, ""11110110001"": 1, ""11110110110"": 1}"
019e10f7-8a91-74b1-b4b5-370aa30dd3cc,20,32,1932,ZYYZIXZZXIX,XIXZZXIZYYZ,"[0, 2, 3, 4, 5, 7, 8, 9, 10]",-0.00048828124999999913,0.0,10,0.8,"{""00011010111"": 1, ""00011011101"": 1, ""01001011011"": 1, ""01100001011"": 1, ""01100110111"": 1, ""10010110111"": 1, ""10100111011"": 1, ""10100111100"": 1, ""10111010000"": 1, ""11011101100"": 1}"
019e10f7-8a91-74b1-b4b5-370aa30dd3cc,20,33,1933,ZYYZIXZZXZI,IZXZZXIZYYZ,"[1, 2, 3, 4, 5, 7, 8, 9, 10]",-0.00048828124999999913,0.0,10,1.0,"{""00000001100"": 1, ""01010000000"": 1, ""01010110110"": 1, ""01111100111"": 1, ""10001011011"": 1, ""10100110000"": 1, ""10111100111"": 1, ""11000000110"": 1, ""11000110110"": 1, ""11101010111"": 1}"
019e10f7-8a91-74b1-b4b5-370aa30dd3cc,20,34,1934,ZYYZIXZZYXY,YXYZZXIZYYZ,"[0, 1, 2, 3, 4, 5, 7, 8, 9, 10]",0.00048828124999999913,0.0,10,-0.8,"{""00011010001"": 1, ""00011100010"": 1, ""00101101000"": 1, ""01010001101"": 1, ""01111010111"": 1, ""10111101000"": 1, ""11000110010"": 1, ""11101010100"": 1, ""11101010110"": 1, ""11101010111"": 1}"
019e10f7-8a91-74b1-b4b5-370aa30dd3cc,20,35,1935,ZYYZIXZZYYZ,ZYYZZXIZYYZ,"[0, 1, 2, 3, 4, 5, 7, 8, 9, 10]",-0.00048828124999999913,0.0,10,0.4,"{""00000000101"": 1, ""00001011111"": 1, ""00011011111"": 1, ""00101010000"": 1, ""01000001001"": 1, ""01001010011"": 1, ""01010111001"": 1, ""01110000110"": 1, ""10001011111"": 1, ""11111001100"": 1}"
019e10f7-8a91-74b1-b4b5-370aa30dd3cc,20,36,1936,ZYYZIYXXXXY,YXXXXYIZYYZ,"[0, 1, 2, 3, 4, 5, 7, 8, 9, 10]",-0.00048828124999999913,0.0,10,0.2,"{""00110110111"": 1, ""01001111110"": 1, ""01010100100"": 1, ""01100100001"": 1, ""01110110110"": 1, ""01111001110"": 1, ""10010101110"": 1, ""11000010110"": 1, ""11000101110"": 1, ""11110110010"": 1}"
019e10f7-8a91-74b1-b4b5-370aa30dd3cc,20,37,1937,ZYYZIYXXXYZ,ZYXXXYIZYYZ,"[0, 1, 2, 3, 4, 5, 7, 8, 9, 10]",0.00048828124999999913,0.0,10,-0.4,"{""00000000110"": 1, ""00011101000"": 1, ""01001000101"": 1, ""01010111011"": 1, ""01110000100"": 1, ""10010110100"": 1, ""10100110111"": 1, ""10111000001"": 1, ""10111001001"": 1, ""10111011101"": 1}"
019e10f7-8a91-74b1-b4b5-370aa30dd3cc,20,38,1938,ZYYZIYXXYIX,XIYXXYIZYYZ,"[0, 2, 3, 4, 5, 7, 8, 9, 10]",-0.00048828124999999913,0.0,10,0.2,"{""00000100000"": 1, ""00000100011"": 2, ""01010010111"": 1, ""10110011111"": 1, ""10111010000"": 1, ""10111100111"": 1, ""11101001000"": 1, ""11101110011"": 1, ""11110101110"": 1}"
019e10f7-8a91-74b1-b4b5-370aa30dd3cc,20,39,1939,ZYYZIYXXYZI,IZYXXYIZYYZ,"[1, 2, 3, 4, 5, 7, 8, 9, 10]",-0.00048828124999999913,0.0,10,0.6,"{""00011100111"": 1, ""00100011100"": 1, ""00110101100"": 1, ""01010110000"": 1, ""01100000000"": 1, ""10010110000"": 1, ""11000110111"": 1, ""11010101111"": 1, ""11101011010"": 1, ""11101101101"": 1}"
019e10f7-8a91-74b1-b4b5-370aa30dd3cc,20,40,1940,ZYYZIYXYIXZ,ZXIYXYIZYYZ,"[0, 1, 3, 4, 5, 7, 8, 9, 10]",0.00048828124999999913,0.0,10,-1.0,"{""00011110011"": 1, ""00101100110"": 1, ""00110100000"": 1, ""01100100011"": 1, ""01111010101"": 1, ""10001001001"": 1, ""10111010110"": 1, ""10111011000"": 1, ""11011100101"": 1, ""11101011000"": 1}"
019e10f7-8a91-74b1-b4b5-370aa30dd3cc,20,41,1941,ZYYZIYXYIYY,YYIYXYIZYYZ,"[0, 1, 3, 4, 5, 7, 8, 9, 10]",0.00048828124999999913,0.0,10,-0.4,"{""00000111011"": 1, ""00011100110"": 1, ""00101101000"": 1, ""10011011011"": 1, ""10100100011"": 1, ""10111000011"": 1, ""10111011000"": 1, ""11001110000"": 1, ""11011000011"": 1, ""11100000110"": 1}"
019e10f7-8a91-74b1-b4b5-370aa30dd3cc,20,42,1942,ZYYZIYXYZII,IIZYXYIZYYZ,"[2, 3, 4, 5, 7, 8, 9, 10]",0.00048828124999999913,0.0,10,-0.8,"{""01000100001"": 1, ""01001100101"": 1, ""01010010010"": 1, ""01111010110"": 1, ""10010010001"": 1, ""10010011111"": 1, ""10100000101"": 1, ""10111001100"": 1, ""11011101010"": 1, ""11101111100"": 1}"
019e10f7-8a91-74b1-b4b5-370aa30dd3cc,20,43,1943,ZYYZIYXYZZX,XZZYXYIZYYZ,"[0, 1, 2, 3, 4, 5, 7, 8, 9, 10]",0.00048828124999999913,0.0,10,-0.2,"{""00010010000"": 1, ""00101000011"": 1, ""00101111011"": 1, ""00110101111"": 1, ""01100101101"": 1, ""10001000000"": 1, ""10110010011"": 1, ""10111010100"": 1, ""10111011000"": 1, ""11110010000"": 1}"
019e10f7-8a91-74b1-b4b5-370aa30dd3cc,20,44,1944,ZYYZIYYIXIX,XIXIYYIZYYZ,"[0, 2, 4, 5, 7, 8, 9, 10]",-0.00048828124999999913,0.0,10,0.2,"{""00000101100"": 1, ""00011001100"": 1, ""00110101011"": 1, ""01001101100"": 1, ""01011010000"": 1, ""01100000111"": 1, ""10010001011"": 1, ""10111010000"": 1, ""11101010111"": 1, ""11101111000"": 1}"
019e10f7-8a91-74b1-b4b5-370aa30dd3cc,20,45,1945,ZYYZIYYIXZI,IZXIYYIZYYZ,"[1, 2, 4, 5, 7, 8, 9, 10]",-0.00048828124999999913,0.0,10,0.8,"{""00100011101"": 1, ""01010011010"": 1, ""01010110000"": 1, ""01101001001"": 1, ""10010011100"": 1, ""10111010001"": 1, ""10111010110"": 1, ""11011001100"": 1, ""11011010001"": 1, ""11110110001"": 1}"
019e10f7-8a91-74b1-b4b5-370aa30dd3cc,20,46,1946,ZYYZIYYIYXY,YXYIYYIZYYZ,"[0, 1, 2, 4, 5, 7, 8, 9, 10]",0.00048828124999999913,0.0,10,-0.2,"{""00100101101"": 1, ""00101001011"": 1, ""00110101110"": 1, ""01001010101"": 1, ""01010011111"": 1, ""01100110001"": 1, ""10010110100"": 1, ""11011010111"": 1, ""11100000001"": 1, ""11101111110"": 1}"
019e10f7-8a91-74b1-b4b5-370aa30dd3cc,20,47,1947,ZYYZIYYIYYZ,ZYYIYYIZYYZ,"[0, 1, 2, 4, 5, 7, 8, 9, 10]",-0.00048828124999999913,0.0,10,0.2,"{""00010101100"": 1, ""00110101100"": 1, ""01010110110"": 1, ""01100110110"": 1, ""10001010101"": 1, ""10001110110"": 1, ""10010110011"": 1, ""10010110111"": 1, ""11000110101"": 1, ""11101101111"": 1}"
019e10f7-8a91-74b1-b4b5-370aa30dd3cc,20,48,1948,ZYYZIYYZIII,IIIZYYIZYYZ,"[3, 4, 5, 7, 8, 9, 10]",-0.00048828124999999913,0.0,10,1.0,"{""00101100001"": 1, ""00101111110"": 1, ""00110110010"": 1, ""01010000101"": 1, ""01100000000"": 1, ""01111111101"": 1, ""10001100111"": 1, ""10010000011"": 1, ""10100101101"": 1, ""11000000110"": 1}"
019e10f7-8a91-74b1-b4b5-370aa30dd3cc,20,49,1949,ZYYZIYYZIZX,XZIZYYIZYYZ,"[0, 1, 3, 4, 5, 7, 8, 9, 10]",-0.00048828124999999913,0.0,10,0.2,"{""00110101100"": 1, ""01001010111"": 1, ""01001111100"": 1, ""01100011100"": 1, ""10010001011"": 1, ""10100100011"": 1, ""10100101000"": 1, ""10111100111"": 1, ""11000010100"": 1, ""11010000011"": 1}"
019e10f7-8a91-74b1-b4b5-370aa30dd3cc,20,50,1950,ZYYZIYYZZXZ,ZXZZYYIZYYZ,"[0, 1, 2, 3, 4, 5, 7, 8, 9, 10]",-0.00048828124999999913,0.0,10,0.2,"{""00011001000"": 1, ""01010000000"": 1, ""01111100011"": 1, ""10001010000"": 1, ""10101100101"": 1, ""11000011000"": 1, ""11000101110"": 1, ""11010000011"": 1, ""11100011101"": 1, ""11111100000"": 1}"
019e10f7-8a91-74b1-b4b5-370aa30dd3cc,20,51,1951,ZYYZIYYZZYY,YYZZYYIZYYZ,"[0, 1, 2, 3, 4, 5, 7, 8, 9, 10]",-0.00048828124999999913,0.0,10,0.2,"{""00011011000"": 1, ""00110011110"": 1, ""01010011101"": 1, ""01110011011"": 1, ""01110110000"": 1, ""10011001101"": 1, ""11000011110"": 1, ""11101010000"": 1, ""11101010110"": 1, ""11110011000"": 1}"
019e10f7-8a91-74b1-b4b5-370aa30dd3cc,20,52,1952,ZYYZZIIIIII,IIIIIIZZYYZ,"[6, 7, 8, 9, 10]",-0.00048828124999999913,0.0,10,0.8,"{""00001011010"": 1, ""00110011111"": 1, ""01100011110"": 1, ""01100101101"": 1, ""01100111111"": 1, ""01111000100"": 1, ""10010110111"": 1, ""11000010001"": 1, ""11011101101"": 1, ""11110000000"": 1}"
019e10f7-8a91-74b1-b4b5-370aa30dd3cc,20,53,1953,ZYYZZIIIIZX,XZIIIIZZYYZ,"[0, 1, 6, 7, 8, 9, 10]",-0.00048828124999999913,0.0,10,0.2,"{""00000000111"": 1, ""00110011100"": 1, ""00111110000"": 1, ""01010000011"": 1, ""01100000100"": 1, ""01100001001"": 1, ""01100011100"": 1, ""01101111000"": 1, ""10110110000"": 1, ""10111000011"": 1}"
019e10f7-8a91-74b1-b4b5-370aa30dd3cc,20,54,1954,ZYYZZIIIZXZ,ZXZIIIZZYYZ,"[0, 1, 2, 6, 7, 8, 9, 10]",-0.00048828124999999913,0.0,10,0.2,"{""01000111110"": 1, ""01001101011"": 1, ""01010010110"": 1, ""01010111101"": 1, ""01101001011"": 1, ""10000011011"": 1, ""10000011110"": 1, ""11011001101"": 1, ""11011001110"": 1, ""11110000110"": 1}"
019e10f7-8a91-74b1-b4b5-370aa30dd3cc,20,55,1955,ZYYZZIIIZYY,YYZIIIZZYYZ,"[0, 1, 2, 6, 7, 8, 9, 10]",-0.00048828124999999913,0.0,10,0.8,"{""00110101000"": 1, ""01001010111"": 1, ""01010011110"": 1, ""01100110110"": 1, ""01111110011"": 1, ""10100000101"": 1, ""10111000011"": 1, ""10111100101"": 1, ""10111110110"": 1, ""11101000011"": 1}"
019e10f7-8a91-74b1-b4b5-370aa30dd3cc,20,56,1956,ZYYZZIIZXIX,XIXZIIZZYYZ,"[0, 2, 3, 6, 7, 8, 9, 10]",-0.00048828124999999913,0.0,10,0.6,"{""00000101011"": 1, ""00000111011"": 1, ""00011000100"": 1, ""00011101101"": 1, ""00011111011"": 1, ""01001100000"": 1, ""01100100000"": 1, ""10010001001"": 1, ""10010110111"": 1, ""11101011100"": 1}"
019e10f7-8a91-74b1-b4b5-370aa30dd3cc,20,57,1957,ZYYZZIIZXZI,IZXZIIZZYYZ,"[1, 2, 3, 6, 7, 8, 9, 10]",-0.00048828124999999913,0.0,10,1.0,"{""00011111011"": 1, ""00011111101"": 1, ""00101111011"": 1, ""00110001010"": 1, ""00110001101"": 1, ""00110111101"": 1, ""01100110001"": 1, ""01100111101"": 1, ""01111000001"": 1, ""10010110111"": 1}"
019e10f7-8a91-74b1-b4b5-370aa30dd3cc,20,58,1958,ZYYZZIIZYXY,YXYZIIZZYYZ,"[0, 1, 2, 3, 6, 7, 8, 9, 10]",0.00048828124999999913,0.0,10,0.2,"{""00001011110"": 1, ""00100011011"": 1, ""00101100010"": 1, ""01000100110"": 1, ""01001101101"": 1, ""01010011100"": 1, ""01100000000"": 1, ""10011011101"": 1, ""10100101011"": 1, ""10110001000"": 1}"
019e10f7-8a91-74b1-b4b5-370aa30dd3cc,20,59,1959,ZYYZZIIZYYZ,ZYYZIIZZYYZ,"[0, 1, 2, 3, 6, 7, 8, 9, 10]",-0.00048828124999999913,0.0,10,1.0,"{""00000100000"": 1, ""00011001001"": 1, ""00011010101"": 1, ""00101101100"": 1, ""00101111111"": 1, ""01100011010"": 1, ""10010010011"": 1, ""10111010101"": 1, ""10111100101"": 1, ""11011010101"": 1}"
019e10f7-8a91-74b1-b4b5-370aa30dd3cc,20,60,1960,ZYYZZIZXIXZ,ZXIXZIZZYYZ,"[0, 1, 3, 4, 6, 7, 8, 9, 10]",-0.00048828124999999913,0.0,10,0.8,"{""01010000011"": 1, ""01100010101"": 1, ""01100100011"": 1, ""01111100000"": 1, ""10001110110"": 1, ""10100101110"": 1, ""10110010110"": 1, ""10111010110"": 1, ""11000101110"": 1, ""11110010101"": 1}"
019e10f7-8a91-74b1-b4b5-370aa30dd3cc,20,61,1961,ZYYZZIZXIYY,YYIXZIZZYYZ,"[0, 1, 3, 4, 6, 7, 8, 9, 10]",-0.00048828124999999913,0.0,10,0.6,"{""01010000011"": 1, ""01010101110"": 1, ""01010111001"": 1, ""10001000011"": 1, ""10010000011"": 2, ""10100110110"": 1, ""10101110110"": 1, ""11000011000"": 1, ""11101110101"": 1}"
019e10f7-8a91-74b1-b4b5-370aa30dd3cc,20,62,1962,ZYYZZIZXZII,IIZXZIZZYYZ,"[2, 3, 4, 6, 7, 8, 9, 10]",-0.00048828124999999913,0.0,10,0.6,"{""00000101100"": 1, ""00100111010"": 1, ""00110010111"": 1, ""00110101110"": 1, ""01100001111"": 1, ""10010111010"": 1, ""10011110111"": 1, ""10100110101"": 1, ""11101000011"": 1, ""11110111001"": 1}"
019e10f7-8a91-74b1-b4b5-370aa30dd3cc,20,63,1963,ZYYZZIZXZZX,XZZXZIZZYYZ,"[0, 1, 2, 3, 4, 6, 7, 8, 9, 10]",-0.00048828124999999913,0.0,10,0.4,"{""00011000011"": 1, ""00101111111"": 1, ""01011100011"": 1, ""01100011011"": 1, ""01110010111"": 1, ""10001010100"": 1, ""10010110111"": 1, ""10100000011"": 1, ""10111010100"": 1, ""11000100000"": 1}"
019e10f7-8a91-74b1-b4b5-370aa30dd3cc,20,64,1964,ZYYZZIZYXXY,YXXYZIZZYYZ,"[0, 1, 2, 3, 4, 6, 7, 8, 9, 10]",-0.00048828124999999913,0.0,10,0.8,"{""00000010010"": 1, ""00011000110"": 1, ""01001100011"": 1, ""01100110001"": 1, ""01111001010"": 1, ""10001001001"": 1, ""11000011000"": 1, ""11101001001"": 1, ""11101011011"": 1, ""11110101011"": 1}"
019e10f7-8a91-74b1-b4b5-370aa30dd3cc,20,65,1965,ZYYZZIZYXYZ,ZYXYZIZZYYZ,"[0, 1, 2, 3, 4, 6, 7, 8, 9, 10]",0.00048828124999999913,0.0,10,-0.6,"{""00001111100"": 1, ""00011011001"": 1, ""00011011010"": 2, ""01010110011"": 1, ""01011101110"": 1, ""01111010011"": 1, ""10001011100"": 1, ""11000101011"": 1, ""11000110000"": 1}"
019e10f7-8a91-74b1-b4b5-370aa30dd3cc,20,66,1966,ZYYZZIZYYIX,XIYYZIZZYYZ,"[0, 2, 3, 4, 6, 7, 8, 9, 10]",-0.00048828124999999913,0.0,10,0.8,"{""00000001011"": 1, ""00011001011"": 1, ""01010011000"": 1, ""01100101100"": 1, ""10001101011"": 1, ""10111100000"": 1, ""11000001011"": 1, ""11011011011"": 1, ""11101101011"": 1, ""11101111111"": 1}"
019e10f7-8a91-74b1-b4b5-370aa30dd3cc,20,67,1967,ZYYZZIZYYZI,IZYYZIZZYYZ,"[1, 2, 3, 4, 6, 7, 8, 9, 10]",-0.00048828124999999913,0.0,10,0.2,"{""00000101011"": 1, ""00001100110"": 1, ""01111001010"": 1, ""10001101100"": 1, ""10001110011"": 1, ""10010010000"": 1, ""10011101010"": 1, ""10100101100"": 1, ""11000001010"": 1, ""11111100000"": 1}"
019e10f7-8a91-74b1-b4b5-370aa30dd3cc,20,68,1968,ZYYZZZXIXIX,XIXIXZZZYYZ,"[0, 2, 4, 5, 6, 7, 8, 9, 10]",-0.00048828124999999913,0.0,10,0.4,"{""00000011011"": 1, ""00110100111"": 1, ""00110110000"": 1, ""01001011100"": 1, ""01010101100"": 1, ""10001111100"": 1, ""10010000111"": 1, ""10100011000"": 1, ""10100101011"": 1, ""11101011011"": 1}"
019e10f7-8a91-74b1-b4b5-370aa30dd3cc,20,69,1969,ZYYZZZXIXZI,IZXIXZZZYYZ,"[1, 2, 4, 5, 6, 7, 8, 9, 10]",-0.00048828124999999913,0.0,10,0.4,"{""00011110000"": 1, ""00011110010"": 1, ""00110000001"": 1, ""00110011100"": 1, ""01010011010"": 1, ""01100011111"": 1, ""10001011011"": 1, ""11000010001"": 1, ""11000110000"": 1, ""11110011100"": 1}"
019e10f7-8a91-74b1-b4b5-370aa30dd3cc,20,70,1970,ZYYZZZXIYXY,YXYIXZZZYYZ,"[0, 1, 2, 4, 5, 6, 7, 8, 9, 10]",0.00048828124999999913,0.0,10,0.0,"{""00000101000"": 1, ""00000110111"": 1, ""00100101000"": 1, ""00101110101"": 1, ""01100110010"": 1, ""10001110000"": 1, ""10010010011"": 1, ""10010101001"": 1, ""11000101110"": 1, ""11110001000"": 1}"
019e10f7-8a91-74b1-b4b5-370aa30dd3cc,20,71,1971,ZYYZZZXIYYZ,ZYYIXZZZYYZ,"[0, 1, 2, 4, 5, 6, 7, 8, 9, 10]",-0.00048828124999999913,0.0,10,0.2,"{""00001110000"": 1, ""00101101011"": 1, ""00110000000"": 1, ""01001110011"": 1, ""01010110101"": 1, ""01111010011"": 1, ""10001101111"": 1, ""10010000000"": 1, ""11000101010"": 1, ""11001110000"": 1}"
019e10f7-8a91-74b1-b4b5-370aa30dd3cc,20,72,1972,ZYYZZZXZIII,IIIZXZZZYYZ,"[3, 4, 5, 6, 7, 8, 9, 10]",-0.00048828124999999913,0.0,10,0.0,"{""00001000111"": 1, ""00011011101"": 1, ""00011101010"": 1, ""01000011100"": 1, ""01101101110"": 1, ""10001101001"": 1, ""10010100000"": 1, ""10010110001"": 1, ""11010000110"": 1, ""11110000001"": 1}"
019e10f7-8a91-74b1-b4b5-370aa30dd3cc,20,73,1973,ZYYZZZXZIZX,XZIZXZZZYYZ,"[0, 1, 3, 4, 5, 6, 7, 8, 9, 10]",-0.00048828124999999913,0.0,10,0.4,"{""01011000100"": 1, ""01101101100"": 1, ""10000000100"": 1, ""10001000111"": 1, ""10001110011"": 1, ""11000011100"": 1, ""11000101111"": 1, ""11011000011"": 1, ""11101000011"": 1, ""11101011011"": 1}"
019e10f7-8a91-74b1-b4b5-370aa30dd3cc,20,74,1974,ZYYZZZXZZXZ,ZXZZXZZZYYZ,"[0, 1, 2, 3, 4, 5, 6, 7, 8, 9, 10]",-0.00048828124999999913,0.0,10,0.8,"{""00001011000"": 1, ""00011011011"": 1, ""00110000011"": 1, ""01001101101"": 1, ""01100000011"": 1, ""01100101000"": 1, ""10001101110"": 1, ""10010000101"": 1, ""11000011101"": 1, ""11101110110"": 1}"
019e10f7-8a91-74b1-b4b5-370aa30dd3cc,20,75,1975,ZYYZZZXZZYY,YYZZXZZZYYZ,"[0, 1, 2, 3, 4, 5, 6, 7, 8, 9, 10]",-0.00048828124999999913,0.0,10,0.4,"{""00000000101"": 1, ""00000100110"": 1, ""00110001000"": 1, ""00110101101"": 1, ""01001010011"": 1, ""10010011101"": 1, ""10100011101"": 1, ""10111000110"": 1, ""11000011000"": 1, ""11101000101"": 1}"
019e10f7-8a91-74b1-b4b5-370aa30dd3cc,20,76,1976,ZYYZZZYXXXY,YXXXYZZZYYZ,"[0, 1, 2, 3, 4, 5, 6, 7, 8, 9, 10]",0.00048828124999999913,0.0,10,-0.8,"{""00000101111"": 1, ""00101001110"": 1, ""01001000111"": 1, ""01010011010"": 1, ""01111101010"": 1, ""01111110111"": 1, ""10001010000"": 1, ""10010011110"": 1, ""11011100101"": 1, ""11111110011"": 1}"
019e10f7-8a91-74b1-b4b5-370aa30dd3cc,20,77,1977,ZYYZZZYXXYZ,ZYXXYZZZYYZ,"[0, 1, 2, 3, 4, 5, 6, 7, 8, 9, 10]",-0.00048828124999999913,0.0,10,0.2,"{""00000001111"": 1, ""01011001100"": 1, ""01100011001"": 1, ""01100110000"": 1, ""01111010010"": 1, ""10000011101"": 1, ""10010000001"": 1, ""11011010010"": 1, ""11101110011"": 1, ""11110001010"": 1}"
019e10f7-8a91-74b1-b4b5-370aa30dd3cc,20,78,1978,ZYYZZZYXYIX,XIYXYZZZYYZ,"[0, 2, 3, 4, 5, 6, 7, 8, 9, 10]",0.00048828124999999913,0.0,10,-0.2,"{""01010011100"": 1, ""01100110000"": 1, ""10010001111"": 1, ""10100010000"": 1, ""10100011011"": 1, ""10100101000"": 1, ""10111110111"": 1, ""11000100001"": 1, ""11011111000"": 1, ""11110111101"": 1}"
019e10f7-8a91-74b1-b4b5-370aa30dd3cc,20,79,1979,ZYYZZZYXYZI,IZYXYZZZYYZ,"[1, 2, 3, 4, 5, 6, 7, 8, 9, 10]",0.00048828124999999913,0.0,10,0.0,"{""00000001001"": 1, ""00011111110"": 1, ""00110101000"": 1, ""01010000011"": 1, ""01010111010"": 1, ""01100000101"": 1, ""10011001011"": 1, ""11000001010"": 1, ""11100011011"": 1, ""11101110111"": 1}"
019e10f7-8a91-74b1-b4b5-370aa30dd3cc,20,80,1980,ZYYZZZYYIXZ,ZXIYYZZZYYZ,"[0, 1, 3, 4, 5, 6, 7, 8, 9, 10]",-0.00048828124999999913,0.0,10,0.6,"{""00011000010"": 1, ""00011111101"": 1, ""00110100011"": 1, ""01001000011"": 1, ""01010100101"": 1, ""10100000111"": 1, ""10100101011"": 1, ""11000100101"": 1, ""11000101011"": 1, ""11010001011"": 1}"
019e10f7-8a91-74b1-b4b5-370aa30dd3cc,20,81,1981,ZYYZZZYYIYY,YYIYYZZZYYZ,"[0, 1, 3, 4, 5, 6, 7, 8, 9, 10]",-0.00048828124999999913,0.0,10,0.4,"{""00000011000"": 1, ""00000111101"": 1, ""00011110011"": 1, ""00101100101"": 1, ""00110000101"": 1, ""01111000011"": 1, ""10010010000"": 1, ""10010011000"": 1, ""11101011011"": 1, ""11110100000"": 1}"
019e10f7-8a91-74b1-b4b5-370aa30dd3cc,20,82,1982,ZYYZZZYYZII,IIZYYZZZYYZ,"[2, 3, 4, 5, 6, 7, 8, 9, 10]",-0.00048828124999999913,0.0,10,0.8,"{""00000000100"": 1, ""00110001101"": 1, ""00110110001"": 1, ""01100001100"": 1, ""01100111100"": 1, ""10001011011"": 1, ""10010101001"": 1, ""10111001110"": 1, ""11000111110"": 1, ""11101111101"": 1}"
019e10f7-8a91-74b1-b4b5-370aa30dd3cc,20,83,1983,ZYYZZZYYZZX,XZZYYZZZYYZ,"[0, 1, 2, 3, 4, 5, 6, 7, 8, 9, 10]",-0.00048828124999999913,0.0,10,0.4,"{""00101101000"": 1, ""00110010011"": 1, ""01100010100"": 1, ""01111101000"": 1, ""01111101011"": 1, ""10010100100"": 1, ""10101000011"": 1, ""10101111100"": 1, ""10111101011"": 1, ""11101110000"": 1}"
019e10f7-8a91-74b1-b4b5-370aa30dd3cc,20,84,1984,ZYZYIIIIIII,IIIIIIIYZYZ,"[7, 8, 9, 10]",-0.00048828124999999913,0.0,10,0.8,"{""00000010111"": 1, ""00110001010"": 1, ""00110110010"": 1, ""00111010111"": 1, ""01010111111"": 1, ""01100101011"": 1, ""01101000000"": 1, ""01101100111"": 1, ""11011110010"": 1, ""11111000010"": 1}"
019e10f7-8a91-74b1-b4b5-370aa30dd3cc,20,85,1985,ZYZYIIIIIZX,XZIIIIIYZYZ,"[0, 1, 7, 8, 9, 10]",-0.00048828124999999913,0.0,10,0.8,"{""00000101011"": 1, ""00001111100"": 1, ""00111011000"": 1, ""00111111100"": 1, ""10001011100"": 1, ""10011001111"": 1, ""10100000011"": 1, ""10101010111"": 1, ""11000001000"": 1, ""11001010111"": 1}"
019e10f7-8a91-74b1-b4b5-370aa30dd3cc,20,86,1986,ZYZYIIIIZXZ,ZXZIIIIYZYZ,"[0, 1, 2, 7, 8, 9, 10]",-0.00048828124999999913,0.0,10,0.6,"{""00001100110"": 1, ""00111001011"": 1, ""00111100100"": 1, ""00111101000"": 1, ""01101010000"": 1, ""01101100000"": 2, ""10100111101"": 1, ""10111111110"": 1, ""11110000000"": 1}"
019e10f7-8a91-74b1-b4b5-370aa30dd3cc,20,87,1987,ZYZYIIIIZYY,YYZIIIIYZYZ,"[0, 1, 2, 7, 8, 9, 10]",-0.00048828124999999913,0.0,10,0.4,"{""00001001011"": 1, ""01001011011"": 1, ""01011011101"": 1, ""01100111011"": 1, ""10011001011"": 1, ""10110000110"": 1, ""11000001000"": 1, ""11000110101"": 1, ""11010001110"": 1, ""11110000011"": 1}"
019e10f7-8a91-74b1-b4b5-370aa30dd3cc,20,88,1988,ZYZYIIIZXIX,XIXZIIIYZYZ,"[0, 2, 3, 7, 8, 9, 10]",-0.00048828124999999913,0.0,10,0.6,"{""00001111011"": 1, ""00111000111"": 1, ""01010110111"": 1, ""01100100110"": 1, ""01101010111"": 1, ""01101100111"": 1, ""10010100000"": 1, ""10101111011"": 1, ""11000001100"": 1, ""11011010000"": 1}"
019e10f7-8a91-74b1-b4b5-370aa30dd3cc,20,89,1989,ZYZYIIIZXZI,IZXZIIIYZYZ,"[1, 2, 3, 7, 8, 9, 10]",-0.00048828124999999913,0.0,10,0.6,"{""00001100110"": 1, ""00100110110"": 1, ""00111101011"": 1, ""10100110111"": 1, ""10110100111"": 1, ""11000010111"": 1, ""11000100001"": 1, ""11110111010"": 1, ""11111100110"": 2}"
019e10f7-8a91-74b1-b4b5-370aa30dd3cc,20,90,1990,ZYZYIIIZYXY,YXYZIIIYZYZ,"[0, 1, 2, 3, 7, 8, 9, 10]",0.00048828124999999913,0.0,10,-0.4,"{""00000011100"": 1, ""01011100111"": 1, ""01100100011"": 1, ""01100111101"": 1, ""01101000111"": 1, ""10011010010"": 1, ""10101000000"": 1, ""11110100001"": 1, ""11110101011"": 1, ""11110111000"": 1}"
019e10f7-8a91-74b1-b4b5-370aa30dd3cc,20,91,1991,ZYZYIIIZYYZ,ZYYZIIIYZYZ,"[0, 1, 2, 3, 7, 8, 9, 10]",-0.00048828124999999913,0.0,10,0.8,"{""00000111100"": 1, ""00101000110"": 1, ""00111101001"": 1, ""01000011110"": 1, ""01010100000"": 1, ""01100100011"": 1, ""10011111100"": 1, ""11000010110"": 1, ""11000011010"": 1, ""11110010101"": 1}"
019e10f7-8a91-74b1-b4b5-370aa30dd3cc,20,92,1992,ZYZYIIZXIXZ,ZXIXZIIYZYZ,"[0, 1, 3, 4, 7, 8, 9, 10]",-0.00048828124999999913,0.0,10,0.8,"{""00000010101"": 1, ""00111010110"": 1, ""01011110110"": 1, ""01100011000"": 1, ""01101000000"": 1, ""01101000011"": 1, ""10010000001"": 1, ""10010110101"": 1, ""11001000011"": 1, ""11001110101"": 1}"
019e10f7-8a91-74b1-b4b5-370aa30dd3cc,20,93,1993,ZYZYIIZXIYY,YYIXZIIYZYZ,"[0, 1, 3, 4, 7, 8, 9, 10]",-0.00048828124999999913,0.0,10,0.2,"{""00001010110"": 1, ""00111101011"": 1, ""01100010101"": 1, ""10010011011"": 1, ""10010101101"": 1, ""10011111101"": 1, ""10101101101"": 1, ""11001001101"": 1, ""11100110110"": 1, ""11110111010"": 1}"
019e10f7-8a91-74b1-b4b5-370aa30dd3cc,20,94,1994,ZYZYIIZXZII,IIZXZIIYZYZ,"[2, 3, 4, 7, 8, 9, 10]",-0.00048828124999999913,0.0,10,0.8,"{""00000001101"": 1, ""00000010100"": 1, ""00110110101"": 1, ""00111000011"": 1, ""01010111010"": 1, ""01100101111"": 1, ""01100110101"": 1, ""10000110100"": 1, ""10101111011"": 1, ""11000010101"": 1}"
019e10f7-8a91-74b1-b4b5-370aa30dd3cc,20,95,1995,ZYZYIIZXZZX,XZZXZIIYZYZ,"[0, 1, 2, 3, 4, 7, 8, 9, 10]",-0.00048828124999999913,0.0,10,0.8,"{""00001111011"": 1, ""00110000100"": 1, ""00110101100"": 1, ""01011000011"": 1, ""10010000011"": 1, ""10100000011"": 1, ""10101010100"": 1, ""11001100000"": 1, ""11110001100"": 1, ""11111000000"": 1}"
019e10f7-8a91-74b1-b4b5-370aa30dd3cc,20,96,1996,ZYZYIIZYXXY,YXXYZIIYZYZ,"[0, 1, 2, 3, 4, 7, 8, 9, 10]",-0.00048828124999999913,0.0,10,0.6,"{""00000010111"": 1, ""00110111011"": 1, ""01011000000"": 1, ""01100100000"": 1, ""01111100110"": 1, ""10000010111"": 1, ""10011000000"": 1, ""10011100011"": 1, ""11110011011"": 1, ""11111101111"": 1}"
019e10f7-8a91-74b1-b4b5-370aa30dd3cc,20,97,1997,ZYZYIIZYXYZ,ZYXYZIIYZYZ,"[0, 1, 2, 3, 4, 7, 8, 9, 10]",0.00048828124999999913,0.0,10,-0.4,"{""00110110000"": 1, ""00111110101"": 1, ""01010100100"": 1, ""01010100111"": 1, ""01011100001"": 1, ""01111101011"": 1, ""10000001110"": 1, ""10101001000"": 1, ""10101101011"": 1, ""11110001111"": 1}"
019e10f7-8a91-74b1-b4b5-370aa30dd3cc,20,98,1998,ZYZYIIZYYIX,XIYYZIIYZYZ,"[0, 2, 3, 4, 7, 8, 9, 10]",-0.00048828124999999913,0.0,10,0.6,"{""00000001100"": 1, ""01010111111"": 1, ""01101000000"": 1, ""01101011111"": 1, ""01111010100"": 1, ""10010111111"": 1, ""10011010011"": 1, ""11000011000"": 1, ""11011010100"": 1, ""11111110100"": 1}"
019e10f7-8a91-74b1-b4b5-370aa30dd3cc,20,99,1999,ZYZYIIZYYZI,IZYYZIIYZYZ,"[1, 2, 3, 4, 7, 8, 9, 10]",-0.00048828124999999913,0.0,10,-0.2,"{""00010010010"": 1, ""00111010001"": 1, ""00111110100"": 1, ""01100001101"": 1, ""01111010100"": 1, ""10000011001"": 1, ""10011000001"": 1, ""10100001111"": 1, ""11000011111"": 1, ""11010111111"": 1}"
019e10f7-93d0-7b41-bc26-9b6b40d5ee89,21,0,2000,ZYZYIZXIXIX,XIXIXZIYZYZ,"[0, 2, 4, 5, 7, 8, 9, 10]",-0.00048828124999999913,0.0,10,0.8,"{""00000011100"": 1, ""00001011011"": 1, ""00110101100"": 1, ""00110101111"": 1, ""00111110000"": 1, ""10010110000"": 1, ""10011000111"": 1, ""10101110111"": 1, ""11001011011"": 1, ""11110000111"": 1}"
019e10f7-93d0-7b41-bc26-9b6b40d5ee89,21,1,2001,ZYZYIZXIXZI,IZXIXZIYZYZ,"[1, 2, 4, 5, 7, 8, 9, 10]",-0.00048828124999999913,0.0,10,0.4,"{""00000101100"": 1, ""00001110110"": 1, ""00010110100"": 1, ""00100101101"": 1, ""01101011010"": 1, ""10010101110"": 1, ""10011000001"": 1, ""10101010001"": 1, ""10101101010"": 1, ""11110011100"": 1}"
019e10f7-93d0-7b41-bc26-9b6b40d5ee89,21,2,2002,ZYZYIZXIYXY,YXYIXZIYZYZ,"[0, 1, 2, 4, 5, 7, 8, 9, 10]",0.00048828124999999913,0.0,10,-0.2,"{""00000001011"": 1, ""00000100111"": 1, ""00000110001"": 1, ""00110000001"": 1, ""00111100001"": 1, ""10101000100"": 1, ""11000101000"": 1, ""11001011110"": 1, ""11010011110"": 1, ""11110101101"": 1}"
019e10f7-93d0-7b41-bc26-9b6b40d5ee89,21,3,2003,ZYZYIZXIYYZ,ZYYIXZIYZYZ,"[0, 1, 2, 4, 5, 7, 8, 9, 10]",-0.00048828124999999913,0.0,10,0.8,"{""00000000000"": 1, ""00001101101"": 1, ""00110101010"": 1, ""01010110110"": 1, ""01100000101"": 1, ""11000000110"": 1, ""11001110011"": 1, ""11011010101"": 1, ""11111011010"": 1, ""11111110110"": 1}"
019e10f7-93d0-7b41-bc26-9b6b40d5ee89,21,4,2004,ZYZYIZXZIII,IIIZXZIYZYZ,"[3, 4, 5, 7, 8, 9, 10]",-0.00048828124999999913,0.0,10,0.4,"{""00001000011"": 1, ""00001110111"": 1, ""00111000111"": 1, ""01010100011"": 1, ""01010101110"": 1, ""01011000101"": 1, ""10010001000"": 1, ""10010101010"": 1, ""11001101011"": 1, ""11011101111"": 1}"
019e10f7-93d0-7b41-bc26-9b6b40d5ee89,21,5,2005,ZYZYIZXZIZX,XZIZXZIYZYZ,"[0, 1, 3, 4, 5, 7, 8, 9, 10]",-0.00048828124999999913,0.0,10,0.6,"{""00111000011"": 1, ""01001011000"": 1, ""01101110011"": 1, ""10011000100"": 1, ""10100011000"": 1, ""10100101100"": 1, ""10110110111"": 1, ""11000011000"": 1, ""11000101100"": 1, ""11000110100"": 1}"
019e10f7-93d0-7b41-bc26-9b6b40d5ee89,21,6,2006,ZYZYIZXZZXZ,ZXZZXZIYZYZ,"[0, 1, 2, 3, 4, 5, 7, 8, 9, 10]",-0.00048828124999999913,0.0,10,1.0,"{""00001000000"": 1, ""00001101011"": 1, ""00001110110"": 1, ""00110110000"": 1, ""00111110110"": 1, ""01010011011"": 1, ""01010101011"": 1, ""10011110000"": 1, ""11000110110"": 1, ""11111110011"": 1}"
019e10f7-93d0-7b41-bc26-9b6b40d5ee89,21,7,2007,ZYZYIZXZZYY,YYZZXZIYZYZ,"[0, 1, 2, 3, 4, 5, 7, 8, 9, 10]",-0.00048828124999999913,0.0,10,0.8,"{""00000000011"": 1, ""00000110000"": 1, ""01010011101"": 1, ""01100000101"": 1, ""01100000110"": 1, ""01100011000"": 1, ""10000011011"": 1, ""10010000101"": 1, ""10100011000"": 1, ""11001101110"": 1}"
019e10f7-93d0-7b41-bc26-9b6b40d5ee89,21,8,2008,ZYZYIZYXXXY,YXXXYZIYZYZ,"[0, 1, 2, 3, 4, 5, 7, 8, 9, 10]",0.00048828124999999913,0.0,10,-0.2,"{""00000100100"": 1, ""00011001011"": 1, ""00110110001"": 1, ""00111010110"": 1, ""01100011000"": 1, ""11000000001"": 1, ""11110100000"": 1, ""11111010111"": 1, ""11111101100"": 1, ""11111110111"": 1}"
019e10f7-93d0-7b41-bc26-9b6b40d5ee89,21,9,2009,ZYZYIZYXXYZ,ZYXXYZIYZYZ,"[0, 1, 2, 3, 4, 5, 7, 8, 9, 10]",-0.00048828124999999913,0.0,10,0.6,"{""00000011000"": 1, ""00001100100"": 1, ""00100111001"": 1, ""01001100001"": 1, ""01011111010"": 1, ""01100001001"": 1, ""01100110011"": 1, ""01101000000"": 1, ""01101001111"": 1, ""10100111010"": 1}"
019e10f7-93d0-7b41-bc26-9b6b40d5ee89,21,10,2010,ZYZYIZYXYIX,XIYXYZIYZYZ,"[0, 2, 3, 4, 5, 7, 8, 9, 10]",0.00048828124999999913,0.0,10,-0.4,"{""00000101100"": 1, ""00110101011"": 1, ""00111011111"": 1, ""00111110111"": 1, ""01010111000"": 1, ""01100111111"": 1, ""10010010000"": 1, ""10011101100"": 1, ""10100101100"": 1, ""11000001100"": 1}"
019e10f7-93d0-7b41-bc26-9b6b40d5ee89,21,11,2011,ZYZYIZYXYZI,IZYXYZIYZYZ,"[1, 2, 3, 4, 5, 7, 8, 9, 10]",0.00048828124999999913,0.0,10,-0.6,"{""00000001000"": 1, ""00001010110"": 1, ""00101011100"": 1, ""00110001110"": 1, ""00110010110"": 1, ""01011100000"": 1, ""10011011010"": 1, ""11001011011"": 1, ""11001111011"": 1, ""11110101101"": 1}"
019e10f7-93d0-7b41-bc26-9b6b40d5ee89,21,12,2012,ZYZYIZYYIXZ,ZXIYYZIYZYZ,"[0, 1, 3, 4, 5, 7, 8, 9, 10]",-0.00048828124999999913,0.0,10,0.6,"{""00001100110"": 1, ""00110110100"": 1, ""00111011000"": 1, ""00111100101"": 1, ""01001001101"": 1, ""10010110000"": 1, ""10101110011"": 1, ""11000100101"": 1, ""11001001110"": 1, ""11111100011"": 1}"
019e10f7-93d0-7b41-bc26-9b6b40d5ee89,21,13,2013,ZYZYIZYYIYY,YYIYYZIYZYZ,"[0, 1, 3, 4, 5, 7, 8, 9, 10]",-0.00048828124999999913,0.0,10,0.4,"{""00111001110"": 1, ""01010110000"": 1, ""01100001100"": 1, ""01100010110"": 1, ""01101000110"": 1, ""01111011101"": 1, ""10100100101"": 1, ""11000011011"": 1, ""11001000101"": 1, ""11110111101"": 1}"
019e10f7-93d0-7b41-bc26-9b6b40d5ee89,21,14,2014,ZYZYIZYYZII,IIZYYZIYZYZ,"[2, 3, 4, 5, 7, 8, 9, 10]",-0.00048828124999999913,0.0,10,0.2,"{""00000001101"": 1, ""00110010100"": 1, ""00110111100"": 1, ""01010110000"": 1, ""10000001100"": 1, ""10001000001"": 1, ""10010000001"": 1, ""10100110010"": 1, ""10110001111"": 1, ""10110101010"": 1}"
019e10f7-93d0-7b41-bc26-9b6b40d5ee89,21,15,2015,ZYZYIZYYZZX,XZZYYZIYZYZ,"[0, 1, 2, 3, 4, 5, 7, 8, 9, 10]",-0.00048828124999999913,0.0,10,0.6,"{""00000001011"": 1, ""00001011100"": 1, ""00111000000"": 1, ""00111011000"": 1, ""00111110011"": 1, ""01101111100"": 1, ""10010001100"": 1, ""10100100111"": 1, ""11001010111"": 1, ""11111000000"": 1}"
019e10f7-93d0-7b41-bc26-9b6b40d5ee89,21,16,2016,ZYZYZXIXIXZ,ZXIXIXZYZYZ,"[0, 1, 3, 5, 6, 7, 8, 9, 10]",-0.00048828124999999913,0.0,10,0.2,"{""00000110000"": 1, ""00000110101"": 1, ""00110000011"": 1, ""00111100110"": 1, ""01011100000"": 1, ""01101010110"": 1, ""10111101110"": 1, ""11001101110"": 1, ""11110000000"": 1, ""11111011010"": 1}"
019e10f7-93d0-7b41-bc26-9b6b40d5ee89,21,17,2017,ZYZYZXIXIYY,YYIXIXZYZYZ,"[0, 1, 3, 5, 6, 7, 8, 9, 10]",-0.00048828124999999913,0.0,10,0.6,"{""00110110101"": 1, ""00110111011"": 2, ""00111010101"": 1, ""01100000000"": 1, ""10001010101"": 1, ""10010110110"": 1, ""10010111011"": 1, ""10011001110"": 1, ""10110100011"": 1}"
019e10f7-93d0-7b41-bc26-9b6b40d5ee89,21,18,2018,ZYZYZXIXZII,IIZXIXZYZYZ,"[2, 3, 5, 6, 7, 8, 9, 10]",-0.00048828124999999913,0.0,10,0.6,"{""00111100001"": 1, ""01101100010"": 1, ""10001101111"": 1, ""10010001111"": 1, ""10010110100"": 2, ""10011101100"": 1, ""10101010011"": 1, ""11000001110"": 1, ""11111101100"": 1}"
019e10f7-93d0-7b41-bc26-9b6b40d5ee89,21,19,2019,ZYZYZXIXZZX,XZZXIXZYZYZ,"[0, 1, 2, 3, 5, 6, 7, 8, 9, 10]",-0.00048828124999999913,0.0,10,0.8,"{""00111011011"": 1, ""01010000011"": 1, ""01101100000"": 1, ""10010000011"": 1, ""10100000011"": 1, ""10100110000"": 1, ""11000000011"": 1, ""11000111011"": 1, ""11110001100"": 1, ""11111010111"": 1}"
019e10f7-93d0-7b41-bc26-9b6b40d5ee89,21,20,2020,ZYZYZXIYXXY,YXXYIXZYZYZ,"[0, 1, 2, 3, 5, 6, 7, 8, 9, 10]",-0.00048828124999999913,0.0,10,0.4,"{""00000001010"": 1, ""00001011001"": 1, ""01010001100"": 1, ""01010111101"": 1, ""01011101001"": 1, ""01101010000"": 1, ""10010111000"": 1, ""10011010100"": 1, ""10100000110"": 1, ""10110110111"": 1}"
019e10f7-93d0-7b41-bc26-9b6b40d5ee89,21,21,2021,ZYZYZXIYXYZ,ZYXYIXZYZYZ,"[0, 1, 2, 3, 5, 6, 7, 8, 9, 10]",0.00048828124999999913,0.0,10,-0.4,"{""00110001110"": 1, ""00110010101"": 1, ""00111011010"": 1, ""01011101111"": 1, ""01100001011"": 1, ""01100111010"": 1, ""10011100111"": 1, ""10101011010"": 1, ""10101101000"": 1, ""11001011101"": 1}"
019e10f7-93d0-7b41-bc26-9b6b40d5ee89,21,22,2022,ZYZYZXIYYIX,XIYYIXZYZYZ,"[0, 2, 3, 5, 6, 7, 8, 9, 10]",-0.00048828124999999913,0.0,10,0.6,"{""00000001100"": 1, ""01010001011"": 1, ""01100110011"": 1, ""10100110100"": 1, ""10100111111"": 1, ""10101011000"": 1, ""10110111000"": 1, ""11001101011"": 1, ""11010001100"": 1, ""11111101011"": 1}"
019e10f7-93d0-7b41-bc26-9b6b40d5ee89,21,23,2023,ZYZYZXIYYZI,IZYYIXZYZYZ,"[1, 2, 3, 5, 6, 7, 8, 9, 10]",-0.00048828124999999913,0.0,10,0.8,"{""00001011111"": 1, ""00001101010"": 1, ""00001101101"": 1, ""00111101001"": 1, ""01010110101"": 1, ""01101100000"": 1, ""10011010101"": 1, ""10100111000"": 1, ""11000000001"": 1, ""11110000110"": 1}"
019e10f7-93d0-7b41-bc26-9b6b40d5ee89,21,24,2024,ZYZYZXZIIII,IIIIZXZYZYZ,"[4, 5, 6, 7, 8, 9, 10]",-0.00048828124999999913,0.0,10,0.6,"{""00001100011"": 1, ""00110111010"": 1, ""01011010100"": 1, ""01100001110"": 1, ""01100111110"": 1, ""10001100110"": 1, ""10100101000"": 1, ""11110001101"": 1, ""11110110000"": 1, ""11111010110"": 1}"
019e10f7-93d0-7b41-bc26-9b6b40d5ee89,21,25,2025,ZYZYZXZIIZX,XZIIZXZYZYZ,"[0, 1, 4, 5, 6, 7, 8, 9, 10]",-0.00048828124999999913,0.0,10,0.6,"{""00000001000"": 1, ""01000110000"": 1, ""01010111000"": 1, ""01010111011"": 1, ""01011010111"": 1, ""01101100100"": 1, ""10011010011"": 1, ""10101010111"": 1, ""11001100111"": 1, ""11010000000"": 1}"
019e10f7-93d0-7b41-bc26-9b6b40d5ee89,21,26,2026,ZYZYZXZIZXZ,ZXZIZXZYZYZ,"[0, 1, 2, 4, 5, 6, 7, 8, 9, 10]",-0.00048828124999999913,0.0,10,0.2,"{""00000100101"": 1, ""00001000011"": 1, ""00001010010"": 1, ""00110111011"": 1, ""01010110000"": 1, ""01010111000"": 1, ""01011010000"": 1, ""01011011011"": 1, ""10010000110"": 1, ""10100011000"": 1}"
019e10f7-93d0-7b41-bc26-9b6b40d5ee89,21,27,2027,ZYZYZXZIZYY,YYZIZXZYZYZ,"[0, 1, 2, 4, 5, 6, 7, 8, 9, 10]",-0.00048828124999999913,0.0,10,0.8,"{""00110111110"": 1, ""01010111000"": 1, ""01010111011"": 1, ""01011101110"": 1, ""01100001011"": 1, ""11000001000"": 2, ""11000110011"": 2, ""11011011000"": 1}"
019e10f7-93d0-7b41-bc26-9b6b40d5ee89,21,28,2028,ZYZYZXZZXIX,XIXZZXZYZYZ,"[0, 2, 3, 4, 5, 6, 7, 8, 9, 10]",-0.00048828124999999913,0.0,10,0.6,"{""00000000000"": 1, ""00000011100"": 1, ""00110001000"": 1, ""00111010111"": 1, ""00111101100"": 1, ""01011011011"": 1, ""10011101011"": 1, ""11001010111"": 1, ""11001111111"": 1, ""11111010111"": 1}"
019e10f7-93d0-7b41-bc26-9b6b40d5ee89,21,29,2029,ZYZYZXZZXZI,IZXZZXZYZYZ,"[1, 2, 3, 4, 5, 6, 7, 8, 9, 10]",-0.00048828124999999913,0.0,10,0.4,"{""00110110011"": 1, ""01100110010"": 1, ""10010001101"": 1, ""10011010001"": 1, ""10100000000"": 1, ""10100111100"": 1, ""11000110110"": 1, ""11000111101"": 1, ""11111011001"": 1, ""11111011101"": 1}"
019e10f7-93d0-7b41-bc26-9b6b40d5ee89,21,30,2030,ZYZYZXZZYXY,YXYZZXZYZYZ,"[0, 1, 2, 3, 4, 5, 6, 7, 8, 9, 10]",0.00048828124999999913,0.0,10,0.0,"{""00110110000"": 1, ""01101010100"": 2, ""01101010101"": 1, ""01101101000"": 1, ""10000001101"": 1, ""10010111101"": 1, ""10100001011"": 1, ""11001011001"": 1, ""11100111101"": 1}"
019e10f7-93d0-7b41-bc26-9b6b40d5ee89,21,31,2031,ZYZYZXZZYYZ,ZYYZZXZYZYZ,"[0, 1, 2, 3, 4, 5, 6, 7, 8, 9, 10]",-0.00048828124999999913,0.0,10,0.8,"{""01010000000"": 1, ""01010001100"": 2, ""01011100110"": 1, ""01101100110"": 1, ""10000011111"": 1, ""10010000011"": 1, ""11000001010"": 1, ""11000110000"": 1, ""11010010001"": 1}"
019e10f7-93d0-7b41-bc26-9b6b40d5ee89,21,32,2032,ZYZYZYXXXXY,YXXXXYZYZYZ,"[0, 1, 2, 3, 4, 5, 6, 7, 8, 9, 10]",-0.00048828124999999913,0.0,10,0.0,"{""00000000101"": 1, ""00111101001"": 1, ""01010100010"": 1, ""01100000000"": 1, ""01100110001"": 1, ""01111001110"": 1, ""10100101111"": 1, ""10101110110"": 1, ""11010101101"": 1, ""11110000000"": 1}"
019e10f7-93d0-7b41-bc26-9b6b40d5ee89,21,33,2033,ZYZYZYXXXYZ,ZYXXXYZYZYZ,"[0, 1, 2, 3, 4, 5, 6, 7, 8, 9, 10]",0.00048828124999999913,0.0,10,-0.4,"{""00000010101"": 1, ""00001110110"": 1, ""00111000010"": 1, ""01011101111"": 1, ""01101010100"": 1, ""10011000110"": 1, ""10011001111"": 1, ""10100010110"": 1, ""10101101000"": 1, ""11001100110"": 1}"
019e10f7-93d0-7b41-bc26-9b6b40d5ee89,21,34,2034,ZYZYZYXXYIX,XIYXXYZYZYZ,"[0, 2, 3, 4, 5, 6, 7, 8, 9, 10]",-0.00048828124999999913,0.0,10,0.0,"{""00111011100"": 1, ""00111011111"": 1, ""00111111000"": 1, ""01010100011"": 1, ""01011101011"": 1, ""10010001011"": 1, ""10100010000"": 1, ""10100100101"": 1, ""11011111111"": 1, ""11110000011"": 1}"
019e10f7-93d0-7b41-bc26-9b6b40d5ee89,21,35,2035,ZYZYZYXXYZI,IZYXXYZYZYZ,"[1, 2, 3, 4, 5, 6, 7, 8, 9, 10]",-0.00048828124999999913,0.0,10,0.4,"{""00110001011"": 1, ""00111110101"": 1, ""01010100110"": 1, ""01101001001"": 1, ""10011110000"": 1, ""10100110000"": 1, ""10101100100"": 1, ""10101100111"": 1, ""11001010111"": 1, ""11111001111"": 1}"
019e10f7-93d0-7b41-bc26-9b6b40d5ee89,21,36,2036,ZYZYZYXYIXZ,ZXIYXYZYZYZ,"[0, 1, 3, 4, 5, 6, 7, 8, 9, 10]",0.00048828124999999913,0.0,10,-0.8,"{""00001001110"": 1, ""00110111000"": 1, ""01010000101"": 1, ""01100010101"": 1, ""01101001110"": 1, ""10010111000"": 1, ""10100010011"": 1, ""10100110110"": 1, ""11000000110"": 1, ""11111101000"": 1}"
019e10f7-93d0-7b41-bc26-9b6b40d5ee89,21,37,2037,ZYZYZYXYIYY,YYIYXYZYZYZ,"[0, 1, 3, 4, 5, 6, 7, 8, 9, 10]",0.00048828124999999913,0.0,10,-0.4,"{""00011111101"": 1, ""00100011101"": 1, ""00110111011"": 1, ""00111111101"": 1, ""01010011101"": 1, ""10001110101"": 1, ""10010100110"": 1, ""10100100011"": 1, ""10101110011"": 1, ""10101111101"": 1}"
019e10f7-93d0-7b41-bc26-9b6b40d5ee89,21,38,2038,ZYZYZYXYZII,IIZYXYZYZYZ,"[2, 3, 4, 5, 6, 7, 8, 9, 10]",0.00048828124999999913,0.0,10,-0.8,"{""00001001111"": 1, ""00001011000"": 1, ""01011110010"": 1, ""01101001110"": 1, ""10101001101"": 1, ""10110000101"": 1, ""11000101101"": 1, ""11001000000"": 1, ""11001101010"": 1, ""11001111110"": 1}"
019e10f7-93d0-7b41-bc26-9b6b40d5ee89,21,39,2039,ZYZYZYXYZZX,XZZYXYZYZYZ,"[0, 1, 2, 3, 4, 5, 6, 7, 8, 9, 10]",0.00048828124999999913,0.0,10,-0.2,"{""00000010011"": 1, ""00000011100"": 1, ""00000100011"": 1, ""00011111100"": 1, ""01010111100"": 1, ""10010111111"": 1, ""10011001100"": 1, ""10011100100"": 1, ""11001110000"": 1, ""11010101100"": 1}"
019e10f7-93d0-7b41-bc26-9b6b40d5ee89,21,40,2040,ZYZYZYYIXIX,XIXIYYZYZYZ,"[0, 2, 4, 5, 6, 7, 8, 9, 10]",-0.00048828124999999913,0.0,10,0.6,"{""00111010111"": 1, ""01010000000"": 1, ""01011001100"": 1, ""01100110011"": 1, ""01101100000"": 1, ""10100101011"": 1, ""11001010111"": 1, ""11110000000"": 1, ""11110010111"": 1, ""11110110000"": 1}"
019e10f7-93d0-7b41-bc26-9b6b40d5ee89,21,41,2041,ZYZYZYYIXZI,IZXIYYZYZYZ,"[1, 2, 4, 5, 6, 7, 8, 9, 10]",-0.00048828124999999913,0.0,10,-0.4,"{""00110101010"": 1, ""01001010000"": 1, ""01101001011"": 1, ""10010100001"": 1, ""10010111011"": 1, ""10100011010"": 1, ""10111010001"": 1, ""11000010110"": 1, ""11000100001"": 1, ""11110100110"": 1}"
019e10f7-93d0-7b41-bc26-9b6b40d5ee89,21,42,2042,ZYZYZYYIYXY,YXYIYYZYZYZ,"[0, 1, 2, 4, 5, 6, 7, 8, 9, 10]",0.00048828124999999913,0.0,10,0.0,"{""00110111101"": 1, ""01000011000"": 1, ""01011010000"": 1, ""01011010011"": 1, ""01011010111"": 1, ""01100011110"": 1, ""01110110100"": 1, ""11001001011"": 1, ""11001111011"": 1, ""11111010010"": 1}"
019e10f7-93d0-7b41-bc26-9b6b40d5ee89,21,43,2043,ZYZYZYYIYYZ,ZYYIYYZYZYZ,"[0, 1, 2, 4, 5, 6, 7, 8, 9, 10]",-0.00048828124999999913,0.0,10,0.2,"{""00110000101"": 1, ""01000010000"": 1, ""01010011100"": 1, ""01101111001"": 1, ""10001010110"": 1, ""10111001001"": 1, ""11001111100"": 1, ""11010000000"": 1, ""11111010001"": 1, ""11111111001"": 1}"
019e10f7-93d0-7b41-bc26-9b6b40d5ee89,21,44,2044,ZYZYZYYZIII,IIIZYYZYZYZ,"[3, 4, 5, 6, 7, 8, 9, 10]",-0.00048828124999999913,0.0,10,0.4,"{""00000000010"": 1, ""00000001001"": 1, ""00111001011"": 1, ""00111111001"": 1, ""01010111000"": 1, ""01100110010"": 1, ""10011001101"": 1, ""10100110100"": 1, ""10101100001"": 1, ""11011111010"": 1}"
019e10f7-93d0-7b41-bc26-9b6b40d5ee89,21,45,2045,ZYZYZYYZIZX,XZIZYYZYZYZ,"[0, 1, 3, 4, 5, 6, 7, 8, 9, 10]",-0.00048828124999999913,0.0,10,0.4,"{""00000000000"": 1, ""00001010111"": 1, ""00001100101"": 1, ""00101100100"": 1, ""00110110011"": 1, ""11000000111"": 1, ""11000101011"": 1, ""11110110100"": 1, ""11110111111"": 1, ""11111010100"": 1}"
019e10f7-93d0-7b41-bc26-9b6b40d5ee89,21,46,2046,ZYZYZYYZZXZ,ZXZZYYZYZYZ,"[0, 1, 2, 3, 4, 5, 6, 7, 8, 9, 10]",-0.00048828124999999913,0.0,10,0.6,"{""00000011101"": 1, ""00000100000"": 1, ""00000111000"": 1, ""00001001011"": 1, ""00110000000"": 1, ""00111001000"": 1, ""01101010000"": 1, ""11001010000"": 1, ""11001010011"": 1, ""11110101011"": 1}"
019e10f7-93d0-7b41-bc26-9b6b40d5ee89,21,47,2047,ZYZYZYYZZYY,YYZZYYZYZYZ,"[0, 1, 2, 3, 4, 5, 6, 7, 8, 9, 10]",-0.00048828124999999913,0.0,10,0.6,"{""00000011011"": 1, ""00001111101"": 1, ""00110110000"": 1, ""00111010110"": 1, ""00111110011"": 1, ""01101111110"": 1, ""10011001011"": 1, ""10100011000"": 1, ""10101001000"": 1, ""10111010110"": 1}"
